,Time,Latitude,Longitude,Position,Speed,Acceleration
0,2026-02-28 20:17:23.400,31.7643834,-106.3641242,0.0,54.396,-0.025000000000001688
1,2026-02-28 20:17:23.440,31.7643866,-106.3641293,0.5999073118671905,54.396,-0.07500000000000062
2,2026-02-28 20:17:23.480,31.7643899,-106.3641345,1.2140491518045273,54.396,-0.12499999999999734
3,2026-02-28 20:17:23.520,31.7643931,-106.3641396,1.8139564361559466,54.504000000000005,-0.26250000000000107
4,2026-02-28 20:17:23.560,31.7643964,-106.3641448,2.4280982483893743,54.504000000000005,-0.41250000000000453
5,2026-02-28 20:17:23.600,31.7643996,-106.3641499,3.028005505694694,54.468,-0.4750000000000032
6,2026-02-28 20:17:23.640,31.7644028,-106.364155,3.6279127493345587,54.396,-0.4750000000000032
7,2026-02-28 20:17:23.680,31.7644061,-106.3641602,4.242054520225222,54.36,-0.462499999999999
8,2026-02-28 20:17:23.720,31.7644094,-106.3641652,4.841133843424918,54.36,-0.5124999999999935
9,2026-02-28 20:17:23.760,31.7644125,-106.3641705,5.449996758552164,54.396,-0.5624999999999947
10,2026-02-28 20:17:23.800,31.7644159,-106.3641756,6.063385798245781,54.324,-0.5999999999999983
11,2026-02-28 20:17:23.840,31.7644191,-106.3641807,6.663292974790471,54.252,-0.6125000000000025
12,2026-02-28 20:17:23.880,31.7644223,-106.3641858,7.26320013658749,54.18000000000001,-0.6250000000000044
13,2026-02-28 20:17:23.920,31.7644254,-106.3641909,7.856564787380772,53.964,-0.6125000000000003
14,2026-02-28 20:17:23.960,31.7644286,-106.364196,8.456471923818457,53.856,-0.5749999999999966
15,2026-02-28 20:17:24.000,31.7644318,-106.364201,9.048790340365471,53.748,-0.5999999999999983
16,2026-02-28 20:17:24.040,31.7644349,-106.3642061,9.642154951941087,53.748,-0.6499999999999972
17,2026-02-28 20:17:24.080,31.7644382,-106.3642111,10.241234158555844,53.676,-0.7125000000000004
18,2026-02-28 20:17:24.120,31.7644414,-106.3642162,10.841141240188808,53.568000000000005,-0.7375000000000043
19,2026-02-28 20:17:24.160,31.7644445,-106.3642212,11.426832342868416,53.568000000000005,-0.812500000000005
20,2026-02-28 20:17:24.200,31.7644477,-106.3642263,12.026739398294662,53.424,-0.8875000000000032
21,2026-02-28 20:17:24.240,31.7644509,-106.3642314,12.626646440055438,53.388,-0.8874999999999966
22,2026-02-28 20:17:24.280,31.764454,-106.3642364,13.212337503480938,53.244,-0.8999999999999962
23,2026-02-28 20:17:24.320,31.7644571,-106.3642414,13.7980285540972,53.136,-0.8750000000000014
24,2026-02-28 20:17:24.360,31.7644603,-106.3642464,14.390346855036242,53.028000000000006,-0.8750000000000036
25,2026-02-28 20:17:24.400,31.7644634,-106.3642514,14.976037879620826,52.848,-0.8375
26,2026-02-28 20:17:24.440,31.7644665,-106.3642564,15.56172889139617,52.776,-0.7874999999999988
27,2026-02-28 20:17:24.480,31.7644696,-106.3642614,16.147419890362272,52.596,-0.8000000000000007
28,2026-02-28 20:17:24.520,31.7644727,-106.3642663,16.72549051545285,52.524,-0.8000000000000007
29,2026-02-28 20:17:24.560,31.7644758,-106.3642713,17.311181488800468,52.272,-0.7250000000000001
30,2026-02-28 20:17:24.600,31.7644788,-106.3642762,17.882676443045593,52.164,-0.6875000000000009
31,2026-02-28 20:17:24.640,31.7644819,-106.3642811,18.460747031381832,52.092000000000006,-0.7125000000000048
32,2026-02-28 20:17:24.680,31.764485,-106.364286,19.038817608332945,51.948,-0.6750000000000056
33,2026-02-28 20:17:24.720,31.764488,-106.3642909,19.610312524070554,51.912,-0.6749999999999989
34,2026-02-28 20:17:24.760,31.7644911,-106.3642957,20.180817949869716,51.732,-0.6374999999999953
35,2026-02-28 20:17:24.800,31.7644941,-106.3643008,20.767778020750946,51.732,-0.625
36,2026-02-28 20:17:24.840,31.7644971,-106.3643056,21.3316195552993,51.624,-0.6875000000000031
37,2026-02-28 20:17:24.880,31.7645002,-106.3643105,21.909690071135763,51.443999999999996,-0.6625000000000014
38,2026-02-28 20:17:24.920,31.7645032,-106.3643154,22.48118492505553,51.372,-0.6000000000000028
39,2026-02-28 20:17:24.960,31.7645062,-106.3643202,23.04502642360763,51.336,-0.6125000000000025
40,2026-02-28 20:17:25.000,31.7645092,-106.3643251,23.61652125421707,51.12,-0.612499999999998
41,2026-02-28 20:17:25.040,31.7645122,-106.3643299,24.18036272903537,51.083999999999996,-0.5999999999999983
42,2026-02-28 20:17:25.080,31.7645152,-106.3643348,24.751857534382662,51.012,-0.612499999999998
43,2026-02-28 20:17:25.120,31.7645182,-106.3643395,25.30810138614273,50.904,-0.6000000000000005
44,2026-02-28 20:17:25.160,31.7645211,-106.3643443,25.86542164559074,50.904,-0.6500000000000039
45,2026-02-28 20:17:25.200,31.7645241,-106.3643492,26.43691641560239,50.76,-0.6999999999999984
46,2026-02-28 20:17:25.240,31.7645271,-106.3643541,27.008411172321683,50.616,-0.662499999999997
47,2026-02-28 20:17:25.280,31.76453,-106.3643589,27.565731396381693,50.544,-0.6124999999999958
48,2026-02-28 20:17:25.320,31.7645329,-106.3643636,28.1153638757055,50.544,-0.5874999999999941
49,2026-02-28 20:17:25.360,31.7645359,-106.3643685,28.686858596635485,50.4,-0.5499999999999972
50,2026-02-28 20:17:25.400,31.7645389,-106.3643732,29.243102369055258,50.292,-0.4874999999999985
51,2026-02-28 20:17:25.440,31.7645418,-106.364378,29.800422545663523,50.184,-0.4999999999999982
52,2026-02-28 20:17:25.480,31.7645448,-106.3643826,30.349126755748312,50.148,-0.5750000000000011
53,2026-02-28 20:17:25.520,31.7645477,-106.3643875,30.914188580027886,50.04,-0.5625000000000036
54,2026-02-28 20:17:25.560,31.7645506,-106.3643922,31.463820989399906,49.896,-0.5000000000000004
55,2026-02-28 20:17:25.600,31.7645535,-106.3643969,32.013453388810085,49.752,-0.4000000000000026
56,2026-02-28 20:17:25.640,31.7645564,-106.3644017,32.57077350699029,49.716,-0.3375000000000017
57,2026-02-28 20:17:25.680,31.7645593,-106.3644063,33.11277438646066,49.68000000000001,-0.33749999999999947
58,2026-02-28 20:17:25.720,31.7645623,-106.364411,33.669018068922945,49.716,-0.37499999999999867
59,2026-02-28 20:17:25.760,31.7645652,-106.3644158,34.22633815188623,49.644,-0.3999999999999959
60,2026-02-28 20:17:25.800,31.7645681,-106.3644205,34.77597049340539,49.644,-0.4249999999999976
61,2026-02-28 20:17:25.840,31.764571,-106.3644251,35.31797132973882,49.392,-0.36250000000000115
62,2026-02-28 20:17:25.880,31.7645739,-106.3644298,35.86760364846032,49.284,-0.21250000000000213
63,2026-02-28 20:17:25.920,31.7645768,-106.3644345,36.41723595721997,49.284,-0.18749999999999822
64,2026-02-28 20:17:25.960,31.7645797,-106.3644392,36.96686825446465,49.212,-0.1499999999999968
65,2026-02-28 20:17:26.000,31.7645826,-106.3644437,37.50129619450792,49.284,-0.1374999999999993
66,2026-02-28 20:17:26.040,31.7645855,-106.3644485,38.058616196232144,49.212,-0.07500000000000284
67,2026-02-28 20:17:26.080,31.7645884,-106.3644532,38.608248459861045,49.212,0.03749999999999476
68,2026-02-28 20:17:26.120,31.7645912,-106.3644578,39.143693476719406,49.104000000000006,0.13749999999999707
69,2026-02-28 20:17:26.160,31.7645941,-106.3644625,39.69332571793969,49.104000000000006,0.22499999999999964
70,2026-02-28 20:17:26.200,31.764597,-106.3644671,40.23532645493194,48.96,0.20000000000000018
71,2026-02-28 20:17:26.240,31.7645999,-106.3644718,40.78495867381913,49.032,0.2000000000000024
72,2026-02-28 20:17:26.280,31.7646028,-106.3644764,41.32695938889166,49.032,0.22500000000000409
73,2026-02-28 20:17:26.320,31.7646057,-106.3644811,41.87659158521346,48.996,0.20000000000000018
74,2026-02-28 20:17:26.360,31.7646086,-106.3644857,42.41859227836626,49.068000000000005,0.08749999999999813
75,2026-02-28 20:17:26.400,31.7646114,-106.3644903,42.95403721794883,49.032,0.012500000000004174
76,2026-02-28 20:17:26.440,31.7646143,-106.3644951,43.51135710464664,49.248,0.03750000000000586
77,2026-02-28 20:17:26.480,31.7646173,-106.3644998,44.06760057543274,49.284,0.10000000000000231
78,2026-02-28 20:17:26.520,31.7646202,-106.3645044,44.609601224746086,49.428000000000004,0.16250000000000098
79,2026-02-28 20:17:26.560,31.7646231,-106.3645092,45.16692107622693,49.428000000000004,0.23749999999999716
80,2026-02-28 20:17:26.600,31.764626,-106.3645137,45.70134885791276,49.212,0.3999999999999937
81,2026-02-28 20:17:26.640,31.7646289,-106.3645185,46.25866868618241,49.356,0.349999999999997
82,2026-02-28 20:17:26.680,31.7646318,-106.3645231,46.800669291656284,49.356,0.11249999999999982
83,2026-02-28 20:17:26.720,31.7646347,-106.3645278,47.35030137491881,49.248,-0.012499999999997513
84,2026-02-28 20:17:26.760,31.7646376,-106.3645324,47.8923019587085,49.068000000000005,0.012500000000001954
85,2026-02-28 20:17:26.800,31.7646405,-106.3645372,48.44962174032668,49.068000000000005,0.0749999999999984
86,2026-02-28 20:17:26.840,31.7646434,-106.3645419,48.99925378997338,49.32,0.024999999999997247
87,2026-02-28 20:17:26.880,31.7646463,-106.3645465,49.541254340647896,49.5,-0.0374999999999992
88,2026-02-28 20:17:26.920,31.7646493,-106.3645513,50.105095273147946,49.68000000000001,-0.1124999999999976
89,2026-02-28 20:17:26.960,31.7646522,-106.3645561,50.66241500817261,49.86,-0.1750000000000007
90,2026-02-28 20:17:27.000,31.7646551,-106.3645609,51.219734731362585,49.931999999999995,-0.18749999999999822
91,2026-02-28 20:17:27.040,31.764658,-106.3645656,51.76936672420669,49.644,-0.14999999999999902
92,2026-02-28 20:17:27.080,31.7646609,-106.3645702,52.311367219703904,49.392,-0.025000000000001688
93,2026-02-28 20:17:27.120,31.7646638,-106.3645748,52.8533677044768,49.176,0.12499999999999734
94,2026-02-28 20:17:27.160,31.7646666,-106.3645796,53.404313950455,49.176,0.1499999999999968
95,2026-02-28 20:17:27.200,31.7646695,-106.3645841,53.93874157258344,49.176,0.1124999999999976
96,2026-02-28 20:17:27.240,31.7646725,-106.3645889,54.50258241331246,49.284,0.10000000000000009
97,2026-02-28 20:17:27.280,31.7646754,-106.3645936,55.052214338460296,49.428000000000004,0.0
98,2026-02-28 20:17:27.320,31.7646783,-106.3645982,55.594214768198235,49.428000000000004,-0.0875000000000048
99,2026-02-28 20:17:27.360,31.7646811,-106.364603,56.14516095547711,49.608,-0.17500000000000293
100,2026-02-28 20:17:27.400,31.7646841,-106.3646076,56.69386464554189,49.644,-0.30000000000000027
101,2026-02-28 20:17:27.440,31.764687,-106.3646123,57.24349652532658,49.5,-0.30000000000000027
102,2026-02-28 20:17:27.480,31.7646899,-106.3646171,57.80081610947834,49.464,-0.2624999999999966
103,2026-02-28 20:17:27.520,31.7646929,-106.3646217,58.34951976669184,49.464,-0.3624999999999967
104,2026-02-28 20:17:27.560,31.7646957,-106.3646264,58.89268798140611,49.32,-0.4500000000000015
105,2026-02-28 20:17:27.600,31.7646986,-106.364631,59.43468833442486,49.356,-0.46250000000000346
106,2026-02-28 20:17:27.640,31.7647016,-106.3646358,59.998529060044454,49.392,-0.4249999999999998
107,2026-02-28 20:17:27.680,31.7647045,-106.3646404,60.54052939100106,49.32,-0.3124999999999978
108,2026-02-28 20:17:27.720,31.7647073,-106.3646451,61.0836975600474,49.284,-0.23749999999999716
109,2026-02-28 20:17:27.760,31.7647102,-106.3646497,61.62569786922659,49.248,-0.2624999999999966
110,2026-02-28 20:17:27.800,31.7647131,-106.3646545,62.18301736053342,49.14,-0.2749999999999986
111,2026-02-28 20:17:27.840,31.764716,-106.364659,62.71744481210032,49.14,-0.26249999999999885
112,2026-02-28 20:17:27.880,31.7647188,-106.3646638,63.26839084676086,49.068000000000005,-0.22500000000000187
113,2026-02-28 20:17:27.920,31.7647217,-106.3646683,63.8028182774202,48.816,-0.08750000000000258
114,2026-02-28 20:17:27.960,31.7647246,-106.3646729,64.34481853241341,48.672,0.025000000000001688
115,2026-02-28 20:17:28.000,31.7647274,-106.3646774,64.87259613682659,48.672,0.050000000000003375
116,2026-02-28 20:17:28.040,31.7647302,-106.3646822,65.42354212511351,48.852000000000004,-0.012499999999999734
117,2026-02-28 20:17:28.080,31.7647331,-106.3646868,65.9655423479829,48.96,-0.125000000000004
118,2026-02-28 20:17:28.120,31.764736,-106.3646915,66.51517403712846,48.96,-0.15000000000000346
119,2026-02-28 20:17:28.160,31.7647389,-106.3646961,67.05717423807805,48.816,-0.07500000000000062
120,2026-02-28 20:17:28.200,31.7647417,-106.3647006,67.58495178914447,48.78,0.0
121,2026-02-28 20:17:28.240,31.7647447,-106.3647052,68.1336552532239,48.744,0.012499999999999734
122,2026-02-28 20:17:28.280,31.7647474,-106.36471,68.67838067879335,48.816,-0.08750000000000036
123,2026-02-28 20:17:28.320,31.7647503,-106.3647145,69.21280800454807,48.816,-0.18749999999999822
124,2026-02-28 20:17:28.360,31.7647532,-106.3647191,69.75480815145401,48.744,-0.16249999999999876
125,2026-02-28 20:17:28.400,31.7647561,-106.3647237,70.2968082871645,48.744,-0.10000000000000009
126,2026-02-28 20:17:28.440,31.764759,-106.3647284,70.8464398870586,48.744,-0.10000000000000009
127,2026-02-28 20:17:28.480,31.7647618,-106.3647329,71.37421736346937,48.708,-0.09999999999999787
128,2026-02-28 20:17:28.520,31.7647647,-106.3647375,71.91621746691364,48.78,-0.08749999999999591
129,2026-02-28 20:17:28.560,31.7647675,-106.3647423,72.46716330442509,48.78,-0.049999999999998934
130,2026-02-28 20:17:28.600,31.7647704,-106.3647468,73.00159055645308,48.816,-0.024999999999999467
131,2026-02-28 20:17:28.640,31.7647733,-106.3647514,73.54359062739556,48.744,-0.09999999999999787
132,2026-02-28 20:17:28.680,31.7647762,-106.364756,74.08559068714257,48.564,-0.06249999999999645
133,2026-02-28 20:17:28.720,31.7647791,-106.3647607,74.63522220860331,48.528000000000006,0.050000000000001155
134,2026-02-28 20:17:28.760,31.7647819,-106.3647652,75.1629996095066,48.564,0.0374999999999992
135,2026-02-28 20:17:28.800,31.7647848,-106.3647697,75.69742680895433,48.636,-0.012499999999999734
136,2026-02-28 20:17:28.840,31.7647877,-106.3647744,76.2470582969559,48.564,0.012500000000001954
137,2026-02-28 20:17:28.880,31.7647905,-106.3647789,76.77483566700234,48.6,0.03750000000000142
138,2026-02-28 20:17:28.920,31.7647934,-106.3647835,77.31683566174574,48.636,0.06249999999999867
139,2026-02-28 20:17:28.960,31.7647963,-106.3647882,77.86646711652043,48.78,0.049999999999998934
140,2026-02-28 20:17:29.000,31.7647992,-106.3647928,78.408467089344,48.744,0.012499999999999734
141,2026-02-28 20:17:29.040,31.764802,-106.3647974,78.9439112997779,48.528000000000006,0.049999999999998934
142,2026-02-28 20:17:29.080,31.7648049,-106.3648019,79.47833842549885,48.6,0.024999999999997247
143,2026-02-28 20:17:29.120,31.7648078,-106.3648065,80.0203383658206,48.636,-0.03750000000000364
144,2026-02-28 20:17:29.160,31.7648106,-106.3648112,80.56350612818552,48.564,-0.0374999999999992
145,2026-02-28 20:17:29.200,31.7648134,-106.3648158,81.09895029500811,48.6,-0.024999999999999467
146,2026-02-28 20:17:29.240,31.7648164,-106.3648203,81.64017446739089,48.636,-0.025000000000001688
147,2026-02-28 20:17:29.280,31.7648192,-106.3648249,82.17561861202526,48.636,-0.049999999999998934
148,2026-02-28 20:17:29.320,31.7648221,-106.3648295,82.71761849830328,48.78,-0.13749999999999707
149,2026-02-28 20:17:29.360,31.7648249,-106.3648342,83.26078620437049,48.78,-0.2124999999999977
150,2026-02-28 20:17:29.400,31.7648279,-106.3648388,83.80948935761451,48.78,-0.18750000000000044
151,2026-02-28 20:17:29.440,31.7648307,-106.3648433,84.33726657834946,48.636,-0.08750000000000036
152,2026-02-28 20:17:29.480,31.7648335,-106.3648479,84.87271066827839,48.564,2.220446049250313e-15
153,2026-02-28 20:17:29.520,31.7648365,-106.3648526,85.42895329638218,48.564,0.06250000000000089
154,2026-02-28 20:17:29.560,31.7648392,-106.3648572,85.95799463109691,48.528000000000006,0.13749999999999707
155,2026-02-28 20:17:29.600,31.7648422,-106.3648617,86.49921871003373,48.564,0.16249999999999876
156,2026-02-28 20:17:29.640,31.764845,-106.3648663,87.03466275596877,48.6,0.14999999999999902
157,2026-02-28 20:17:29.680,31.7648479,-106.3648709,87.57666254474127,48.528000000000006,0.16249999999999654
158,2026-02-28 20:17:29.720,31.7648508,-106.3648755,88.11866232278939,48.492000000000004,0.2124999999999977
159,2026-02-28 20:17:29.760,31.7648536,-106.36488,88.64643945823516,48.456,0.2749999999999986
160,2026-02-28 20:17:29.800,31.7648565,-106.3648846,89.18843921474136,48.564,0.23749999999999938
161,2026-02-28 20:17:29.840,31.7648594,-106.3648892,89.73043896005207,48.6,0.16249999999999876
162,2026-02-28 20:17:29.880,31.7648623,-106.3648938,90.27243869571879,48.6,0.187499999999996
163,2026-02-28 20:17:29.920,31.7648652,-106.3648984,90.81443841910963,48.708,0.22499999999999742
164,2026-02-28 20:17:29.960,31.7648681,-106.364903,91.35643813177612,48.78,0.18750000000000044
165,2026-02-28 20:17:30.000,31.7648708,-106.3649077,91.893295044136,48.78,0.1375000000000015
166,2026-02-28 20:17:30.040,31.7648738,-106.3649123,92.44199802603002,48.816,0.18750000000000266
167,2026-02-28 20:17:30.080,31.7648766,-106.3649169,92.97744195107741,48.78,0.30000000000000027
168,2026-02-28 20:17:30.120,31.7648796,-106.3649215,93.52614491131935,48.852000000000004,0.27499999999999636
169,2026-02-28 20:17:30.160,31.7648825,-106.3649261,94.0681445704089,48.888,0.1499999999999968
170,2026-02-28 20:17:30.200,31.7648854,-106.3649307,94.6101442176937,48.816,0.12499999999999734
171,2026-02-28 20:17:30.240,31.7648883,-106.3649352,95.14457103726424,48.816,0.1499999999999968
172,2026-02-28 20:17:30.280,31.7648912,-106.36494,95.70188981582437,48.924,0.18749999999999822
173,2026-02-28 20:17:30.320,31.764894,-106.3649447,96.24505724874984,49.032,0.18750000000000044
174,2026-02-28 20:17:30.360,31.7648969,-106.3649493,96.78705685341764,48.996,0.16249999999999876
175,2026-02-28 20:17:30.400,31.7648997,-106.3649539,97.32250069009457,48.96,0.1499999999999968
176,2026-02-28 20:17:30.440,31.7649027,-106.3649586,97.87874306262566,49.176,-0.012500000000001954
177,2026-02-28 20:17:30.480,31.7649056,-106.3649633,98.42837409192462,49.284,-0.1749999999999985
178,2026-02-28 20:17:30.520,31.7649085,-106.3649679,98.97037365190782,49.14,-0.1499999999999968
179,2026-02-28 20:17:30.560,31.7649114,-106.3649725,99.51237320069552,49.032,-0.03749999999999476
180,2026-02-28 20:17:30.600,31.7649143,-106.3649772,100.06200419637844,49.032,0.06250000000000755
181,2026-02-28 20:17:30.640,31.7649171,-106.3649819,100.60517153946277,49.032,0.125000000000004
182,2026-02-28 20:17:30.680,31.76492,-106.3649865,101.14717105574857,49.248,0.0
183,2026-02-28 20:17:30.720,31.7649228,-106.3649912,101.6903383763925,49.248,-0.18750000000000044
184,2026-02-28 20:17:30.760,31.7649258,-106.3649958,102.23904116416429,49.248,-0.30000000000000027
185,2026-02-28 20:17:30.800,31.7649287,-106.3650005,102.78867210250152,49.14,-0.3375000000000017
186,2026-02-28 20:17:30.840,31.7649315,-106.3650051,103.32411581861915,48.96,-0.21250000000000213
187,2026-02-28 20:17:30.880,31.7649344,-106.3650097,103.86611528071869,48.996,-0.11249999999999982
188,2026-02-28 20:17:30.920,31.7649373,-106.3650144,104.41574618668517,48.996,-0.18749999999999822
189,2026-02-28 20:17:30.960,31.7649402,-106.365019,104.9577456268648,49.068000000000005,-0.32499999999999973
190,2026-02-28 20:17:31.000,31.7649431,-106.3650237,105.50737650917718,49.176,-0.3625000000000034
191,2026-02-28 20:17:31.040,31.7649459,-106.3650284,106.0505437388784,49.248,-0.3625000000000034
192,2026-02-28 20:17:31.080,31.7649488,-106.365033,106.59254314632055,49.032,-0.41249999999999787
193,2026-02-28 20:17:31.120,31.7649517,-106.3650376,107.13454254303831,48.924,-0.4624999999999968
194,2026-02-28 20:17:31.160,31.7649545,-106.3650422,107.66998617116792,48.708,-0.37499999999999867
195,2026-02-28 20:17:31.200,31.7649573,-106.3650469,108.21315335465987,48.708,-0.2874999999999961
196,2026-02-28 20:17:31.240,31.7649602,-106.3650515,108.755152720334,48.78,-0.3249999999999953
197,2026-02-28 20:17:31.280,31.764963,-106.3650561,109.29059631485266,48.852000000000004,-0.3875000000000006
198,2026-02-28 20:17:31.320,31.7649659,-106.3650607,109.83259565766886,48.6,-0.37500000000000533
199,2026-02-28 20:17:31.360,31.7649687,-106.3650653,110.36803923038178,48.528000000000006,-0.35000000000000586
200,2026-02-28 20:17:31.400,31.7649715,-106.36507,110.91120635929796,48.672,-0.42500000000000204
201,2026-02-28 20:17:31.440,31.7649744,-106.3650746,111.45320566999014,48.708,-0.5124999999999957
202,2026-02-28 20:17:31.480,31.7649772,-106.3650793,111.99637277646589,48.384,-0.47499999999999654
203,2026-02-28 20:17:31.520,31.76498,-106.3650837,112.51654178710176,48.24,-0.32499999999999973
204,2026-02-28 20:17:31.560,31.7649827,-106.3650883,113.04558256620427,48.312,-0.2874999999999983
205,2026-02-28 20:17:31.600,31.7649855,-106.3650929,113.58102607464764,48.276,-0.3375000000000017
206,2026-02-28 20:17:31.640,31.7649883,-106.3650974,114.10880270978716,48.276,-0.3750000000000031
207,2026-02-28 20:17:31.680,31.7649912,-106.365102,114.6508019572227,48.24,-0.40000000000000036
208,2026-02-28 20:17:31.720,31.7649941,-106.3651066,115.1928011945431,48.132,-0.37499999999999867
209,2026-02-28 20:17:31.760,31.7649969,-106.3651112,115.72824465937495,47.988,-0.29999999999999805
210,2026-02-28 20:17:31.800,31.7649997,-106.3651157,116.25602125240579,47.988,-0.22499999999999742
211,2026-02-28 20:17:31.840,31.7650025,-106.3651203,116.79146469581444,47.916000000000004,-0.2124999999999977
212,2026-02-28 20:17:31.880,31.7650053,-106.3651248,117.319241267812,47.808,-0.18749999999999822
213,2026-02-28 20:17:31.920,31.7650081,-106.3651293,117.84701782964328,47.88,-0.20000000000000018
214,2026-02-28 20:17:31.960,31.7650109,-106.3651338,118.37479437998931,47.844,-0.23750000000000382
215,2026-02-28 20:17:32.000,31.7650137,-106.3651384,118.91023778164518,47.772,-0.18749999999999822
216,2026-02-28 20:17:32.040,31.7650165,-106.3651429,119.43801431119151,47.7,-0.1499999999999968
217,2026-02-28 20:17:32.080,31.7650192,-106.3651474,119.95929392853449,47.664,-0.14999999999999902
218,2026-02-28 20:17:32.120,31.765022,-106.3651519,120.48707043850433,47.628,-0.13749999999999707
219,2026-02-28 20:17:32.160,31.7650248,-106.3651564,121.01484693830788,47.628,-0.1499999999999968
220,2026-02-28 20:17:32.200,31.7650276,-106.3651609,121.54262342771158,47.7,-0.1749999999999985
221,2026-02-28 20:17:32.240,31.7650304,-106.3651654,122.07039990563003,47.592000000000006,-0.12500000000000178
222,2026-02-28 20:17:32.280,31.7650332,-106.36517,122.6058432326872,47.592000000000006,-0.11250000000000204
223,2026-02-28 20:17:32.320,31.7650359,-106.3651745,123.12712278613047,47.519999999999996,-0.1749999999999985
224,2026-02-28 20:17:32.360,31.7650387,-106.365179,123.65489923430614,47.519999999999996,-0.22499999999999742
225,2026-02-28 20:17:32.400,31.7650414,-106.3651835,124.17617876816541,47.556000000000004,-0.2375000000000016
226,2026-02-28 20:17:32.440,31.7650443,-106.3651879,124.70309338665504,47.484,-0.21250000000000435
227,2026-02-28 20:17:32.480,31.7650471,-106.3651925,125.23853666053672,47.448,-0.1625000000000032
228,2026-02-28 20:17:32.520,31.7650499,-106.3651969,125.75870541932805,47.448,-0.1625000000000032
229,2026-02-28 20:17:32.560,31.7650526,-106.3652014,126.27998491106939,47.376000000000005,-0.16250000000000542
230,2026-02-28 20:17:32.600,31.7650554,-106.3652059,126.8077612972173,47.448,-0.16250000000000542
231,2026-02-28 20:17:32.640,31.7650581,-106.3652104,127.32904076717682,47.484,-0.23750000000000382
232,2026-02-28 20:17:32.680,31.765061,-106.3652149,127.86346695328115,47.376000000000005,-0.22500000000000187
233,2026-02-28 20:17:32.720,31.7650637,-106.3652194,128.3847464032806,47.232,-0.07500000000000062
234,2026-02-28 20:17:32.760,31.7650665,-106.3652238,128.9049151022633,47.16,0.024999999999999467
235,2026-02-28 20:17:32.800,31.7650693,-106.3652283,129.43269143678327,47.232,-2.220446049250313e-15
236,2026-02-28 20:17:32.840,31.765072,-106.3652327,129.94626698105296,47.196,0.012499999999999734
237,2026-02-28 20:17:32.880,31.7650748,-106.3652373,130.48171014787255,47.268,0.0
238,2026-02-28 20:17:32.920,31.7650775,-106.3652417,130.9952856709811,47.16,0.012499999999999734
239,2026-02-28 20:17:32.960,31.7650803,-106.3652462,131.52306196464446,47.196,0.03750000000000142
240,2026-02-28 20:17:33.000,31.765083,-106.3652506,132.03663746768248,47.16,0.03750000000000142
241,2026-02-28 20:17:33.040,31.7650858,-106.3652551,132.5644137409175,47.088,0.11250000000000204
242,2026-02-28 20:17:33.080,31.7650885,-106.3652596,133.08569309765576,47.124,0.12499999999999956
243,2026-02-28 20:17:33.120,31.7650913,-106.3652641,133.61346935046245,47.268,0.06249999999999867
244,2026-02-28 20:17:33.160,31.765094,-106.3652685,134.12704481335945,47.196,0.025000000000001688
245,2026-02-28 20:17:33.200,31.7650968,-106.365273,134.65482104550424,47.196,0.025000000000003908
246,2026-02-28 20:17:33.240,31.7650996,-106.3652775,135.18259726748272,47.268,0.012500000000001954
247,2026-02-28 20:17:33.280,31.7651023,-106.3652819,135.69617270009147,47.196,0.08750000000000258
248,2026-02-28 20:17:33.320,31.7651051,-106.3652864,136.22394890164162,47.268,0.1375000000000015
249,2026-02-28 20:17:33.360,31.765108,-106.3652909,136.75837491558767,47.196,0.11250000000000204
250,2026-02-28 20:17:33.400,31.7651107,-106.3652953,137.27195031754323,47.268,0.13750000000000373
251,2026-02-28 20:17:33.440,31.7651135,-106.3652998,137.79972648766017,47.304,0.12500000000000178
252,2026-02-28 20:17:33.480,31.7651162,-106.3653044,138.328766750092,47.268,0.1374999999999993
253,2026-02-28 20:17:33.520,31.765119,-106.3653089,138.8565428997806,47.304,0.16249999999999654
254,2026-02-28 20:17:33.560,31.7651218,-106.3653134,139.38431903930288,47.232,0.16249999999999876
255,2026-02-28 20:17:33.600,31.7651246,-106.3653178,139.90448752895514,47.232,0.18749999999999822
256,2026-02-28 20:17:33.640,31.7651274,-106.3653223,140.43226364767764,47.268,0.2124999999999999
257,2026-02-28 20:17:33.680,31.7651302,-106.3653269,140.96770660256004,47.448,0.2124999999999999
258,2026-02-28 20:17:33.720,31.7651329,-106.3653314,141.48898579233054,47.412,0.2124999999999977
259,2026-02-28 20:17:33.760,31.7651357,-106.3653359,142.01676187999126,47.376000000000005,0.22499999999999964
260,2026-02-28 20:17:33.800,31.7651385,-106.3653403,142.5369303195627,47.484,0.2124999999999977
261,2026-02-28 20:17:33.840,31.7651413,-106.3653448,143.0647063866572,47.448,0.26249999999999885
262,2026-02-28 20:17:33.880,31.7651442,-106.3653493,143.59913226782064,47.519999999999996,0.28750000000000275
263,2026-02-28 20:17:33.920,31.7651469,-106.3653539,144.128172411161,47.519999999999996,0.25000000000000355
264,2026-02-28 20:17:33.960,31.7651497,-106.3653582,144.64079501942933,47.484,0.26250000000000107
265,2026-02-28 20:17:34.000,31.7651525,-106.3653628,145.1762378890012,47.519999999999996,0.26250000000000107
266,2026-02-28 20:17:34.040,31.7651553,-106.3653673,145.70401390409623,47.592000000000006,0.2750000000000008
267,2026-02-28 20:17:34.080,31.7651581,-106.3653719,146.2394567522448,47.736,0.3125
268,2026-02-28 20:17:34.120,31.7651609,-106.3653764,146.76723274654006,47.736,0.28750000000000053
269,2026-02-28 20:17:34.160,31.7651637,-106.365381,147.30267557303512,47.7,0.22499999999999742
270,2026-02-28 20:17:34.200,31.7651665,-106.3653855,147.83045154653058,47.772,0.2375000000000016
271,2026-02-28 20:17:34.240,31.7651693,-106.3653901,148.36589435183257,47.916000000000004,0.2625000000000033
272,2026-02-28 20:17:34.280,31.7651721,-106.3653946,148.89367030452826,47.88,0.23749999999999938
273,2026-02-28 20:17:34.320,31.7651749,-106.3653991,149.42144624682405,47.88,0.21250000000000213
274,2026-02-28 20:17:34.360,31.7651777,-106.3654037,149.9568890197609,47.88,0.25000000000000133
275,2026-02-28 20:17:34.400,31.7651805,-106.3654082,150.48466494125688,47.88,0.3124999999999978
276,2026-02-28 20:17:34.440,31.7651834,-106.3654128,151.02666346230959,48.024,0.2874999999999983
277,2026-02-28 20:17:34.480,31.7651862,-106.3654173,151.55443936240079,48.204,0.1749999999999985
278,2026-02-28 20:17:34.520,31.765189,-106.3654219,152.08988209233868,48.096,0.1374999999999993
279,2026-02-28 20:17:34.560,31.7651918,-106.3654264,152.61765797186365,47.988,0.22500000000000187
280,2026-02-28 20:17:34.600,31.7651946,-106.365431,153.15310068037826,48.168000000000006,0.23749999999999938
281,2026-02-28 20:17:34.640,31.7651975,-106.3654357,153.70273057400325,48.276,0.1749999999999985
282,2026-02-28 20:17:34.680,31.7652003,-106.3654401,154.22289879091304,48.204,0.18750000000000266
283,2026-02-28 20:17:34.720,31.7652031,-106.3654448,154.76606500803658,48.168000000000006,0.2499999999999991
284,2026-02-28 20:17:34.760,31.765206,-106.3654494,155.30806344344114,48.312,0.2499999999999991
285,2026-02-28 20:17:34.800,31.7652088,-106.365454,155.84350609763237,48.348,0.21250000000000435
286,2026-02-28 20:17:34.840,31.7652116,-106.3654585,156.37128190361514,48.384,0.18750000000000266
287,2026-02-28 20:17:34.880,31.7652144,-106.3654631,156.90672453638305,48.348,0.18750000000000266
288,2026-02-28 20:17:34.920,31.7652173,-106.3654678,157.45635435297334,48.348,0.18750000000000488
289,2026-02-28 20:17:34.960,31.7652202,-106.3654722,157.98326834606243,48.384,0.13750000000000373
290,2026-02-28 20:17:35.000,31.7652229,-106.3654769,158.52012385593682,48.456,0.1374999999999993
291,2026-02-28 20:17:35.040,31.7652258,-106.3654815,159.06212221651086,48.492000000000004,0.2124999999999977
292,2026-02-28 20:17:35.080,31.7652287,-106.3654862,159.6117519889801,48.528000000000006,0.19999999999999796
293,2026-02-28 20:17:35.120,31.7652314,-106.3654907,160.1330308072383,48.564,0.1124999999999976
294,2026-02-28 20:17:35.160,31.7652343,-106.3654953,160.6750291367685,48.636,0.024999999999999467
295,2026-02-28 20:17:35.200,31.7652371,-106.3655,161.21819521893454,48.636,0.012499999999997513
296,2026-02-28 20:17:35.240,31.76524,-106.3655046,161.76019352584223,48.636,0.04999999999999449
297,2026-02-28 20:17:35.280,31.7652428,-106.3655092,162.2956360510569,48.636,-0.025000000000001688
298,2026-02-28 20:17:35.320,31.7652456,-106.3655138,162.8310785644663,48.6,-0.12499999999999956
299,2026-02-28 20:17:35.360,31.7652484,-106.3655184,163.36652106716406,48.528000000000006,-0.17500000000000293
300,2026-02-28 20:17:35.400,31.7652513,-106.3655231,163.91615075147243,48.708,-0.2375000000000016
301,2026-02-28 20:17:35.440,31.7652542,-106.3655277,164.45814900494932,48.852000000000004,-0.28750000000000053
302,2026-02-28 20:17:35.480,31.765257,-106.3655323,164.99359147451673,48.744,-0.25000000000000133
303,2026-02-28 20:17:35.520,31.7652599,-106.365537,165.54322112559785,48.672,-0.12499999999999734
304,2026-02-28 20:17:35.560,31.7652627,-106.3655415,166.0709967417822,48.6,0.0
305,2026-02-28 20:17:35.600,31.7652656,-106.3655461,166.61299495193924,48.708,-0.07500000000000062
306,2026-02-28 20:17:35.640,31.7652684,-106.3655508,167.1561609108789,48.708,-0.23749999999999716
307,2026-02-28 20:17:35.680,31.7652713,-106.3655554,167.69815910057417,48.492000000000004,-0.18750000000000266
308,2026-02-28 20:17:35.720,31.7652742,-106.36556,168.24015727846458,48.384,-0.11250000000000426
309,2026-02-28 20:17:35.760,31.765277,-106.3655646,168.77559967175029,48.24,-0.12499999999999956
310,2026-02-28 20:17:35.800,31.7652797,-106.3655691,169.29687830947287,48.312,-0.11249999999999538
311,2026-02-28 20:17:35.840,31.7652826,-106.3655738,169.846507872004,48.42,2.220446049250313e-15
312,2026-02-28 20:17:35.880,31.7652854,-106.3655784,170.38195023315467,48.456,0.11249999999999982
313,2026-02-28 20:17:35.920,31.7652883,-106.365583,170.92394835775661,48.6,-0.012499999999999734
314,2026-02-28 20:17:35.960,31.7652911,-106.3655875,171.45172386822247,48.672,-0.22499999999999964
315,2026-02-28 20:17:36.000,31.7652939,-106.3655921,171.98716619685555,48.42,-0.2749999999999986
316,2026-02-28 20:17:36.040,31.7652968,-106.3655966,172.52159151827652,48.312,-0.22499999999999742
317,2026-02-28 20:17:36.080,31.7652996,-106.3656012,173.05703382487346,48.348,-0.23749999999999494
318,2026-02-28 20:17:36.120,31.7653025,-106.3656059,173.60666331021292,48.204,-0.2499999999999969
319,2026-02-28 20:17:36.160,31.7653053,-106.3656105,174.14210559523417,48.06,-0.3375000000000017
320,2026-02-28 20:17:36.200,31.765308,-106.365615,174.66338412653315,48.168000000000006,-0.5625000000000058
321,2026-02-28 20:17:36.240,31.7653109,-106.3656198,175.22070122523485,48.564,-0.637500000000002
322,2026-02-28 20:17:36.280,31.7653137,-106.3656243,175.7484766509066,48.636,-0.4999999999999982
323,2026-02-28 20:17:36.320,31.7653165,-106.3656289,176.28391889417475,48.384,-0.3875000000000006
324,2026-02-28 20:17:36.360,31.7653193,-106.3656334,176.81169429904665,48.24,-0.40000000000000036
325,2026-02-28 20:17:36.400,31.7653222,-106.3656381,177.361323707508,48.06,-0.5625000000000013
326,2026-02-28 20:17:36.440,31.765325,-106.3656426,177.88909909229397,48.024,-0.6375000000000042
327,2026-02-28 20:17:36.480,31.7653278,-106.3656472,178.4245412912392,47.952000000000005,-0.5750000000000033
328,2026-02-28 20:17:36.520,31.7653306,-106.3656518,178.9599834792425,47.88,-0.5750000000000011
329,2026-02-28 20:17:36.560,31.7653333,-106.3656562,179.47355807020867,47.412,-0.4125000000000001
330,2026-02-28 20:17:36.600,31.7653361,-106.3656606,179.9937257976011,47.196,-0.1499999999999968
331,2026-02-28 20:17:36.640,31.765339,-106.3656653,180.54335514093174,47.7,-0.22499999999999742
332,2026-02-28 20:17:36.680,31.7653418,-106.3656699,181.07879728631852,48.06,-0.4875000000000007
333,2026-02-28 20:17:36.720,31.7653445,-106.3656744,181.6000756803572,47.844,-0.5250000000000021
334,2026-02-28 20:17:36.760,31.7653472,-106.3656789,182.1213540642424,47.628,-0.4375000000000018
335,2026-02-28 20:17:36.800,31.76535,-106.3656833,182.64152174179074,47.052,-0.37499999999999867
336,2026-02-28 20:17:36.840,31.7653527,-106.3656878,183.16280010499287,47.196,-0.47499999999999654
337,2026-02-28 20:17:36.880,31.7653555,-106.3656923,183.69057537626023,47.124,-0.5499999999999972
338,2026-02-28 20:17:36.920,31.7653584,-106.3656967,184.21748887779637,47.052,-0.47499999999999654
339,2026-02-28 20:17:36.960,31.7653611,-106.3657012,184.73876720940981,47.052,-0.5499999999999972
340,2026-02-28 20:17:37.000,31.7653639,-106.3657057,185.2665424497109,47.124,-0.5624999999999991
341,2026-02-28 20:17:37.040,31.7653667,-106.3657101,185.78671006708987,47.124,-0.4874999999999985
342,2026-02-28 20:17:37.080,31.7653694,-106.3657148,186.3235649934215,47.232,-0.5000000000000004
343,2026-02-28 20:17:37.120,31.7653722,-106.3657192,186.84373259098422,47.16,-0.5874999999999986
344,2026-02-28 20:17:37.160,31.7653749,-106.3657237,187.36501087070195,47.052,-0.7624999999999948
345,2026-02-28 20:17:37.200,31.7653777,-106.3657281,187.8851784482114,46.548,-0.6749999999999967
346,2026-02-28 20:17:37.240,31.7653804,-106.3657324,188.39110877631802,46.332,-0.40000000000000036
347,2026-02-28 20:17:37.280,31.765383,-106.3657369,188.90604880922692,46.404,-0.25000000000000355
348,2026-02-28 20:17:37.320,31.7653858,-106.3657412,189.4186705933475,46.404,-0.20000000000000462
349,2026-02-28 20:17:37.360,31.7653887,-106.3657456,189.9455839868694,46.116,-0.17500000000000293
350,2026-02-28 20:17:37.400,31.7653913,-106.36575,190.45272387627764,46.440000000000005,-0.3000000000000025
351,2026-02-28 20:17:37.440,31.765394,-106.3657544,190.96629824441465,46.404,-0.5500000000000038
352,2026-02-28 20:17:37.480,31.7653968,-106.3657587,191.4789199901265,46.512,-0.6875000000000009
353,2026-02-28 20:17:37.520,31.7653995,-106.365763,191.9848502504246,46.188,-0.5999999999999983
354,2026-02-28 20:17:37.560,31.7654022,-106.3657674,192.49842458863807,45.828,-0.36250000000000115
355,2026-02-28 20:17:37.600,31.7654048,-106.3657718,193.00556442793118,45.828,-0.275000000000003
356,2026-02-28 20:17:37.640,31.7654075,-106.3657761,193.5114946599262,45.9,-0.3500000000000014
357,2026-02-28 20:17:37.680,31.7654102,-106.3657805,194.0250689691774,46.116,-0.475000000000001
358,2026-02-28 20:17:37.720,31.7654129,-106.365785,194.5463471059938,46.116,-0.5749999999999988
359,2026-02-28 20:17:37.760,31.7654156,-106.3657893,195.05227730933194,45.9,-0.5499999999999949
360,2026-02-28 20:17:37.800,31.7654184,-106.3657936,195.56489897962302,45.792,-0.4874999999999985
361,2026-02-28 20:17:37.840,31.7654211,-106.3657979,196.07082916350282,45.468,-0.46250000000000124
362,2026-02-28 20:17:37.880,31.7654238,-106.3658022,196.5767593378303,45.468,-0.4999999999999982
363,2026-02-28 20:17:37.920,31.7654263,-106.3658065,197.06978836524468,45.504000000000005,-0.5375000000000019
364,2026-02-28 20:17:37.960,31.765429,-106.3658108,197.57571852117516,45.468,-0.48750000000000293
365,2026-02-28 20:17:38.000,31.7654317,-106.365815,198.0740670820766,45.396,-0.4249999999999998
366,2026-02-28 20:17:38.040,31.7654344,-106.3658193,198.5799972189025,45.324,-0.36249999999999893
367,2026-02-28 20:17:38.080,31.765437,-106.3658236,199.07939437388205,45.324,-0.43749999999999956
368,2026-02-28 20:17:38.120,31.7654397,-106.3658279,199.58532449219211,45.252,-0.5500000000000016
369,2026-02-28 20:17:38.160,31.7654423,-106.3658322,200.08472162817557,45.18000000000001,-0.5000000000000049
370,2026-02-28 20:17:38.200,31.7654449,-106.3658364,200.5764364525494,45.108,-0.42500000000000426
371,2026-02-28 20:17:38.240,31.7654475,-106.3658406,201.06815126703933,44.82,-0.3375000000000017
372,2026-02-28 20:17:38.280,31.7654501,-106.3658448,201.55986607335444,44.676,-0.275000000000003
373,2026-02-28 20:17:38.320,31.7654527,-106.3658489,202.0439616983453,44.748,-0.30000000000000027
374,2026-02-28 20:17:38.360,31.7654554,-106.3658532,202.54989176087557,44.82,-0.3750000000000009
375,2026-02-28 20:17:38.400,31.7654581,-106.3658574,203.04824023131482,44.82,-0.4500000000000015
376,2026-02-28 20:17:38.440,31.7654606,-106.3658617,203.5412691342043,44.856,-0.5249999999999977
377,2026-02-28 20:17:38.480,31.7654633,-106.3658659,204.03961758789808,44.532,-0.4749999999999943
378,2026-02-28 20:17:38.520,31.7654658,-106.3658701,204.52486336195045,44.46,-0.3624999999999967
379,2026-02-28 20:17:38.560,31.7654683,-106.3658743,205.01010912808,44.532,-0.37499999999999867
380,2026-02-28 20:17:38.600,31.765471,-106.3658784,205.50094137050948,44.532,-0.3999999999999959
381,2026-02-28 20:17:38.640,31.7654737,-106.3658827,206.00687136829637,44.424,-0.39999999999999813
382,2026-02-28 20:17:38.680,31.7654763,-106.3658868,206.49096691371915,44.28,-0.37499999999999867
383,2026-02-28 20:17:38.720,31.7654789,-106.365891,206.98268162024965,44.28,-0.4125000000000001
384,2026-02-28 20:17:38.760,31.7654815,-106.3658952,207.4743963164307,44.208,-0.4875000000000007
385,2026-02-28 20:17:38.800,31.7654841,-106.3658994,207.9661110046697,44.136,-0.4874999999999985
386,2026-02-28 20:17:38.840,31.7654867,-106.3659036,208.45782568302482,44.028000000000006,-0.4125000000000001
387,2026-02-28 20:17:38.880,31.7654893,-106.3659076,208.93436817540396,43.992000000000004,-0.3375000000000017
388,2026-02-28 20:17:38.920,31.7654919,-106.3659119,209.43376513384175,43.956,-0.4000000000000026
389,2026-02-28 20:17:38.960,31.7654944,-106.3659161,209.91901080834893,43.956,-0.4750000000000032
390,2026-02-28 20:17:39.000,31.765497,-106.3659202,210.40310628418842,43.956,-0.5374999999999996
391,2026-02-28 20:17:39.040,31.7654996,-106.3659244,210.89482091751125,43.848,-0.5499999999999972
392,2026-02-28 20:17:39.080,31.7655021,-106.3659285,211.3723441926647,43.776,-0.4874999999999985
393,2026-02-28 20:17:39.120,31.7655047,-106.3659325,211.84888663523026,43.596,-0.39999999999999813
394,2026-02-28 20:17:39.160,31.7655073,-106.3659368,212.34828353824255,43.488,-0.2999999999999958
395,2026-02-28 20:17:39.200,31.7655098,-106.3659409,212.82580678715613,43.452000000000005,-0.3124999999999978
396,2026-02-28 20:17:39.240,31.7655123,-106.3659449,213.2956713857222,43.524,-0.36250000000000115
397,2026-02-28 20:17:39.280,31.7655148,-106.365949,213.77319461736636,43.524,-0.4375000000000018
398,2026-02-28 20:17:39.320,31.7655174,-106.3659532,214.2649091901929,43.272,-0.43749999999999956
399,2026-02-28 20:17:39.360,31.7655199,-106.3659572,214.7347737626223,43.272,-0.39999999999999813
400,2026-02-28 20:17:39.400,31.7655225,-106.3659614,215.22648831750462,43.092000000000006,-0.3625000000000034
401,2026-02-28 20:17:39.440,31.7655251,-106.3659653,215.695547041308,43.128,-0.35000000000000364
402,2026-02-28 20:17:39.480,31.7655276,-106.3659695,216.1807925987533,43.092000000000006,-0.40000000000000036
403,2026-02-28 20:17:39.520,31.7655301,-106.3659735,216.650657137559,43.128,-0.3875000000000006
404,2026-02-28 20:17:39.560,31.7655326,-106.3659776,217.1281803087752,43.092000000000006,-0.3625000000000034
405,2026-02-28 20:17:39.600,31.7655351,-106.3659817,217.6057034725649,42.948,-0.3625000000000034
406,2026-02-28 20:17:39.640,31.7655376,-106.3659857,218.075567986413,42.984,-0.4125000000000023
407,2026-02-28 20:17:39.680,31.7655402,-106.3659898,218.55966331727154,42.804,-0.40000000000000036
408,2026-02-28 20:17:39.720,31.7655427,-106.3659938,219.02952781562573,42.732,-0.29999999999999805
409,2026-02-28 20:17:39.760,31.7655452,-106.3659979,219.5070509436734,42.66,-0.2749999999999986
410,2026-02-28 20:17:39.800,31.7655477,-106.3660019,219.97691542554534,42.66,-0.3124999999999978
411,2026-02-28 20:17:39.840,31.7655502,-106.3660059,220.4467798991762,42.552,-0.3499999999999992
412,2026-02-28 20:17:39.880,31.7655526,-106.36601,220.9179021969901,42.516000000000005,-0.3625000000000034
413,2026-02-28 20:17:39.920,31.7655551,-106.366014,221.38776665446838,42.588,-0.38750000000000284
414,2026-02-28 20:17:39.960,31.7655576,-106.3660179,221.85003936147112,42.588,-0.43749999999999734
415,2026-02-28 20:17:40.000,31.7655601,-106.366022,222.32756243874283,42.408,-0.37499999999999867
416,2026-02-28 20:17:40.040,31.7655626,-106.366026,222.79742687149775,42.336,-0.2750000000000008
417,2026-02-28 20:17:40.080,31.765565,-106.3660301,223.26854912648105,42.300000000000004,-0.2750000000000008
418,2026-02-28 20:17:40.120,31.7655676,-106.3660339,223.73019679701375,42.372,-0.3500000000000014
419,2026-02-28 20:17:40.160,31.76557,-106.366038,224.20131903472665,42.228,-0.40000000000000036
420,2026-02-28 20:17:40.200,31.7655725,-106.3660419,224.66359169427068,42.192,-0.3875000000000006
421,2026-02-28 20:17:40.240,31.765575,-106.366046,225.14111472076644,42.012,-0.33749999999999725
422,2026-02-28 20:17:40.280,31.7655774,-106.36605,225.6044725145729,42.012,-0.3124999999999978
423,2026-02-28 20:17:40.320,31.7655799,-106.366054,226.07433689006507,41.976,-0.33749999999999947
424,2026-02-28 20:17:40.360,31.7655823,-106.366058,226.5376946661652,41.940000000000005,-0.32500000000000195
425,2026-02-28 20:17:40.400,31.7655848,-106.3660619,226.99996728760587,41.976,-0.31250000000000444
426,2026-02-28 20:17:40.440,31.7655873,-106.3660658,227.4622399000097,41.976,-0.32500000000000195
427,2026-02-28 20:17:40.480,31.7655897,-106.3660698,227.92559765247248,41.868,-0.3125000000000022
428,2026-02-28 20:17:40.520,31.7655922,-106.3660738,228.3954619865689,41.796,-0.32500000000000195
429,2026-02-28 20:17:40.560,31.7655946,-106.3660777,228.85111959182836,41.652,-0.36249999999999893
430,2026-02-28 20:17:40.600,31.765597,-106.3660817,229.31447731879027,41.652,-0.3624999999999967
431,2026-02-28 20:17:40.640,31.7655995,-106.3660856,229.77674989340923,41.580000000000005,-0.30000000000000027
432,2026-02-28 20:17:40.680,31.7656019,-106.3660896,230.2401076039917,41.544,-0.25000000000000133
433,2026-02-28 20:17:40.720,31.7656043,-106.3660935,230.69576517790668,41.472,-0.23749999999999938
434,2026-02-28 20:17:40.760,31.7656066,-106.3660973,231.13724244750114,41.507999999999996,-0.22499999999999964
435,2026-02-28 20:17:40.800,31.7656092,-106.3661012,231.6063009070649,41.507999999999996,-0.22499999999999964
436,2026-02-28 20:17:40.840,31.7656116,-106.3661052,232.0696585863217,41.507999999999996,-0.26249999999999885
437,2026-02-28 20:17:40.880,31.765614,-106.3661092,232.53301625645705,41.436,-0.2999999999999958
438,2026-02-28 20:17:40.920,31.7656164,-106.3661132,232.9963739196687,41.292,-0.2874999999999961
439,2026-02-28 20:17:40.960,31.7656188,-106.3661171,233.45203144563897,41.112,-0.2124999999999999
440,2026-02-28 20:17:41.000,31.7656211,-106.366121,233.90125246199779,41.148,-0.1375000000000015
441,2026-02-28 20:17:41.040,31.7656235,-106.3661249,234.3569099727805,41.22,-0.2124999999999999
442,2026-02-28 20:17:41.080,31.7656259,-106.3661288,234.81256747580787,41.184,-0.2874999999999961
443,2026-02-28 20:17:41.120,31.7656283,-106.3661326,235.2605924444741,41.148,-0.22499999999999742
444,2026-02-28 20:17:41.160,31.7656307,-106.3661366,235.72395005988457,41.184,-0.1750000000000007
445,2026-02-28 20:17:41.200,31.765633,-106.3661405,236.1731710361337,41.184,-0.18749999999999822
446,2026-02-28 20:17:41.240,31.7656354,-106.3661445,236.6365286358333,41.076,-0.16249999999999654
447,2026-02-28 20:17:41.280,31.7656377,-106.3661483,237.07800580672512,41.004000000000005,-0.14999999999999902
448,2026-02-28 20:17:41.320,31.7656401,-106.366152,237.51846932690506,40.896,-0.1374999999999993
449,2026-02-28 20:17:41.360,31.7656424,-106.366156,237.9754988553303,40.896,-0.08749999999999813
450,2026-02-28 20:17:41.400,31.7656447,-106.3661599,238.424719793005,40.968,-0.07500000000000062
451,2026-02-28 20:17:41.440,31.7656471,-106.3661638,238.88037722752685,40.788000000000004,-0.025000000000003908
452,2026-02-28 20:17:41.480,31.7656494,-106.3661677,239.32959815112696,40.788000000000004,-2.220446049250313e-15
453,2026-02-28 20:17:41.520,31.7656517,-106.3661715,239.77107527659427,40.896,-0.06249999999999867
454,2026-02-28 20:17:41.560,31.7656541,-106.3661753,240.21910016476275,40.931999999999995,-0.13749999999999485
455,2026-02-28 20:17:41.600,31.7656564,-106.3661792,240.66832106541898,40.896,-0.1499999999999968
456,2026-02-28 20:17:41.640,31.7656587,-106.3661831,241.11754195720596,40.896,-0.10000000000000009
457,2026-02-28 20:17:41.680,31.7656611,-106.3661871,241.58089947099708,40.752,-0.0374999999999992
458,2026-02-28 20:17:41.720,31.7656635,-106.366191,242.03655685252406,40.752,-0.024999999999999467
459,2026-02-28 20:17:41.760,31.7656658,-106.3661948,242.47803393467098,40.788000000000004,-0.08750000000000258
460,2026-02-28 20:17:41.800,31.7656682,-106.3661988,242.9413914247286,40.86,-0.16250000000000098
461,2026-02-28 20:17:41.840,31.7656706,-106.3662027,243.39704878331267,40.824,-0.14999999999999458
462,2026-02-28 20:17:41.880,31.7656728,-106.3662065,243.83216437854983,40.752,-0.07499999999999618
463,2026-02-28 20:17:41.920,31.7656753,-106.3662103,244.28691522855993,40.752,-0.024999999999999467
464,2026-02-28 20:17:41.960,31.7656776,-106.3662142,244.73613605839847,40.68000000000001,0.024999999999999467
465,2026-02-28 20:17:42.000,31.7656799,-106.366218,245.17761309567055,40.716,0.024999999999999467
466,2026-02-28 20:17:42.040,31.7656823,-106.3662219,245.63327041667918,40.788000000000004,0.0
467,2026-02-28 20:17:42.080,31.7656847,-106.3662259,246.09662785158153,40.752,0.012499999999999734
468,2026-02-28 20:17:42.120,31.765687,-106.3662297,246.53810486637255,40.68000000000001,-0.025000000000001688
469,2026-02-28 20:17:42.160,31.7656894,-106.3662336,246.99376216420637,40.608,-0.08750000000000036
470,2026-02-28 20:17:42.200,31.7656918,-106.3662374,247.44178693474817,40.572,-0.07500000000000062
471,2026-02-28 20:17:42.240,31.7656941,-106.3662412,247.88326392728746,40.68000000000001,-0.10000000000000453
472,2026-02-28 20:17:42.280,31.7656965,-106.3662451,248.33892120217834,40.68000000000001,-0.125000000000004
473,2026-02-28 20:17:42.320,31.7656988,-106.3662491,248.79595053924086,40.752,-0.11250000000000204
474,2026-02-28 20:17:42.360,31.7657011,-106.3662529,249.23742750961574,40.752,-0.18750000000000266
475,2026-02-28 20:17:42.400,31.7657035,-106.3662567,249.685452242573,40.716,-0.25000000000000133
476,2026-02-28 20:17:42.440,31.7657059,-106.3662606,250.14110948817827,40.788000000000004,-0.2750000000000008
477,2026-02-28 20:17:42.480,31.7657081,-106.3662645,250.58407997372635,40.788000000000004,-0.2750000000000008
478,2026-02-28 20:17:42.520,31.7657105,-106.3662684,251.03973720337765,40.572,-0.1749999999999985
479,2026-02-28 20:17:42.560,31.7657129,-106.3662722,251.4877619080859,40.464,-0.09999999999999787
480,2026-02-28 20:17:42.600,31.7657151,-106.366276,251.92287736742838,40.5,-0.1499999999999968
481,2026-02-28 20:17:42.640,31.7657175,-106.36628,252.38623469268865,40.464,-0.187499999999996
482,2026-02-28 20:17:42.680,31.76572,-106.3662838,252.8409854052943,40.536,-0.23749999999999716
483,2026-02-28 20:17:42.720,31.7657222,-106.3662877,253.28395584375608,40.572,-0.3124999999999978
484,2026-02-28 20:17:42.760,31.7657246,-106.3662915,253.73198051195945,40.392,-0.2499999999999991
485,2026-02-28 20:17:42.800,31.765727,-106.3662954,254.18763768829268,40.356,-0.16250000000000098
486,2026-02-28 20:17:42.840,31.7657293,-106.3662992,254.6291145693765,40.356,-0.20000000000000018
487,2026-02-28 20:17:42.880,31.7657316,-106.366303,255.07059144294834,40.428000000000004,-0.28750000000000053
488,2026-02-28 20:17:42.920,31.765734,-106.3663068,255.518616081823,40.428000000000004,-0.36250000000000115
489,2026-02-28 20:17:42.960,31.7657363,-106.3663107,255.96783671948606,40.32,-0.3375000000000017
490,2026-02-28 20:17:43.000,31.7657386,-106.3663146,256.417057349385,40.212,-0.23750000000000382
491,2026-02-28 20:17:43.040,31.7657409,-106.3663184,256.85853419373916,40.212,-0.23750000000000382
492,2026-02-28 20:17:43.080,31.7657432,-106.3663222,257.30001103058135,40.104000000000006,-0.25000000000000355
493,2026-02-28 20:17:43.120,31.7657455,-106.366326,257.7414878603703,40.104000000000006,-0.2625000000000055
494,2026-02-28 20:17:43.160,31.7657478,-106.36633,258.1985170313702,40.14,-0.32500000000000195
495,2026-02-28 20:17:43.200,31.7657501,-106.3663338,258.63999384659394,40.14,-0.36249999999999893
496,2026-02-28 20:17:43.240,31.7657524,-106.3663376,259.08147065321,39.996,-0.3750000000000009
497,2026-02-28 20:17:43.280,31.7657548,-106.3663414,259.52949522718706,39.96,-0.36250000000000115
498,2026-02-28 20:17:43.320,31.7657571,-106.3663452,259.9709720200169,39.852000000000004,-0.3125000000000022
499,2026-02-28 20:17:43.360,31.7657594,-106.366349,260.41244880579353,39.924,-0.32499999999999973
500,2026-02-28 20:17:43.400,31.7657617,-106.3663528,260.8539255840582,39.924,-0.462499999999999
501,2026-02-28 20:17:43.440,31.7657639,-106.3663566,261.28904088662364,39.816,-0.5874999999999986
502,2026-02-28 20:17:43.480,31.7657662,-106.3663604,261.73051765086905,39.78,-0.6249999999999978
503,2026-02-28 20:17:43.520,31.7657685,-106.3663642,262.1719944076025,39.672,-0.625
504,2026-02-28 20:17:43.560,31.7657708,-106.366368,262.6134711559576,39.636,-0.6000000000000005
505,2026-02-28 20:17:43.600,31.7657731,-106.3663718,263.0549478983552,39.6,-0.5999999999999983
506,2026-02-28 20:17:43.640,31.7657753,-106.3663755,263.4822734046082,39.456,-0.6124999999999958
507,2026-02-28 20:17:43.680,31.7657775,-106.3663793,263.91738866325903,39.456,-0.6374999999999975
508,2026-02-28 20:17:43.720,31.7657798,-106.3663829,264.3435863112375,39.456,-0.7124999999999981
509,2026-02-28 20:17:43.760,31.7657821,-106.3663868,264.79280679855634,39.384,-0.7374999999999976
510,2026-02-28 20:17:43.800,31.7657844,-106.3663904,265.21900443299376,39.132,-0.6999999999999984
511,2026-02-28 20:17:43.840,31.7657866,-106.366394,265.6386090142703,38.916000000000004,-0.637500000000002
512,2026-02-28 20:17:43.880,31.7657888,-106.3663978,266.0737242368408,38.88,-0.6625000000000036
513,2026-02-28 20:17:43.920,31.765791,-106.3664015,266.5010496933011,38.772,-0.7374999999999998
514,2026-02-28 20:17:43.960,31.7657932,-106.3664053,266.936164901736,38.808,-0.7499999999999996
515,2026-02-28 20:17:44.000,31.7657955,-106.3664089,267.3623625032607,38.7,-0.7750000000000012
516,2026-02-28 20:17:44.040,31.7657978,-106.3664125,267.7885600982525,38.592000000000006,-0.8000000000000007
517,2026-02-28 20:17:44.080,31.7658,-106.3664162,268.21588552767656,38.484,-0.7750000000000012
518,2026-02-28 20:17:44.120,31.7658022,-106.3664199,268.6432109494022,38.376000000000005,-0.787500000000001
519,2026-02-28 20:17:44.160,31.7658044,-106.3664235,269.0628154776883,38.34,-0.8375000000000021
520,2026-02-28 20:17:44.200,31.7658066,-106.3664271,269.4824199993964,38.16,-0.8375
521,2026-02-28 20:17:44.240,31.7658088,-106.3664307,269.9020245142959,38.052,-0.7999999999999985
522,2026-02-28 20:17:44.280,31.765811,-106.3664342,270.3139808790812,37.836,-0.7750000000000012
523,2026-02-28 20:17:44.320,31.7658132,-106.3664378,270.73358538105566,37.692,-0.8125000000000003
524,2026-02-28 20:17:44.360,31.7658152,-106.3664413,271.13270783317165,37.728,-0.924999999999998
525,2026-02-28 20:17:44.400,31.7658175,-106.366445,271.56650892672116,37.548,-0.9374999999999979
526,2026-02-28 20:17:44.440,31.7658197,-106.3664485,271.9784652664624,37.440000000000005,-0.9125000000000008
527,2026-02-28 20:17:44.480,31.7658218,-106.3664521,272.39167144239235,37.404,-1.037500000000002
528,2026-02-28 20:17:44.520,31.765824,-106.3664556,272.8036277684389,37.188,-1.1000000000000032
529,2026-02-28 20:17:44.560,31.7658261,-106.3664591,273.20906511032325,37.116,-1.1250000000000024
530,2026-02-28 20:17:44.600,31.7658283,-106.3664626,273.62102142507325,36.972,-1.15
531,2026-02-28 20:17:44.640,31.7658304,-106.3664662,274.03422757489136,36.936,-1.1749999999999994
532,2026-02-28 20:17:44.680,31.7658325,-106.3664696,274.431969551245,36.72,-1.1624999999999974
533,2026-02-28 20:17:44.720,31.7658347,-106.366473,274.8363545750623,36.468,-1.0999999999999965
534,2026-02-28 20:17:44.760,31.7658367,-106.3664764,275.2276574481134,36.288000000000004,-1.1124999999999985
535,2026-02-28 20:17:44.800,31.7658387,-106.3664799,275.6267798304064,36.288000000000004,-1.1624999999999996
536,2026-02-28 20:17:44.840,31.7658409,-106.3664833,276.03116483706617,36.072,-1.200000000000001
537,2026-02-28 20:17:44.880,31.765843,-106.3664867,276.4289067838774,35.784,-1.1375000000000004
538,2026-02-28 20:17:44.920,31.765845,-106.36649,276.81246425165114,35.64,-1.0374999999999979
539,2026-02-28 20:17:44.960,31.7658471,-106.3664934,277.2102061869267,35.424,-0.962499999999995
540,2026-02-28 20:17:45.000,31.7658491,-106.3664967,277.5937636436611,35.352000000000004,-0.974999999999997
541,2026-02-28 20:17:45.040,31.7658511,-106.3665001,277.9850664753052,35.172,-1.0749999999999993
542,2026-02-28 20:17:45.080,31.7658532,-106.3665034,278.3751908732361,35.136,-1.1500000000000021
543,2026-02-28 20:17:45.120,31.7658552,-106.3665067,278.75874831320453,34.884,-1.162500000000004
544,2026-02-28 20:17:45.160,31.7658572,-106.36651,279.14230574744636,34.668000000000006,-1.1250000000000049
545,2026-02-28 20:17:45.200,31.7658592,-106.3665133,279.5258631753255,34.56,-1.1000000000000054
546,2026-02-28 20:17:45.240,31.7658612,-106.3665165,279.90175393370527,34.344,-1.0375
547,2026-02-28 20:17:45.280,31.7658632,-106.3665197,280.277644685727,34.236,-0.9999999999999989
548,2026-02-28 20:17:45.320,31.7658651,-106.366523,280.6548494012255,34.2,-1.0625000000000018
549,2026-02-28 20:17:45.360,31.7658671,-106.3665262,281.03074014319645,34.092000000000006,-1.112500000000003
550,2026-02-28 20:17:45.400,31.7658691,-106.3665294,281.4066308807425,33.876000000000005,-1.062500000000004
551,2026-02-28 20:17:45.440,31.765871,-106.3665325,281.7683181338297,33.552,-0.9625000000000039
552,2026-02-28 20:17:45.480,31.7658729,-106.3665357,282.1377243423853,33.443999999999996,-0.9375
553,2026-02-28 20:17:45.520,31.7658749,-106.3665388,282.5060320304511,33.228,-0.887499999999999
554,2026-02-28 20:17:45.560,31.7658768,-106.3665419,282.86771926862,33.083999999999996,-0.8125000000000003
555,2026-02-28 20:17:45.600,31.7658787,-106.3665451,283.237125461385,32.976,-0.8250000000000002
556,2026-02-28 20:17:45.640,31.7658806,-106.3665482,283.5988126897799,32.940000000000005,-0.8250000000000025
557,2026-02-28 20:17:45.680,31.7658825,-106.3665513,283.9604999132877,32.76,-0.7250000000000001
558,2026-02-28 20:17:45.720,31.7658844,-106.3665543,284.31455289780183,32.616,-0.612499999999998
559,2026-02-28 20:17:45.760,31.7658863,-106.3665574,284.67624011130437,32.472,-0.5625000000000013
560,2026-02-28 20:17:45.800,31.7658882,-106.3665605,285.03792732015114,32.436,-0.5874999999999986
561,2026-02-28 20:17:45.840,31.76589,-106.3665636,285.3932195700042,32.22,-0.6124999999999936
562,2026-02-28 20:17:45.880,31.7658919,-106.3665666,285.7472725349837,32.076,-0.5999999999999961
563,2026-02-28 20:17:45.920,31.7658938,-106.3665696,286.10132549636637,32.04,-0.5625000000000013
564,2026-02-28 20:17:45.960,31.7658956,-106.3665726,286.4488430422267,31.932,-0.5499999999999994
565,2026-02-28 20:17:46.000,31.7658975,-106.3665756,286.8028959945044,31.752000000000002,-0.4999999999999982
566,2026-02-28 20:17:46.040,31.7658992,-106.3665787,287.15203114797055,31.788,-0.475000000000001
567,2026-02-28 20:17:46.080,31.7659011,-106.3665816,287.4985401830306,31.824,-0.587500000000003
568,2026-02-28 20:17:46.120,31.765903,-106.3665846,287.85259312069536,31.788,-0.6749999999999989
569,2026-02-28 20:17:46.160,31.7659049,-106.3665877,288.2142802863564,31.680000000000003,-0.6999999999999962
570,2026-02-28 20:17:46.200,31.7659067,-106.3665907,288.5617978054872,31.536,-0.6625000000000014
571,2026-02-28 20:17:46.240,31.7659085,-106.3665936,288.9016263629276,31.356000000000005,-0.6625000000000059
572,2026-02-28 20:17:46.280,31.7659103,-106.3665965,289.2414549162889,31.212,-0.737500000000002
573,2026-02-28 20:17:46.320,31.765912,-106.3665995,289.5826750894487,31.284,-0.8499999999999975
574,2026-02-28 20:17:46.360,31.765914,-106.3666024,289.9360889851303,31.104000000000003,-0.8499999999999996
575,2026-02-28 20:17:46.400,31.7659157,-106.3666053,290.26947498751724,31.14,-0.8000000000000007
576,2026-02-28 20:17:46.440,31.7659176,-106.3666083,290.6235278892544,31.031999999999996,-0.8999999999999965
577,2026-02-28 20:17:46.480,31.7659194,-106.3666112,290.96335642058136,30.888,-0.9999999999999964
578,2026-02-28 20:17:46.520,31.7659212,-106.3666141,291.3031849486824,30.780000000000005,-1.0375000000000023
579,2026-02-28 20:17:46.560,31.765923,-106.366617,291.64301347138473,30.672,-1.0750000000000037
580,2026-02-28 20:17:46.600,31.7659247,-106.3666199,291.97639945156897,30.636,-1.1250000000000004
581,2026-02-28 20:17:46.640,31.7659265,-106.3666226,292.30113154081266,30.348,-1.0624999999999971
582,2026-02-28 20:17:46.680,31.7659282,-106.3666255,292.6345175126743,30.096,-0.9624999999999995
583,2026-02-28 20:17:46.720,31.76593,-106.3666283,292.9667487479737,29.952,-0.9625000000000018
584,2026-02-28 20:17:46.760,31.7659316,-106.3666311,293.2860464324253,29.988,-1.0250000000000004
585,2026-02-28 20:17:46.800,31.7659334,-106.3666341,293.6335638837463,29.952,-1.1250000000000004
586,2026-02-28 20:17:46.840,31.7659352,-106.3666368,293.95829595408304,29.628000000000004,-1.1625000000000043
587,2026-02-28 20:17:46.880,31.7659369,-106.3666395,294.2762797673713,29.412,-1.1000000000000019
588,2026-02-28 20:17:46.920,31.7659386,-106.3666423,294.6019181705988,29.268000000000004,-1.0124999999999993
589,2026-02-28 20:17:46.960,31.7659402,-106.366645,294.9134054597506,29.088,-0.9750000000000003
590,2026-02-28 20:17:47.000,31.7659419,-106.3666478,295.23904385551674,28.980000000000004,-1.0375
591,2026-02-28 20:17:47.040,31.7659436,-106.3666505,295.55702765393545,28.944,-1.1125000000000007
592,2026-02-28 20:17:47.080,31.7659452,-106.3666532,295.8685149306557,28.728,-1.0875000000000012
593,2026-02-28 20:17:47.120,31.7659469,-106.3666558,296.1789439496903,28.548,-0.9749999999999993
594,2026-02-28 20:17:47.160,31.7659485,-106.3666585,296.49043121893396,28.44,-0.9624999999999971
595,2026-02-28 20:17:47.200,31.7659502,-106.3666611,296.8008602310119,28.259999999999998,-1.0374999999999979
596,2026-02-28 20:17:47.240,31.7659518,-106.3666637,297.10463119719896,27.971999999999998,-0.9624999999999982
597,2026-02-28 20:17:47.280,31.7659534,-106.3666663,297.40840215993916,27.900000000000002,-0.9750000000000002
598,2026-02-28 20:17:47.320,31.765955,-106.366669,297.71988941445625,27.864,-1.0875
599,2026-02-28 20:17:47.360,31.7659566,-106.3666716,298.0236603700709,27.684,-1.0374999999999992
600,2026-02-28 20:17:47.400,31.7659582,-106.3666742,298.32743132247055,27.396,-0.8875
601,2026-02-28 20:17:47.440,31.7659598,-106.3666767,298.6235874075175,27.324,-0.837500000000001
602,2026-02-28 20:17:47.480,31.7659614,-106.3666793,298.9273583527916,27.215999999999998,-0.8624999999999993
603,2026-02-28 20:17:47.520,31.7659631,-106.3666819,299.2377873379165,27.252000000000002,-0.8499999999999985
604,2026-02-28 20:17:47.560,31.7659646,-106.3666844,299.52738514833,26.964000000000002,-0.8000000000000007
605,2026-02-28 20:17:47.600,31.7659662,-106.3666869,299.82354122137656,26.748,-0.7750000000000012
606,2026-02-28 20:17:47.640,31.7659677,-106.3666894,300.11313902531344,26.712,-0.8374999999999989
607,2026-02-28 20:17:47.680,31.7659693,-106.3666919,300.409295091789,26.352,-0.7499999999999973
608,2026-02-28 20:17:47.720,31.7659709,-106.3666943,300.697945752137,26.28,-0.6999999999999984
609,2026-02-28 20:17:47.760,31.7659723,-106.3666967,300.97341623089255,26.28,-0.7250000000000001
610,2026-02-28 20:17:47.800,31.7659739,-106.3666992,301.2695722868959,26.244,-0.6874999999999998
611,2026-02-28 20:17:47.840,31.7659754,-106.3667016,301.5514901288285,26.064,-0.6999999999999984
612,2026-02-28 20:17:47.880,31.765977,-106.3667042,301.8552610407277,25.992,-0.6625000000000003
613,2026-02-28 20:17:47.920,31.7659784,-106.3667066,302.13073150713575,26.028000000000002,-0.6625000000000025
614,2026-02-28 20:17:47.960,31.7659799,-106.3667091,302.420329285584,25.884,-0.7750000000000014
615,2026-02-28 20:17:48.000,31.7659814,-106.3667114,302.6946787082365,25.596,-0.6874999999999987
616,2026-02-28 20:17:48.040,31.7659829,-106.3667138,302.976596535335,25.452,-0.43749999999999956
617,2026-02-28 20:17:48.080,31.7659843,-106.3667161,303.24431637813626,25.452,-0.3875000000000006
618,2026-02-28 20:17:48.120,31.7659858,-106.3667187,303.541696986596,25.164,-0.4000000000000014
619,2026-02-28 20:17:48.160,31.7659872,-106.3667211,303.8171674351912,25.308,-0.475000000000001
620,2026-02-28 20:17:48.200,31.7659887,-106.3667235,304.09908525081795,25.236,-0.575
621,2026-02-28 20:17:48.240,31.7659901,-106.3667259,304.37455569331934,25.056,-0.45000000000000034
622,2026-02-28 20:17:48.280,31.7659915,-106.3667282,304.64227552125465,25.092,-0.249999999999998
623,2026-02-28 20:17:48.320,31.7659931,-106.3667307,304.9384315393454,25.02,-0.2124999999999977
624,2026-02-28 20:17:48.360,31.7659945,-106.3667329,305.1985142159155,24.66,-0.2124999999999999
625,2026-02-28 20:17:48.400,31.7659959,-106.3667352,305.46623403543435,24.840000000000003,-0.2375000000000016
626,2026-02-28 20:17:48.440,31.7659974,-106.3667376,305.74815183385346,24.948,-0.28750000000000053
627,2026-02-28 20:17:48.480,31.7659988,-106.3667399,306.0158716489187,24.840000000000003,-0.22499999999999964
628,2026-02-28 20:17:48.520,31.7660003,-106.3667423,306.29778944183613,24.624,-0.15000000000000013
629,2026-02-28 20:17:48.560,31.7660018,-106.3667446,306.5721388264098,24.48,-0.11250000000000093
630,2026-02-28 20:17:48.600,31.7660032,-106.3667469,306.83985863196494,24.408,-0.050000000000001155
631,2026-02-28 20:17:48.640,31.7660045,-106.3667492,307.1012549703697,24.588,-0.012499999999999734
632,2026-02-28 20:17:48.680,31.766006,-106.3667516,307.383172751779,24.840000000000003,-0.11249999999999982
633,2026-02-28 20:17:48.720,31.7660075,-106.3667539,307.657522125713,24.66,-0.22499999999999964
634,2026-02-28 20:17:48.760,31.766009,-106.3667561,307.92442411792473,24.408,-0.2124999999999999
635,2026-02-28 20:17:48.800,31.7660105,-106.3667583,308.1913261075032,24.408,-0.18750000000000044
636,2026-02-28 20:17:48.840,31.7660118,-106.3667607,308.4606550748986,24.552000000000003,-0.17500000000000182
637,2026-02-28 20:17:48.880,31.7660133,-106.3667631,308.74257284186933,24.588,-0.11250000000000204
638,2026-02-28 20:17:48.920,31.7660148,-106.3667654,309.01692220217706,24.444,1.1102230246251565e-15
639,2026-02-28 20:17:48.960,31.7660162,-106.3667676,309.2770048394175,24.336,0.07500000000000173
640,2026-02-28 20:17:49.000,31.7660176,-106.3667698,309.53708747437275,24.408,-0.024999999999999467
641,2026-02-28 20:17:49.040,31.7660191,-106.3667722,309.81900522987166,24.552000000000003,-0.18750000000000044
642,2026-02-28 20:17:49.080,31.7660205,-106.3667745,310.0867250034284,24.552000000000003,-0.22500000000000075
643,2026-02-28 20:17:49.120,31.7660219,-106.3667769,310.3621953815608,24.3,-0.12500000000000067
644,2026-02-28 20:17:49.160,31.7660233,-106.3667791,310.62227800624754,24.156,-0.012499999999999734
645,2026-02-28 20:17:49.200,31.7660248,-106.3667813,310.8891799707227,24.12,0.03750000000000142
646,2026-02-28 20:17:49.240,31.7660262,-106.3667836,311.1568997333763,24.336,-0.049999999999998934
647,2026-02-28 20:17:49.280,31.7660276,-106.3667859,311.42461949248855,24.48,-0.1749999999999996
648,2026-02-28 20:17:49.320,31.7660291,-106.3667882,311.69896882610374,24.552000000000003,-0.21250000000000102
649,2026-02-28 20:17:49.360,31.7660306,-106.3667905,311.97331815585187,24.444,-0.20000000000000018
650,2026-02-28 20:17:49.400,31.7660319,-106.3667927,312.22688691622477,24.228,-0.13749999999999818
651,2026-02-28 20:17:49.440,31.7660334,-106.3667951,312.5088046434399,24.192,-0.10000000000000009
652,2026-02-28 20:17:49.480,31.7660349,-106.3667974,312.78315396516155,24.264000000000003,-0.1250000000000029
653,2026-02-28 20:17:49.520,31.7660362,-106.3667996,313.03672271625885,24.228,-0.16250000000000098
654,2026-02-28 20:17:49.560,31.7660376,-106.3668019,313.30444245733634,24.192,-0.1749999999999996
655,2026-02-28 20:17:49.600,31.7660391,-106.3668042,313.5787917722854,24.192,-0.15000000000000013
656,2026-02-28 20:17:49.640,31.7660405,-106.3668066,313.854262112768,24.12,-0.06249999999999978
657,2026-02-28 20:17:49.680,31.7660419,-106.3668088,314.1143447039467,24.192,-0.025000000000000577
658,2026-02-28 20:17:49.720,31.7660434,-106.3668111,314.38869401086936,24.228,-0.10000000000000009
659,2026-02-28 20:17:49.760,31.7660448,-106.3668135,314.664164342648,24.192,-0.1749999999999996
660,2026-02-28 20:17:49.800,31.7660462,-106.3668157,314.9242469260802,24.084000000000003,-0.17500000000000182
661,2026-02-28 20:17:49.840,31.7660477,-106.366818,315.19859622390925,24.048,-0.11250000000000093
662,2026-02-28 20:17:49.880,31.766049,-106.3668202,315.4521649524593,24.048,-0.0749999999999984
663,2026-02-28 20:17:49.920,31.7660505,-106.3668225,315.7265142450619,23.976000000000003,-0.050000000000000044
664,2026-02-28 20:17:49.960,31.7660519,-106.3668248,315.99423395878586,23.94,0.0
665,2026-02-28 20:17:50.000,31.7660532,-106.366827,316.2478026786965,24.012,-0.024999999999999467
666,2026-02-28 20:17:50.040,31.7660547,-106.3668293,316.5221519645264,24.12,-0.12500000000000067
667,2026-02-28 20:17:50.080,31.7660562,-106.3668315,316.7890538738795,24.12,-0.18750000000000044
668,2026-02-28 20:17:50.120,31.7660575,-106.3668338,317.05045010711257,24.012,-0.15000000000000124
669,2026-02-28 20:17:50.160,31.766059,-106.3668361,317.3247993849161,23.904,-0.10000000000000231
670,2026-02-28 20:17:50.200,31.7660604,-106.3668384,317.592519082381,23.868,-0.10000000000000009
671,2026-02-28 20:17:50.240,31.7660617,-106.3668406,317.84608778658543,23.94,-0.11249999999999982
672,2026-02-28 20:17:50.280,31.7660632,-106.3668428,318.11298968365014,23.94,-0.15000000000000013
673,2026-02-28 20:17:50.320,31.7660645,-106.3668451,318.3743859042895,23.94,-0.16249999999999876
674,2026-02-28 20:17:50.360,31.7660659,-106.3668474,318.6421055901402,23.976000000000003,-0.1749999999999996
675,2026-02-28 20:17:50.400,31.7660674,-106.3668496,318.9090074798319,23.904,-0.22500000000000075
676,2026-02-28 20:17:50.440,31.7660689,-106.366852,319.1909251368319,23.868,-0.20000000000000018
677,2026-02-28 20:17:50.480,31.7660703,-106.3668542,319.45100767768747,23.832,-0.11249999999999871
678,2026-02-28 20:17:50.520,31.7660717,-106.3668564,319.7110902151812,23.868,-0.049999999999998934
679,2026-02-28 20:17:50.560,31.7660731,-106.3668587,319.9788098870292,23.759999999999998,-0.012499999999999734
680,2026-02-28 20:17:50.600,31.7660745,-106.3668609,320.23889242031845,23.724,-0.025000000000000577
681,2026-02-28 20:17:50.640,31.7660759,-106.3668631,320.49897495024584,23.759999999999998,-0.049999999999998934
682,2026-02-28 20:17:50.680,31.7660773,-106.3668655,320.77444521623846,23.688000000000002,0.0
683,2026-02-28 20:17:50.720,31.7660787,-106.3668676,321.02701436201727,23.724,0.049999999999998934
684,2026-02-28 20:17:50.760,31.7660801,-106.3668698,321.2870968841413,23.688000000000002,0.025000000000000577
685,2026-02-28 20:17:50.800,31.7660815,-106.3668721,321.5548165399215,23.544,0.050000000000001155
686,2026-02-28 20:17:50.840,31.7660829,-106.3668744,321.82253619434755,23.652,0.12500000000000067
687,2026-02-28 20:17:50.880,31.7660843,-106.3668766,322.0826187089052,23.724,0.14999999999999902
688,2026-02-28 20:17:50.920,31.7660858,-106.3668789,322.35696793668353,23.832,0.10000000000000009
689,2026-02-28 20:17:50.960,31.7660872,-106.3668811,322.6170504462538,23.759999999999998,0.06250000000000089
690,2026-02-28 20:17:51.000,31.7660885,-106.3668834,322.8784466198745,23.652,0.11249999999999982
691,2026-02-28 20:17:51.040,31.7660899,-106.3668856,323.13852912458077,23.688000000000002,0.18749999999999933
692,2026-02-28 20:17:51.080,31.7660914,-106.3668878,323.40543097214095,23.759999999999998,0.2500000000000002
693,2026-02-28 20:17:51.120,31.7660928,-106.3668901,323.6731506073997,23.796000000000003,0.2375000000000005
694,2026-02-28 20:17:51.160,31.7660942,-106.3668924,323.9408702391171,23.688000000000002,0.20000000000000018
695,2026-02-28 20:17:51.200,31.7660956,-106.3668946,324.2009527333177,23.688000000000002,0.2124999999999999
696,2026-02-28 20:17:51.240,31.7660971,-106.3668969,324.47530194000325,23.868,0.18750000000000155
697,2026-02-28 20:17:51.280,31.7660984,-106.3668991,324.7288705763939,23.94,0.10000000000000231
698,2026-02-28 20:17:51.320,31.7660999,-106.3669014,325.0032197778529,23.904,0.050000000000001155
699,2026-02-28 20:17:51.360,31.7661013,-106.3669036,325.26330226178493,23.868,0.12500000000000067
700,2026-02-28 20:17:51.400,31.7661028,-106.3669059,325.5376514578308,23.868,0.2375000000000016
701,2026-02-28 20:17:51.440,31.7661042,-106.3669082,325.8053710704198,24.012,0.26250000000000107
702,2026-02-28 20:17:51.480,31.7661056,-106.3669105,326.07309068119423,24.156,0.2499999999999991
703,2026-02-28 20:17:51.520,31.766107,-106.3669127,326.33317315509464,24.084000000000003,0.13749999999999818
704,2026-02-28 20:17:51.560,31.7661084,-106.3669151,326.6086433581351,23.976000000000003,-2.220446049250313e-15
705,2026-02-28 20:17:51.600,31.7661099,-106.3669173,326.8755451732188,24.012,0.012499999999999734
706,2026-02-28 20:17:51.640,31.7661114,-106.3669196,327.1498943532118,24.084000000000003,0.06249999999999978
707,2026-02-28 20:17:51.680,31.7661127,-106.3669218,327.403462963179,24.012,0.1499999999999979
708,2026-02-28 20:17:51.720,31.7661143,-106.366924,327.67746680231977,23.976000000000003,0.3124999999999989
709,2026-02-28 20:17:51.760,31.7661157,-106.3669263,327.9451863937745,24.156,0.3500000000000014
710,2026-02-28 20:17:51.800,31.7661172,-106.3669285,328.2120881960432,24.264000000000003,0.20000000000000018
711,2026-02-28 20:17:51.840,31.7661187,-106.3669309,328.4940057545441,24.372,0.0749999999999984
712,2026-02-28 20:17:51.880,31.76612,-106.3669332,328.7554018666718,24.516,0.03750000000000142
713,2026-02-28 20:17:51.920,31.7661215,-106.3669354,329.0223036613919,24.12,0.18750000000000155
714,2026-02-28 20:17:51.960,31.7661229,-106.3669376,329.28238610641125,23.94,0.40000000000000036
715,2026-02-28 20:17:52.000,31.7661244,-106.3669399,329.5567352621382,24.084000000000003,0.4499999999999993
716,2026-02-28 20:17:52.040,31.7661259,-106.3669421,329.8236370491342,24.192,0.42499999999999877
717,2026-02-28 20:17:52.080,31.7661273,-106.3669443,330.0837194864639,24.336,0.30000000000000027
718,2026-02-28 20:17:52.120,31.7661288,-106.3669467,330.3656370249881,24.552000000000003,0.18749999999999822
719,2026-02-28 20:17:52.160,31.7661302,-106.3669491,330.6411071839013,24.588,0.13749999999999707
720,2026-02-28 20:17:52.200,31.7661317,-106.3669514,330.91545632600196,24.408,0.22499999999999853
721,2026-02-28 20:17:52.240,31.7661332,-106.3669537,331.1898054642356,24.444,0.32500000000000084
722,2026-02-28 20:17:52.280,31.7661346,-106.3669558,331.4423745155272,24.552000000000003,0.26250000000000107
723,2026-02-28 20:17:52.320,31.7661361,-106.3669582,331.72429203961275,24.624,0.2500000000000002
724,2026-02-28 20:17:52.360,31.7661376,-106.3669605,331.9986411707004,24.588,0.36250000000000004
725,2026-02-28 20:17:52.400,31.766139,-106.3669629,332.27411131180077,24.732,0.4124999999999989
726,2026-02-28 20:17:52.440,31.7661405,-106.3669652,332.54846043640805,24.768,0.33749999999999836
727,2026-02-28 20:17:52.480,31.766142,-106.3669675,332.8228095592826,24.624,0.3874999999999995
728,2026-02-28 20:17:52.520,31.7661436,-106.3669698,333.1040727255161,24.804,0.5000000000000004
729,2026-02-28 20:17:52.560,31.766145,-106.3669721,333.37179226006134,24.732,0.6625000000000003
730,2026-02-28 20:17:52.600,31.7661465,-106.3669745,333.6537097635767,24.912,0.7250000000000001
731,2026-02-28 20:17:52.640,31.766148,-106.3669769,333.9356272641253,24.876,0.625
732,2026-02-28 20:17:52.680,31.7661494,-106.3669792,334.2033467911174,24.876,0.6124999999999992
733,2026-02-28 20:17:52.720,31.766151,-106.3669816,334.491997103556,25.02,0.5625000000000002
734,2026-02-28 20:17:52.760,31.7661526,-106.366984,334.78064741290376,25.236,0.5125000000000013
735,2026-02-28 20:17:52.800,31.7661541,-106.3669862,335.0475491503951,25.272,0.5875000000000019
736,2026-02-28 20:17:52.840,31.7661556,-106.3669886,335.3294666359117,25.2,0.6500000000000018
737,2026-02-28 20:17:52.880,31.7661569,-106.366991,335.59879530268796,25.308,0.625
738,2026-02-28 20:17:52.920,31.7661584,-106.3669935,335.8883927093066,25.56,0.5500000000000015
739,2026-02-28 20:17:52.960,31.76616,-106.366996,336.184548385351,25.884,0.4375000000000007
740,2026-02-28 20:17:53.000,31.7661615,-106.3669984,336.46646585919797,25.848,0.41250000000000125
741,2026-02-28 20:17:53.040,31.7661631,-106.3670008,336.75511614826223,25.740000000000002,0.5000000000000006
742,2026-02-28 20:17:53.080,31.7661646,-106.3670032,337.03703361597775,25.776,0.525
743,2026-02-28 20:17:53.120,31.7661662,-106.3670056,337.32568389905356,25.740000000000002,0.5499999999999994
744,2026-02-28 20:17:53.160,31.7661678,-106.3670081,337.62183956023733,25.992,0.5499999999999972
745,2026-02-28 20:17:53.200,31.7661693,-106.3670106,337.9114369429843,26.208000000000002,0.47499999999999876
746,2026-02-28 20:17:53.240,31.7661708,-106.367013,338.19335439843684,26.136,0.48749999999999966
747,2026-02-28 20:17:53.280,31.7661723,-106.3670155,338.4829517749161,26.172,0.5625000000000003
748,2026-02-28 20:17:53.320,31.7661739,-106.367018,338.77910742339986,26.28,0.5625000000000002
749,2026-02-28 20:17:53.360,31.7661754,-106.3670205,339.0687047936305,26.424,0.5125000000000013
750,2026-02-28 20:17:53.400,31.766177,-106.367023,339.36486043578105,26.496000000000002,0.4999999999999994
751,2026-02-28 20:17:53.440,31.7661785,-106.3670256,339.6622406201893,26.532,0.4999999999999993
752,2026-02-28 20:17:53.480,31.7661801,-106.367028,339.95089087641367,26.496000000000002,0.5249999999999998
753,2026-02-28 20:17:53.520,31.7661817,-106.3670306,340.2546613473306,26.604,0.5499999999999993
754,2026-02-28 20:17:53.560,31.7661833,-106.3670331,340.5508169757737,26.712,0.5250000000000021
755,2026-02-28 20:17:53.600,31.7661848,-106.3670357,340.84819714631834,26.856,0.4625000000000002
756,2026-02-28 20:17:53.640,31.7661864,-106.3670382,341.1443527681904,26.892,0.4124999999999989
757,2026-02-28 20:17:53.680,31.766188,-106.3670408,341.44812322553537,27.036,0.36249999999999893
758,2026-02-28 20:17:53.720,31.7661897,-106.3670433,341.75110427913876,27.036,0.3124999999999978
759,2026-02-28 20:17:53.760,31.7661912,-106.367046,342.0563622802307,27.144000000000002,0.33749999999999836
760,2026-02-28 20:17:53.800,31.7661928,-106.3670485,342.3525178890277,27.215999999999998,0.4125000000000001
761,2026-02-28 20:17:53.840,31.7661944,-106.3670511,342.6562883325852,27.252000000000002,0.47499999999999876
762,2026-02-28 20:17:53.880,31.766196,-106.3670536,342.95244393615707,27.288,0.5124999999999991
763,2026-02-28 20:17:53.920,31.7661976,-106.3670562,343.2562143717313,27.396,0.47500000000000214
764,2026-02-28 20:17:53.960,31.7661994,-106.3670587,343.56627036219896,27.432000000000002,0.38750000000000057
765,2026-02-28 20:17:54.000,31.7662009,-106.3670614,343.8715283408657,27.468,0.4125
766,2026-02-28 20:17:54.040,31.7662025,-106.367064,344.17529876674155,27.468,0.5625000000000012
767,2026-02-28 20:17:54.080,31.7662041,-106.3670666,344.4790691894024,27.503999999999998,0.5875000000000008
768,2026-02-28 20:17:54.120,31.7662058,-106.3670692,344.7894976628961,27.468,0.525000000000001
769,2026-02-28 20:17:54.160,31.7662074,-106.3670718,345.09326807821594,27.684,0.4500000000000016
770,2026-02-28 20:17:54.200,31.766209,-106.3670745,345.40475475726157,27.864,0.32499999999999973
771,2026-02-28 20:17:54.240,31.7662107,-106.3670771,345.71518322018454,27.971999999999998,0.30000000000000027
772,2026-02-28 20:17:54.280,31.7662123,-106.3670797,346.0189536251802,28.044,0.3125000000000011
773,2026-02-28 20:17:54.320,31.766214,-106.3670825,346.3445913867674,28.008000000000003,0.29999999999999916
774,2026-02-28 20:17:54.360,31.7662156,-106.3670851,346.648361784422,27.936,0.3749999999999998
775,2026-02-28 20:17:54.400,31.7662173,-106.3670876,346.9513427829095,28.152,0.375000000000002
776,2026-02-28 20:17:54.440,31.766219,-106.3670905,347.28472804440344,28.404,0.25000000000000133
777,2026-02-28 20:17:54.480,31.7662207,-106.3670931,347.5951564864866,28.259999999999998,0.2750000000000019
778,2026-02-28 20:17:54.520,31.7662223,-106.3670958,347.906643135173,28.224,0.42500000000000204
779,2026-02-28 20:17:54.560,31.7662239,-106.3670985,348.2181297804605,28.224,0.4874999999999986
780,2026-02-28 20:17:54.600,31.7662256,-106.3671011,348.52855821197295,28.259999999999998,0.4374999999999984
781,2026-02-28 20:17:54.640,31.7662272,-106.3671039,348.8478551940136,28.44,0.33749999999999947
782,2026-02-28 20:17:54.680,31.7662289,-106.3671065,349.15828361881046,28.476000000000003,0.3249999999999986
783,2026-02-28 20:17:54.720,31.7662307,-106.3671092,349.48301504695837,28.44,0.4000000000000014
784,2026-02-28 20:17:54.760,31.7662323,-106.367112,349.80231201665583,28.584000000000003,0.3875000000000006
785,2026-02-28 20:17:54.800,31.766234,-106.3671146,350.11274042963527,28.584000000000003,0.3249999999999975
786,2026-02-28 20:17:54.840,31.7662357,-106.3671173,350.4307235797823,28.692,0.2874999999999983
787,2026-02-28 20:17:54.880,31.7662375,-106.3671202,350.7705513490255,28.764000000000003,0.2375000000000005
788,2026-02-28 20:17:54.920,31.7662392,-106.3671228,351.08097975210904,28.944,0.15000000000000013
789,2026-02-28 20:17:54.960,31.7662409,-106.3671257,351.41436496012227,28.907999999999998,0.11249999999999982
790,2026-02-28 20:17:55.000,31.7662425,-106.3671283,351.7181353000583,28.836,0.21250000000000213
791,2026-02-28 20:17:55.040,31.7662442,-106.367131,352.03611843025993,28.836,0.3125000000000022
792,2026-02-28 20:17:55.080,31.7662459,-106.3671338,352.3617561185926,29.016000000000002,0.22499999999999964
793,2026-02-28 20:17:55.120,31.7662476,-106.3671365,352.67973924124846,29.052000000000003,0.1499999999999968
794,2026-02-28 20:17:55.160,31.7662492,-106.3671393,352.9990361709956,29.088,0.16249999999999876
795,2026-02-28 20:17:55.200,31.766251,-106.367142,353.32376755502685,29.016000000000002,0.18750000000000266
796,2026-02-28 20:17:55.240,31.7662526,-106.3671448,353.6430644766923,29.088,0.20000000000000462
797,2026-02-28 20:17:55.280,31.7662544,-106.3671475,353.96779585333456,29.052000000000003,0.1750000000000007
798,2026-02-28 20:17:55.320,31.7662561,-106.3671503,354.2934335176643,29.088,0.18749999999999822
799,2026-02-28 20:17:55.360,31.7662579,-106.367153,354.61816488670024,29.088,0.22499999999999964
800,2026-02-28 20:17:55.400,31.7662596,-106.3671558,354.9438025431024,29.268000000000004,0.1374999999999993
801,2026-02-28 20:17:55.440,31.7662613,-106.3671585,355.261785635353,29.304000000000002,0.012499999999999734
802,2026-02-28 20:17:55.480,31.7662629,-106.3671613,355.5810825325356,29.195999999999998,0.050000000000003375
803,2026-02-28 20:17:55.520,31.7662647,-106.3671642,355.92091023661453,29.304000000000002,0.10000000000000231
804,2026-02-28 20:17:55.560,31.7662664,-106.3671669,356.23889331754646,29.304000000000002,0.09999999999999787
805,2026-02-28 20:17:55.600,31.7662681,-106.3671697,356.5645309541377,29.340000000000003,0.07499999999999618
806,2026-02-28 20:17:55.640,31.7662698,-106.3671724,356.88251402752377,29.340000000000003,0.07499999999999396
807,2026-02-28 20:17:55.680,31.7662714,-106.3671752,357.20181090450205,29.304000000000002,0.09999999999999565
808,2026-02-28 20:17:55.720,31.7662732,-106.3671779,357.5265422402874,29.376,0.11249999999999982
809,2026-02-28 20:17:55.760,31.766275,-106.3671807,357.85877268745696,29.448,0.1375000000000015
810,2026-02-28 20:17:55.800,31.7662766,-106.3671836,358.1859672308543,29.304000000000002,0.2124999999999999
811,2026-02-28 20:17:55.840,31.7662784,-106.3671862,358.50330451555334,29.304000000000002,0.3125
812,2026-02-28 20:17:55.880,31.7662801,-106.3671889,358.82128756608006,29.340000000000003,0.39999999999999813
813,2026-02-28 20:17:55.920,31.7662819,-106.3671917,359.1535179974869,29.448,0.4875000000000007
814,2026-02-28 20:17:55.960,31.7662836,-106.3671946,359.48690310144934,29.448,0.5750000000000033
815,2026-02-28 20:17:56.000,31.7662853,-106.3671973,359.80488614043537,29.412,0.6624999999999992
816,2026-02-28 20:17:56.040,31.7662869,-106.3672001,360.1241829805705,29.483999999999998,0.6875000000000009
817,2026-02-28 20:17:56.080,31.7662887,-106.367203,360.4640106271514,29.448,0.6875000000000031
818,2026-02-28 20:17:56.120,31.7662905,-106.3672056,360.7813478868979,29.556000000000004,0.6750000000000034
819,2026-02-28 20:17:56.160,31.7662923,-106.3672085,361.12117552485415,29.664,0.6625000000000014
820,2026-02-28 20:17:56.200,31.7662939,-106.3672112,361.4326620115465,29.7,0.7125000000000026
821,2026-02-28 20:17:56.240,31.7662957,-106.3672142,361.7801785554213,29.808,0.7625000000000015
822,2026-02-28 20:17:56.280,31.7662975,-106.3672169,362.10490983839696,29.988,0.7625000000000015
823,2026-02-28 20:17:56.320,31.7662993,-106.3672198,362.44473745958294,30.204000000000004,0.6624999999999992
824,2026-02-28 20:17:56.360,31.7663011,-106.3672227,362.7845650764566,30.348,0.6124999999999958
825,2026-02-28 20:17:56.400,31.7663029,-106.3672257,363.1320816022803,30.419999999999998,0.6875000000000009
826,2026-02-28 20:17:56.440,31.7663046,-106.3672286,363.4654666549598,30.456000000000003,0.7250000000000001
827,2026-02-28 20:17:56.480,31.7663064,-106.3672313,363.79019791859366,30.456000000000003,0.7499999999999973
828,2026-02-28 20:17:56.520,31.7663082,-106.3672343,364.1377144311298,30.492000000000004,0.7874999999999943
829,2026-02-28 20:17:56.560,31.76631,-106.3672372,364.47754202668125,30.636,0.7999999999999963
830,2026-02-28 20:17:56.600,31.7663118,-106.3672401,364.8173696179204,30.780000000000005,0.7999999999999963
831,2026-02-28 20:17:56.640,31.7663136,-106.367243,365.1571972048472,30.924,0.7999999999999963
832,2026-02-28 20:17:56.680,31.7663155,-106.3672461,365.51888331462135,31.068000000000005,0.7999999999999963
833,2026-02-28 20:17:56.720,31.7663173,-106.3672489,365.8511136651589,31.031999999999996,0.8499999999999975
834,2026-02-28 20:17:56.760,31.7663191,-106.3672519,366.19863014926875,31.284,0.8625000000000039
835,2026-02-28 20:17:56.800,31.766321,-106.3672549,366.5526820593946,31.464000000000002,0.8125000000000027
836,2026-02-28 20:17:56.840,31.7663228,-106.3672578,366.8925096242805,31.5,0.8499999999999996
837,2026-02-28 20:17:56.880,31.7663246,-106.3672609,367.2478007361638,31.572,0.9000000000000007
838,2026-02-28 20:17:56.920,31.7663265,-106.3672639,367.6018526316766,31.644,0.8875000000000032
839,2026-02-28 20:17:56.960,31.7663283,-106.3672669,367.94936909382005,31.788,0.8500000000000018
840,2026-02-28 20:17:57.000,31.7663302,-106.36727,368.3110551655524,31.932,0.8500000000000018
841,2026-02-28 20:17:57.040,31.7663321,-106.3672729,368.6575631879562,32.076,0.8375000000000021
842,2026-02-28 20:17:57.080,31.766334,-106.3672761,369.0269681591571,32.22,0.7750000000000035
843,2026-02-28 20:17:57.120,31.7663359,-106.3672791,369.38102003261673,32.328,0.7625000000000015
844,2026-02-28 20:17:57.160,31.7663378,-106.3672822,369.7427060848008,32.472,0.7749999999999968
845,2026-02-28 20:17:57.200,31.7663397,-106.3672853,370.104392132329,32.616,0.774999999999999
846,2026-02-28 20:17:57.240,31.7663417,-106.3672884,370.4726986415443,32.796,0.737500000000002
847,2026-02-28 20:17:57.280,31.7663436,-106.3672914,370.8267504947408,32.868,0.7125000000000004
848,2026-02-28 20:17:57.320,31.7663455,-106.3672945,371.1884365273505,32.904,0.7750000000000012
849,2026-02-28 20:17:57.360,31.7663475,-106.3672976,371.5567430216765,32.976,0.8125000000000027
850,2026-02-28 20:17:57.400,31.7663494,-106.3673009,371.9339463836426,33.192,0.774999999999999
851,2026-02-28 20:17:57.440,31.7663514,-106.367304,372.30225286835656,33.228,0.8000000000000007
852,2026-02-28 20:17:57.480,31.7663533,-106.3673072,372.6716577875394,33.300000000000004,0.8625000000000016
853,2026-02-28 20:17:57.520,31.7663553,-106.3673103,373.0399642624023,33.443999999999996,0.8250000000000025
854,2026-02-28 20:17:57.560,31.7663573,-106.3673134,373.4082707319743,33.588,0.737500000000002
855,2026-02-28 20:17:57.600,31.7663593,-106.3673167,373.7918267864075,33.732,0.6874999999999987
856,2026-02-28 20:17:57.640,31.7663613,-106.3673199,374.16771622484396,33.804,0.6750000000000012
857,2026-02-28 20:17:57.680,31.7663633,-106.367323,374.5360226792605,33.912,0.7125000000000048
858,2026-02-28 20:17:57.720,31.7663653,-106.3673263,374.9195787172024,34.092000000000006,0.7250000000000001
859,2026-02-28 20:17:57.760,31.7663673,-106.3673296,375.3031347494176,34.128,0.6749999999999967
860,2026-02-28 20:17:57.800,31.7663693,-106.3673328,375.6790241669906,34.272,0.6750000000000012
861,2026-02-28 20:17:57.840,31.7663715,-106.3673361,376.07591776193726,34.452000000000005,0.7125000000000004
862,2026-02-28 20:17:57.880,31.7663734,-106.3673394,376.4531210566055,34.56,0.7250000000000001
863,2026-02-28 20:17:57.920,31.7663754,-106.3673426,376.8290104580915,34.56,0.7499999999999996
864,2026-02-28 20:17:57.960,31.7663775,-106.3673459,377.2191334392238,34.596,0.7999999999999985
865,2026-02-28 20:17:58.000,31.7663795,-106.3673492,377.60268943790675,34.704,0.8375000000000021
866,2026-02-28 20:17:58.040,31.7663815,-106.3673524,377.9785788233058,34.776,0.8375
867,2026-02-28 20:17:58.080,31.7663836,-106.3673558,378.3763192490933,34.992000000000004,0.7624999999999948
868,2026-02-28 20:17:58.120,31.7663857,-106.3673591,378.76644220806685,35.1,0.7250000000000001
869,2026-02-28 20:17:58.160,31.7663877,-106.3673625,379.1577435050972,35.064,0.7750000000000035
870,2026-02-28 20:17:58.200,31.7663898,-106.3673658,379.5478664529914,35.28,0.774999999999999
871,2026-02-28 20:17:58.240,31.7663919,-106.3673692,379.945606855426,35.496,0.7250000000000001
872,2026-02-28 20:17:58.280,31.766394,-106.3673725,380.3357297919706,35.604000000000006,0.6749999999999989
873,2026-02-28 20:17:58.320,31.7663961,-106.3673759,380.7334701828205,35.676,0.6749999999999967
874,2026-02-28 20:17:58.360,31.7663982,-106.3673792,381.12359310801554,35.784,0.7125000000000004
875,2026-02-28 20:17:58.400,31.7664003,-106.3673826,381.5213334868159,35.928000000000004,0.6749999999999989
876,2026-02-28 20:17:58.440,31.7664024,-106.3673861,381.9267691428333,35.964,0.6374999999999975
877,2026-02-28 20:17:58.480,31.7664046,-106.3673895,382.3311525895296,36.0,0.7125000000000004
878,2026-02-28 20:17:58.520,31.7664067,-106.367393,382.7365882329697,36.18000000000001,0.7624999999999971
879,2026-02-28 20:17:58.560,31.7664088,-106.3673964,383.13432858785444,36.216,0.7124999999999981
880,2026-02-28 20:17:58.600,31.766411,-106.3673998,383.53871201683955,36.36,0.6750000000000034
881,2026-02-28 20:17:58.640,31.7664131,-106.3674033,383.94414764155994,36.504000000000005,0.6749999999999989
882,2026-02-28 20:17:58.680,31.7664153,-106.3674067,384.3485310584058,36.54,0.7374999999999976
883,2026-02-28 20:17:58.720,31.7664174,-106.3674101,384.74627138932595,36.684,0.7750000000000035
884,2026-02-28 20:17:58.760,31.7664196,-106.3674137,385.1658740779448,36.828,0.7125000000000048
885,2026-02-28 20:17:58.800,31.7664218,-106.3674172,385.57782868445224,36.828,0.7125000000000026
886,2026-02-28 20:17:58.840,31.766424,-106.3674206,385.9822120774613,36.9,0.7250000000000023
887,2026-02-28 20:17:58.880,31.7664262,-106.3674242,386.401814746577,37.116,0.6125000000000003
888,2026-02-28 20:17:58.920,31.7664284,-106.3674276,386.8061981271701,37.26,0.5499999999999994
889,2026-02-28 20:17:58.960,31.7664307,-106.3674312,387.2323938590766,37.188,0.6624999999999992
890,2026-02-28 20:17:59.000,31.7664329,-106.3674347,387.64434843363074,37.332,0.7250000000000001
891,2026-02-28 20:17:59.040,31.766435,-106.3674383,388.05755274771315,37.476,0.6625000000000036
892,2026-02-28 20:17:59.080,31.7664374,-106.3674419,388.4905273875207,37.692,0.587500000000003
893,2026-02-28 20:17:59.120,31.7664396,-106.3674455,388.91013001657024,37.764,0.612499999999998
894,2026-02-28 20:17:59.160,31.7664417,-106.3674489,389.3078702788873,37.800000000000004,0.7249999999999979
895,2026-02-28 20:17:59.200,31.7664439,-106.3674525,389.72747289484903,37.908,0.7500000000000018
896,2026-02-28 20:17:59.240,31.7664462,-106.3674562,390.161272068782,37.908,0.7250000000000023
897,2026-02-28 20:17:59.280,31.7664484,-106.3674596,390.5656553942669,37.872,0.7750000000000035
898,2026-02-28 20:17:59.320,31.7664508,-106.3674634,391.01367779665196,38.088,0.7250000000000023
899,2026-02-28 20:17:59.360,31.7664529,-106.367467,391.4268820563845,38.268,0.6499999999999995
900,2026-02-28 20:17:59.400,31.7664552,-106.3674706,391.85307771593153,38.34,0.7374999999999998
901,2026-02-28 20:17:59.440,31.7664575,-106.3674742,392.2792733689455,38.376000000000005,0.8249999999999978
902,2026-02-28 20:17:59.480,31.7664599,-106.3674778,392.7122479435556,38.484,0.8374999999999954
903,2026-02-28 20:17:59.520,31.766462,-106.3674816,393.1411940964943,38.736,0.7499999999999973
904,2026-02-28 20:17:59.560,31.7664643,-106.3674852,393.5673897292532,38.916000000000004,0.6374999999999975
905,2026-02-28 20:17:59.600,31.7664666,-106.367489,394.0088642757656,38.952000000000005,0.6374999999999953
906,2026-02-28 20:17:59.640,31.7664689,-106.3674927,394.4426633790295,38.952000000000005,0.7124999999999937
907,2026-02-28 20:17:59.680,31.7664712,-106.3674963,394.8688589917141,39.06,0.7249999999999979
908,2026-02-28 20:17:59.720,31.7664736,-106.3675,395.3093200051074,38.988,0.7750000000000035
909,2026-02-28 20:17:59.760,31.766476,-106.3675037,395.74978101021014,39.24,0.8500000000000018
910,2026-02-28 20:17:59.800,31.7664782,-106.3675075,396.1848940179623,39.492000000000004,0.7374999999999976
911,2026-02-28 20:17:59.840,31.7664806,-106.3675113,396.6329163273674,39.6,0.6249999999999978
912,2026-02-28 20:17:59.880,31.766483,-106.3675151,397.0809386292842,39.672,0.6250000000000022
913,2026-02-28 20:17:59.920,31.7664852,-106.3675188,397.508261932798,39.708,0.6750000000000056
914,2026-02-28 20:17:59.960,31.7664876,-106.3675226,397.9562842203622,39.78,0.7250000000000023
915,2026-02-28 20:18:00.000,31.76649,-106.3675264,398.40430650043805,39.924,0.7000000000000006
916,2026-02-28 20:18:00.040,31.7664922,-106.3675302,398.8394194629897,40.032,0.6750000000000056
917,2026-02-28 20:18:00.080,31.7664946,-106.367534,399.2874417289488,40.068000000000005,0.6625000000000036
918,2026-02-28 20:18:00.120,31.766497,-106.3675377,399.72790267086555,40.212,0.6749999999999989
919,2026-02-28 20:18:00.160,31.7664994,-106.3675417,400.19125738240604,40.464,0.6500000000000017
920,2026-02-28 20:18:00.200,31.7665019,-106.3675455,400.6460056914857,40.392,0.6500000000000017
921,2026-02-28 20:18:00.240,31.7665041,-106.3675492,401.07332893615705,40.5,0.6999999999999984
922,2026-02-28 20:18:00.280,31.7665065,-106.3675532,401.53668362396354,40.572,0.6874999999999964
923,2026-02-28 20:18:00.320,31.7665089,-106.3675571,401.99233827387263,40.752,0.6374999999999953
924,2026-02-28 20:18:00.360,31.7665113,-106.3675609,402.44036048748967,40.824,0.5874999999999986
925,2026-02-28 20:18:00.400,31.7665137,-106.3675647,402.8883826936184,40.896,0.6000000000000005
926,2026-02-28 20:18:00.440,31.7665162,-106.3675687,403.3582439828461,41.004000000000005,0.625
927,2026-02-28 20:18:00.480,31.7665186,-106.3675726,403.8138986011781,41.004000000000005,0.6749999999999989
928,2026-02-28 20:18:00.520,31.766521,-106.3675764,404.2619207845298,41.22,0.6749999999999967
929,2026-02-28 20:18:00.560,31.7665235,-106.3675803,404.7241904149633,41.328,0.6624999999999948
930,2026-02-28 20:18:00.600,31.7665259,-106.3675843,405.1875450379192,41.4,0.6999999999999984
931,2026-02-28 20:18:00.640,31.7665283,-106.3675882,405.643199624906,41.507999999999996,0.6875000000000053
932,2026-02-28 20:18:00.680,31.7665308,-106.3675922,406.1130608660045,41.544,0.712500000000007
933,2026-02-28 20:18:00.720,31.7665332,-106.3675961,406.56871543715715,41.616,0.7625000000000037
934,2026-02-28 20:18:00.760,31.7665356,-106.3676001,407.0320700276878,41.652,0.7750000000000012
935,2026-02-28 20:18:00.800,31.7665381,-106.367604,407.4943396113789,41.796,0.7500000000000018
936,2026-02-28 20:18:00.840,31.7665405,-106.367608,407.95769418575776,41.904,0.7499999999999973
937,2026-02-28 20:18:00.880,31.766543,-106.3676119,408.41996375384133,42.048,0.7624999999999948
938,2026-02-28 20:18:00.920,31.7665455,-106.3676159,408.8898249464809,42.12,0.7250000000000001
939,2026-02-28 20:18:00.960,31.7665481,-106.36762,409.3739168892261,42.336,0.6250000000000022
940,2026-02-28 20:18:01.000,31.7665506,-106.3676241,409.85143659104847,42.408,0.5749999999999988
941,2026-02-28 20:18:01.040,31.7665531,-106.3676281,410.3212977586345,42.480000000000004,0.6249999999999978
942,2026-02-28 20:18:01.080,31.7665556,-106.367632,410.78356728682235,42.624,0.662499999999997
943,2026-02-28 20:18:01.120,31.7665581,-106.3676362,411.26880921798534,42.732,0.6874999999999964
944,2026-02-28 20:18:01.160,31.7665605,-106.3676401,411.724463700919,42.768,0.7374999999999998
945,2026-02-28 20:18:01.200,31.7665631,-106.3676442,412.2085555930037,42.84,0.7624999999999993
946,2026-02-28 20:18:01.240,31.7665657,-106.3676483,412.69264747658474,43.019999999999996,0.7125000000000026
947,2026-02-28 20:18:01.280,31.7665681,-106.3676525,413.17159173548987,43.128,0.6625000000000036
948,2026-02-28 20:18:01.320,31.7665707,-106.3676564,413.6406471768022,43.128,0.6750000000000012
949,2026-02-28 20:18:01.360,31.7665732,-106.3676605,414.1181668018373,43.128,0.7125000000000004
950,2026-02-28 20:18:01.400,31.7665757,-106.3676647,414.603408671062,43.272,0.7000000000000006
951,2026-02-28 20:18:01.440,31.7665783,-106.3676688,415.08750051205044,43.416000000000004,0.6749999999999989
952,2026-02-28 20:18:01.480,31.7665809,-106.3676729,415.57159234453513,43.596,0.662499999999997
953,2026-02-28 20:18:01.520,31.7665835,-106.3676772,416.0709853902077,43.74,0.6125000000000025
954,2026-02-28 20:18:01.560,31.766586,-106.3676813,416.54850497162204,43.884,0.5625000000000036
955,2026-02-28 20:18:01.600,31.7665885,-106.3676854,417.02602454451676,43.92,0.5500000000000016
956,2026-02-28 20:18:01.640,31.7665912,-106.3676896,417.5243691332971,43.992000000000004,0.5749999999999988
957,2026-02-28 20:18:01.680,31.7665937,-106.3676939,418.01739392244883,44.064,0.612499999999998
958,2026-02-28 20:18:01.720,31.7665963,-106.367698,418.5014857029284,44.136,0.612499999999998
959,2026-02-28 20:18:01.760,31.7665989,-106.3677023,419.0008786936324,44.172,0.5749999999999988
960,2026-02-28 20:18:01.800,31.7666015,-106.3677064,419.48497045663163,44.244,0.5125000000000024
961,2026-02-28 20:18:01.840,31.766604,-106.3677107,419.97799520838845,44.388,0.46250000000000346
962,2026-02-28 20:18:01.880,31.7666067,-106.367715,420.4839211976906,44.532,0.46250000000000346
963,2026-02-28 20:18:01.920,31.7666093,-106.3677191,420.96801293446936,44.568000000000005,0.5249999999999999
964,2026-02-28 20:18:01.960,31.7666119,-106.3677234,421.46740587857784,44.676,0.5374999999999974
965,2026-02-28 20:18:02.000,31.7666145,-106.3677277,421.966798813138,44.712,0.512499999999998
966,2026-02-28 20:18:02.040,31.7666171,-106.367732,422.46619173860825,44.856,0.4875000000000007
967,2026-02-28 20:18:02.080,31.7666197,-106.3677363,422.9655846545302,44.964,0.4375000000000018
968,2026-02-28 20:18:02.120,31.7666223,-106.3677404,423.4496763478445,45.0,0.42500000000000204
969,2026-02-28 20:18:02.160,31.766625,-106.3677447,423.9556022724015,44.964,0.4125000000000023
970,2026-02-28 20:18:02.200,31.7666276,-106.367749,424.4549951600077,44.928000000000004,0.4249999999999976
971,2026-02-28 20:18:02.240,31.7666302,-106.3677533,424.954388038524,45.036,0.4249999999999976
972,2026-02-28 20:18:02.280,31.7666329,-106.3677576,425.46031393513084,45.216,0.4125000000000023
973,2026-02-28 20:18:02.320,31.7666355,-106.3677619,425.95970679442127,45.396,0.3875000000000006
974,2026-02-28 20:18:02.360,31.7666382,-106.3677662,426.4656326722768,45.396,0.4249999999999976
975,2026-02-28 20:18:02.400,31.7666408,-106.3677705,426.9650255127998,45.468,0.46250000000000124
976,2026-02-28 20:18:02.440,31.7666435,-106.3677749,427.47859532117496,45.504000000000005,0.3750000000000009
977,2026-02-28 20:18:02.480,31.7666462,-106.3677792,427.98452117072657,45.576,0.3124999999999978
978,2026-02-28 20:18:02.520,31.7666488,-106.3677835,428.48391398234617,45.612,0.2999999999999958
979,2026-02-28 20:18:02.560,31.7666514,-106.3677878,428.9833067848758,45.54,0.349999999999997
980,2026-02-28 20:18:02.600,31.7666541,-106.3677921,429.4892326064773,45.576,0.4125000000000023
981,2026-02-28 20:18:02.640,31.7666568,-106.3677964,429.99515841852616,45.612,0.43749999999999956
982,2026-02-28 20:18:02.680,31.7666595,-106.3678009,430.5164318673525,45.828,0.3999999999999959
983,2026-02-28 20:18:02.720,31.7666622,-106.3678053,431.03000160748525,45.9,0.3500000000000014
984,2026-02-28 20:18:02.760,31.7666648,-106.3678096,431.5293943619856,46.116,0.3125000000000022
985,2026-02-28 20:18:02.800,31.7666676,-106.3678141,432.05716475992074,46.080000000000005,0.31249999999999556
986,2026-02-28 20:18:02.840,31.7666703,-106.3678184,432.56309052420676,45.972,0.3999999999999937
987,2026-02-28 20:18:02.880,31.766673,-106.3678227,433.0690162789402,46.007999999999996,0.43749999999999734
988,2026-02-28 20:18:02.920,31.7666757,-106.367827,433.574942024121,46.044,0.4375000000000018
989,2026-02-28 20:18:02.960,31.7666784,-106.3678314,434.0885117051347,46.116,0.4375000000000018
990,2026-02-28 20:18:03.000,31.7666809,-106.3678359,434.59727315615305,46.188,0.3874999999999984
991,2026-02-28 20:18:03.040,31.7666837,-106.3678403,435.11743602836174,46.26,0.3500000000000014
992,2026-02-28 20:18:03.080,31.7666864,-106.3678447,435.6310056812714,46.332,0.3750000000000031
993,2026-02-28 20:18:03.120,31.7666891,-106.3678491,436.1445753232373,46.404,0.36249999999999893
994,2026-02-28 20:18:03.160,31.7666918,-106.3678534,436.6505010114564,46.512,0.3375000000000017
995,2026-02-28 20:18:03.200,31.7666945,-106.367858,437.1795351625535,46.583999999999996,0.3750000000000031
996,2026-02-28 20:18:03.240,31.7666974,-106.3678624,437.7064439024815,46.62,0.3750000000000031
997,2026-02-28 20:18:03.280,31.7667,-106.3678668,438.2135789541629,46.62,0.4000000000000048
998,2026-02-28 20:18:03.320,31.7667028,-106.3678711,438.7261961396402,46.692,0.475000000000001
999,2026-02-28 20:18:03.360,31.7667056,-106.3678757,439.2616330675816,46.728,0.5125000000000002
1000,2026-02-28 20:18:03.400,31.7667082,-106.36788,439.7610256662951,46.692,0.5499999999999994
1001,2026-02-28 20:18:03.440,31.766711,-106.3678845,440.28879590302586,46.764,0.5874999999999964
1002,2026-02-28 20:18:03.480,31.7667138,-106.3678891,440.8242327995963,46.908,0.5124999999999957
1003,2026-02-28 20:18:03.520,31.7667165,-106.3678934,441.3301584004269,46.872,0.4249999999999976
1004,2026-02-28 20:18:03.560,31.7667192,-106.3678979,441.85143162474054,47.016000000000005,0.4125000000000001
1005,2026-02-28 20:18:03.600,31.766722,-106.3679025,442.38686848993996,47.16,0.4375000000000018
1006,2026-02-28 20:18:03.640,31.7667247,-106.367907,442.90814169356986,47.124,0.5250000000000021
1007,2026-02-28 20:18:03.680,31.7667275,-106.3679115,443.4359118687796,47.268,0.5250000000000021
1008,2026-02-28 20:18:03.720,31.7667303,-106.3679159,443.956074573085,47.412,0.4875000000000007
1009,2026-02-28 20:18:03.760,31.7667331,-106.3679204,444.4838447277277,47.484,0.4875000000000007
1010,2026-02-28 20:18:03.800,31.7667358,-106.367925,445.0128787189098,47.519999999999996,0.4625000000000057
1011,2026-02-28 20:18:03.840,31.7667386,-106.3679297,445.5560388907481,47.628,0.41250000000000675
1012,2026-02-28 20:18:03.880,31.7667414,-106.3679341,446.07620155505936,47.519999999999996,0.45000000000000595
1013,2026-02-28 20:18:03.920,31.7667442,-106.3679386,446.60397166847235,47.484,0.5750000000000033
1014,2026-02-28 20:18:03.960,31.766747,-106.3679432,447.13940843779824,47.592000000000006,0.6499999999999972
1015,2026-02-28 20:18:04.000,31.7667498,-106.3679477,447.66717853041064,47.844,0.5749999999999988
1016,2026-02-28 20:18:04.040,31.7667526,-106.3679523,448.2026152785426,47.952000000000005,0.46250000000000124
1017,2026-02-28 20:18:04.080,31.7667554,-106.3679568,448.7303853503544,47.952000000000005,0.48749999999999627
1018,2026-02-28 20:18:04.120,31.7667582,-106.3679614,449.26582207706224,48.132,0.4624999999999968
1019,2026-02-28 20:18:04.160,31.7667611,-106.3679659,449.8002420270325,48.168000000000006,0.4249999999999976
1020,2026-02-28 20:18:04.200,31.7667639,-106.3679706,450.3434020992624,48.168000000000006,0.48749999999999405
1021,2026-02-28 20:18:04.240,31.7667667,-106.3679752,450.87883879345145,48.168000000000006,0.5374999999999952
1022,2026-02-28 20:18:04.280,31.7667695,-106.3679798,451.41427547669826,48.276,0.5499999999999994
1023,2026-02-28 20:18:04.320,31.7667724,-106.3679843,451.94869538545703,48.384,0.4999999999999982
1024,2026-02-28 20:18:04.360,31.7667752,-106.3679889,452.48413204712733,48.564,0.43749999999999956
1025,2026-02-28 20:18:04.400,31.7667781,-106.3679936,453.0337557910867,48.528000000000006,0.4375000000000018
1026,2026-02-28 20:18:04.440,31.766781,-106.3679982,453.5757482741866,48.6,0.3875000000000006
1027,2026-02-28 20:18:04.480,31.7667838,-106.3680028,454.1111849027253,48.708,0.3375000000000039
1028,2026-02-28 20:18:04.520,31.7667866,-106.3680073,454.63895485864805,48.708,0.4000000000000048
1029,2026-02-28 20:18:04.560,31.7667895,-106.3680121,455.19626604011916,48.816,0.4500000000000015
1030,2026-02-28 20:18:04.600,31.7667924,-106.3680167,455.7382584798976,48.924,0.4500000000000015
1031,2026-02-28 20:18:04.640,31.7667953,-106.3680212,456.2726783044162,48.96,0.5000000000000027
1032,2026-02-28 20:18:04.680,31.7667981,-106.368026,456.82361592136834,49.068000000000005,0.4999999999999982
1033,2026-02-28 20:18:04.720,31.766801,-106.3680307,457.37323957646083,49.032,0.40000000000000036
1034,2026-02-28 20:18:04.760,31.7668039,-106.3680353,457.9152319727754,49.176,0.28750000000000053
1035,2026-02-28 20:18:04.800,31.7668068,-106.3680399,458.4572243583651,49.176,0.2499999999999969
1036,2026-02-28 20:18:04.840,31.7668096,-106.3680446,459.0003842504429,49.068000000000005,0.37499999999999867
1037,2026-02-28 20:18:04.880,31.7668126,-106.3680492,459.5490799946398,49.212,0.47499999999999876
1038,2026-02-28 20:18:04.920,31.7668155,-106.368054,460.10639107182607,49.356,0.46250000000000124
1039,2026-02-28 20:18:04.960,31.7668184,-106.3680587,460.65601465898646,49.464,0.41250000000000453
1040,2026-02-28 20:18:05.000,31.7668213,-106.3680633,461.19800698977394,49.572,0.3125
1041,2026-02-28 20:18:05.040,31.7668243,-106.3680681,461.7618393185142,49.752,0.2124999999999977
1042,2026-02-28 20:18:05.080,31.7668272,-106.3680727,462.3038316270028,49.716,0.20000000000000018
1043,2026-02-28 20:18:05.120,31.7668301,-106.3680775,462.86114264575775,49.536,0.36250000000000115
1044,2026-02-28 20:18:05.160,31.766833,-106.3680821,463.40313493208987,49.5,0.5500000000000038
1045,2026-02-28 20:18:05.200,31.766836,-106.3680868,463.95936987343896,49.572,0.5875000000000008
1046,2026-02-28 20:18:05.240,31.7668389,-106.3680916,464.51668085697503,49.752,0.4999999999999982
1047,2026-02-28 20:18:05.280,31.7668418,-106.3680963,465.0663043533231,49.896,0.39999999999999813
1048,2026-02-28 20:18:05.320,31.7668448,-106.3681011,465.6301366009683,50.004000000000005,0.337499999999995
1049,2026-02-28 20:18:05.360,31.7668477,-106.3681057,466.1721288317422,50.004000000000005,0.3374999999999928
1050,2026-02-28 20:18:05.400,31.7668507,-106.3681105,466.7359610560478,49.931999999999995,0.4125000000000001
1051,2026-02-28 20:18:05.440,31.7668536,-106.3681152,467.28558450648444,50.004000000000005,0.42500000000000426
1052,2026-02-28 20:18:05.480,31.7668566,-106.36812,467.8494167074505,50.04,0.38750000000000284
1053,2026-02-28 20:18:05.520,31.7668595,-106.3681248,468.40672760854227,50.25600000000001,0.36249999999999893
1054,2026-02-28 20:18:05.560,31.7668625,-106.3681296,468.97055978616874,50.364000000000004,0.3624999999999967
1055,2026-02-28 20:18:05.600,31.7668654,-106.3681342,469.5125519502816,50.4,0.28750000000000275
1056,2026-02-28 20:18:05.640,31.7668684,-106.368139,470.0763841045685,50.364000000000004,0.20000000000000018
1057,2026-02-28 20:18:05.680,31.7668714,-106.3681439,470.6478693279156,50.436,0.1749999999999985
1058,2026-02-28 20:18:05.720,31.7668744,-106.3681486,471.20410412032084,50.436,0.15000000000000124
1059,2026-02-28 20:18:05.760,31.7668774,-106.3681534,471.76793623900494,50.544,0.125000000000004
1060,2026-02-28 20:18:05.800,31.7668803,-106.3681582,472.3252470570811,50.580000000000005,0.10000000000000231
1061,2026-02-28 20:18:05.840,31.7668832,-106.368163,472.882557863322,50.580000000000005,0.11249999999999538
1062,2026-02-28 20:18:05.880,31.7668861,-106.3681677,473.43218118730766,50.580000000000005,0.19999999999999352
1063,2026-02-28 20:18:05.920,31.7668892,-106.3681727,474.0178621881586,50.76,0.22499999999999742
1064,2026-02-28 20:18:05.960,31.7668922,-106.3681775,474.58169424829595,50.904,0.08750000000000036
1065,2026-02-28 20:18:06.000,31.7668952,-106.3681822,475.13792896181,50.688,0.06249999999999867
1066,2026-02-28 20:18:06.040,31.7668982,-106.368187,475.7017609982122,50.652,0.15000000000000124
1067,2026-02-28 20:18:06.080,31.7669011,-106.3681918,476.25907173281456,50.652,0.15000000000000346
1068,2026-02-28 20:18:06.120,31.7669041,-106.3681967,476.8305568223039,50.652,0.11250000000000204
1069,2026-02-28 20:18:06.160,31.7669071,-106.3682015,477.3943888234989,50.688,0.12500000000000178
1070,2026-02-28 20:18:06.200,31.7669101,-106.3682063,477.9582208128263,50.724000000000004,0.22500000000000187
1071,2026-02-28 20:18:06.240,31.7669131,-106.3682111,478.5220527902861,50.76,0.287500000000005
1072,2026-02-28 20:18:06.280,31.7669161,-106.3682159,479.08588475587834,50.976,0.16250000000000542
1073,2026-02-28 20:18:06.320,31.7669191,-106.3682208,479.6573697852199,51.012,0.050000000000001155
1074,2026-02-28 20:18:06.360,31.766922,-106.3682256,480.2146804364063,50.904,0.06249999999999645
1075,2026-02-28 20:18:06.400,31.766925,-106.3682304,480.7785123667913,50.868,0.07499999999999618
1076,2026-02-28 20:18:06.440,31.766928,-106.3682352,481.3423442853087,50.904,0.07499999999999618
1077,2026-02-28 20:18:06.480,31.766931,-106.36824,481.9061761919585,50.832,0.09999999999999565
1078,2026-02-28 20:18:06.520,31.766934,-106.3682448,482.4700080867407,50.796,0.13749999999999707
1079,2026-02-28 20:18:06.560,31.766937,-106.3682497,483.0414930432793,50.904,0.14999999999999458
1080,2026-02-28 20:18:06.600,31.76694,-106.3682546,483.61297798675594,51.156000000000006,0.03749999999999476
1081,2026-02-28 20:18:06.640,31.766943,-106.3682594,484.17680984593534,51.156000000000006,-0.06250000000000533
1082,2026-02-28 20:18:06.680,31.766946,-106.3682643,484.74829476586905,51.048,-6.661338147750939e-15
1083,2026-02-28 20:18:06.720,31.7669489,-106.3682692,485.31334671174636,51.083999999999996,0.012499999999999734
1084,2026-02-28 20:18:06.760,31.7669519,-106.368274,485.87717853571854,51.012,0.03750000000000586
1085,2026-02-28 20:18:06.800,31.7669549,-106.3682788,486.4410103480573,50.976,0.16250000000000542
1086,2026-02-28 20:18:06.840,31.7669579,-106.3682837,487.01249521959124,51.012,0.20000000000000462
1087,2026-02-28 20:18:06.880,31.7669609,-106.3682886,487.58398007783217,51.012,0.12500000000000178
1088,2026-02-28 20:18:06.920,31.7669639,-106.3682934,488.1478118543339,51.012,0.06249999999999867
1089,2026-02-28 20:18:06.960,31.766967,-106.3682983,488.72587245160605,51.12,0.03750000000000364
1090,2026-02-28 20:18:07.000,31.76697,-106.3683031,489.28970420397695,51.048,0.10000000000000453
1091,2026-02-28 20:18:07.040,31.766973,-106.3683079,489.85353594448026,51.083999999999996,0.1625000000000032
1092,2026-02-28 20:18:07.080,31.766976,-106.3683128,490.4250207413063,51.12,0.13750000000000595
1093,2026-02-28 20:18:07.120,31.766979,-106.3683176,490.98885245807435,51.048,0.15000000000000346
1094,2026-02-28 20:18:07.160,31.7669821,-106.3683224,491.5593481451966,51.156000000000006,0.1499999999999968
1095,2026-02-28 20:18:07.200,31.7669851,-106.3683273,492.13083290610246,51.300000000000004,0.09999999999999565
1096,2026-02-28 20:18:07.240,31.7669881,-106.3683321,492.6946645868721,51.264,0.12499999999999956
1097,2026-02-28 20:18:07.280,31.7669912,-106.3683369,493.2651602384164,51.12,0.2375000000000016
1098,2026-02-28 20:18:07.320,31.7669942,-106.3683417,493.8289918950552,51.083999999999996,0.2750000000000008
1099,2026-02-28 20:18:07.360,31.7669971,-106.3683464,494.3786147860728,51.156000000000006,0.23749999999999938
1100,2026-02-28 20:18:07.400,31.7670001,-106.3683513,494.95009948597044,51.300000000000004,0.1374999999999993
1101,2026-02-28 20:18:07.440,31.7670032,-106.3683563,495.5357800157433,51.300000000000004,0.07499999999999618
1102,2026-02-28 20:18:07.480,31.7670062,-106.3683611,496.09961162491163,51.300000000000004,0.1124999999999976
1103,2026-02-28 20:18:07.520,31.7670093,-106.3683661,496.68529212947766,51.300000000000004,0.1124999999999976
1104,2026-02-28 20:18:07.560,31.7670123,-106.3683709,497.2491237145152,51.336,0.12499999999999734
1105,2026-02-28 20:18:07.600,31.7670153,-106.3683759,497.82831494920987,51.408,0.1374999999999993
1106,2026-02-28 20:18:07.640,31.7670183,-106.3683807,498.39214651051213,51.516000000000005,0.09999999999999787
1107,2026-02-28 20:18:07.680,31.7670214,-106.3683855,498.9626420439846,51.552,0.06250000000000089
1108,2026-02-28 20:18:07.720,31.7670244,-106.3683905,499.54183324065434,51.443999999999996,0.07500000000000284
1109,2026-02-28 20:18:07.760,31.7670275,-106.3683953,500.1123287502778,51.480000000000004,0.1124999999999976
1110,2026-02-28 20:18:07.800,31.7670305,-106.3684001,500.67616026331837,51.372,0.187499999999996
1111,2026-02-28 20:18:07.840,31.7670336,-106.3684051,501.2618406674702,51.443999999999996,0.22500000000000187
1112,2026-02-28 20:18:07.880,31.7670366,-106.3684099,501.82567215637994,51.480000000000004,0.2375000000000016
1113,2026-02-28 20:18:07.920,31.7670396,-106.3684147,502.389503633422,51.443999999999996,0.275000000000003
1114,2026-02-28 20:18:07.960,31.7670427,-106.3684197,502.97518399997017,51.552,0.287500000000005
1115,2026-02-28 20:18:08.000,31.7670458,-106.3684245,503.5456794380467,51.588,0.3250000000000042
1116,2026-02-28 20:18:08.040,31.7670488,-106.3684293,504.1095108786947,51.624,0.3375000000000039
1117,2026-02-28 20:18:08.080,31.7670518,-106.3684343,504.68870196087164,51.624,0.3125000000000022
1118,2026-02-28 20:18:08.120,31.7670549,-106.3684391,505.2591973633702,51.588,0.3250000000000042
1119,2026-02-28 20:18:08.160,31.7670579,-106.3684441,505.8383884200578,51.66,0.3375000000000039
1120,2026-02-28 20:18:08.200,31.7670611,-106.3684489,506.4156855315518,51.732,0.33749999999999947
1121,2026-02-28 20:18:08.240,31.767064,-106.3684539,506.98853014697823,51.732,0.33749999999999947
1122,2026-02-28 20:18:08.280,31.767067,-106.3684588,507.5600145736877,51.876000000000005,0.2750000000000008
1123,2026-02-28 20:18:08.320,31.7670701,-106.3684637,508.1380747564001,51.84,0.2499999999999969
1124,2026-02-28 20:18:08.360,31.7670733,-106.3684686,508.72284867600365,51.984,0.2124999999999977
1125,2026-02-28 20:18:08.400,31.7670764,-106.3684736,509.30852890329413,52.092000000000006,0.09999999999999787
1126,2026-02-28 20:18:08.440,31.7670795,-106.3684786,509.89420911777455,52.092000000000006,0.04999999999999449
1127,2026-02-28 20:18:08.480,31.7670825,-106.3684836,510.47340007166923,52.056000000000004,0.06249999999999423
1128,2026-02-28 20:18:08.520,31.7670856,-106.3684884,511.0438953541409,52.092000000000006,0.03749999999999698
1129,2026-02-28 20:18:08.560,31.7670886,-106.3684934,511.62308628254624,52.128,0.0
1130,2026-02-28 20:18:08.600,31.7670918,-106.3684984,512.2153938303354,52.236,0.025000000000001688
1131,2026-02-28 20:18:08.640,31.7670949,-106.3685033,512.7934539133282,52.2,0.0374999999999992
1132,2026-02-28 20:18:08.680,31.767098,-106.3685083,513.3791340513615,52.2,0.049999999999996714
1133,2026-02-28 20:18:08.720,31.7671011,-106.3685133,513.9648141765847,52.236,0.049999999999998934
1134,2026-02-28 20:18:08.760,31.7671041,-106.3685181,514.5286453984725,52.2,0.012499999999999734
1135,2026-02-28 20:18:08.800,31.7671073,-106.3685231,515.1209528840026,52.164,0.012500000000001954
1136,2026-02-28 20:18:08.840,31.7671104,-106.3685281,515.7066329707956,52.164,0.03750000000000142
1137,2026-02-28 20:18:08.880,31.7671135,-106.3685329,516.2771281441873,52.164,0.07500000000000062
1138,2026-02-28 20:18:08.920,31.7671166,-106.3685379,516.8628082053601,52.092000000000006,0.1374999999999993
1139,2026-02-28 20:18:08.960,31.7671196,-106.3685428,517.4342924181337,52.128,0.13749999999999707
1140,2026-02-28 20:18:09.000,31.7671227,-106.3685478,518.0199724540997,52.308,0.06249999999999867
1141,2026-02-28 20:18:09.040,31.7671257,-106.3685528,518.5991632274798,52.236,0.050000000000001155
1142,2026-02-28 20:18:09.080,31.7671289,-106.3685578,519.1914706247513,52.308,0.03750000000000142
1143,2026-02-28 20:18:09.120,31.767132,-106.3685626,519.7619657258141,52.272,-0.012499999999999734
1144,2026-02-28 20:18:09.160,31.7671351,-106.3685676,520.3476457105397,52.2,0.024999999999999467
1145,2026-02-28 20:18:09.200,31.7671382,-106.3685725,520.925705618346,52.2,0.049999999999996714
1146,2026-02-28 20:18:09.240,31.7671412,-106.3685775,521.5048963269581,52.236,-0.012500000000001954
1147,2026-02-28 20:18:09.280,31.7671444,-106.3685825,522.097203660896,52.308,-0.06249999999999867
1148,2026-02-28 20:18:09.320,31.7671475,-106.3685875,522.6828835943813,52.344,-0.06250000000000089
1149,2026-02-28 20:18:09.360,31.7671506,-106.3685924,523.2609434523278,52.272,0.025000000000001688
1150,2026-02-28 20:18:09.400,31.7671537,-106.3685974,523.8466233601929,52.344,0.15000000000000124
1151,2026-02-28 20:18:09.440,31.7671567,-106.3686024,524.425814004037,52.344,0.1749999999999985
1152,2026-02-28 20:18:09.480,31.7671598,-106.3686074,525.0114938866952,52.308,0.10000000000000009
1153,2026-02-28 20:18:09.520,31.767163,-106.3686123,525.5962674497598,52.236,0.07500000000000062
1154,2026-02-28 20:18:09.560,31.7671661,-106.3686173,526.1819473063847,52.308,0.0374999999999992
1155,2026-02-28 20:18:09.600,31.7671692,-106.3686222,526.7600070906202,52.236,0.024999999999999467
1156,2026-02-28 20:18:09.640,31.7671723,-106.3686272,527.3456869213919,52.164,0.10000000000000231
1157,2026-02-28 20:18:09.680,31.7671754,-106.368632,527.9161818527746,52.2,0.08749999999999813
1158,2026-02-28 20:18:09.720,31.7671785,-106.368637,528.5018616581591,52.272,0.049999999999998934
1159,2026-02-28 20:18:09.760,31.7671816,-106.3686419,529.0799213914556,52.416000000000004,-0.03750000000000142
1160,2026-02-28 20:18:09.800,31.7671848,-106.3686469,529.6722285603171,52.632,-0.2375000000000016
1161,2026-02-28 20:18:09.840,31.7671879,-106.3686519,530.2579083268581,52.56,-0.2750000000000008
1162,2026-02-28 20:18:09.880,31.767191,-106.3686569,530.843588080589,52.38,-0.18750000000000266
1163,2026-02-28 20:18:09.920,31.7671941,-106.3686619,531.4292678215098,52.38,-0.14999999999999902
1164,2026-02-28 20:18:09.960,31.7671971,-106.3686668,532.0007517190732,52.272,-0.09999999999999787
1165,2026-02-28 20:18:10.000,31.7672003,-106.3686717,532.5855251338777,52.344,-0.11249999999999982
1166,2026-02-28 20:18:10.040,31.7672034,-106.3686767,533.1712048363682,52.344,-0.20000000000000018
1167,2026-02-28 20:18:10.080,31.7672065,-106.3686816,533.7492644706218,52.272,-0.2624999999999966
1168,2026-02-28 20:18:10.120,31.7672096,-106.3686866,534.3349441474921,52.344,-0.3249999999999975
1169,2026-02-28 20:18:10.160,31.7672126,-106.3686915,534.9064279820134,52.236,-0.3249999999999975
1170,2026-02-28 20:18:10.200,31.7672157,-106.3686966,535.4997807932826,52.128,-0.2249999999999952
1171,2026-02-28 20:18:10.240,31.7672187,-106.3687014,536.0636115618255,52.272,-0.19999999999999574
1172,2026-02-28 20:18:10.280,31.7672218,-106.3687064,536.6492911871952,52.128,-0.19999999999999574
1173,2026-02-28 20:18:10.320,31.7672249,-106.3687113,537.2273507472269,52.2,-0.2499999999999991
1174,2026-02-28 20:18:10.360,31.767228,-106.3687163,537.8130303480631,52.164,-0.32500000000000195
1175,2026-02-28 20:18:10.400,31.7672311,-106.3687214,538.4063830928862,52.128,-0.32500000000000195
1176,2026-02-28 20:18:10.440,31.7672342,-106.3687263,538.984442615759,51.984,-0.275000000000003
1177,2026-02-28 20:18:10.480,31.7672373,-106.3687312,539.5625021250877,51.876000000000005,-0.2000000000000024
1178,2026-02-28 20:18:10.520,31.7672403,-106.3687361,540.1339858480379,51.804,-0.14999999999999902
1179,2026-02-28 20:18:10.560,31.7672434,-106.3687409,540.704480513562,51.84,-0.16250000000000098
1180,2026-02-28 20:18:10.600,31.7672464,-106.3687458,541.2759642106106,51.876000000000005,-0.18750000000000266
1181,2026-02-28 20:18:10.640,31.7672495,-106.3687507,541.8540236717264,51.948,-0.23749999999999938
1182,2026-02-28 20:18:10.680,31.7672525,-106.3687557,542.433213914391,51.876000000000005,-0.2874999999999983
1183,2026-02-28 20:18:10.720,31.7672557,-106.3687607,543.0255207935511,51.732,-0.2375000000000016
1184,2026-02-28 20:18:10.760,31.7672587,-106.3687656,543.5970044416641,51.696,-0.22500000000000187
1185,2026-02-28 20:18:10.800,31.7672618,-106.3687705,544.1750638524791,51.66,-0.22499999999999742
1186,2026-02-28 20:18:10.840,31.7672647,-106.3687754,544.7401145004081,51.66,-0.19999999999999574
1187,2026-02-28 20:18:10.880,31.7672679,-106.3687803,545.3248876467569,51.624,-0.20000000000000018
1188,2026-02-28 20:18:10.920,31.767271,-106.3687852,545.902947021658,51.624,-0.21250000000000213
1189,2026-02-28 20:18:10.960,31.767274,-106.3687901,546.4744306064508,51.552,-0.2750000000000008
1190,2026-02-28 20:18:11.000,31.7672771,-106.368795,547.0524899568239,51.624,-0.38750000000000284
1191,2026-02-28 20:18:11.040,31.7672801,-106.3687999,547.6239735168066,51.516000000000005,-0.38750000000000284
1192,2026-02-28 20:18:11.080,31.7672832,-106.3688048,548.2020328426518,51.480000000000004,-0.3500000000000014
1193,2026-02-28 20:18:11.120,31.7672862,-106.3688097,548.7735163778243,51.443999999999996,-0.39999999999999813
1194,2026-02-28 20:18:11.160,31.7672893,-106.3688145,549.3440108638936,51.336,-0.44999999999999707
1195,2026-02-28 20:18:11.200,31.7672922,-106.3688193,549.9013200332464,51.372,-0.4875000000000007
1196,2026-02-28 20:18:11.240,31.7672953,-106.3688242,550.4793793104377,51.372,-0.5000000000000027
1197,2026-02-28 20:18:11.280,31.7672983,-106.3688291,551.0508627963966,51.336,-0.5250000000000021
1198,2026-02-28 20:18:11.320,31.7673014,-106.3688341,551.6365420939222,51.300000000000004,-0.6000000000000005
1199,2026-02-28 20:18:11.360,31.7673044,-106.3688389,552.2003725234446,51.083999999999996,-0.6124999999999958
1200,2026-02-28 20:18:11.400,31.7673074,-106.3688437,552.7642029410993,50.976,-0.5124999999999935
1201,2026-02-28 20:18:11.440,31.7673105,-106.3688486,553.3422621571718,51.048,-0.499999999999996
1202,2026-02-28 20:18:11.480,31.7673134,-106.3688534,553.8995712416781,50.940000000000005,-0.4874999999999985
1203,2026-02-28 20:18:11.520,31.7673163,-106.3688583,554.4646216764703,50.832,-0.37499999999999867
1204,2026-02-28 20:18:11.560,31.7673193,-106.3688631,555.0284520470498,50.652,-0.3124999999999978
1205,2026-02-28 20:18:11.600,31.7673222,-106.3688678,555.5780736740156,50.652,-0.33749999999999725
1206,2026-02-28 20:18:11.640,31.7673252,-106.3688726,556.1419040212552,50.652,-0.37499999999999645
1207,2026-02-28 20:18:11.680,31.7673283,-106.3688775,556.7199631646753,50.544,-0.3624999999999967
1208,2026-02-28 20:18:11.720,31.7673312,-106.3688823,557.2772721781716,50.364000000000004,-0.3125
1209,2026-02-28 20:18:11.760,31.7673342,-106.368887,557.8335052039166,50.25600000000001,-0.2500000000000058
1210,2026-02-28 20:18:11.800,31.767337,-106.3688918,558.384440639149,50.328,-0.3000000000000047
1211,2026-02-28 20:18:11.840,31.76734,-106.3688966,558.9482709278412,50.25600000000001,-0.41250000000000453
1212,2026-02-28 20:18:11.880,31.7673431,-106.3689013,559.5112578538665,50.328,-0.47500000000000764
1213,2026-02-28 20:18:11.920,31.7673461,-106.3689061,560.0750881184276,50.364000000000004,-0.5250000000000044
1214,2026-02-28 20:18:11.960,31.767349,-106.3689109,560.6323970604558,50.22,-0.5125000000000002
1215,2026-02-28 20:18:12.000,31.7673519,-106.3689157,561.1897059911066,50.112,-0.40000000000000036
1216,2026-02-28 20:18:12.040,31.7673548,-106.3689204,561.7393274901424,50.112,-0.2750000000000008
1217,2026-02-28 20:18:12.080,31.7673578,-106.3689252,562.303157709503,50.04,-0.19999999999999796
1218,2026-02-28 20:18:12.120,31.7673607,-106.36893,562.8604666049346,49.968,-0.19999999999999796
1219,2026-02-28 20:18:12.160,31.7673637,-106.3689347,563.4166995161884,49.931999999999995,-0.29999999999999805
1220,2026-02-28 20:18:12.200,31.7673666,-106.3689394,563.9663209704007,49.788000000000004,-0.36250000000000115
1221,2026-02-28 20:18:12.240,31.7673695,-106.368944,564.5083112292706,49.608,-0.3125
1222,2026-02-28 20:18:12.280,31.7673723,-106.3689488,565.059246521591,49.608,-0.28749999999999387
1223,2026-02-28 20:18:12.320,31.7673753,-106.3689536,565.6230766706396,49.572,-0.26249999999999885
1224,2026-02-28 20:18:12.360,31.7673782,-106.3689583,566.1726980797181,49.536,-0.21250000000000435
1225,2026-02-28 20:18:12.400,31.7673811,-106.368963,566.7223194766568,49.644,-0.30000000000000027
1226,2026-02-28 20:18:12.440,31.767384,-106.3689678,567.279628278608,49.788000000000004,-0.4874999999999985
1227,2026-02-28 20:18:12.480,31.7673869,-106.3689726,567.8369370702783,49.788000000000004,-0.5750000000000011
1228,2026-02-28 20:18:12.520,31.7673898,-106.3689772,568.3789272521884,49.644,-0.5249999999999999
1229,2026-02-28 20:18:12.560,31.7673927,-106.368982,568.9362360193205,49.392,-0.40000000000000036
1230,2026-02-28 20:18:12.600,31.7673955,-106.3689866,569.4716703078675,49.284,-0.32499999999999973
1231,2026-02-28 20:18:12.640,31.7673984,-106.3689914,570.0289790524162,49.212,-0.2750000000000008
1232,2026-02-28 20:18:12.680,31.7674013,-106.3689961,570.578600371616,49.176,-0.2625000000000033
1233,2026-02-28 20:18:12.720,31.7674042,-106.3690008,571.1282216786761,49.248,-0.3375000000000017
1234,2026-02-28 20:18:12.760,31.7674069,-106.3690054,571.6572530724197,49.248,-0.41249999999999787
1235,2026-02-28 20:18:12.800,31.7674099,-106.3690102,572.2210830845938,49.068000000000005,-0.40000000000000036
1236,2026-02-28 20:18:12.840,31.7674127,-106.3690149,572.7642406013172,48.96,-0.35000000000000364
1237,2026-02-28 20:18:12.880,31.7674156,-106.3690196,573.3138618648778,48.96,-0.3125000000000022
1238,2026-02-28 20:18:12.920,31.7674185,-106.3690243,573.8634831173873,48.96,-0.3125000000000022
1239,2026-02-28 20:18:12.960,31.7674213,-106.369029,574.4066406000242,48.924,-0.3750000000000009
1240,2026-02-28 20:18:13.000,31.7674242,-106.3690336,574.9486306521544,48.816,-0.40000000000000036
1241,2026-02-28 20:18:13.040,31.767427,-106.3690383,575.4917881136779,48.888,-0.44999999999999707
1242,2026-02-28 20:18:13.080,31.7674298,-106.369043,576.0349455639504,48.744,-0.499999999999996
1243,2026-02-28 20:18:13.120,31.7674327,-106.3690476,576.5769355839547,48.708,-0.47499999999999654
1244,2026-02-28 20:18:13.160,31.7674355,-106.3690523,577.1200930120123,48.6,-0.44999999999999707
1245,2026-02-28 20:18:13.200,31.7674384,-106.3690569,577.6620830102377,48.564,-0.41249999999999787
1246,2026-02-28 20:18:13.240,31.7674412,-106.3690615,578.1975171239457,48.456,-0.37499999999999645
1247,2026-02-28 20:18:13.280,31.767444,-106.3690662,578.7406745185375,48.564,-0.3999999999999959
1248,2026-02-28 20:18:13.320,31.7674468,-106.3690708,579.2761086105908,48.456,-0.3999999999999959
1249,2026-02-28 20:18:13.360,31.7674496,-106.3690754,579.811542692162,48.348,-0.37499999999999645
1250,2026-02-28 20:18:13.400,31.7674525,-106.36908,580.3535326373317,48.24,-0.3499999999999992
1251,2026-02-28 20:18:13.440,31.7674553,-106.3690845,580.881300109418,48.168000000000006,-0.36250000000000115
1252,2026-02-28 20:18:13.480,31.767458,-106.3690892,581.4181467161515,48.024,-0.3875000000000006
1253,2026-02-28 20:18:13.520,31.7674608,-106.3690938,581.9535807546436,48.06,-0.3875000000000006
1254,2026-02-28 20:18:13.560,31.7674637,-106.3690984,582.4955706574825,47.952000000000005,-0.38750000000000284
1255,2026-02-28 20:18:13.600,31.7674663,-106.3691029,583.0105027593804,48.024,-0.42500000000000204
1256,2026-02-28 20:18:13.640,31.7674692,-106.3691076,583.5601238146236,47.916000000000004,-0.4125000000000023
1257,2026-02-28 20:18:13.680,31.767472,-106.3691121,584.0878912235931,47.952000000000005,-0.3375000000000039
1258,2026-02-28 20:18:13.720,31.7674748,-106.3691168,584.6310484966936,47.916000000000004,-0.3500000000000014
1259,2026-02-28 20:18:13.760,31.7674775,-106.3691214,585.1600796159597,47.808,-0.3875000000000006
1260,2026-02-28 20:18:13.800,31.7674803,-106.369126,585.6955135800788,47.772,-0.43749999999999956
1261,2026-02-28 20:18:13.840,31.7674831,-106.3691305,586.2232809489033,47.592000000000006,-0.42500000000000204
1262,2026-02-28 20:18:13.880,31.7674858,-106.369135,586.7445512902493,47.484,-0.3375000000000039
1263,2026-02-28 20:18:13.920,31.7674886,-106.3691396,587.2799852226143,47.484,-0.2750000000000008
1264,2026-02-28 20:18:13.960,31.7674913,-106.3691441,587.8012555432762,47.412,-0.2499999999999991
1265,2026-02-28 20:18:14.000,31.7674941,-106.3691487,588.3366894545992,47.34,-0.2750000000000008
1266,2026-02-28 20:18:14.040,31.7674969,-106.3691532,588.8644567721641,47.412,-0.37499999999999867
1267,2026-02-28 20:18:14.080,31.7674996,-106.3691577,589.3857270616116,47.484,-0.47499999999999654
1268,2026-02-28 20:18:14.120,31.7675024,-106.3691623,589.9211609411805,47.376000000000005,-0.4875000000000007
1269,2026-02-28 20:18:14.160,31.7675051,-106.3691668,590.442431209944,47.232,-0.45000000000000373
1270,2026-02-28 20:18:14.200,31.7675079,-106.3691714,590.9778650682406,47.088,-0.3750000000000031
1271,2026-02-28 20:18:14.240,31.7675106,-106.3691759,591.499135316548,47.052,-0.33749999999999947
1272,2026-02-28 20:18:14.280,31.7675132,-106.3691804,592.0140672398953,47.052,-0.3874999999999962
1273,2026-02-28 20:18:14.320,31.7675161,-106.3691848,592.5409730666615,47.124,-0.47499999999999876
1274,2026-02-28 20:18:14.360,31.7675188,-106.3691894,593.0700040260097,47.052,-0.5249999999999999
1275,2026-02-28 20:18:14.400,31.7675215,-106.3691939,593.5912742330967,46.908,-0.512499999999998
1276,2026-02-28 20:18:14.440,31.7675242,-106.3691984,594.1125444300296,46.764,-0.4499999999999993
1277,2026-02-28 20:18:14.480,31.7675269,-106.3692029,594.6338146168085,46.764,-0.36250000000000115
1278,2026-02-28 20:18:14.520,31.7675296,-106.3692073,595.1473811914818,46.692,-0.33749999999999947
1279,2026-02-28 20:18:14.560,31.7675323,-106.3692118,595.6686513579526,46.62,-0.3999999999999959
1280,2026-02-28 20:18:14.600,31.7675349,-106.3692161,596.1680409937406,46.62,-0.44999999999999485
1281,2026-02-28 20:18:14.640,31.7675377,-106.3692207,596.7034747380283,46.548,-0.4125000000000001
1282,2026-02-28 20:18:14.680,31.7675404,-106.3692252,597.224744874265,46.440000000000005,-0.38750000000000284
1283,2026-02-28 20:18:14.720,31.7675431,-106.3692296,597.7383113996713,46.368,-0.41249999999999787
1284,2026-02-28 20:18:14.760,31.7675458,-106.369234,598.2518779163147,46.296,-0.43749999999999734
1285,2026-02-28 20:18:14.800,31.7675484,-106.3692385,598.7668097045415,46.188,-0.4500000000000015
1286,2026-02-28 20:18:14.840,31.767551,-106.3692429,599.2739416125364,46.188,-0.42500000000000204
1287,2026-02-28 20:18:14.880,31.7675538,-106.3692474,599.8017087187484,46.296,-0.4125000000000023
1288,2026-02-28 20:18:14.920,31.7675564,-106.3692518,600.3088406054563,46.188,-0.4000000000000026
1289,2026-02-28 20:18:14.960,31.7675591,-106.3692562,600.8224070724721,45.972,-0.4249999999999998
1290,2026-02-28 20:18:15.000,31.7675618,-106.3692606,601.335973530725,45.972,-0.5000000000000004
1291,2026-02-28 20:18:15.040,31.7675644,-106.3692649,601.8353630607746,46.007999999999996,-0.5374999999999996
1292,2026-02-28 20:18:15.080,31.7675671,-106.3692693,602.3489294985951,45.864000000000004,-0.5000000000000004
1293,2026-02-28 20:18:15.120,31.7675697,-106.3692736,602.8483190094184,45.75600000000001,-0.38750000000000284
1294,2026-02-28 20:18:15.160,31.7675723,-106.3692781,603.3632507079914,45.648,-0.3375000000000017
1295,2026-02-28 20:18:15.200,31.767575,-106.3692825,603.8768171169816,45.54,-0.32500000000000195
1296,2026-02-28 20:18:15.240,31.7675775,-106.3692869,604.3776791116497,45.612,-0.3125000000000022
1297,2026-02-28 20:18:15.280,31.7675802,-106.3692912,604.8836016566801,45.684,-0.3874999999999984
1298,2026-02-28 20:18:15.320,31.7675828,-106.3692955,605.3829911205484,45.648,-0.462499999999999
1299,2026-02-28 20:18:15.360,31.7675856,-106.3692997,605.8881243188875,45.288000000000004,-0.4000000000000026
1300,2026-02-28 20:18:15.400,31.7675882,-106.3693042,606.403055956706,45.216,-0.32500000000000195
1301,2026-02-28 20:18:15.440,31.7675908,-106.3693085,606.9024453921286,45.216,-0.25000000000000133
1302,2026-02-28 20:18:15.480,31.7675933,-106.3693128,607.3954665521206,45.216,-0.14999999999999902
1303,2026-02-28 20:18:15.520,31.767596,-106.3693171,607.9013890412494,45.288000000000004,-0.14999999999999902
1304,2026-02-28 20:18:15.560,31.7675986,-106.3693215,608.4085207719984,45.144,-0.1375000000000015
1305,2026-02-28 20:18:15.600,31.7676012,-106.3693258,608.9079101701436,45.108,-0.16250000000000098
1306,2026-02-28 20:18:15.640,31.7676038,-106.3693301,609.4072995587403,45.144,-0.2375000000000016
1307,2026-02-28 20:18:15.680,31.7676065,-106.3693344,609.9132220107193,45.036,-0.15000000000000346
1308,2026-02-28 20:18:15.720,31.7676091,-106.3693387,610.4126113805481,44.964,-0.10000000000000231
1309,2026-02-28 20:18:15.760,31.7676117,-106.369343,610.9120007408284,44.82,-0.20000000000000018
1310,2026-02-28 20:18:15.800,31.7676143,-106.3693472,611.4037080312885,44.748,-0.23749999999999938
1311,2026-02-28 20:18:15.840,31.7676168,-106.3693515,611.8967291046266,44.964,-0.2499999999999969
1312,2026-02-28 20:18:15.880,31.7676194,-106.3693558,612.3961184375365,45.036,-0.23749999999999938
1313,2026-02-28 20:18:15.920,31.767622,-106.3693602,612.9032500829101,45.036,-0.17500000000000293
1314,2026-02-28 20:18:15.960,31.7676245,-106.3693645,613.3962711296256,45.0,-0.18749999999999822
1315,2026-02-28 20:18:16.000,31.7676271,-106.3693688,613.8956604347067,44.784,-0.21249999999999547
1316,2026-02-28 20:18:16.040,31.7676297,-106.3693731,614.3950497306977,44.784,-0.17499999999999405
1317,2026-02-28 20:18:16.080,31.7676324,-106.3693774,614.9009720910406,44.964,-0.19999999999999352
1318,2026-02-28 20:18:16.120,31.767635,-106.3693816,615.3926793082893,44.748,-0.19999999999999796
1319,2026-02-28 20:18:16.160,31.7676376,-106.3693859,615.8920685759638,44.46,-0.06250000000000089
1320,2026-02-28 20:18:16.200,31.7676402,-106.3693901,616.3837757762402,44.424,0.03750000000000142
1321,2026-02-28 20:18:16.240,31.7676428,-106.3693942,616.8678640389948,44.568000000000005,-0.03750000000000142
1322,2026-02-28 20:18:16.280,31.7676455,-106.3693985,617.3737863529888,44.748,-0.20000000000000018
1323,2026-02-28 20:18:16.320,31.767648,-106.3694028,617.8668073143838,44.82,-0.2999999999999958
1324,2026-02-28 20:18:16.360,31.7676506,-106.369407,618.3585144774536,44.676,-0.25000000000000133
1325,2026-02-28 20:18:16.400,31.7676532,-106.3694114,618.8656460077464,44.496,-0.125000000000004
1326,2026-02-28 20:18:16.440,31.7676558,-106.3694157,619.3650352099563,44.568000000000005,-0.125000000000004
1327,2026-02-28 20:18:16.480,31.7676583,-106.36942,619.8580561339555,44.604000000000006,-0.18750000000000488
1328,2026-02-28 20:18:16.520,31.7676609,-106.3694241,620.342144335627,44.532,-0.16249999999999876
1329,2026-02-28 20:18:16.560,31.7676635,-106.3694283,620.8338514541277,44.496,-0.09999999999999787
1330,2026-02-28 20:18:16.600,31.7676662,-106.3694327,621.3474175313821,44.496,-0.07500000000000284
1331,2026-02-28 20:18:16.640,31.7676687,-106.3694369,621.8326555529453,44.388,-0.10000000000000231
1332,2026-02-28 20:18:16.680,31.7676713,-106.3694411,622.324362645211,44.352000000000004,-0.11250000000000426
1333,2026-02-28 20:18:16.720,31.7676738,-106.3694452,622.801878519497,44.352000000000004,-0.07500000000000506
1334,2026-02-28 20:18:16.760,31.7676765,-106.3694494,623.3002193881664,44.424,-0.06250000000000089
1335,2026-02-28 20:18:16.800,31.767679,-106.3694536,623.7854573745824,44.388,-0.08749999999999813
1336,2026-02-28 20:18:16.840,31.7676817,-106.3694579,624.291379560498,44.316,-0.08750000000000036
1337,2026-02-28 20:18:16.880,31.7676843,-106.3694621,624.7830866076145,44.316,-0.10000000000000009
1338,2026-02-28 20:18:16.920,31.7676869,-106.3694663,625.2747936448467,44.352000000000004,-0.20000000000000018
1339,2026-02-28 20:18:16.960,31.7676895,-106.3694706,625.7741827262635,44.388,-0.30000000000000027
1340,2026-02-28 20:18:17.000,31.767692,-106.3694748,626.2594206669283,44.388,-0.2749999999999986
1341,2026-02-28 20:18:17.040,31.7676946,-106.3694792,626.7665520428882,44.208,-0.17499999999999627
1342,2026-02-28 20:18:17.080,31.7676972,-106.3694833,627.2506401227668,44.208,-0.09999999999999343
1343,2026-02-28 20:18:17.120,31.7676998,-106.3694875,627.7423471160515,44.28,-0.08749999999999591
1344,2026-02-28 20:18:17.160,31.7677024,-106.3694918,628.2417361514592,44.316,-0.1124999999999976
1345,2026-02-28 20:18:17.200,31.767705,-106.3694959,628.7258242048802,44.244,-0.13749999999999707
1346,2026-02-28 20:18:17.240,31.7677076,-106.3695001,629.2175311702209,44.208,-0.12499999999999734
1347,2026-02-28 20:18:17.280,31.7677102,-106.3695042,629.701619206161,44.136,-0.08749999999999813
1348,2026-02-28 20:18:17.320,31.7677128,-106.3695084,630.1933261545294,43.956,-0.049999999999998934
1349,2026-02-28 20:18:17.360,31.7677154,-106.3695125,630.6774141729887,43.92,-0.024999999999999467
1350,2026-02-28 20:18:17.400,31.7677179,-106.3695167,631.1626520225033,44.064,-0.10000000000000009
1351,2026-02-28 20:18:17.440,31.7677204,-106.3695209,631.6478898621177,44.028000000000006,-0.12500000000000178
1352,2026-02-28 20:18:17.480,31.7677231,-106.3695251,632.1462305721718,44.1,-0.13750000000000373
1353,2026-02-28 20:18:17.520,31.7677256,-106.3695293,632.6314683932591,44.136,-0.23750000000000382
1354,2026-02-28 20:18:17.560,31.7677283,-106.3695335,633.1298090857324,44.136,-0.23750000000000382
1355,2026-02-28 20:18:17.600,31.7677308,-106.3695377,633.6150468885191,44.028000000000006,-0.13750000000000373
1356,2026-02-28 20:18:17.640,31.7677334,-106.3695418,634.0991348467045,44.064,-0.08750000000000036
1357,2026-02-28 20:18:17.680,31.7677361,-106.369546,634.5974755122103,44.028000000000006,-0.10000000000000009
1358,2026-02-28 20:18:17.720,31.7677387,-106.3695503,635.0968644172762,43.92,-0.1374999999999993
1359,2026-02-28 20:18:17.760,31.7677413,-106.3695544,635.580952348904,43.884,-0.1750000000000007
1360,2026-02-28 20:18:17.800,31.7677439,-106.3695586,636.0726591890286,43.812,-0.12500000000000178
1361,2026-02-28 20:18:17.840,31.7677465,-106.3695627,636.5567471031757,43.92,-0.08749999999999813
1362,2026-02-28 20:18:17.880,31.7677489,-106.3695668,637.027861814586,43.812,-0.09999999999999565
1363,2026-02-28 20:18:17.920,31.7677516,-106.3695711,637.5337837531896,43.74,-0.08749999999999813
1364,2026-02-28 20:18:17.960,31.7677541,-106.3695751,638.0036409615907,43.848,-0.12500000000000178
1365,2026-02-28 20:18:18.000,31.7677568,-106.3695794,638.5095628817962,43.92,-0.1749999999999985
1366,2026-02-28 20:18:18.040,31.7677594,-106.3695835,638.993650752341,43.92,-0.16249999999999876
1367,2026-02-28 20:18:18.080,31.767762,-106.3695876,639.4777386143817,43.884,-0.12500000000000178
1368,2026-02-28 20:18:18.120,31.7677646,-106.3695918,639.9694453815275,43.668000000000006,-0.03750000000000364
1369,2026-02-28 20:18:18.160,31.7677671,-106.369596,640.4546830578914,43.632,0.025000000000001688
1370,2026-02-28 20:18:18.200,31.7677696,-106.3696001,640.9321986056947,43.704,-0.024999999999997247
1371,2026-02-28 20:18:18.240,31.7677723,-106.3696043,641.4305391471507,43.776,-0.16250000000000098
1372,2026-02-28 20:18:18.280,31.7677748,-106.3696084,641.9080546772326,43.668000000000006,-0.2375000000000016
1373,2026-02-28 20:18:18.320,31.7677775,-106.3696125,642.3988792722982,43.632,-0.20000000000000018
1374,2026-02-28 20:18:18.360,31.7677801,-106.3696167,642.8905859856122,43.596,-0.12499999999999734
1375,2026-02-28 20:18:18.400,31.7677827,-106.3696208,643.3746737791439,43.668000000000006,-0.08750000000000036
1376,2026-02-28 20:18:18.440,31.7677853,-106.369625,643.8663804743982,43.704,-0.12500000000000178
1377,2026-02-28 20:18:18.480,31.7677878,-106.3696291,644.3438959601764,43.74,-0.20000000000000018
1378,2026-02-28 20:18:18.520,31.7677905,-106.3696332,644.8347205121397,43.704,-0.26249999999999885
1379,2026-02-28 20:18:18.560,31.767793,-106.3696372,645.304577592302,43.668000000000006,-0.25000000000000133
1380,2026-02-28 20:18:18.600,31.7677957,-106.3696415,645.8104993748759,43.596,-0.22500000000000187
1381,2026-02-28 20:18:18.640,31.7677982,-106.3696456,646.2880148252112,43.416000000000004,-0.15000000000000124
1382,2026-02-28 20:18:18.680,31.7678008,-106.3696496,646.7645498044352,43.344,-0.025000000000001688
1383,2026-02-28 20:18:18.720,31.7678033,-106.3696536,647.2344068506424,43.38,-0.012499999999999734
1384,2026-02-28 20:18:18.760,31.7678058,-106.3696577,647.7119222750772,43.488,-0.0749999999999984
1385,2026-02-28 20:18:18.800,31.7678085,-106.369662,648.2178440123636,43.524,-0.11249999999999982
1386,2026-02-28 20:18:18.840,31.767811,-106.3696661,648.6953594188465,43.488,-0.16249999999999876
1387,2026-02-28 20:18:18.880,31.7678137,-106.3696701,649.178736415916,43.38,-0.22499999999999964
1388,2026-02-28 20:18:18.920,31.7678162,-106.3696743,649.6639739192542,43.308,-0.20000000000000018
1389,2026-02-28 20:18:18.960,31.7678188,-106.3696783,650.1405088402106,43.344,-0.10000000000000009
1390,2026-02-28 20:18:19.000,31.7678213,-106.3696825,650.6257463247252,43.272,-0.025000000000001688
1391,2026-02-28 20:18:19.040,31.7678239,-106.3696865,651.1022812288643,43.308,-0.0374999999999992
1392,2026-02-28 20:18:19.080,31.7678265,-106.3696907,651.5939877823499,43.38,-0.09999999999999787
1393,2026-02-28 20:18:19.120,31.767829,-106.3696949,652.0792252395389,43.308,-0.11249999999999982
1394,2026-02-28 20:18:19.160,31.7678315,-106.3696991,652.5644626892582,43.344,-0.12500000000000178
1395,2026-02-28 20:18:19.200,31.7678341,-106.3697032,653.0485503089204,43.344,-0.16249999999999876
1396,2026-02-28 20:18:19.240,31.7678367,-106.3697073,653.5326379196057,43.2,-0.12499999999999734
1397,2026-02-28 20:18:19.280,31.7678393,-106.3697113,654.0091727736881,43.019999999999996,-0.06249999999999645
1398,2026-02-28 20:18:19.320,31.7678418,-106.3697154,654.486688075436,43.092000000000006,-0.0749999999999984
1399,2026-02-28 20:18:19.360,31.7678444,-106.3697195,654.9707756604726,43.272,-0.1750000000000007
1400,2026-02-28 20:18:19.400,31.7678468,-106.3697236,655.4418900337097,43.272,-0.23749999999999716
1401,2026-02-28 20:18:19.440,31.7678495,-106.3697278,655.9402303106173,43.2,-0.23749999999999716
1402,2026-02-28 20:18:19.480,31.7678521,-106.3697318,656.4167651220257,43.2,-0.2750000000000008
1403,2026-02-28 20:18:19.520,31.7678547,-106.3697358,656.8932999262917,43.164,-0.2499999999999991
1404,2026-02-28 20:18:19.560,31.7678572,-106.3697399,657.3708151755567,43.128,-0.1374999999999993
1405,2026-02-28 20:18:19.600,31.7678598,-106.369744,657.8549027085866,43.092000000000006,-0.07500000000000284
1406,2026-02-28 20:18:19.640,31.7678623,-106.3697481,658.3324179404709,43.092000000000006,-0.06250000000000533
1407,2026-02-28 20:18:19.680,31.7678649,-106.3697521,658.8089527113423,42.948,-0.03750000000000586
1408,2026-02-28 20:18:19.720,31.7678674,-106.3697563,659.2941900347176,42.948,-0.11250000000000426
1409,2026-02-28 20:18:19.760,31.7678699,-106.3697604,659.7717052407014,42.912,-0.20000000000000018
1410,2026-02-28 20:18:19.800,31.7678724,-106.3697644,660.2415620580279,42.948,-0.1749999999999985
1411,2026-02-28 20:18:19.840,31.767875,-106.3697685,660.7256495410379,42.84,-0.10000000000000231
1412,2026-02-28 20:18:19.880,31.7678776,-106.3697725,661.2021842695602,42.768,-0.012500000000001954
1413,2026-02-28 20:18:19.920,31.7678802,-106.3697765,661.6787189909402,42.876000000000005,-0.03750000000000142
1414,2026-02-28 20:18:19.960,31.7678827,-106.3697807,662.1639562604697,43.019999999999996,-0.18749999999999822
1415,2026-02-28 20:18:20.000,31.7678851,-106.3697848,662.635070501408,42.984,-0.31249999999999556
1416,2026-02-28 20:18:20.040,31.7678877,-106.3697889,663.1191579406463,43.019999999999996,-0.33749999999999725
1417,2026-02-28 20:18:20.080,31.7678903,-106.3697928,663.5882092397233,42.912,-0.2874999999999983
1418,2026-02-28 20:18:20.120,31.7678929,-106.3697969,664.0722966614807,42.66,-0.20000000000000018
1419,2026-02-28 20:18:20.160,31.7678954,-106.3698009,664.5421534040682,42.624,-0.15000000000000124
1420,2026-02-28 20:18:20.200,31.7678979,-106.3698049,665.0120101384142,42.732,-0.17500000000000293
1421,2026-02-28 20:18:20.240,31.7679004,-106.369809,665.4895252402242,42.768,-0.26250000000000107
1422,2026-02-28 20:18:20.280,31.7679031,-106.3698129,665.9655261426257,42.804,-0.27499999999999636
1423,2026-02-28 20:18:20.320,31.7679056,-106.3698169,666.4353828513533,42.732,-0.2124999999999999
1424,2026-02-28 20:18:20.360,31.7679082,-106.369821,666.919470221913,42.624,-0.17500000000000293
1425,2026-02-28 20:18:20.400,31.7679107,-106.369825,667.389326914062,42.480000000000004,-0.125000000000004
1426,2026-02-28 20:18:20.440,31.7679131,-106.369829,667.8526768986878,42.552,-0.17500000000000293
1427,2026-02-28 20:18:20.480,31.7679157,-106.369833,668.329211504437,42.552,-0.2499999999999991
1428,2026-02-28 20:18:20.520,31.7679183,-106.3698371,668.8132988410434,42.443999999999996,-0.187499999999996
1429,2026-02-28 20:18:20.560,31.7679208,-106.3698411,669.2831554996623,42.408,-0.12499999999999734
1430,2026-02-28 20:18:20.600,31.7679234,-106.3698449,669.7447960366441,42.443999999999996,-0.1374999999999993
1431,2026-02-28 20:18:20.640,31.767926,-106.369849,670.2288833471289,42.300000000000004,-0.12499999999999734
1432,2026-02-28 20:18:20.680,31.7679285,-106.369853,670.6987399805978,42.480000000000004,-0.1375000000000015
1433,2026-02-28 20:18:20.720,31.767931,-106.3698569,671.1610051277556,42.443999999999996,-0.18749999999999822
1434,2026-02-28 20:18:20.760,31.7679335,-106.3698609,671.6308617447414,42.408,-0.16249999999999654
1435,2026-02-28 20:18:20.800,31.7679361,-106.369865,672.114949021273,42.336,-0.11249999999999982
1436,2026-02-28 20:18:20.840,31.7679386,-106.369869,672.5848056203623,42.192,-0.06249999999999645
1437,2026-02-28 20:18:20.880,31.7679411,-106.369873,673.0546622122937,42.192,-0.012499999999997513
1438,2026-02-28 20:18:20.920,31.7679436,-106.369877,673.5245187957491,42.264,-0.050000000000003375
1439,2026-02-28 20:18:20.960,31.7679461,-106.369881,673.9943753711973,42.228,-0.11250000000000204
1440,2026-02-28 20:18:21.000,31.7679486,-106.3698849,674.4566404622933,42.228,-0.14999999999999902
1441,2026-02-28 20:18:21.040,31.7679512,-106.3698889,674.9331749526519,42.156000000000006,-0.13750000000000373
1442,2026-02-28 20:18:21.080,31.7679538,-106.3698928,675.4022260523867,42.228,-0.11250000000000204
1443,2026-02-28 20:18:21.120,31.7679564,-106.3698969,675.8863132606755,42.156000000000006,-0.11250000000000204
1444,2026-02-28 20:18:21.160,31.7679589,-106.3699007,676.3410570908807,42.228,-0.0875000000000048
1445,2026-02-28 20:18:21.200,31.7679614,-106.3699047,676.8109136158903,42.192,-0.06250000000000311
1446,2026-02-28 20:18:21.240,31.7679639,-106.3699088,677.288428501524,42.156000000000006,-0.050000000000005596
1447,2026-02-28 20:18:21.280,31.7679663,-106.3699127,677.7440784415843,42.192,-0.06250000000000533
1448,2026-02-28 20:18:21.320,31.7679689,-106.3699167,678.2206128744101,42.12,-0.050000000000001155
1449,2026-02-28 20:18:21.360,31.7679714,-106.3699207,678.6904693653696,42.048,-0.025000000000001688
1450,2026-02-28 20:18:21.400,31.767974,-106.3699246,679.1595204025059,41.976,0.024999999999997247
1451,2026-02-28 20:18:21.440,31.7679765,-106.3699285,679.6217854047311,42.012,0.024999999999999467
1452,2026-02-28 20:18:21.480,31.767979,-106.3699324,680.084050398993,42.048,-0.03750000000000142
1453,2026-02-28 20:18:21.520,31.7679815,-106.3699364,680.5539068577401,42.012,-0.025000000000001688
1454,2026-02-28 20:18:21.560,31.7679839,-106.3699404,681.0172566067852,42.12,-0.049999999999998934
1455,2026-02-28 20:18:21.600,31.7679865,-106.3699444,681.4937909813348,42.12,-0.13749999999999707
1456,2026-02-28 20:18:21.640,31.7679889,-106.3699485,681.964904864826,42.083999999999996,-0.13749999999999485
1457,2026-02-28 20:18:21.680,31.7679914,-106.3699524,682.4271698195898,42.083999999999996,-0.09999999999999343
1458,2026-02-28 20:18:21.720,31.7679939,-106.3699564,682.8970262374586,42.083999999999996,-0.11249999999999316
1459,2026-02-28 20:18:21.760,31.7679965,-106.3699602,683.3586665517856,42.012,-0.0874999999999937
1460,2026-02-28 20:18:21.800,31.767999,-106.3699643,683.836181318892,42.083999999999996,-0.049999999999996714
1461,2026-02-28 20:18:21.840,31.7680014,-106.3699682,684.2918311455239,41.976,-0.012499999999999734
1462,2026-02-28 20:18:21.880,31.7680039,-106.3699722,684.7616875304263,41.976,0.06249999999999867
1463,2026-02-28 20:18:21.920,31.7680063,-106.3699763,685.2328013527052,42.012,0.10000000000000231
1464,2026-02-28 20:18:21.960,31.7680088,-106.3699802,685.6950662520442,41.976,0.08750000000000258
1465,2026-02-28 20:18:22.000,31.7680113,-106.3699843,686.1725809761393,41.868,0.08749999999999813
1466,2026-02-28 20:18:22.040,31.7680137,-106.3699883,686.6359306255649,41.940000000000005,0.09999999999999565
1467,2026-02-28 20:18:22.080,31.7680162,-106.3699924,687.113445332961,41.940000000000005,0.11249999999999316
1468,2026-02-28 20:18:22.120,31.7680186,-106.3699965,687.5845591127521,41.904,0.13749999999999263
1469,2026-02-28 20:18:22.160,31.7680211,-106.3700005,688.054415440718,41.940000000000005,0.09999999999999343
1470,2026-02-28 20:18:22.200,31.7680236,-106.3700046,688.531930122895,42.012,0.012499999999997513
1471,2026-02-28 20:18:22.240,31.768026,-106.3700087,689.0030438771244,42.012,-0.049999999999996714
1472,2026-02-28 20:18:22.280,31.7680285,-106.3700127,689.4729001809293,42.12,-0.11249999999999316
1473,2026-02-28 20:18:22.320,31.7680311,-106.3700168,689.9569871383343,42.156000000000006,-0.18749999999999822
1474,2026-02-28 20:18:22.360,31.7680335,-106.3700208,690.4203367215697,42.083999999999996,-0.20000000000000018
1475,2026-02-28 20:18:22.400,31.7680359,-106.3700247,690.8759864367121,42.012,-0.12499999999999512
1476,2026-02-28 20:18:22.440,31.7680384,-106.3700288,691.3535010682203,42.083999999999996,-0.06249999999999645
1477,2026-02-28 20:18:22.480,31.7680409,-106.3700328,691.8233573311469,42.12,-0.14999999999999902
1478,2026-02-28 20:18:22.520,31.7680434,-106.3700367,692.2856221202732,42.12,-0.2874999999999983
1479,2026-02-28 20:18:22.560,31.7680459,-106.3700407,692.7554783667165,42.012,-0.27499999999999636
1480,2026-02-28 20:18:22.600,31.7680484,-106.3700446,693.217743139916,41.976,-0.22499999999999742
1481,2026-02-28 20:18:22.640,31.7680508,-106.3700486,693.6810926653186,41.904,-0.18750000000000044
1482,2026-02-28 20:18:22.680,31.7680533,-106.3700525,694.1433574226719,41.904,-0.15000000000000124
1483,2026-02-28 20:18:22.720,31.7680559,-106.3700566,694.6274442967062,41.832,-0.18750000000000266
1484,2026-02-28 20:18:22.760,31.7680582,-106.3700606,695.0844656374568,41.832,-0.28750000000000053
1485,2026-02-28 20:18:22.800,31.7680608,-106.3700646,695.5609997718069,41.904,-0.3500000000000014
1486,2026-02-28 20:18:22.840,31.7680633,-106.3700685,696.0232644975449,42.012,-0.38750000000000284
1487,2026-02-28 20:18:22.880,31.7680657,-106.3700726,696.4943781146388,41.76,-0.32499999999999973
1488,2026-02-28 20:18:22.920,31.7680682,-106.3700766,696.9642342873327,41.652,-0.16250000000000098
1489,2026-02-28 20:18:22.960,31.7680706,-106.3700805,697.419883890571,41.688,-0.11250000000000426
1490,2026-02-28 20:18:23.000,31.7680731,-106.3700847,697.905120489791,41.652,-0.13750000000000373
1491,2026-02-28 20:18:23.040,31.7680755,-106.3700886,698.3607700769626,41.688,-0.1625000000000032
1492,2026-02-28 20:18:23.080,31.7680779,-106.3700927,698.8318836521383,41.688,-0.21250000000000213
1493,2026-02-28 20:18:23.120,31.7680804,-106.3700968,699.309398140511,41.507999999999996,-0.22499999999999742
1494,2026-02-28 20:18:23.160,31.7680828,-106.3701008,699.7727475589395,41.328,-0.1749999999999985
1495,2026-02-28 20:18:23.200,31.7680852,-106.3701048,700.236096968474,41.4,-0.18750000000000044
1496,2026-02-28 20:18:23.240,31.7680876,-106.3701089,700.7072105110266,41.4,-0.2499999999999969
1497,2026-02-28 20:18:23.280,31.7680901,-106.370113,701.1847249663416,41.436,-0.28749999999999387
1498,2026-02-28 20:18:23.320,31.7680925,-106.370117,701.6480743514727,41.507999999999996,-0.349999999999997
1499,2026-02-28 20:18:23.360,31.7680949,-106.3701211,702.1191878688089,41.507999999999996,-0.37499999999999645
1500,2026-02-28 20:18:23.400,31.7680973,-106.370125,702.574837385532,41.436,-0.337499999999995
1501,2026-02-28 20:18:23.440,31.7680997,-106.3701291,703.0459508851798,41.436,-0.33749999999999947
1502,2026-02-28 20:18:23.480,31.7681022,-106.3701331,703.5158069460218,41.328,-0.35000000000000364
1503,2026-02-28 20:18:23.520,31.7681046,-106.370137,703.9714564391543,41.22,-0.3375000000000017
1504,2026-02-28 20:18:23.560,31.768107,-106.370141,704.4348057766836,41.112,-0.3499999999999992
1505,2026-02-28 20:18:23.600,31.7681094,-106.3701449,704.8904552543044,41.076,-0.41249999999999787
1506,2026-02-28 20:18:23.640,31.7681118,-106.3701487,705.3384724740488,41.004000000000005,-0.475000000000001
1507,2026-02-28 20:18:23.680,31.7681142,-106.3701526,705.794121936158,41.004000000000005,-0.5250000000000044
1508,2026-02-28 20:18:23.720,31.7681167,-106.3701564,706.2488652812705,40.931999999999995,-0.5000000000000004
1509,2026-02-28 20:18:23.760,31.768119,-106.3701603,706.6980781087002,41.004000000000005,-0.4750000000000032
1510,2026-02-28 20:18:23.800,31.7681214,-106.3701642,707.1537275486314,40.968,-0.5000000000000049
1511,2026-02-28 20:18:23.840,31.7681238,-106.3701681,707.6093769799493,40.931999999999995,-0.4999999999999982
1512,2026-02-28 20:18:23.880,31.7681263,-106.370172,708.0716415047726,40.824,-0.44999999999999707
1513,2026-02-28 20:18:23.920,31.7681286,-106.3701759,708.5208543020651,40.752,-0.4125000000000023
1514,2026-02-28 20:18:23.960,31.768131,-106.3701797,708.968871460821,40.572,-0.3875000000000006
1515,2026-02-28 20:18:24.000,31.7681334,-106.3701835,709.4168886131679,40.428000000000004,-0.32499999999999973
1516,2026-02-28 20:18:24.040,31.7681358,-106.3701874,709.8725380065642,40.284,-0.29999999999999805
1517,2026-02-28 20:18:24.080,31.7681381,-106.3701911,710.3063320104467,40.212,-0.26249999999999885
1518,2026-02-28 20:18:24.120,31.7681404,-106.3701949,710.7478012566872,40.284,-0.28750000000000053
1519,2026-02-28 20:18:24.160,31.7681428,-106.3701987,711.1958183797036,40.284,-0.3624999999999967
1520,2026-02-28 20:18:24.200,31.7681451,-106.3702025,711.6372876112907,40.248,-0.3874999999999984
1521,2026-02-28 20:18:24.240,31.7681476,-106.3702065,712.1071435211469,40.212,-0.40000000000000036
1522,2026-02-28 20:18:24.280,31.7681499,-106.3702103,712.5486127375347,40.248,-0.41249999999999787
1523,2026-02-28 20:18:24.320,31.7681523,-106.3702141,712.9966298309087,40.14,-0.44999999999999707
1524,2026-02-28 20:18:24.360,31.7681546,-106.3702179,713.4380990321844,40.068000000000005,-0.48750000000000293
1525,2026-02-28 20:18:24.400,31.768157,-106.3702217,713.8861161108931,39.996,-0.45000000000000373
1526,2026-02-28 20:18:24.440,31.7681593,-106.3702255,714.3275852975154,39.852000000000004,-0.3375000000000017
1527,2026-02-28 20:18:24.480,31.7681616,-106.3702293,714.7690544766252,39.888,-0.2749999999999986
1528,2026-02-28 20:18:24.520,31.768164,-106.370233,715.2095104026754,39.78,-0.2624999999999966
1529,2026-02-28 20:18:24.560,31.7681663,-106.3702368,715.6509795671319,39.744,-0.3125
1530,2026-02-28 20:18:24.600,31.7681687,-106.3702406,716.0989966093337,39.672,-0.3624999999999967
1531,2026-02-28 20:18:24.640,31.768171,-106.3702443,716.5327905124669,39.636,-0.337499999999995
1532,2026-02-28 20:18:24.680,31.7681733,-106.3702481,716.9742596547577,39.636,-0.3249999999999975
1533,2026-02-28 20:18:24.720,31.7681756,-106.3702518,717.4080535449228,39.456,-0.23749999999999938
1534,2026-02-28 20:18:24.760,31.7681779,-106.3702555,717.8418474272088,39.348,-0.13749999999999707
1535,2026-02-28 20:18:24.800,31.7681801,-106.3702593,718.2769549669241,39.42,-0.187499999999996
1536,2026-02-28 20:18:24.840,31.7681825,-106.3702631,718.7249719663021,39.456,-0.29999999999999805
1537,2026-02-28 20:18:24.880,31.7681849,-106.3702668,719.1654278294645,39.492000000000004,-0.40000000000000036
1538,2026-02-28 20:18:24.920,31.7681871,-106.3702706,719.60053534669,39.42,-0.42500000000000204
1539,2026-02-28 20:18:24.960,31.7681894,-106.3702744,720.0420044379994,39.204,-0.3125
1540,2026-02-28 20:18:25.000,31.7681917,-106.370278,720.4681949856131,39.168000000000006,-0.21250000000000213
1541,2026-02-28 20:18:25.040,31.768194,-106.3702817,720.9019888197961,39.168000000000006,-0.21250000000000435
1542,2026-02-28 20:18:25.080,31.7681963,-106.3702855,721.3434578879313,39.168000000000006,-0.2500000000000058
1543,2026-02-28 20:18:25.120,31.7681986,-106.3702892,721.7772517080605,39.24,-0.28750000000000275
1544,2026-02-28 20:18:25.160,31.7682009,-106.370293,722.2187207627253,39.168000000000006,-0.26250000000000107
1545,2026-02-28 20:18:25.200,31.7682032,-106.3702968,722.6601898101071,39.06,-0.2000000000000024
1546,2026-02-28 20:18:25.240,31.7682054,-106.3703005,723.0875077785463,38.952000000000005,-0.15000000000000346
1547,2026-02-28 20:18:25.280,31.7682077,-106.3703042,723.5213015708732,38.844,-0.13750000000000373
1548,2026-02-28 20:18:25.320,31.7682099,-106.3703079,723.9486195251291,38.844,-0.16249999999999876
1549,2026-02-28 20:18:25.360,31.7682122,-106.3703115,724.3748100126309,38.88,-0.1499999999999968
1550,2026-02-28 20:18:25.400,31.7682145,-106.3703153,724.8162790242307,38.88,-0.10000000000000009
1551,2026-02-28 20:18:25.440,31.7682168,-106.3703189,725.2424694981906,38.844,-0.06250000000000311
1552,2026-02-28 20:18:25.480,31.768219,-106.3703227,725.6775769129265,38.772,-0.03750000000000142
1553,2026-02-28 20:18:25.520,31.7682213,-106.3703263,726.103767373639,38.808,-0.049999999999998934
1554,2026-02-28 20:18:25.560,31.7682236,-106.3703301,726.5452363564233,38.844,-0.10000000000000009
1555,2026-02-28 20:18:25.600,31.7682258,-106.3703337,726.9648336446088,38.808,-0.12500000000000178
1556,2026-02-28 20:18:25.640,31.7682281,-106.3703375,727.406302613373,38.772,-0.08749999999999813
1557,2026-02-28 20:18:25.680,31.7682304,-106.3703412,727.8400963350279,38.628,0.012500000000001954
1558,2026-02-28 20:18:25.720,31.7682326,-106.3703448,728.2596936028805,38.592000000000006,0.0749999999999984
1559,2026-02-28 20:18:25.760,31.7682347,-106.3703485,728.6807304145138,38.7,0.049999999999996714
1560,2026-02-28 20:18:25.800,31.768237,-106.3703522,729.1145241160045,38.772,-0.025000000000001688
1561,2026-02-28 20:18:25.840,31.7682393,-106.3703559,729.5483178117873,38.772,-0.0749999999999984
1562,2026-02-28 20:18:25.880,31.7682415,-106.3703596,729.9756356680359,38.736,-0.06249999999999867
1563,2026-02-28 20:18:25.920,31.7682439,-106.3703632,730.408605073348,38.7,0.0374999999999992
1564,2026-02-28 20:18:25.960,31.7682461,-106.370367,730.8437124010159,38.664,0.12499999999999956
1565,2026-02-28 20:18:26.000,31.7682483,-106.3703706,731.2633096219233,38.628,0.18750000000000044
1566,2026-02-28 20:18:26.040,31.7682506,-106.3703744,731.7047785192109,38.7,0.20000000000000018
1567,2026-02-28 20:18:26.080,31.7682528,-106.370378,732.1243757266627,38.736,0.12500000000000178
1568,2026-02-28 20:18:26.120,31.7682551,-106.3703818,732.5658446099302,38.7,0.10000000000000009
1569,2026-02-28 20:18:26.160,31.7682573,-106.3703854,732.9854418036955,38.736,0.06249999999999867
1570,2026-02-28 20:18:26.200,31.7682597,-106.3703892,733.433458562189,38.664,0.049999999999998934
1571,2026-02-28 20:18:26.240,31.7682618,-106.3703929,733.8544952873993,38.664,0.12500000000000178
1572,2026-02-28 20:18:26.280,31.7682641,-106.3703966,734.2882889071799,38.664,0.18750000000000488
1573,2026-02-28 20:18:26.320,31.7682664,-106.3704003,734.7220825190811,38.88,0.15000000000000124
1574,2026-02-28 20:18:26.360,31.7682686,-106.3704039,735.1416796790579,38.844,0.16250000000000098
1575,2026-02-28 20:18:26.400,31.7682709,-106.3704077,735.583148512294,38.988,0.16250000000000098
1576,2026-02-28 20:18:26.440,31.7682731,-106.3704115,736.018255753215,38.916000000000004,0.1374999999999993
1577,2026-02-28 20:18:26.480,31.7682753,-106.3704153,736.4533629872905,38.88,0.15000000000000124
1578,2026-02-28 20:18:26.520,31.7682776,-106.370419,736.8871565649736,38.844,0.16249999999999876
1579,2026-02-28 20:18:26.560,31.7682799,-106.3704227,737.320950136482,38.772,0.29999999999999805
1580,2026-02-28 20:18:26.600,31.7682822,-106.3704264,737.7547437001111,38.772,0.42500000000000204
1581,2026-02-28 20:18:26.640,31.7682844,-106.3704302,738.189850904727,38.916000000000004,0.42500000000000204
1582,2026-02-28 20:18:26.680,31.7682866,-106.370434,738.6249581024972,38.952000000000005,0.37499999999999867
1583,2026-02-28 20:18:26.720,31.7682889,-106.3704378,739.0664268787353,39.024,0.26250000000000107
1584,2026-02-28 20:18:26.760,31.7682913,-106.3704416,739.5144435383926,39.168000000000006,0.1374999999999993
1585,2026-02-28 20:18:26.800,31.7682934,-106.3704453,739.9354801641335,39.132,0.14999999999999902
1586,2026-02-28 20:18:26.840,31.7682957,-106.3704491,740.3769489186097,39.168000000000006,0.22500000000000187
1587,2026-02-28 20:18:26.880,31.768298,-106.3704527,740.8031391535266,39.06,0.28750000000000053
1588,2026-02-28 20:18:26.920,31.7683002,-106.3704565,741.2382463073794,39.132,0.3375000000000039
1589,2026-02-28 20:18:26.960,31.7683025,-106.3704604,741.6874585335397,39.348,0.2625000000000033
1590,2026-02-28 20:18:27.000,31.7683048,-106.3704642,742.1289272592003,39.42,0.1749999999999985
1591,2026-02-28 20:18:27.040,31.7683071,-106.370468,742.5703959778072,39.492000000000004,0.14999999999999458
1592,2026-02-28 20:18:27.080,31.7683093,-106.3704718,743.0055031024232,39.456,0.11249999999999538
1593,2026-02-28 20:18:27.120,31.7683117,-106.3704756,743.4535196986627,39.276,0.16249999999999654
1594,2026-02-28 20:18:27.160,31.7683138,-106.3704793,743.8745562601891,39.312,0.2499999999999969
1595,2026-02-28 20:18:27.200,31.7683161,-106.3704831,744.3160249500677,39.42,0.2749999999999986
1596,2026-02-28 20:18:27.240,31.7683184,-106.3704869,744.7574936326632,39.528000000000006,0.2624999999999966
1597,2026-02-28 20:18:27.280,31.7683208,-106.3704907,745.2055102005082,39.528000000000006,0.24999999999999467
1598,2026-02-28 20:18:27.320,31.768323,-106.3704945,745.6406172811082,39.636,0.23749999999999716
1599,2026-02-28 20:18:27.360,31.7683253,-106.3704982,746.0744107130583,39.6,0.22499999999999964
1600,2026-02-28 20:18:27.400,31.7683276,-106.370502,746.5158793665216,39.672,0.18750000000000044
1601,2026-02-28 20:18:27.440,31.7683299,-106.3705058,746.9573480129311,39.672,0.20000000000000018
1602,2026-02-28 20:18:27.480,31.7683321,-106.3705097,747.40030977594,39.6,0.2749999999999986
1603,2026-02-28 20:18:27.520,31.7683345,-106.3705135,747.8483263010372,39.6,0.28750000000000053
1604,2026-02-28 20:18:27.560,31.7683369,-106.3705173,748.29634281841,39.708,0.31250000000000444
1605,2026-02-28 20:18:27.600,31.7683391,-106.3705211,748.7314498472831,39.816,0.3000000000000047
1606,2026-02-28 20:18:27.640,31.7683414,-106.370525,749.1806619459327,39.888,0.1625000000000032
1607,2026-02-28 20:18:27.680,31.7683437,-106.3705288,749.6221305484144,39.888,0.07500000000000284
1608,2026-02-28 20:18:27.720,31.768346,-106.3705326,750.0635991438423,39.96,0.08750000000000258
1609,2026-02-28 20:18:27.760,31.7683484,-106.3705364,750.5116156253321,39.924,0.18750000000000266
1610,2026-02-28 20:18:27.800,31.7683507,-106.3705401,750.9454089794466,39.888,0.3000000000000025
1611,2026-02-28 20:18:27.840,31.768353,-106.370544,751.3946210400724,40.032,0.18750000000000488
1612,2026-02-28 20:18:27.880,31.7683554,-106.3705478,751.8426374997201,40.032,0.15000000000000568
1613,2026-02-28 20:18:27.920,31.7683577,-106.3705515,752.2764308335339,39.996,0.26250000000000107
1614,2026-02-28 20:18:27.960,31.76836,-106.3705556,752.741320958909,40.212,0.22499999999999742
1615,2026-02-28 20:18:28.000,31.7683623,-106.3705594,753.1827895024928,40.176,0.2124999999999977
1616,2026-02-28 20:18:28.040,31.7683646,-106.3705632,753.624258039023,39.996,0.2874999999999983
1617,2026-02-28 20:18:28.080,31.7683669,-106.3705671,754.0734700538603,39.996,0.3874999999999984
1618,2026-02-28 20:18:28.120,31.7683691,-106.370571,754.5164316940936,40.104000000000006,0.3999999999999959
1619,2026-02-28 20:18:28.160,31.7683715,-106.3705749,754.9720803247124,40.32,0.3249999999999975
1620,2026-02-28 20:18:28.200,31.7683739,-106.3705787,755.420096726635,40.356,0.3125
1621,2026-02-28 20:18:28.240,31.7683761,-106.3705825,755.8552036368552,40.104000000000006,0.512499999999998
1622,2026-02-28 20:18:28.280,31.7683785,-106.3705865,756.318552066772,40.392,0.5249999999999999
1623,2026-02-28 20:18:28.320,31.7683808,-106.3705904,756.7677640360464,40.392,0.40000000000000036
1624,2026-02-28 20:18:28.360,31.7683831,-106.3705943,757.216975998007,40.464,0.3874999999999984
1625,2026-02-28 20:18:28.400,31.7683854,-106.3705982,757.666187953308,40.536,0.33749999999999725
1626,2026-02-28 20:18:28.440,31.7683877,-106.370602,758.1076564166907,40.464,0.40000000000000036
1627,2026-02-28 20:18:28.480,31.7683901,-106.3706061,758.5787689132067,40.644,0.437500000000004
1628,2026-02-28 20:18:28.520,31.7683924,-106.3706099,759.0202373614771,40.608,0.4000000000000048
1629,2026-02-28 20:18:28.560,31.7683947,-106.3706139,759.477257560855,40.752,0.3500000000000014
1630,2026-02-28 20:18:28.600,31.7683971,-106.3706178,759.932906109834,40.824,0.36249999999999893
1631,2026-02-28 20:18:28.640,31.7683994,-106.3706219,760.3977960970693,41.112,0.33749999999999725
1632,2026-02-28 20:18:28.680,31.7684016,-106.3706257,760.8329029253616,40.896,0.37499999999999867
1633,2026-02-28 20:18:28.720,31.768404,-106.3706298,761.3040153738625,41.04,0.4500000000000015
1634,2026-02-28 20:18:28.760,31.7684064,-106.3706336,761.7520316743762,40.931999999999995,0.46250000000000124
1635,2026-02-28 20:18:28.800,31.7684086,-106.3706377,762.210884872246,41.04,0.4750000000000032
1636,2026-02-28 20:18:28.840,31.7684111,-106.3706417,762.6807399136654,41.112,0.4499999999999993
1637,2026-02-28 20:18:28.880,31.7684135,-106.3706456,763.136388409646,41.25600000000001,0.34999999999999476
1638,2026-02-28 20:18:28.920,31.7684159,-106.3706494,763.584404680517,41.148,0.3124999999999978
1639,2026-02-28 20:18:28.960,31.7684182,-106.3706535,764.0492946019417,41.22,0.4125000000000001
1640,2026-02-28 20:18:29.000,31.7684207,-106.3706575,764.519149611713,41.4,0.4249999999999998
1641,2026-02-28 20:18:29.040,31.7684229,-106.3706615,764.9700276029802,41.507999999999996,0.38750000000000284
1642,2026-02-28 20:18:29.080,31.7684255,-106.3706655,765.4465605516461,41.580000000000005,0.33749999999999947
1643,2026-02-28 20:18:29.120,31.7684278,-106.3706694,765.8957723670839,41.652,0.2499999999999991
1644,2026-02-28 20:18:29.160,31.7684302,-106.3706734,766.3591206241691,41.652,0.21250000000000213
1645,2026-02-28 20:18:29.200,31.7684326,-106.3706774,766.8224688732313,41.688,0.2874999999999983
1646,2026-02-28 20:18:29.240,31.768435,-106.3706815,767.293581214648,41.76,0.36250000000000115
1647,2026-02-28 20:18:29.280,31.7684374,-106.3706855,767.7569294465651,41.616,0.41250000000000453
1648,2026-02-28 20:18:29.320,31.7684398,-106.3706895,768.2202776715579,41.688,0.42500000000000204
1649,2026-02-28 20:18:29.360,31.7684421,-106.3706936,768.6851675095371,41.868,0.3500000000000014
1650,2026-02-28 20:18:29.400,31.7684445,-106.3706976,769.148515718818,41.976,0.2625000000000033
1651,2026-02-28 20:18:29.440,31.7684469,-106.3707017,769.6196280191283,42.048,0.2375000000000016
1652,2026-02-28 20:18:29.480,31.7684494,-106.3707057,770.0894829353687,42.012,0.2749999999999986
1653,2026-02-28 20:18:29.520,31.7684518,-106.3707097,770.5528311202457,41.940000000000005,0.3249999999999953
1654,2026-02-28 20:18:29.560,31.7684542,-106.3707138,771.0239433953394,41.976,0.337499999999995
1655,2026-02-28 20:18:29.600,31.7684566,-106.370718,771.502880919535,42.192,0.2750000000000008
1656,2026-02-28 20:18:29.640,31.768459,-106.3707221,771.9739931780479,42.300000000000004,0.22500000000000187
1657,2026-02-28 20:18:29.680,31.7684614,-106.370726,772.4296415192341,42.264,0.22499999999999742
1658,2026-02-28 20:18:29.720,31.7684638,-106.3707302,772.9085790177569,42.264,0.18749999999999822
1659,2026-02-28 20:18:29.760,31.7684661,-106.3707343,773.3734687717225,42.300000000000004,0.15000000000000124
1660,2026-02-28 20:18:29.800,31.7684685,-106.3707384,773.8445809974194,42.300000000000004,0.1749999999999985
1661,2026-02-28 20:18:29.840,31.768471,-106.3707426,774.3298161965098,42.408,0.19999999999999574
1662,2026-02-28 20:18:29.880,31.7684733,-106.3707466,774.7868361303844,42.443999999999996,0.1749999999999985
1663,2026-02-28 20:18:29.920,31.7684758,-106.3707507,775.2643492714606,42.443999999999996,0.16250000000000098
1664,2026-02-28 20:18:29.960,31.7684783,-106.3707548,775.7418624040167,42.443999999999996,0.15000000000000346
1665,2026-02-28 20:18:30.000,31.7684806,-106.370759,776.2146803576733,42.516000000000005,0.11249999999999982
1666,2026-02-28 20:18:30.040,31.768483,-106.3707631,776.6857925332823,42.624,0.03749999999999476
1667,2026-02-28 20:18:30.080,31.7684854,-106.3707672,777.156904700601,42.588,0.012499999999997513
1668,2026-02-28 20:18:30.120,31.7684878,-106.3707713,777.6280168596293,42.480000000000004,0.09999999999999565
1669,2026-02-28 20:18:30.160,31.7684902,-106.3707754,778.099129010367,42.516000000000005,0.09999999999999343
1670,2026-02-28 20:18:30.200,31.7684926,-106.3707796,778.578066407315,42.588,0.024999999999997247
1671,2026-02-28 20:18:30.240,31.7684951,-106.3707837,779.0555794826163,42.696,-0.0374999999999992
1672,2026-02-28 20:18:30.280,31.7684975,-106.3707878,779.5266916081375,42.66,-0.06249999999999867
1673,2026-02-28 20:18:30.320,31.7684999,-106.3707919,779.9978037253684,42.696,-0.0749999999999984
1674,2026-02-28 20:18:30.360,31.7685023,-106.3707961,780.47674108795,42.624,-0.09999999999999787
1675,2026-02-28 20:18:30.400,31.7685048,-106.3708002,780.9542541299629,42.66,-0.1499999999999968
1676,2026-02-28 20:18:30.440,31.7685072,-106.3708043,781.4253662219771,42.588,-0.19999999999999574
1677,2026-02-28 20:18:30.480,31.7685096,-106.3708084,781.8964783059251,42.66,-0.23749999999999494
1678,2026-02-28 20:18:30.520,31.768512,-106.3708125,782.3675903813586,42.696,-0.24999999999999467
1679,2026-02-28 20:18:30.560,31.7685144,-106.3708168,782.8544111617053,42.588,-0.16249999999999876
1680,2026-02-28 20:18:30.600,31.7685168,-106.3708208,783.317759129289,42.588,-0.08749999999999813
1681,2026-02-28 20:18:30.640,31.7685192,-106.3708249,783.7888711798512,42.588,-0.049999999999996714
1682,2026-02-28 20:18:30.680,31.7685216,-106.370829,784.259983222123,42.588,-0.049999999999996714
1683,2026-02-28 20:18:30.720,31.768524,-106.3708333,784.7468039671709,42.552,-0.08749999999999591
1684,2026-02-28 20:18:30.760,31.7685264,-106.3708373,785.210151902662,42.480000000000004,-0.07500000000000062
1685,2026-02-28 20:18:30.800,31.7685289,-106.3708415,785.6953868968782,42.372,-0.03750000000000364
1686,2026-02-28 20:18:30.840,31.7685313,-106.3708455,786.1587348159887,42.300000000000004,-4.440892098500626e-15
1687,2026-02-28 20:18:30.880,31.7685336,-106.3708496,786.6236243336659,42.264,0.03749999999999476
1688,2026-02-28 20:18:30.920,31.7685359,-106.3708538,787.0964420875891,42.372,0.1124999999999976
1689,2026-02-28 20:18:30.960,31.7685384,-106.3708579,787.5739550153228,42.443999999999996,0.1750000000000007
1690,2026-02-28 20:18:31.000,31.7685407,-106.370862,788.0388445079282,42.480000000000004,0.1499999999999968
1691,2026-02-28 20:18:31.040,31.7685431,-106.3708661,788.5099564759317,42.552,0.06249999999999645
1692,2026-02-28 20:18:31.080,31.7685455,-106.3708703,788.9888936842559,42.480000000000004,0.0
1693,2026-02-28 20:18:31.120,31.7685479,-106.3708744,789.4600056359029,42.408,0.012499999999997513
1694,2026-02-28 20:18:31.160,31.7685503,-106.3708785,789.9311175790352,42.408,0.0374999999999992
1695,2026-02-28 20:18:31.200,31.7685527,-106.3708826,790.4022295138772,42.336,0.1375000000000015
1696,2026-02-28 20:18:31.240,31.7685552,-106.3708867,790.8797423843558,42.336,0.22499999999999964
1697,2026-02-28 20:18:31.280,31.7685575,-106.3708907,791.3367620328542,42.336,0.20000000000000018
1698,2026-02-28 20:18:31.320,31.7685599,-106.370895,791.8235826458993,42.624,0.050000000000001155
1699,2026-02-28 20:18:31.360,31.7685623,-106.3708991,792.2946945475795,42.696,-0.049999999999998934
1700,2026-02-28 20:18:31.400,31.7685647,-106.3709032,792.7658064409694,42.66,0.0
1701,2026-02-28 20:18:31.440,31.7685671,-106.3709073,793.2369183260689,42.552,0.10000000000000009
1702,2026-02-28 20:18:31.480,31.7685695,-106.3709115,793.7158554490376,42.480000000000004,0.1749999999999985
1703,2026-02-28 20:18:31.520,31.7685718,-106.3709156,794.1807448327751,42.443999999999996,0.1749999999999985
1704,2026-02-28 20:18:31.560,31.7685743,-106.3709197,794.6582576381603,42.480000000000004,0.12499999999999734
1705,2026-02-28 20:18:31.600,31.7685768,-106.3709238,795.1357704350255,42.66,0.012499999999997513
1706,2026-02-28 20:18:31.640,31.7685791,-106.370928,795.6085880329181,42.66,2.220446049250313e-15
1707,2026-02-28 20:18:31.680,31.7685815,-106.3709321,796.079699868275,42.588,0.050000000000001155
1708,2026-02-28 20:18:31.720,31.7685839,-106.3709362,796.5508116953416,42.516000000000005,0.07499999999999618
1709,2026-02-28 20:18:31.760,31.7685863,-106.3709403,797.0219235141178,42.66,0.11249999999999982
1710,2026-02-28 20:18:31.800,31.7685887,-106.3709444,797.4930353246036,42.696,0.13750000000000373
1711,2026-02-28 20:18:31.840,31.7685911,-106.3709486,797.9719723703332,42.804,0.1375000000000015
1712,2026-02-28 20:18:31.880,31.7685936,-106.3709527,798.4494851099433,42.732,0.10000000000000231
1713,2026-02-28 20:18:31.920,31.768596,-106.3709568,798.9205968952124,42.696,0.07500000000000284
1714,2026-02-28 20:18:31.960,31.7685985,-106.3709609,799.3981096181232,42.588,0.125000000000004
1715,2026-02-28 20:18:32.000,31.7686009,-106.3709651,799.877046628909,42.588,0.2000000000000024
1716,2026-02-28 20:18:32.040,31.7686033,-106.3709692,800.3481583889615,42.732,0.1749999999999985
1717,2026-02-28 20:18:32.080,31.7686057,-106.3709733,800.8192701407235,42.66,0.14999999999999902
1718,2026-02-28 20:18:32.120,31.7686081,-106.3709774,801.2903818844193,42.66,0.2124999999999999
1719,2026-02-28 20:18:32.160,31.7686106,-106.3709817,801.7833993506745,42.84,0.1749999999999985
1720,2026-02-28 20:18:32.200,31.768613,-106.3709858,802.2545110772197,42.912,0.07500000000000062
1721,2026-02-28 20:18:32.240,31.7686155,-106.3709898,802.7243654458808,42.984,0.012500000000001954
1722,2026-02-28 20:18:32.280,31.7686179,-106.3709939,803.1954771554998,42.84,0.0374999999999992
1723,2026-02-28 20:18:32.320,31.7686204,-106.3709982,803.6884945863969,42.804,0.12499999999999734
1724,2026-02-28 20:18:32.360,31.7686228,-106.3710023,804.1596062790896,42.84,0.13749999999999485
1725,2026-02-28 20:18:32.400,31.7686253,-106.3710063,804.6294606154431,42.912,0.09999999999999565
1726,2026-02-28 20:18:32.440,31.7686277,-106.3710106,805.11628097919,42.912,0.0749999999999984
1727,2026-02-28 20:18:32.480,31.7686301,-106.3710147,805.5873926466661,42.912,0.0749999999999984
1728,2026-02-28 20:18:32.520,31.7686326,-106.3710188,806.0649052533628,43.019999999999996,0.07500000000000062
1729,2026-02-28 20:18:32.560,31.7686351,-106.3710229,806.5424178515394,42.984,0.10000000000000009
1730,2026-02-28 20:18:32.600,31.7686376,-106.3710271,807.0276524642992,42.984,0.1124999999999976
1731,2026-02-28 20:18:32.640,31.7686399,-106.3710312,807.4925416096474,42.948,0.10000000000000009
1732,2026-02-28 20:18:32.680,31.7686424,-106.3710353,807.9700541829453,42.984,0.08750000000000258
1733,2026-02-28 20:18:32.720,31.7686449,-106.3710396,808.4630715248891,43.019999999999996,0.07500000000000284
1734,2026-02-28 20:18:32.760,31.7686473,-106.3710437,808.9341831329504,43.019999999999996,0.08750000000000036
1735,2026-02-28 20:18:32.800,31.7686498,-106.3710477,809.4040373883006,43.019999999999996,0.09722222222222261
1736,2026-02-28 20:18:32.840,31.7686522,-106.371052,809.8908576619617,43.019999999999996,0.10937500000000044
1737,2026-02-28 20:18:32.880,31.7686546,-106.3710561,810.3619692450305,43.019999999999996,0.1250000000000005
1738,2026-02-28 20:18:32.920,31.7686572,-106.3710603,810.8536729121232,43.128,0.08333333333333155
1739,2026-02-28 20:18:32.960,31.7686597,-106.3710643,811.3235271350704,43.164,-4.440892098500626e-15
1740,2026-02-28 20:18:33.000,31.7686621,-106.3710686,811.8103473723296,43.128,-5.551115123125783e-15
1741,2026-02-28 20:18:33.040,31.7686646,-106.3710727,812.287859869969,43.092000000000006,0.08333333333331676
1742,2026-02-28 20:18:33.080,31.7686669,-106.3710769,812.7606771507434,43.092000000000006,0.1874999999999627
1743,2026-02-28 20:18:33.120,31.7686695,-106.371081,813.24476196201,43.128,0.24999999999995026
