frame_index_original,frame_index_zeroed,elapsed_time_s,timestamp,range_raw_m,velocity_raw_ms,range_kf_m,velocity_kf_ms,acceleration_kf_ms2,mahalanobis_d2,kf_update_accepted
2757,0,0.0,02/28/2026 13:17:22.600,47.37,-3.2,47.264370026600105,-3.19999977648879,-3.859008897461955e-06,0.00028633618652738327,True
2758,1,0.04,02/28/2026 13:17:22.640,47.37,-3.2,47.17112636866913,-3.19999973872843,-1.1732288416039712e-05,0.0009839767850083796,True
2759,2,0.08,02/28/2026 13:17:22.680,47.19,-3.2,47.06214668729522,-3.199999925233637,-1.2105042657601469e-05,0.00039768105694406534,True
2760,3,0.12,02/28/2026 13:17:22.720,47.19,-3.2,46.96348117032727,-3.199999868214389,-1.1022360107396399e-05,0.0012273670327650216,True
2761,4,0.16,02/28/2026 13:17:22.760,47.02,-3.2,46.85446083353129,-3.199999898551626,-9.804538725447166e-06,0.0006468752753349981,True
2762,5,0.2,02/28/2026 13:17:22.800,46.84,-3.37,46.73287827750318,-3.2991335799152512,-0.9469202077551186,4.819165898675474,True
2763,6,0.24,02/28/2026 13:17:22.840,46.66,-3.37,46.60440595945697,-3.355654628117778,-1.12399174321013,0.18936975798795602,True
2764,7,0.28,02/28/2026 13:17:22.880,46.49,-3.37,46.47172832909632,-3.3835348089409187,-0.9608861889449116,0.16575148630892778,True
2765,8,0.32,02/28/2026 13:17:22.920,46.31,-3.37,46.335167332531476,-3.3930864539524013,-0.6837818651582308,0.47993722759275315,True
2766,9,0.36,02/28/2026 13:17:22.960,46.31,-3.37,46.207831940609424,-3.3924231656836836,-0.4145415253774623,0.45262981000833385,True
2767,10,0.4,02/28/2026 13:17:23.000,45.96,-3.37,46.06577167743611,-3.387340831585892,-0.2062893076203569,0.2708008921722123,True
2768,11,0.44,02/28/2026 13:17:23.040,45.96,-3.37,45.932610982971376,-3.3813783226999146,-0.06968404145375379,0.11649678760625004,True
2769,12,0.48,02/28/2026 13:17:23.080,45.96,-3.37,45.80687503888833,-3.3762985633329836,0.005907307444071377,0.036216993241810415,True
2770,13,0.52,02/28/2026 13:17:23.120,45.96,-3.37,45.68738910880804,-3.372695458759971,0.03825142389113356,0.008199938064484533,True
2771,14,0.56,02/28/2026 13:17:23.160,45.61,-3.54,45.55071549186393,-3.4649149137806914,-0.8625069909039854,5.070856321848292,True
2772,15,0.6,02/28/2026 13:17:23.200,45.44,-3.54,45.41167368035928,-3.521950427782074,-1.0790308648459517,0.29303249837888773,True
2773,16,0.64,02/28/2026 13:17:23.240,45.44,-3.54,45.278464410087054,-3.5511678909913647,-0.9450581299438823,0.11275951662776361,True
2774,17,0.68,02/28/2026 13:17:23.280,45.44,-3.54,45.15042773370832,-3.5617785527064996,-0.6837975824535978,0.4284665222477578,True
2775,18,0.72,02/28/2026 13:17:23.320,45.44,-3.54,45.027023800373385,-3.5618496267712008,-0.4216825355089033,0.43317624013139056,True
2776,19,0.76,02/28/2026 13:17:23.360,44.73,-3.54,44.87906181458052,-3.557219189658119,-0.21512290074607723,0.2671564679699195,True
2777,20,0.8,02/28/2026 13:17:23.400,44.73,-3.54,44.73707037702896,-3.551485020564379,-0.07734847637715567,0.11863714234245455,True
2778,21,0.84,02/28/2026 13:17:23.440,44.56,-3.54,44.59405152101747,-3.5464838984894596,0.00043196221742204666,0.03783660066336186,True
2779,22,0.88,02/28/2026 13:17:23.480,44.56,-3.54,44.456263655229456,-3.542875803998957,0.03493166622356687,0.007675534799623266,True
2780,23,0.92,02/28/2026 13:17:23.520,44.21,-3.54,44.31097718426321,-3.5406577209020376,0.04282021850131248,0.0006126194053766592,True
2781,24,0.96,02/28/2026 13:17:23.560,44.21,-3.54,44.17072188061994,-3.5395306994899953,0.03719105537808839,0.00023184559701995173,True
2782,25,1.0,02/28/2026 13:17:23.600,44.21,-3.54,44.035001285194035,-3.5391293987786367,0.0267498475075858,0.001351654347309991,True
2783,26,1.04,02/28/2026 13:17:23.640,44.21,-3.71,43.89857664051941,-3.6335306562962733,-0.8905728106576061,5.2613614581417005,True
2784,27,1.08,02/28/2026 13:17:23.680,44.03,-3.71,43.759847752874606,-3.691833540325764,-1.1084939928788564,0.2984015223331,True
2785,28,1.12,02/28/2026 13:17:23.720,43.86,-3.88,43.61459267566026,-3.8160341326013008,-1.8758257782342418,3.681292446819951,True
2786,29,1.16,02/28/2026 13:17:23.760,43.86,-3.88,43.472271534602285,-3.884921411976862,-1.8167829282996757,0.02506720963040433,True
2787,30,1.2,02/28/2026 13:17:23.800,43.86,-3.88,43.33286528069845,-3.9145077778137756,-1.4028197194047554,1.077100472056969,True
2788,31,1.24,02/28/2026 13:17:23.840,43.86,-3.88,43.196381746265146,-3.920301568038612,-0.9193522213326821,1.470485019217432,True
2789,32,1.28,02/28/2026 13:17:23.880,43.68,-3.88,43.05801821353157,-3.914277669187152,-0.5081481005770653,1.06523508167178,True
2790,33,1.32,02/28/2026 13:17:23.920,43.33,-3.88,42.913668522545606,-3.9042837606697995,-0.21683394880259882,0.5341743490832864,True
2791,34,1.36,02/28/2026 13:17:23.960,43.33,-3.88,42.772677126583076,-3.8946564899996963,-0.04100668076425315,0.1999734698337284,True
2792,35,1.4000000000000001,02/28/2026 13:17:24.000,42.98,-3.88,42.62623893814362,-3.8872472746465445,0.045936676394205775,0.049963435454709645,True
2793,36,1.44,02/28/2026 13:17:24.040,42.98,-4.05,42.478314411188684,-3.9767993823290366,-0.8321717702874389,4.824651672755414,True
2794,37,1.48,02/28/2026 13:17:24.080,42.63,-4.05,42.32473197784191,-4.032248289236222,-1.0451172366078956,0.28542822990140837,True
2795,38,1.52,02/28/2026 13:17:24.120,42.45,-4.05,42.169863511001225,-4.06069689042561,-0.9167933075219178,0.10462183952072561,True
2796,39,1.56,02/28/2026 13:17:24.160,41.75,-4.05,42.00230945642628,-4.07106711061246,-0.6640755110495625,0.400539652368669,True
2797,40,1.6,02/28/2026 13:17:24.200,41.58,-4.21,41.830074182711805,-4.160025008174999,-1.263579573973145,2.2476446351730535,True
2798,41,1.6400000000000001,02/28/2026 13:17:24.240,41.4,-4.21,41.657056346735466,-4.210253093228804,-1.2605470275310293,0.0014874206015091673,True
2799,42,1.68,02/28/2026 13:17:24.280,41.4,-4.21,41.487244252428084,-4.232537323111934,-0.9901902412397199,0.45699323060936936,True
2800,43,1.72,02/28/2026 13:17:24.320,41.4,-4.38,41.3157789951757,-4.332032406272092,-1.5656088970238788,2.069566989591417,True
2801,44,1.76,02/28/2026 13:17:24.360,41.05,-4.38,41.13982758908769,-4.386518586884928,-1.4874130906624756,0.0383901307147324,True
2802,45,1.8,02/28/2026 13:17:24.400,40.7,-4.38,40.95986939796637,-4.409359961150336,-1.1352142287965308,0.7767288103449366,True
2803,46,1.84,02/28/2026 13:17:24.440,40.7,-4.38,40.783121474607036,-4.413252685104813,-0.7363157694825226,0.9946471370392566,True
2804,47,1.8800000000000001,02/28/2026 13:17:24.480,40.7,-4.55,40.60472578993401,-4.502281614123114,-1.308744780378451,2.0481613138671437,True
2805,48,1.92,02/28/2026 13:17:24.520,40.35,-4.55,40.42234973712358,-4.552059882600425,-1.2840353961345394,0.003928811476230826,True
2806,49,1.96,02/28/2026 13:17:24.560,40.35,-4.72,40.23793841894917,-4.668152614285882,-1.905995711482992,2.4179832184845167,True
2807,50,2.0,02/28/2026 13:17:24.600,39.82,-4.55,40.051112294680834,-4.636454453151162,-0.8688902332852237,6.723561123243449,True
2808,51,2.04,02/28/2026 13:17:24.640,40.0,-4.72,39.8659473943366,-4.698300956323056,-1.1291903864360884,0.42386136571901006,True
2809,52,2.08,02/28/2026 13:17:24.680,39.65,-4.72,39.67731224866155,-4.730437454939075,-1.0039829265801399,0.09799654605897418,True
2810,53,2.12,02/28/2026 13:17:24.720,39.65,-4.72,39.49150739959677,-4.742502165304136,-0.7340445281586221,0.45596090365126823,True
2811,54,2.16,02/28/2026 13:17:24.760,38.95,-4.72,39.29681981682332,-4.743066505585438,-0.4573431738806078,0.48110766321116477,True
2812,55,2.2,02/28/2026 13:17:24.800,38.95,-4.89,39.1004752486745,-4.832788979473559,-1.143649294158505,2.944344409663566,True
2813,56,2.24,02/28/2026 13:17:24.840,38.77,-4.89,38.90371351697489,-4.884901239653985,-1.2048158983484634,0.02376883640306005,True
2814,57,2.2800000000000002,02/28/2026 13:17:24.880,38.59,-4.89,38.706713847642995,-4.909165750250541,-0.9749049154912837,0.33066064949181956,True
2815,58,2.32,02/28/2026 13:17:24.920,38.42,-4.89,38.509823863846066,-4.915867083122845,-0.6646042987865781,0.6019623463652657,True
2816,59,2.36,02/28/2026 13:17:24.960,38.07,-4.89,38.310407198790294,-4.913327541443618,-0.38477009066198875,0.4906589666804774,True
2817,60,2.4,02/28/2026 13:17:25.000,37.89,-5.06,38.10641078225335,-5.00161412766089,-1.0851706282080604,3.067022201538552,True
2818,61,2.44,02/28/2026 13:17:25.040,37.89,-5.06,37.90481774780112,-5.053338241116242,-1.1650853663188023,0.03991957744583402,True
2819,62,2.48,02/28/2026 13:17:25.080,37.72,-5.06,37.70316394463315,-5.077763626650018,-0.951992464803974,0.28380997060159624,True
2820,63,2.52,02/28/2026 13:17:25.120,37.72,-5.06,37.504101156759056,-5.084835429434071,-0.6540634498705442,0.5557663171150611,True
2821,64,2.56,02/28/2026 13:17:25.160,37.72,-5.06,37.30766551198372,-5.082680203100448,-0.38198591129365744,0.4663236595166029,True
2822,65,2.6,02/28/2026 13:17:25.200,37.72,-5.06,37.113849422343826,-5.076881239213503,-0.17947020716473347,0.26422914620029725,True
2823,66,2.64,02/28/2026 13:17:25.240,36.84,-5.06,36.910334174990716,-5.070700573916113,-0.05110694265057705,0.10308773216161392,True
2824,67,2.68,02/28/2026 13:17:25.280,36.84,-5.23,36.70478741458421,-5.160062135452705,-0.8900805712012264,4.399615219004799,True
2825,68,2.72,02/28/2026 13:17:25.320,36.84,-5.23,36.50133426637129,-5.214729490698744,-1.0732612319637778,0.2121782133262405,True
2826,69,2.7600000000000002,02/28/2026 13:17:25.360,36.31,-5.23,36.29292075071276,-5.2423014558411785,-0.9256925937611947,0.13610956373155153,True
2827,70,2.8000000000000003,02/28/2026 13:17:25.400,36.31,-5.23,36.086905502865505,-5.251938308402404,-0.6625173961503452,0.4339542362823502,True
2828,71,2.84,02/28/2026 13:17:25.440,35.96,-5.23,35.878776116879884,-5.251542638639818,-0.4040905610649538,0.41754556475639704,True
2829,72,2.88,02/28/2026 13:17:25.480,35.61,-5.23,35.668719542634264,-5.246769573252662,-0.20292334946137866,0.25299977497368703,True
2830,73,2.92,02/28/2026 13:17:25.520,35.61,-5.39,35.45673912948925,-5.329909388014708,-0.9237689865117528,3.24811210793619,True
2831,74,2.96,02/28/2026 13:17:25.560,35.09,-5.39,35.24022388217171,-5.379709012389549,-1.0472218041961123,0.09573890384795042,True
2832,75,3.0,02/28/2026 13:17:25.600,34.74,-5.39,35.02158160133497,-5.404053276035338,-0.8786423033614736,0.17931626110737933,True
2833,76,3.04,02/28/2026 13:17:25.640,34.38,-5.39,34.800928065411384,-5.411881396165196,-0.6161584404990473,0.4344028938594375,True
2834,77,3.08,02/28/2026 13:17:25.680,34.38,-5.39,34.58282697128021,-5.41069305640771,-0.3679270002400026,0.3859964995755957,True
2835,78,3.12,02/28/2026 13:17:25.720,34.38,-5.39,34.36728561439195,-5.4057482850247585,-0.17901021819921512,0.2230633098414708,True
2836,79,3.16,02/28/2026 13:17:25.760,34.38,-5.56,34.14940155613481,-5.494582256405572,-0.9637591648261775,3.850071302767757,True
2837,80,3.2,02/28/2026 13:17:25.800,34.38,-5.56,33.93334123857385,-5.548050316601811,-1.107101754609646,0.13269020893813718,True
2838,81,3.24,02/28/2026 13:17:25.840,34.21,-5.39,33.722093870220455,-5.479985448821779,-0.0276287531336481,7.288021098286456,True
2839,82,3.2800000000000002,02/28/2026 13:17:25.880,33.51,-5.39,33.50556489082606,-5.430511627395492,0.45834926464748843,1.4760920309792724,True
2840,83,3.3200000000000003,02/28/2026 13:17:25.920,33.33,-5.39,33.28981239805061,-5.39986322969331,0.5766692187980572,0.0875324694866259,True
2841,84,3.36,02/28/2026 13:17:25.960,33.33,-5.39,33.07675141153357,-5.384127469093131,0.5062256369894302,0.03238676500228998,True
2842,85,3.4,02/28/2026 13:17:26.000,33.33,-5.56,32.861329732303886,-5.472776176927916,-0.5401061406228058,6.847235916396371,True
2843,86,3.44,02/28/2026 13:17:26.040,32.63,-5.56,32.63997413355575,-5.530816363551215,-0.8901935192238384,0.7660096887783289,True
2844,87,3.48,02/28/2026 13:17:26.080,32.28,-5.56,32.41672457295841,-5.562857266107378,-0.8559195370634646,0.007741816061147964,True
2845,88,3.52,02/28/2026 13:17:26.120,32.28,-5.56,32.19551234669986,-5.5764970775459926,-0.6580192793455022,0.24493207671945325,True
2846,89,3.56,02/28/2026 13:17:26.160,32.1,-5.56,31.974506655670563,-5.5790426180051425,-0.42958214481708057,0.3264859520979872,True
2847,90,3.6,02/28/2026 13:17:26.200,31.58,-5.56,31.750253566968134,-5.576111370246845,-0.23631221566398297,0.23407613851501685,True
2848,91,3.64,02/28/2026 13:17:26.240,31.23,-5.39,31.529558736121995,-5.47697553297759,0.8070433300030382,6.805592628883271,True
2849,92,3.68,02/28/2026 13:17:26.280,31.23,-5.39,31.311864135767017,-5.41432464688669,1.0988409954392622,0.532303593230381,True
2850,93,3.72,02/28/2026 13:17:26.320,31.05,-5.39,31.095139219903572,-5.381270270691245,0.994118462145351,0.06858645417392442,True
2851,94,3.7600000000000002,02/28/2026 13:17:26.360,31.05,-5.39,30.880990543255535,-5.368432310379095,0.7353944412935696,0.4189714745477543,True
2852,95,3.8000000000000003,02/28/2026 13:17:26.400,30.7,-5.39,30.665707835585952,-5.367325559454491,0.46339203965173875,0.4624327196296464,True
2853,96,3.84,02/28/2026 13:17:26.440,30.7,-5.39,30.452647629043817,-5.371671830167018,0.24353037081428397,0.3034247785160729,True
2854,97,3.88,02/28/2026 13:17:26.480,30.7,-5.39,30.241669110360768,-5.377515718201387,0.09377484006142855,0.14465503747245392,True
2855,98,3.92,02/28/2026 13:17:26.520,30.17,-5.39,30.027560050580206,-5.38277930483913,0.007157178760905769,0.04732443223260027,True
2856,99,3.96,02/28/2026 13:17:26.560,29.82,-5.39,29.812113109430456,-5.38666133248425,-0.03289341181150335,0.010026620878589911,True
2857,100,4.0,02/28/2026 13:17:26.600,29.65,-5.39,29.59706733363194,-5.389100240405246,-0.043686239350242524,0.0007878988653880702,True
2858,101,4.04,02/28/2026 13:17:26.640,29.65,-5.39,29.38400967961246,-5.390376593551828,-0.039165106713076485,0.001640350510252943,True
2859,102,4.08,02/28/2026 13:17:26.680,29.65,-5.39,29.172891611581065,-5.390863485831638,-0.028800423335981838,0.005537658397357578,True
2860,103,4.12,02/28/2026 13:17:26.720,29.47,-5.39,28.96200974133805,-5.390895595374695,-0.01805014824259521,0.006238403622013567,True
2861,104,4.16,02/28/2026 13:17:26.760,29.12,-5.39,28.749812393045264,-5.390718844103674,-0.009422003322374518,0.0033943611755793673,True
2862,105,4.2,02/28/2026 13:17:26.800,28.77,-5.23,28.540932415469562,-5.301645363157286,0.8500396359025935,4.617848678319491,True
2863,106,4.24,02/28/2026 13:17:26.840,28.77,-5.23,28.33457136498018,-5.2467410262343295,1.0508709227428779,0.25613977755854156,True
2864,107,4.28,02/28/2026 13:17:26.880,28.77,-5.23,28.13053528750882,-5.218749849340119,0.9159224090105466,0.12255117553249852,True
2865,108,4.32,02/28/2026 13:17:26.920,28.6,-5.23,27.927102250755333,-5.208701681840899,0.6604363975006684,0.41761983913820017,True
2866,109,4.36,02/28/2026 13:17:26.960,28.24,-5.23,27.72245271809799,-5.208778092105569,0.40586495597376376,0.4107552124131247,True
2867,110,4.4,02/28/2026 13:17:27.000,27.72,-5.06,27.52001028970173,-5.11894708848333,1.1129975552610818,3.12609189583903,True
2868,111,4.44,02/28/2026 13:17:27.040,27.19,-5.06,27.31547608325697,-5.066416539483705,1.1899687870843654,0.037364243002471396,True
2869,112,4.48,02/28/2026 13:17:27.080,26.49,-5.06,27.107287732317634,-5.041685569306297,0.9702605399873707,0.3098459105148937,True
2870,113,4.5200000000000005,02/28/2026 13:17:27.120,26.31,-5.06,26.899730105110102,-5.0345951969574045,0.6654964676439108,0.5879467257672442,True
2871,114,4.5600000000000005,02/28/2026 13:17:27.160,26.49,-4.89,26.700522462072097,-4.942468676422621,1.294908558917006,2.4769352009996988,True
2872,115,4.6000000000000005,02/28/2026 13:17:27.200,26.31,-4.89,26.502272474727537,-4.890299308759351,1.2984965429303739,0.0008698696460697624,True
2873,116,4.64,02/28/2026 13:17:27.240,26.31,-4.72,26.311118724954913,-4.772639183791499,1.9299567959559925,2.4921378200162394,True
2874,117,4.68,02/28/2026 13:17:27.280,26.31,-4.72,26.122586033335132,-4.709077303416526,1.7989304614635488,0.10804772273386089,True
2875,118,4.72,02/28/2026 13:17:27.320,26.14,-4.72,25.9349329798071,-4.683139670963362,1.3567562142678238,1.2228797846825727,True
2876,119,4.76,02/28/2026 13:17:27.360,25.61,-4.72,25.74496172407418,-4.679470792664623,0.8705655943976418,1.477776438883712,True
2877,120,4.8,02/28/2026 13:17:27.400,25.44,-4.55,25.560256316956238,-4.592094012333774,1.3755242826950114,1.5939502131726138,True
2878,121,4.84,02/28/2026 13:17:27.440,25.44,-4.55,25.3777935544716,-4.544250768693901,1.306557252725031,0.029810139911542192,True
2879,122,4.88,02/28/2026 13:17:27.480,25.09,-4.55,25.194562952601018,-4.524200115533093,0.9970601633937706,0.5989133136574383,True
2880,123,4.92,02/28/2026 13:17:27.520,24.56,-4.55,25.008973279358255,-4.520789145514377,0.646640520285765,0.7717748063504435,True
2881,124,4.96,02/28/2026 13:17:27.560,24.56,-4.38,24.829889988733342,-4.43111150379782,1.2597711815085426,2.351101229553483,True
2882,125,5.0,02/28/2026 13:17:27.600,24.38,-4.38,24.65157966812833,-4.380320921251041,1.263617396003107,0.0016664095135944979,True
2883,126,5.04,02/28/2026 13:17:27.640,24.03,-4.38,24.47253613809657,-4.357664156404069,0.9956705530140784,0.45290893076587074,True
2884,127,5.08,02/28/2026 13:17:27.680,24.03,-4.38,24.295211323848665,-4.352354181882407,0.6640275183490331,0.688926103954722,True
2885,128,5.12,02/28/2026 13:17:27.720,24.03,-4.38,24.119404487637542,-4.355892151267495,0.37482831016475576,0.5228984054301217,True
2886,129,5.16,02/28/2026 13:17:27.760,23.68,-4.38,23.942373173483702,-4.362610631426786,0.16622180359946082,0.27345161618438274,True
2887,130,5.2,02/28/2026 13:17:27.800,23.33,-4.38,23.76408184418332,-4.3693098980814975,0.03797753073833224,0.10681498649363791,True
2888,131,5.24,02/28/2026 13:17:27.840,23.33,-4.21,23.591978245311154,-4.28017628281069,0.879809614443354,4.430707477385496,True
2889,132,5.28,02/28/2026 13:17:27.880,23.33,-4.21,23.421816261218,-4.22555888015089,1.0664529218083207,0.21790198135846264,True
2890,133,5.32,02/28/2026 13:17:27.920,23.33,-4.21,23.253418646751964,-4.197947767677227,0.9218752033821604,0.13076634925834077,True
2891,134,5.36,02/28/2026 13:17:27.960,23.33,-4.05,23.09117731730188,-4.099398134413432,1.5144589294212425,2.195947720634716,True
2892,135,5.4,02/28/2026 13:17:28.000,22.98,-4.05,22.9284582883606,-4.045027628554121,1.4548109773385918,0.0222931972663644,True
2893,136,5.44,02/28/2026 13:17:28.040,22.81,-4.05,22.766302600170892,-4.0219080143122685,1.1178197582518266,0.7098090143407467,True
2894,137,5.48,02/28/2026 13:17:28.080,22.63,-3.88,22.609281350397143,-3.923226573462169,1.6363665126535478,1.6805769857805295,True
2895,138,5.5200000000000005,02/28/2026 13:17:28.120,22.46,-3.88,22.45306632826993,-3.870114269637684,1.5177772656458586,0.08789728075329516,True
2896,139,5.5600000000000005,02/28/2026 13:17:28.160,21.93,-3.88,22.294891371876044,-3.8486033282924366,1.1411376532133395,0.8894572346691847,True
2897,140,5.6000000000000005,02/28/2026 13:17:28.200,21.93,-3.88,22.13818988911089,-3.845736579958169,0.7301105428327028,1.0568254885074786,True
2898,141,5.64,02/28/2026 13:17:28.240,21.75,-3.88,21.981517033710514,-3.8517736661271536,0.3915040848470069,0.7177377299869305,True
2899,142,5.68,02/28/2026 13:17:28.280,21.75,-3.88,21.825970436199334,-3.8604820350773843,0.15736535572445945,0.34275515107672466,True
2900,143,5.72,02/28/2026 13:17:28.320,21.75,-3.88,21.67146163467976,-3.868519992799776,0.019652080171106312,0.11866170948462233,True
2901,144,5.76,02/28/2026 13:17:28.360,21.23,-3.71,21.5193568437062,-3.780151024662271,0.8611808181844337,4.427835250514158,True
2902,145,5.8,02/28/2026 13:17:28.400,21.23,-3.71,21.368944914886036,-3.725879117904681,1.0516650891609973,0.22718642963688027,True
2903,146,5.84,02/28/2026 13:17:28.440,21.23,-3.71,21.22005885309269,-3.6983533620338176,0.9119520129612625,0.1220004130806606,True
2904,147,5.88,02/28/2026 13:17:28.480,21.23,-3.71,21.072499665117405,-3.68859677061555,0.6552006772590808,0.4125339146210084,True
2905,148,5.92,02/28/2026 13:17:28.520,21.05,-3.88,20.920031019030038,-3.7832193676260375,-0.5057792305243791,8.424564740032633,True
2906,149,5.96,02/28/2026 13:17:28.560,20.7,-3.88,20.76565392662245,-3.8459554913627243,-0.9141784129788788,1.0425305048178133,True
2907,150,6.0,02/28/2026 13:17:28.600,20.35,-3.71,20.61436946228969,-3.7867281210964037,0.006249581111668956,5.296396577354238,True
2908,151,6.04,02/28/2026 13:17:28.640,20.17,-3.71,20.463235166925173,-3.744013337544265,0.4142701536208279,1.042329644014838,True
2909,152,6.08,02/28/2026 13:17:28.680,20.17,-3.71,20.313395435213362,-3.7177576114498074,0.5073286818346642,0.05456166095282593,True
2910,153,6.12,02/28/2026 13:17:28.720,20.17,-3.54,20.169651991444113,-3.6100307473918702,1.3474183554058414,4.410941681753566,True
2911,154,6.16,02/28/2026 13:17:28.760,19.82,-3.54,20.025500148811698,-3.54717575622493,1.433496132501441,0.047207445537358665,True
2912,155,6.2,02/28/2026 13:17:28.800,19.82,-3.54,19.882913460764048,-3.5176901187784906,1.1658657150615537,0.44774823127733937,True
2913,156,6.24,02/28/2026 13:17:28.840,19.82,-3.37,19.746521634096965,-3.4149433074425755,1.7050071170895906,1.8168267898994281,True
2914,157,6.28,02/28/2026 13:17:28.880,19.3,-3.37,19.608704350014435,-3.359657164787513,1.58093032186397,0.09825232548674591,True
2915,158,6.32,02/28/2026 13:17:28.920,19.3,-3.2,19.477283811032223,-3.242882082441317,2.095341977312833,1.6545345504491136,True
2916,159,6.36,02/28/2026 13:17:28.960,19.12,-3.2,19.346674307662024,-3.181796428574372,1.8769687678203735,0.2991409740794679,True
2917,160,6.4,02/28/2026 13:17:29.000,19.3,-3.03,19.22358914688285,-3.0641193039757226,2.2862653346084185,1.04714950218809,True
2918,161,6.44,02/28/2026 13:17:29.040,19.47,-3.03,19.10340754415975,-3.0045019108180346,1.9803947308303753,0.5875859120444757,True
2919,162,6.48,02/28/2026 13:17:29.080,19.47,-3.03,18.984693669102054,-2.983428804498278,1.4217324408787788,1.9556468101565336,True
2920,163,6.5200000000000005,02/28/2026 13:17:29.120,19.3,-2.87,18.870692853996477,-2.895153617880008,1.723481125531734,0.57301181584514,True
2921,164,6.5600000000000005,02/28/2026 13:17:29.160,19.12,-2.7,18.762042383937,-2.7561320332820953,2.3968463160136917,2.8366251222101666,True
2922,165,6.6000000000000005,02/28/2026 13:17:29.200,18.77,-2.7,18.653252598786555,-2.68232504379546,2.184818853015849,0.28126147575344806,True
2923,166,6.640000000000001,02/28/2026 13:17:29.240,18.6,-2.53,18.549880856972944,-2.558877910576059,2.53123925996531,0.7500990456681288,True
2924,167,6.68,02/28/2026 13:17:29.280,18.42,-2.53,18.447296724461072,-2.4978134688663975,2.1451288989445327,0.9317741555811695,True
2925,168,6.72,02/28/2026 13:17:29.320,18.42,-2.53,18.346113003114063,-2.4775242622535343,1.5156302932435655,2.4767912721008467,True
2926,169,6.76,02/28/2026 13:17:29.360,18.42,-2.36,18.2508460755471,-2.385305025265823,1.8191918740727315,0.5765481145810659,True
2927,170,6.8,02/28/2026 13:17:29.400,18.42,-2.19,18.161914560023213,-2.244496867310614,2.4729402915666308,2.6725987620051384,True
2928,171,6.84,02/28/2026 13:17:29.440,18.24,-2.19,18.073774045550422,-2.170244062815884,2.23594999845209,0.3516133435654627,True
2929,172,6.88,02/28/2026 13:17:29.480,18.07,-2.02,17.990960732275408,-2.0470427680997796,2.560356390175795,0.6578816999171383,True
2930,173,6.92,02/28/2026 13:17:29.520,18.24,-2.02,17.91079967657487,-1.9864787791390253,2.1582397104487443,1.0129105169762673,True
2931,174,6.96,02/28/2026 13:17:29.560,18.24,-1.85,17.83677685295457,-1.8723027338390443,2.4257888092250646,0.4508605613684498,True
2932,175,7.0,02/28/2026 13:17:29.600,17.72,-1.85,17.761431656321424,-1.816765167728496,2.027102832098298,0.9934783534785567,True
2933,176,7.04,02/28/2026 13:17:29.640,17.72,-1.69,17.69186077535165,-1.7103161496498387,2.2708159678152935,0.37124290495826423,True
2934,177,7.08,02/28/2026 13:17:29.680,17.72,-1.69,17.623753896722345,-1.6586383482129252,1.8946024749232904,0.8847985262858342,True
2935,178,7.12,02/28/2026 13:17:29.720,17.72,-1.52,17.56161091801842,-1.5479535569312872,2.229935730340674,0.703340233640297,True
2936,179,7.16,02/28/2026 13:17:29.760,17.72,-1.35,17.505791532500197,-1.3983678734621834,2.8101600917360363,2.1051123684799284,True
2937,180,7.2,02/28/2026 13:17:29.800,17.54,-1.18,17.45562897471081,-1.2271251762203643,3.375475355578816,1.997538224230778,True
2938,181,7.24,02/28/2026 13:17:29.840,17.54,-1.18,17.407415046272618,-1.1409098901318981,2.906551660054811,1.3746790554829151,True
2939,182,7.28,02/28/2026 13:17:29.880,17.37,-1.01,17.364557015269018,-1.0165144649830173,2.984699329255808,0.0381697735500742,True
2940,183,7.32,02/28/2026 13:17:29.920,17.37,-1.01,17.323266584227724,-0.9598005628325235,2.382506897695629,2.266517898681772,True
2941,184,7.36,02/28/2026 13:17:29.960,17.19,-1.01,17.28208110737683,-0.9452905967374295,1.6062509399599456,3.766268571823789,True
2942,185,7.4,02/28/2026 13:17:30.000,17.19,-0.84,17.24644445437715,-0.858252465315949,1.8252069957084167,0.29970296075457464,True
2943,186,7.44,02/28/2026 13:17:30.040,17.19,-0.84,17.21187499333177,-0.8156479318324578,1.5330790157587257,0.5333778522186523,True
2944,187,7.48,02/28/2026 13:17:30.080,16.67,-0.84,17.175357364218243,-0.8018975719319802,1.0759952817980722,1.3112369665861037,True
2945,188,7.5200000000000005,02/28/2026 13:17:30.120,16.84,-0.84,17.140234420220736,-0.8039132594165702,0.6430944212847829,1.1731973978793937,True
2946,189,7.5600000000000005,02/28/2026 13:17:30.160,16.84,-0.67,17.11032653364604,-0.7181166061455333,1.2202982864796788,2.0838219526332105,True
2947,190,7.6000000000000005,02/28/2026 13:17:30.200,16.84,-0.67,17.081317363508493,-0.669691130765593,1.2165899565209284,0.0013256134653067103,True
2948,191,7.640000000000001,02/28/2026 13:17:30.240,17.02,-0.67,17.053912257584336,-0.6482200361053936,0.9553168136617765,0.42667292723433625,True
2949,192,7.68,02/28/2026 13:17:30.280,17.02,-0.51,17.031582984066404,-0.5544772939684774,1.4888668046961766,1.7792249090321193,True
2950,193,7.72,02/28/2026 13:17:30.320,17.02,-0.51,17.010208226709363,-0.5032944716039868,1.4084273342365525,0.040442665408155186,True
2951,194,7.76,02/28/2026 13:17:30.360,16.84,-0.51,16.98862999622472,-0.48196265127281945,1.0720890417217097,0.7074951222101796,True
2952,195,7.8,02/28/2026 13:17:30.400,16.67,-0.51,16.9666696646438,-0.4784590879016575,0.6937200422740271,0.8966502300803104,True
2953,196,7.84,02/28/2026 13:17:30.440,16.67,-0.51,16.94499887242514,-0.4836319132310781,0.37740459767101825,0.6269620592079042,True
2954,197,7.88,02/28/2026 13:17:30.480,16.67,-0.51,16.92349747324695,-0.49155956809573276,0.15618967314366622,0.30722172043428214,True
2955,198,7.92,02/28/2026 13:17:30.520,16.67,-0.34,16.90699476295984,-0.40462641557883294,0.9314458417476783,3.7575712406798987,True
2956,199,7.96,02/28/2026 13:17:30.560,16.67,-0.34,16.89125950804174,-0.3521722424861295,1.0774613376016744,0.13429296150008377,True
2957,200,8.0,02/28/2026 13:17:30.600,16.67,-0.34,16.876131556452318,-0.3262461923115804,0.9124678271588728,0.17104941676442,True
2958,201,8.040000000000001,02/28/2026 13:17:30.640,16.67,-0.34,16.861425849814008,-0.3176509865160817,0.644366317802658,0.45002341096906423,True
2959,202,8.08,02/28/2026 13:17:30.680,16.67,-0.34,16.846985519394252,-0.3185977512041296,0.38762239614163907,0.41265367135753994,True
2960,203,8.120000000000001,02/28/2026 13:17:30.720,16.67,-0.34,16.83269948851857,-0.3235861652625447,0.19071973349485774,0.24288208902901579,True
2961,204,8.16,02/28/2026 13:17:30.760,16.67,-0.34,16.818500533041153,-0.3293075105565904,0.062450580415121415,0.10330164955853126,True
2962,205,8.2,02/28/2026 13:17:30.800,16.84,-0.34,16.80516281376908,-0.33413359784853575,-0.007922397431573358,0.03097788373866149,True
2963,206,8.24,02/28/2026 13:17:30.840,16.67,-0.17,16.795951381007946,-0.24313790777551952,0.8694391724012707,4.811350879177564,True
2964,207,8.28,02/28/2026 13:17:30.880,16.67,-0.17,16.787475881031266,-0.18706055849918196,1.0740963110630386,0.26207042121557256,True
2965,208,8.32,02/28/2026 13:17:30.920,16.84,-0.17,16.78038379373324,-0.1584796773676158,0.9358991574709076,0.11944039687980802,True
2966,209,8.36,02/28/2026 13:17:30.960,16.84,-0.17,16.773687380038535,-0.14822707780665095,0.6747117856805599,0.4264601608866753,True
2967,210,8.4,02/28/2026 13:17:31.000,16.84,-0.17,16.76722645527648,-0.1483137456522154,0.4145641659728266,0.42309129916145827,True
2968,211,8.44,02/28/2026 13:17:31.040,16.84,-0.17,16.76088543305249,-0.1529802028335302,0.21039550348712444,0.26066234209191796,True
2969,212,8.48,02/28/2026 13:17:31.080,16.84,-0.17,16.754593147541513,-0.15868763237305722,0.074693314224137,0.11524868127710106,True
2970,213,8.52,02/28/2026 13:17:31.120,16.84,-0.17,16.74831329638173,-0.16364003278335273,-0.0015997403000603122,0.03655731215023814,True
2971,214,8.56,02/28/2026 13:17:31.160,16.84,-0.17,16.742032751667878,-0.16719977675208944,-0.03518998313296764,0.007255864566377074,True
2972,215,8.6,02/28/2026 13:17:31.200,16.49,-0.17,16.734163556464214,-0.16938101846675677,-0.04261845325735504,0.0016132929379915387,True
2973,216,8.64,02/28/2026 13:17:31.240,16.49,-0.17,16.726313523315167,-0.17048324142433435,-0.0368245419604158,0.0013977313112192892,True
2974,217,8.68,02/28/2026 13:17:31.280,16.49,-0.17,16.71848938231669,-0.17087036072145237,-0.026386641513296703,0.0017914008980129826,True
2975,218,8.72,02/28/2026 13:17:31.320,16.49,-0.17,16.710696884137878,-0.17085683014369737,-0.016110952952993356,0.0016959252380536359,True
2976,219,8.76,02/28/2026 13:17:31.360,16.49,-0.17,16.70294000696639,-0.17066800027457968,-0.008100369118902112,0.0013655120625577946,True
2977,220,8.8,02/28/2026 13:17:31.400,16.49,-0.17,16.695220983990865,-0.17044150316266674,-0.0028067472065201977,0.0010709542698718094,True
2978,221,8.84,02/28/2026 13:17:31.440,16.49,-0.17,16.68754068990178,-0.1702465876474451,0.00014876547017387848,0.0008846244933797758,True
2979,222,8.88,02/28/2026 13:17:31.480,16.67,-0.17,16.68069068618186,-0.17010703729237184,0.0014326477902081563,1.2732386618146995e-05,True
2980,223,8.92,02/28/2026 13:17:31.520,16.67,-0.17,16.67387196177224,-0.17002212346635434,0.001697991067929225,7.588686657996641e-07,True
2981,224,8.96,02/28/2026 13:17:31.560,16.67,-0.17,16.66708387866872,-0.16997962814076828,0.0014536477228645939,5.539782946506411e-07,True
2982,225,9.0,02/28/2026 13:17:31.600,16.67,-0.17,16.66032576033237,-0.1699650651870817,0.00103469441541767,3.0874185252565888e-06,True
2983,226,9.040000000000001,02/28/2026 13:17:31.640,16.84,-0.17,16.65433171606939,-0.1699657718729726,0.0006264945027449032,0.0007342585023940383,True
2984,227,9.08,02/28/2026 13:17:31.680,16.49,-0.17,16.646853937332164,-0.16997387257202476,0.000311041256476416,0.0005239159373464143,True
2985,228,9.120000000000001,02/28/2026 13:17:31.720,16.32,-0.17,16.63868264724498,-0.16998333495874246,0.00010700658184338644,0.0021603003311119824,True
2986,229,9.16,02/28/2026 13:17:31.760,16.32,-0.17,16.630552016690086,-0.1699911604985802,-3.0473920675397565e-06,0.002051263204249071,True
2987,230,9.200000000000001,02/28/2026 13:17:31.800,16.49,-0.17,16.623183820582035,-0.1699963269460393,-4.883123183988794e-05,0.0003772652371929099,True
2988,231,9.24,02/28/2026 13:17:31.840,16.49,-0.17,16.61584915167399,-0.16999942791168374,-5.732090620539893e-05,0.00033683851727604687,True
2989,232,9.28,02/28/2026 13:17:31.880,16.49,-0.17,16.608547596579992,-0.17000094687747005,-4.7494547073292906e-05,0.0002988814891554524,True
2990,233,9.32,02/28/2026 13:17:31.920,16.32,-0.17,16.600565491636956,-0.1700016957930957,-3.077823251682392e-05,0.0016740713123534947,True
2991,234,9.36,02/28/2026 13:17:31.960,16.32,-0.17,16.592621638666778,-0.1700017193186426,-1.3676773297688659e-05,0.00158058745623168,True
2992,235,9.4,02/28/2026 13:17:32.000,16.32,-0.17,16.584715569264663,-0.1700014134406525,-1.4220327641348815e-07,0.0014902157728921657,True
2993,236,9.44,02/28/2026 13:17:32.040,16.67,-0.17,16.578297127230684,-0.17000049067529918,6.928991504133696e-06,0.000178833628675363,True
2994,237,9.48,02/28/2026 13:17:32.080,16.32,-0.17,16.570459261319776,-0.1700004786038516,9.433948163543962e-06,0.0013339796658073545,True
2995,238,9.52,02/28/2026 13:17:32.120,16.14,-0.17,16.561918079555355,-0.17000069130437168,1.2275288850712358e-05,0.0037855059072956477,True
2996,239,9.56,02/28/2026 13:17:32.160,16.14,-0.17,16.55341894556091,-0.17000072233258867,1.559903010653704e-05,0.0036344701667496665,True
2997,240,9.6,02/28/2026 13:17:32.200,16.32,-0.17,16.545695119045366,-0.1700003894563495,1.7355174199392486e-05,0.0010831720692561335,True
2998,241,9.64,02/28/2026 13:17:32.240,16.32,-0.17,16.538006386249766,-0.17000019839300629,1.6918843341948233e-05,0.0010106118272375827,True
2999,242,9.68,02/28/2026 13:17:32.280,16.32,-0.17,16.530352321989362,-0.1700001094560222,1.5514683695582676e-05,0.0009408783051032413,True
3000,243,9.72,02/28/2026 13:17:32.320,16.32,-0.17,16.522732507911844,-0.17000008320859708,1.3894262779370066e-05,0.0008739338457032731,True
3001,244,9.76,02/28/2026 13:17:32.360,16.49045659,-0.168553386,16.51587199074471,-0.16919658189177464,0.007729351484757658,0.00038577305781138877,True
3002,245,9.8,02/28/2026 13:17:32.400,16.49045659,-0.168553386,16.509045405061503,-0.16870196734680173,0.009511494996966269,2.7195150163274847e-05,True
3003,246,9.84,02/28/2026 13:17:32.440,16.49045659,-0.168553386,16.502251101435995,-0.16845027843924792,0.00827446317268177,1.2522857909771404e-05,True
3004,247,9.88,02/28/2026 13:17:32.480,16.49045659,-0.168553386,16.495487131356143,-0.1683603382527272,0.005958595167424887,3.4059137888801336e-05,True
3005,248,9.92,02/28/2026 13:17:32.520,15.96416542,-0.168553386,16.486673748525234,-0.16836232923055375,0.0036599291478403633,0.005837858595766803,True
3006,249,9.96,02/28/2026 13:17:32.560,15.96416542,-0.168553386,16.47790392643039,-0.16840409361198794,0.0018623828005599392,0.005631703671491143,True
3007,250,10.0,02/28/2026 13:17:32.600,16.3150262,-0.168553386,16.470551091134016,-0.1684540968675162,0.0006693012765081874,0.0005231702819753558,True
3008,251,10.040000000000001,02/28/2026 13:17:32.640,16.3150262,-0.168553386,16.463229196884996,-0.16849754854401228,-2.438775086093187e-06,0.0004697993974408227,True
3009,252,10.08,02/28/2026 13:17:32.680,16.3150262,-0.168553386,16.455937769825955,-0.1685288120613994,-0.0002990470602289912,0.0004226999462881531,True
3010,253,10.120000000000001,02/28/2026 13:17:32.720,16.49045659,-0.168553386,16.449355790016064,-0.16854771396212606,-0.0003665583554282258,3.5942370251431425e-05,True
3011,254,10.16,02/28/2026 13:17:32.760,16.49045659,-0.168553386,16.44279840308711,-0.16855731134943175,-0.00031885467333637595,4.830165073419609e-05,True
3012,255,10.200000000000001,02/28/2026 13:17:32.800,16.3150262,0.0,16.440448605644043,-0.0749700453267555,0.8990210714781417,5.055403655721245,True
3013,256,10.24,02/28/2026 13:17:32.840,16.13959581,0.0,16.438150209822645,-0.017349410505983758,1.1071409507325365,0.2726024556728869,True
3014,257,10.28,02/28/2026 13:17:32.880,16.13959581,0.0,16.43642637123681,0.01197916356217827,0.9634349332173999,0.1309473659660976,True
3015,258,10.32,02/28/2026 13:17:32.920,15.96416542,0.0,16.434421475546767,0.02246601572467265,0.6939262761918902,0.4586780109317348,True
3016,259,10.36,02/28/2026 13:17:32.960,15.96416542,0.0,16.432642476814642,0.022335489874344635,0.4259834321154764,0.4533826820612676,True
3017,260,10.4,02/28/2026 13:17:33.000,15.96416542,0.0,16.43097075679062,0.017510846205560687,0.21591709212271312,0.28043812173458404,True
3018,261,10.44,02/28/2026 13:17:33.040,16.3150262,0.0,16.430651514772574,0.011628675706463172,0.07641786986418811,0.12191050746747738,True
3019,262,10.48,02/28/2026 13:17:33.080,16.3150262,0.0,16.430319843171997,0.00653100418816791,-0.001929620578375077,0.03864774097676905,True
3020,263,10.52,02/28/2026 13:17:33.120,16.3150262,0.0,16.429962660331466,0.0028700956776517438,-0.03636080480590919,0.0076904990370782085,True
3021,264,10.56,02/28/2026 13:17:33.160,16.3150262,0.0,16.42958026088207,0.0006294267500485695,-0.04391289322421945,0.0006354656066556634,True
3022,265,10.6,02/28/2026 13:17:33.200,16.49045659,0.0,16.42982815540196,-0.0005011687114086669,-0.03790008541993886,0.000304120955971783,True
3023,266,10.64,02/28/2026 13:17:33.240,16.49045659,0.168553386,16.434917582011014,0.09269391873279896,0.8721116919140873,5.175828038185378,True
3024,267,10.68,02/28/2026 13:17:33.280,16.49045659,0.168553386,16.440691864399284,0.150330240345212,1.0907174032270994,0.29873124412093155,True
3025,268,10.72,02/28/2026 13:17:33.320,16.49045659,0.168553386,16.44700239960212,0.1798523174135057,0.9551758496118917,0.11486168872724865,True
3026,269,10.76,02/28/2026 13:17:33.360,16.84131737,0.168553386,16.454943103254205,0.19057126146753056,0.69105413948163,0.4391678457056369,True
3027,270,10.8,02/28/2026 13:17:33.400,16.66588698,0.168553386,16.462424461659893,0.19063950493604082,0.4261114208869646,0.4395927311547611,True
3028,271,10.84,02/28/2026 13:17:33.440,16.3150262,0.168553386,16.46870044605439,0.18595608344166856,0.21734647622796188,0.27289665810530295,True
3029,272,10.88,02/28/2026 13:17:33.480,16.3150262,0.168553386,16.474978395180727,0.180159323916652,0.07811944612223626,0.12169635077149694,True
3030,273,10.92,02/28/2026 13:17:33.520,16.3150262,0.168553386,16.481221422125408,0.17510447019673359,-0.00046957973031264144,0.039189420805521166,True
3031,274,10.96,02/28/2026 13:17:33.560,16.3150262,0.168553386,16.487416406236584,0.17145829762151338,-0.035319156271635385,0.008222623151708453,True
3032,275,11.0,02/28/2026 13:17:33.600,16.3150262,0.168553386,16.493563640843277,0.16921672932195553,-0.04327893227871362,0.0010735564469206726,True
3033,276,11.040000000000001,02/28/2026 13:17:33.640,16.3150262,0.168553386,16.499669365957057,0.16807820362071532,-0.037581019183222035,0.0009274334127080986,True
3034,277,11.08,02/28/2026 13:17:33.680,15.96416542,0.168553386,16.50449739336128,0.1676726745502215,-0.027022959562465025,0.006901326425598633,True
3035,278,11.120000000000001,02/28/2026 13:17:33.720,16.3150262,0.168553386,16.510546299044808,0.16768067128602102,-0.016556383866332562,0.0014969963329888245,True
3036,279,11.16,02/28/2026 13:17:33.760,16.3150262,0.337106772,16.52143114768949,0.26146135811739124,0.8908842297332505,5.147445551752244,True
3037,280,11.200000000000001,02/28/2026 13:17:33.800,16.3150262,0.337106772,16.53299234965728,0.3193123703730065,1.1043432714827564,0.28578625850753653,True
3038,281,11.24,02/28/2026 13:17:33.840,16.3150262,0.337106772,16.54507825224137,0.34883836292254583,0.9636080039492243,0.12491705732837295,True
3039,282,11.28,02/28/2026 13:17:33.880,15.96416542,0.337106772,16.556278486787896,0.35946557457603234,0.6953839146087466,0.457112721979808,True
3040,283,11.32,02/28/2026 13:17:33.920,16.3150262,0.337106772,16.56887774501425,0.35942083946131115,0.42770082773046847,0.44921309028802353,True
3041,284,11.36,02/28/2026 13:17:33.960,16.3150262,0.337106772,16.581531202905232,0.3546389494019721,0.21738118731476289,0.27797790755436935,True
3042,285,11.4,02/28/2026 13:17:34.000,16.3150262,0.337106772,16.59416626117425,0.34877072981503215,0.07745661539474327,0.12402657497260312,True
3043,286,11.44,02/28/2026 13:17:34.040,16.66588698,0.337106772,16.607951807951014,0.34367221172763546,-0.0013017302535173608,0.038838996492615435,True
3044,287,11.48,02/28/2026 13:17:34.080,16.66588698,0.337106772,16.62166122055103,0.3400035962207936,-0.0360514978351386,0.007588623534506978,True
3045,288,11.52,02/28/2026 13:17:34.120,16.66588698,0.337106772,16.63529520483455,0.3377538107468091,-0.04381298811154309,0.00039637546541492196,True
3046,289,11.56,02/28/2026 13:17:34.160,17.19217814,0.505660158,16.655509302490163,0.4302068931611696,0.8613321776827285,5.126702220937353,True
3047,290,11.6,02/28/2026 13:17:34.200,17.19217814,0.505660158,16.67634709646872,0.48742661730116943,1.0800685913939074,0.3046970285522999,True
3048,291,11.64,02/28/2026 13:17:34.240,17.19217814,0.505660158,16.697662348574116,0.5167657189674785,0.9468525217877488,0.11610771731845872,True
3049,292,11.68,02/28/2026 13:17:34.280,17.19217814,0.505660158,16.71927146650032,0.5274440976804229,0.6855382169832723,0.4315260118668285,True
3050,293,11.72,02/28/2026 13:17:34.320,16.84131737,0.505660158,16.73983611842126,0.5275439540721247,0.4230212492393969,0.430936747219288,True
3051,294,11.76,02/28/2026 13:17:34.360,16.66588698,0.505660158,16.75983857792981,0.5229179929283759,0.21599484849662476,0.26806346456059493,True
3052,295,11.8,02/28/2026 13:17:34.400,16.66588698,0.505660158,16.77979799583891,0.5171776953709573,0.07782886770914149,0.11958828563136822,True
3053,296,11.84,02/28/2026 13:17:34.440,16.49045659,0.505660158,16.799095233363914,0.5121665395488605,-0.00022573674940520871,0.04010398030426235,True
3054,297,11.88,02/28/2026 13:17:34.480,16.49045659,0.674213543,16.823163548764423,0.6021402312266269,0.8643622736814617,4.674285000966027,True
3055,298,11.92,02/28/2026 13:17:34.520,16.49045659,0.674213543,16.847841643685854,0.6575357696285251,1.0644244367533662,0.25286438757169877,True
3056,299,11.96,02/28/2026 13:17:34.560,16.84131737,0.674213543,16.874137161023743,0.6857319051218838,0.9262496067341212,0.11934997189780526,True
3057,300,12.0,02/28/2026 13:17:34.600,16.84131737,0.674213543,16.90070723316415,0.6958137390833816,0.6671326359044241,0.4197110319422164,True
3058,301,12.040000000000001,02/28/2026 13:17:34.640,16.84131737,0.674213543,16.92739458307936,0.6956879057837173,0.4095248192232781,0.41492012299771747,True
3059,302,12.08,02/28/2026 13:17:34.680,16.84131737,0.674213543,16.954086160256583,0.6910491616515273,0.20756308805468368,0.25520014001630353,True
3060,303,12.120000000000001,02/28/2026 13:17:34.720,16.84131737,0.674213543,16.98071288320435,0.6853932672271605,0.07344919012289694,0.11282999259456784,True
3061,304,12.16,02/28/2026 13:17:34.760,16.84131737,0.674213543,17.007240139517837,0.6804919913715235,-0.0018692864821785171,0.03604123839799861,True
3062,305,12.200000000000001,02/28/2026 13:17:34.800,16.84131737,0.674213543,17.03365620282315,0.6769722718179173,-0.03496550593734913,0.007632425369258297,True
3063,306,12.24,02/28/2026 13:17:34.840,16.84131737,0.842766929,17.0648216667212,0.768409046279589,0.8570296518977064,4.973893685364404,True
3064,307,12.280000000000001,02/28/2026 13:17:34.880,16.84131737,0.842766929,17.096581673659134,0.8249428274986654,1.0708444970568785,0.287110553252638,True
3065,308,12.32,02/28/2026 13:17:34.920,16.84131737,0.674213543,17.12393135641365,0.7602983500968558,0.03816650149436174,6.6668660329348555,True
3066,309,12.36,02/28/2026 13:17:34.960,16.84131737,0.842766929,17.15570999992116,0.8067683374833667,0.4700019816836118,1.16760239584901,True
3067,310,12.4,02/28/2026 13:17:35.000,17.19217814,0.842766929,17.18886472742934,0.835118067503535,0.5617578567411743,0.0526198834059512,True
3068,311,12.44,02/28/2026 13:17:35.040,17.19217814,0.842766929,17.222194833863938,0.8493585761419272,0.482683993821999,0.03909852899943683,True
3069,312,12.48,02/28/2026 13:17:35.080,17.19217814,0.842766929,17.25560541886204,0.8542851565501276,0.34451038444364457,0.11941073621414815,True
3070,313,12.52,02/28/2026 13:17:35.120,17.19217814,0.842766929,17.289015069543467,0.8540180995114304,0.20953996450796825,0.11405645723699473,True
3071,314,12.56,02/28/2026 13:17:35.160,17.19217814,0.842766929,17.32236595040568,0.8514982076353041,0.10479776799365964,0.06892930415727193,True
3072,315,12.6,02/28/2026 13:17:35.200,17.19217814,0.842766929,17.355623256643923,0.8485141381264352,0.03585207647700503,0.030277725068370457,True
3073,316,12.64,02/28/2026 13:17:35.240,17.19217814,0.842766929,17.3887700536641,0.8459604359450953,-0.0024598001054222662,0.009995311132346654,True
3074,317,12.68,02/28/2026 13:17:35.280,17.71846931,0.842766929,17.42343670902167,0.8441439022388664,-0.018974190948265184,0.00355334140258001,True
3075,318,12.72,02/28/2026 13:17:35.320,17.71846931,0.842766929,17.45797895348569,0.8430421797024132,-0.022272749897819043,0.001509428521439327,True
3076,319,12.76,02/28/2026 13:17:35.360,17.71846931,0.842766929,17.49240103757189,0.842493466849789,-0.018989386039035935,0.0011531089279165022,True
3077,320,12.8,02/28/2026 13:17:35.400,17.54303892,0.842766929,17.52616757361372,0.8423075216820305,-0.013478113387739885,0.00019589138018101735,True
3078,321,12.84,02/28/2026 13:17:35.440,17.36760853,0.842766929,17.559287732637866,0.8423225484184437,-0.008149784742997596,0.0009578586657993662,True
3079,322,12.88,02/28/2026 13:17:35.480,17.36760853,0.842766929,17.592306586350652,0.8424239696879371,-0.004038531529259974,0.0011781052224717418,True
3080,323,12.92,02/28/2026 13:17:35.520,17.36760853,0.842766929,17.625226433136895,0.8425421629293846,-0.001345549213566756,0.0014550810169561956,True
3081,324,12.96,02/28/2026 13:17:35.560,17.36760853,0.842766929,17.65804885879339,0.8426425850145878,0.0001423464880593887,0.0018057164076446574,True
3082,325,13.0,02/28/2026 13:17:35.600,17.71846931,0.842766929,17.691839121341467,0.8427142013188007,0.0007752109277874897,1.7568618124019294e-05,True
3083,326,13.040000000000001,02/28/2026 13:17:35.640,17.71846931,0.842766929,17.72552752991114,0.8427572587752438,0.0008911242679104404,1.1421593847866805e-06,True
3084,327,13.08,02/28/2026 13:17:35.680,17.54303892,0.842766929,17.758585979341724,0.842778150954955,0.0007537330915727271,0.0009870233268442137,True
3085,328,13.120000000000001,02/28/2026 13:17:35.720,17.54303892,0.842766929,17.791547280638802,0.8427849479385472,0.0005343813744673628,0.001312107109401113,True
3086,329,13.16,02/28/2026 13:17:35.760,17.54303892,0.842766929,17.82441217682736,0.8427840183270381,0.0003257587128748347,0.0016819749559745447,True
3087,330,13.200000000000001,02/28/2026 13:17:35.800,17.54303892,0.842766929,17.857181438299985,0.842779843401839,0.000166797188273397,0.0020963587837401717,True
3088,331,13.24,02/28/2026 13:17:35.840,17.54303892,0.842766929,17.889855861138404,0.8427751087530607,6.421250096530952e-05,0.002554977630200329,True
3089,332,13.280000000000001,02/28/2026 13:17:35.880,17.54303892,0.842766929,17.92243625878564,0.8427711282384621,8.95928727388306e-06,0.0030574724768723774,True
3090,333,13.32,02/28/2026 13:17:35.920,17.54303892,0.842766929,17.95492345256901,0.8427683252684928,-1.3087064164418257e-05,0.0036034515974070706,True
3091,334,13.36,02/28/2026 13:17:35.960,17.54303892,0.842766929,17.987318263764745,0.8427666368782668,-1.5295848153253693e-05,0.004192526007682818,True
3092,335,13.4,02/28/2026 13:17:36.000,17.54303892,0.842766929,18.019621508071456,0.8427657972291137,-7.847366551168204e-06,0.004824320064738108,True
3093,336,13.44,02/28/2026 13:17:36.040,17.54303892,0.842766929,18.051833992363534,0.8427655069871971,2.6688802492902865e-06,0.005498469885805673,True
3094,337,13.48,02/28/2026 13:17:36.080,17.71846931,0.842766929,18.08447007080531,0.842765783633091,1.170273646079596e-05,0.0028452232228771564,True
3095,338,13.52,02/28/2026 13:17:36.120,18.06933009,0.842766929,18.11803813829166,0.8427665532150951,1.5584398323326815e-05,5.039074687896743e-05,True
3096,339,13.56,02/28/2026 13:17:36.160,18.06933009,0.842766929,18.151508922491885,0.8427669132823207,1.4716379469496042e-05,0.00014343823728072924,True
3097,340,13.6,02/28/2026 13:17:36.200,18.06933009,0.842766929,18.184883261955765,0.8427670068749542,1.229658186329395e-05,0.0002835993051319252,True
3098,341,13.64,02/28/2026 13:17:36.240,18.06933009,0.842766929,18.218161985968653,0.8427669544968154,1.0077331182492507e-05,0.00047046767655758764,True
3099,342,13.68,02/28/2026 13:17:36.280,18.06933009,0.842766929,18.251345914955213,0.842766840912689,8.79410282395111e-06,0.000703643087099581,True
3100,343,13.72,02/28/2026 13:17:36.320,18.06933009,0.842766929,18.28443586058161,0.842766716903434,8.573193594724252e-06,0.0009827310016223452,True
3101,344,13.76,02/28/2026 13:17:36.360,18.06933009,0.842766929,18.3174326257298,0.8427666072988671,9.243030834959904e-06,0.001307342490756915,True
3102,345,13.8,02/28/2026 13:17:36.400,18.06933009,0.842766929,18.350337004447944,0.8427665200883734,1.053619055650834e-05,0.0016770941484843854,True
3103,346,13.84,02/28/2026 13:17:36.440,18.06933009,0.842766929,18.38314978192785,0.8427664540665807,1.2199697978720998e-05,0.0020916080084359043,True
3104,347,13.88,02/28/2026 13:17:36.480,18.06933009,0.842766929,18.4158717345259,0.8427664041958997,1.4040998968339188e-05,0.002550511453763636,True
3105,348,13.92,02/28/2026 13:17:36.520,18.24476048,0.842766929,18.449001323640896,0.8427666326581821,1.4970806600620802e-05,0.0008859273864550258,True
3106,349,13.96,02/28/2026 13:17:36.560,18.24476048,0.842766929,18.48203881645273,0.842766700220808,1.4665600852218665e-05,0.0011957094468271054,True
3107,350,14.0,02/28/2026 13:17:36.600,18.42019087,0.674213543,18.51061909575325,0.7491759988584727,-0.8992369980989462,5.054264033906296,True
3108,351,14.040000000000001,02/28/2026 13:17:36.640,18.59562126,0.674213543,18.538899100074637,0.6915553664942489,-1.1072689875717985,0.2705506973404301,True
3109,352,14.08,02/28/2026 13:17:36.680,18.59562126,0.674213543,18.56653668386363,0.6622283173675567,-0.9634937062488189,0.129214076384288,True
3110,353,14.120000000000001,02/28/2026 13:17:36.720,18.24476048,0.674213543,18.592739909555483,0.6517425326285117,-0.6939356735950217,0.45669971430172196,True
3111,354,14.16,02/28/2026 13:17:36.760,18.42019087,0.674213543,18.61915040206001,0.6518746424757544,-0.42596051709514127,0.4496537684478123,True
3112,355,14.200000000000001,02/28/2026 13:17:36.800,18.24476048,0.505660158,18.64004601696085,0.563109317125208,-1.1151263846132342,2.9717720345373575,True
3113,356,14.24,02/28/2026 13:17:36.840,18.24476048,0.505660158,18.660151056762874,0.5113718088566409,-1.183648753064201,0.03301205008327351,True
3114,357,14.280000000000001,02/28/2026 13:17:36.880,18.24476048,0.505660158,18.679656315176192,0.4871430533032034,-0.9615229356018214,0.312384130342183,True
3115,358,14.32,02/28/2026 13:17:36.920,18.24476048,0.505660158,18.698764279806426,0.48031905653817675,-0.6575366180869198,0.5819157110043979,True
3116,359,14.36,02/28/2026 13:17:36.960,18.24476048,0.505660158,18.717639511780973,0.4826919183846125,-0.38201542150665674,0.47918929186221254,True
3117,360,14.4,02/28/2026 13:17:37.000,18.24476048,0.505660158,18.73639467033353,0.48864860830749685,-0.17795098802920917,0.265390241896603,True
3118,361,14.44,02/28/2026 13:17:37.040,18.24476048,0.505660158,18.755095372554013,0.494927982789523,-0.04921424470493835,0.10910834834271758,True
3119,362,14.48,02/28/2026 13:17:37.080,18.42019087,0.505660158,18.77425127368048,0.5000110863944539,0.018547535942178964,0.03135829221286072,True
3120,363,14.52,02/28/2026 13:17:37.120,18.42019087,0.337106772,18.788528557557942,0.4098862282809016,-0.8545204089669355,4.7669510405561715,True
3121,364,14.56,02/28/2026 13:17:37.160,18.42019087,0.337106772,18.802084455975187,0.354272546925223,-1.0604461527233795,0.2681362778849943,True
3122,365,14.6,02/28/2026 13:17:37.200,18.42019087,0.337106772,18.815065110022452,0.32587556093104936,-0.9257214853554239,0.11674954491310814,True
3123,366,14.64,02/28/2026 13:17:37.240,18.42019087,0.168553386,18.822790603055257,0.22205202035383692,-1.567496903518415,2.57768281898899,True
3124,367,14.68,02/28/2026 13:17:37.280,18.42019087,0.168553386,18.8295791475441,0.1644605987945464,-1.5184050388481791,0.018620127376189,True
3125,368,14.72,02/28/2026 13:17:37.320,18.42019087,0.168553386,18.83569845405614,0.13972070448579826,-1.1725331897364235,0.7513270448120561,True
3126,369,14.76,02/28/2026 13:17:37.360,18.42019087,0.168553386,18.8414078508794,0.1348707968502389,-0.7684818648069842,1.024114991695112,True
3127,370,14.8,02/28/2026 13:17:37.400,18.42019087,0.168553386,18.846907616771535,0.13990175211222447,-0.42478200880950506,0.7421663481185573,True
3128,371,14.84,02/28/2026 13:17:37.440,18.42019087,0.168553386,18.852329048412884,0.14825349406851507,-0.18126981694752753,0.3745717774501021,True
3129,372,14.88,02/28/2026 13:17:37.480,18.59562126,0.168553386,18.85821106386972,0.15630009211096996,-0.034282532017041595,0.13649439087787882,True
3130,373,14.92,02/28/2026 13:17:37.520,18.59562126,0.168553386,18.864115952703113,0.162493572276829,0.038407616313930165,0.03455351005452543,True
3131,374,14.96,02/28/2026 13:17:37.560,18.59562126,0.0,18.865188279806038,0.07295023696027149,-0.8367077456039651,4.78797742357578,True
3132,375,15.0,02/28/2026 13:17:37.600,18.59562126,0.0,18.865581335515827,0.017558779483625313,-1.0473465375843292,0.27885578838987124,True
3133,376,15.040000000000001,02/28/2026 13:17:37.640,18.59562126,0.0,18.865437938608,-0.010823197811138982,-0.9175147944335335,0.10689516722261627,True
3134,377,15.08,02/28/2026 13:17:37.680,18.59562126,0.0,18.86493686903715,-0.021136143160882647,-0.6639688311306062,0.40332008899345256,True
3135,378,15.120000000000001,02/28/2026 13:17:37.720,18.59562126,0.0,18.864234741645795,-0.021212240133413142,-0.4095099985375884,0.4062104412945683,True
3136,379,15.16,02/28/2026 13:17:37.760,18.59562126,0.0,18.863444885268372,-0.016719361305868506,-0.20894778292408528,0.25292684879919447,True
3137,380,15.200000000000001,02/28/2026 13:17:37.800,18.42019087,-0.168553386,18.857318940854704,-0.1047444866579755,-0.9744057023325241,3.666116780083735,True
3138,381,15.24,02/28/2026 13:17:37.840,18.59562126,-0.168553386,18.850966751408166,-0.15750969439717544,-1.106889235287098,0.11108603827934015,True
3139,382,15.280000000000001,02/28/2026 13:17:37.880,18.59562126,-0.168553386,18.844096617313372,-0.18333331221113447,-0.9295922571489236,0.1977717313306878,True
3140,383,15.32,02/28/2026 13:17:37.920,18.42019087,-0.168553386,18.836444140898134,-0.19166432280171897,-0.6523585321567171,0.48403679496450447,True
3141,384,15.36,02/28/2026 13:17:37.960,18.42019087,-0.168553386,18.82862339807452,-0.19043756736525067,-0.3898408792405926,0.43425651690550177,True
3142,385,15.4,02/28/2026 13:17:38.000,18.42019087,-0.168553386,18.82074559048958,-0.18522188389308084,-0.18989052527052394,0.2532769640023977,True
3143,386,15.44,02/28/2026 13:17:38.040,18.42019087,-0.168553386,18.812877103556108,-0.17934521178186458,-0.0604366978545996,0.10800987258155909,True
3144,387,15.48,02/28/2026 13:17:38.080,18.59562126,-0.168553386,18.805498822886417,-0.1744284087841526,0.010037450073714385,0.031975503002854774,True
3145,388,15.52,02/28/2026 13:17:38.120,18.59562126,-0.337106772,18.793308278715216,-0.264578934978124,-0.8600098730932095,4.731981326699167,True
3146,389,15.56,02/28/2026 13:17:38.160,18.59562126,-0.337106772,18.78046303549644,-0.32015025588116763,-1.0634228126346523,0.2593331643853109,True
3147,390,15.6,02/28/2026 13:17:38.200,18.59562126,-0.337106772,18.767109640938163,-0.34848366038584083,-0.9269477272667448,0.1170318239683503,True
3148,391,15.64,02/28/2026 13:17:38.240,18.59562126,-0.337106772,18.753429372685336,-0.3586568008908698,-0.668435353172007,0.41820496717945,True
3149,392,15.68,02/28/2026 13:17:38.280,18.77105165,-0.337106772,18.740023255101182,-0.3585820825562128,-0.4108168770563873,0.4148164921667956,True
3150,393,15.72,02/28/2026 13:17:38.320,18.77105165,-0.337106772,18.7265598795491,-0.35396590192856686,-0.20857398519493495,0.255681322491303,True
3151,394,15.76,02/28/2026 13:17:38.360,18.77105165,-0.337106772,18.713109131256566,-0.3483150608423264,-0.07411847677972427,0.11306109277166579,True
3152,395,15.8,02/28/2026 13:17:38.400,18.77105165,-0.337106772,18.699706370214788,-0.3434099753965144,0.0014957409916373093,0.03584287893986266,True
3153,396,15.84,02/28/2026 13:17:38.440,18.77105165,-0.337106772,18.686364004056035,-0.33988332047273107,0.03480433607757384,0.00708660301133,True
3154,397,15.88,02/28/2026 13:17:38.480,18.77105165,-0.337106772,18.673081533617946,-0.33772230897795213,0.042189582324813506,0.0005447117118219538,True
3155,398,15.92,02/28/2026 13:17:38.520,18.77105165,-0.337106772,18.6598527754781,-0.3366298198630975,0.0364694860628661,0.0004669725895174765,True
3156,399,15.96,02/28/2026 13:17:38.560,18.77105165,-0.337106772,18.64667028764842,-0.3362456842850507,0.026141464041946137,0.0009950362647437394,True
3157,400,16.0,02/28/2026 13:17:38.600,18.77105165,-0.505660158,18.628665638797944,-0.4298494984748823,-0.8832822712283146,5.169493574785545,True
3158,401,16.04,02/28/2026 13:17:38.640,18.42019087,-0.505660158,18.609126655753066,-0.48765765228445324,-1.099242966072161,0.2922545570953128,True
3159,402,16.080000000000002,02/28/2026 13:17:38.680,18.42019087,-0.505660158,18.589074671766404,-0.5172090751858691,-0.9607041870976464,0.12056010834214909,True
3160,403,16.12,02/28/2026 13:17:38.720,18.42019087,-0.505660158,18.56869697472511,-0.5278871946711684,-0.694070299725712,0.44480065793223134,True
3161,404,16.16,02/28/2026 13:17:38.760,18.42019087,-0.505660158,18.548157204142687,-0.5278928398822137,-0.4273684287114688,0.44490708924875194,True
3162,405,16.2,02/28/2026 13:17:38.800,18.42019087,-0.505660158,18.52757348230309,-0.5231507992711482,-0.2175518684230184,0.2753869248014155,True
3163,406,16.240000000000002,02/28/2026 13:17:38.840,18.42019087,-0.505660158,18.50701840263618,-0.5173092398017678,-0.07781046038728967,0.12220709364088433,True
3164,407,16.28,02/28/2026 13:17:38.880,18.42019087,-0.505660158,18.486528741350398,-0.5122252893671668,0.0009440814283534632,0.03885730005638025,True
3165,408,16.32,02/28/2026 13:17:38.920,18.42019087,-0.505660158,18.466117420874344,-0.5085632100933005,0.03576853916052463,0.007624310087249605,True
3166,409,16.36,02/28/2026 13:17:38.960,18.42019087,-0.505660158,18.445783921709584,-0.5063149925855285,0.04362361416040681,0.00039953005110068097,True
3167,410,16.4,02/28/2026 13:17:39.000,18.59562126,-0.505660158,18.425945816551987,-0.5051750827068361,0.037806822293402174,0.0008225794287221678,True
3168,411,16.44,02/28/2026 13:17:39.040,18.59562126,-0.505660158,18.40616924486713,-0.5047715672991792,0.027149708542754586,0.0014716475608473924,True
3169,412,16.48,02/28/2026 13:17:39.080,18.77105165,-0.505660158,18.386869440251044,-0.5047813955262115,0.016612992662730277,0.003826892783295504,True
3170,413,16.52,02/28/2026 13:17:39.120,18.77105165,-0.674213543,18.362755178914995,-0.5985641238569505,-0.8908730900917842,5.15058204414304,True
3171,414,16.56,02/28/2026 13:17:39.160,18.42019087,-0.674213543,18.337142171136794,-0.656417368569578,-1.1043551422364908,0.2849863570112179,True
3172,415,16.6,02/28/2026 13:17:39.200,18.59562126,-0.674213543,18.31144516775249,-0.685944473921904,-0.9636271112897474,0.1254944589710372,True
3173,416,16.64,02/28/2026 13:17:39.240,18.59562126,-0.674213543,18.285431235756256,-0.6965728238752523,-0.6954009357499511,0.451706311383813,True
3174,417,16.68,02/28/2026 13:17:39.280,18.59562126,-0.674213543,18.259264455971163,-0.6965279998009007,-0.42771213474280495,0.4502659937740104,True
3175,418,16.72,02/28/2026 13:17:39.320,18.59562126,-0.674213543,18.23306312049449,-0.691745947790597,-0.21738854983334294,0.27927074034912636,True
3176,419,16.76,02/28/2026 13:17:39.360,18.59562126,-0.674213543,18.206899824418873,-0.6858775653016748,-0.07746181471286598,0.12558322129495061,True
3177,420,16.8,02/28/2026 13:17:39.400,18.59562126,-0.674213543,18.180811259393,-0.6807783801326334,0.0012953697344241788,0.04242171619243139,True
3178,421,16.84,02/28/2026 13:17:39.440,18.59562126,-0.674213543,18.154810231981326,-0.6771094697959393,0.03604059606896472,0.011671102368495282,True
3179,422,16.88,02/28/2026 13:17:39.480,18.59562126,-0.674213543,18.128896106702257,-0.6748596151945583,0.043796872439624886,0.005000307674161278,True
3180,423,16.92,02/28/2026 13:17:39.520,18.59562126,-0.674213543,18.10306231985952,-0.6737209942220972,0.03789456947369936,0.005367622401781171,True
3181,424,16.96,02/28/2026 13:17:39.560,18.59562126,-0.674213543,18.077300987145048,-0.6733195640901987,0.02717703621475468,0.00642038288256748,True
3182,425,17.0,02/28/2026 13:17:39.600,18.59562126,-0.674213543,18.051605235434458,-0.6733316533466548,0.016604855250083275,0.006980449477668926,True
3183,426,17.04,02/28/2026 13:17:39.640,18.42019087,-0.674213543,18.025561550849517,-0.6735253334984185,0.008354147479855332,0.0037309895997077428,True
3184,427,17.080000000000002,02/28/2026 13:17:39.680,18.42019087,-0.674213543,17.999577055529176,-0.6737582078281972,0.0028973360633660255,0.003941346374575787,True
3185,428,17.12,02/28/2026 13:17:39.720,18.42019087,-0.674213543,17.973649918454292,-0.6739588111650863,-0.00015270295912404646,0.004290669538745311,True
3186,429,17.16,02/28/2026 13:17:39.760,18.24476048,-0.842766929,17.942511039448352,-0.7676934581997371,-0.9007310645821206,5.070929024725121,True
3187,430,17.2,02/28/2026 13:17:39.800,18.24476048,-0.842766929,17.910726224095484,-0.8254018870404525,-1.109038028074615,0.2735623284435941,True
3188,431,17.240000000000002,02/28/2026 13:17:39.840,18.24476048,-0.842766929,17.878448737000248,-0.8547727827213938,-0.9650109679517213,0.1325006411547445,True
3189,432,17.28,02/28/2026 13:17:39.880,18.24476048,-0.842766929,17.84586740990451,-0.8652729615193631,-0.695023221836788,0.4589685707094487,True
3190,433,17.32,02/28/2026 13:17:39.920,18.24476048,-0.842766929,17.81314648997364,-0.8651397869342918,-0.4266326201063374,0.4541717681765462,True
3191,434,17.36,02/28/2026 13:17:39.960,18.24476048,-0.842766929,17.780404135329945,-0.8603059471497484,-0.21622839747929434,0.28127082351517707,True
3192,435,17.400000000000002,02/28/2026 13:17:40.000,18.06933009,-0.842766929,17.747312467390216,-0.854413356012086,-0.07651359279196368,0.12420558585174679,True
3193,436,17.44,02/28/2026 13:17:40.040,18.06933009,-0.842766929,17.714309935287666,-0.8493071638623176,0.0019476939674037963,0.041153328600530885,True
3194,437,17.48,02/28/2026 13:17:40.080,18.06933009,-0.842766929,17.681409104799652,-0.8456403905805884,0.03642274713471346,0.010623368488437894,True
3195,438,17.52,02/28/2026 13:17:40.120,18.06933009,-0.842766929,17.648609150690742,-0.8433962821451976,0.04397786961540982,0.004114068336974362,True
3196,439,17.56,02/28/2026 13:17:40.160,17.71846931,-0.842766929,17.615110046505627,-0.8422643205624214,0.03794989820271882,0.00045381673739575145,True
3197,440,17.6,02/28/2026 13:17:40.200,17.71846931,-0.842766929,17.58170066262362,-0.8418680760108077,0.02716900084328326,0.0011233602179591142,True
3198,441,17.64,02/28/2026 13:17:40.240,17.71846931,-0.842766929,17.548374018933412,-0.8418835870424017,0.016574601273810965,0.0013154879721518646,True
3199,442,17.68,02/28/2026 13:17:40.280,17.71846931,-0.842766929,17.515124980057394,-0.8420789046554151,0.008323660345659003,0.0013030182627557488,True
3200,443,17.72,02/28/2026 13:17:40.320,18.06933009,-0.842766929,17.482736549787834,-0.8423119644514484,0.0028734211751631038,0.007488885351487751,True
3201,444,17.76,02/28/2026 13:17:40.360,18.06933009,-0.842766929,17.450417011423543,-0.842512523570351,-0.00017049423114786147,0.008188155283663115,True
3202,445,17.8,02/28/2026 13:17:40.400,18.06933009,-0.842766929,17.418165409705317,-0.8426558209032753,-0.0014949998180018211,0.009010664073009524,True
3203,446,17.84,02/28/2026 13:17:40.440,18.06933009,-0.842766929,17.385981312829305,-0.8427430641183578,-0.0017725223232692854,0.009911798381371083,True
3204,447,17.88,02/28/2026 13:17:40.480,18.24476048,-0.842766929,17.354254247500734,-0.8427864845534593,-0.0015265171400711392,0.01683174185303464,True
3205,448,17.92,02/28/2026 13:17:40.520,18.24476048,-0.842766929,17.322592624496984,-0.8428013705569251,-0.0011015336110330898,0.018050558758676283,True
3206,449,17.96,02/28/2026 13:17:40.560,18.24476048,-0.842766929,17.290996264336695,-0.8428003823036446,-0.000688000358505237,0.019308453186875307,True
3207,450,18.0,02/28/2026 13:17:40.600,17.71846931,-0.842766929,17.25830334086944,-0.8427933418264622,-0.00036525268172356523,0.004495019580138674,True
3208,451,18.04,02/28/2026 13:17:40.640,17.54303892,-1.011320315,17.22043093235828,-0.9363756305046209,-0.8993984330589067,5.0538180193026685,True
3209,452,18.080000000000002,02/28/2026 13:17:40.680,17.36760853,-1.011320315,17.18153943134064,-0.9939890690109487,-1.10730187840392,0.27088116076515023,True
3210,453,18.12,02/28/2026 13:17:40.720,17.19217814,-1.011320315,17.14178432982827,-1.0233107973742925,-0.9634632649422163,0.1293640703993619,True
3211,454,18.16,02/28/2026 13:17:40.760,17.19217814,-1.011320315,17.101740460826786,-1.0337924504664815,-0.693886104514998,0.45437431983356175,True
3212,455,18.2,02/28/2026 13:17:40.800,17.36760853,-1.011320315,17.061954780227673,-1.033658061543301,-0.4259183165196442,0.45078061898918687,True
3213,456,18.240000000000002,02/28/2026 13:17:40.840,17.36760853,-1.011320315,17.02216049523912,-1.028831192587353,-0.21585319523895397,0.27833375003108657,True
3214,457,18.28,02/28/2026 13:17:40.880,17.36760853,-1.011320315,16.982429768836376,-1.0229474554067404,-0.07636894515046727,0.12475165437189606,True
3215,458,18.32,02/28/2026 13:17:40.920,17.01674775,-1.011320315,16.94203772337253,-1.0178498282408062,0.001960130018127809,0.03846539345466929,True
3216,459,18.36,02/28/2026 13:17:40.960,17.01674775,-1.011320315,16.90176129566579,-1.0141892048516201,0.03637684020493857,0.007684078377839062,True
3217,460,18.400000000000002,02/28/2026 13:17:41.000,17.01674775,-1.011320315,16.861599594918896,-1.01194885814919,0.043918839745559136,0.0008664634553327013,True
3218,461,18.44,02/28/2026 13:17:41.040,17.01674775,-1.011320315,16.821545859010023,-1.0108182558521441,0.03789863416569741,0.0010351307430315404,True
3219,462,18.48,02/28/2026 13:17:41.080,16.66588698,-1.011320315,16.780837291848712,-1.0104230036142523,0.027133002972867803,0.001004889978637221,True
3220,463,18.52,02/28/2026 13:17:41.120,16.66588698,-1.011320315,16.74022483499931,-1.0104386732362138,0.01655586527792137,0.0008165608252406098,True
3221,464,18.56,02/28/2026 13:17:41.160,16.66588698,-1.011320315,16.69970330008299,-1.0106337431670138,0.0083193081091435,0.00044829440776704627,True
3222,465,18.6,02/28/2026 13:17:41.200,16.66588698,-1.011320315,16.659269308869053,-1.0108669617351855,0.002880961827384258,0.00018577450462381627,True
3223,466,18.64,02/28/2026 13:17:41.240,16.66588698,-1.011320315,16.618920893632627,-1.0110673676061213,-0.0001527961850043692,0.00010432711172528876,True
3224,467,18.68,02/28/2026 13:17:41.280,16.66588698,-1.011320315,16.578657019385037,-1.0112104038224532,-0.0014701740813995597,0.00017232519136079944,True
3225,468,18.72,02/28/2026 13:17:41.320,16.66588698,-1.011320315,16.538477173305658,-1.0112973918699806,-0.0017435274492478214,0.00034497975673745984,True
3226,469,18.76,02/28/2026 13:17:41.360,16.66588698,-1.011320315,16.49838107166781,-1.011340880403202,-0.0014946780653392853,0.0005958614013092052,True
3227,470,18.8,02/28/2026 13:17:41.400,16.66588698,-1.011320315,16.45836848155222,-1.0113557333114935,-0.001067140311665606,0.0009150774969543318,True
3228,471,18.84,02/28/2026 13:17:41.440,16.66588698,-1.011320315,16.418439131648316,-1.011354672144436,-0.000651820708283972,0.0013005491618781498,True
3229,472,18.88,02/28/2026 13:17:41.480,16.66588698,-1.011320315,16.378592681702113,-1.0113467508343725,-0.00033101469193041555,0.001752306316804802,True
3230,473,18.92,02/28/2026 13:17:41.520,16.3150262,-1.011320315,16.338091102022464,-1.0113379960003783,-0.00011920875573833765,1.1570108815174168e-05,True
3231,474,18.96,02/28/2026 13:17:41.560,16.3150262,-1.011320315,16.2976746159988,-1.0113302725626132,4.646204520614741e-07,6.479192825638509e-06,True
3232,475,19.0,02/28/2026 13:17:41.600,16.3150262,-1.011320315,16.25734271745034,-1.0113246469591117,5.316997872496542e-05,7.063181029041263e-05,True
3233,476,19.04,02/28/2026 13:17:41.640,16.3150262,-1.011320315,16.217094883787066,-1.011321145809587,6.439119842506844e-05,0.0002035319009466556,True
3234,477,19.080000000000002,02/28/2026 13:17:41.680,16.3150262,-0.842766929,16.18179387358466,-0.9177283842186998,0.8993045960616408,5.054340978938612,True
3235,478,19.12,02/28/2026 13:17:41.720,16.3150262,-0.842766929,16.147281275445692,-0.8601067612960417,1.1073155773446544,0.2710281242692942,True
3236,479,19.16,02/28/2026 13:17:41.760,16.3150262,-0.842766929,16.11340313195189,-0.8307796358125463,0.9635184507020469,0.13009577974024436,True
3237,480,19.2,02/28/2026 13:17:41.800,16.3150262,-0.842766929,16.0799699766407,-0.8202947318913825,0.6939447217140278,0.4553556073081994,True
3238,481,19.240000000000002,02/28/2026 13:17:41.840,16.3150262,-0.842766929,16.04681689584522,-0.820427233784775,0.4259609117051744,0.45036738406816657,True
3239,482,19.28,02/28/2026 13:17:41.880,16.3150262,-0.842766929,16.01382500164679,-0.8252534371071133,0.2158727160980178,0.27777743535728233,True
3240,483,19.32,02/28/2026 13:17:41.920,16.3150262,-0.842766929,15.980921160377893,-0.8311371775480887,0.07636636145341638,0.12400327716872588,True
3241,484,19.36,02/28/2026 13:17:41.960,16.3150262,-0.842766929,15.948068108429343,-0.8362356243832056,-0.0019785442182800456,0.041217660046547894,True
3242,485,19.400000000000002,02/28/2026 13:17:42.000,15.96416542,-0.842766929,15.914532583724563,-0.8398973180305912,-0.03640179527304638,0.0074581596507607715,True
3243,486,19.44,02/28/2026 13:17:42.040,15.96416542,-0.842766929,15.881037250861999,-0.8421381443245564,-0.04394363867273481,0.0005020972079837383,True
3244,487,19.48,02/28/2026 13:17:42.080,15.96416542,-0.842766929,15.847587909781712,-0.8432688446189037,-0.03792115955873966,0.000515138968041919,True
3245,488,19.52,02/28/2026 13:17:42.120,15.96416542,-0.842766929,15.81419165105281,-0.8436645236634184,-0.02715168217650156,0.001202302687879262,True
3246,489,19.56,02/28/2026 13:17:42.160,15.96416542,-0.842766929,15.78085454009286,-0.8436488622350462,-0.01656965244488693,0.0014130890741452368,True
3247,490,19.6,02/28/2026 13:17:42.200,15.96416542,-0.842766929,15.747580806712074,-0.8434535959551674,-0.008329613099381404,0.0014199330541355528,True
3248,491,19.64,02/28/2026 13:17:42.240,15.61330464,-0.842766929,15.713661635870453,-0.8432206513841922,-0.0028880396132276434,0.000398754276714519,True
3249,492,19.68,02/28/2026 13:17:42.280,15.61330464,-0.674213543,15.684675627950641,-0.7494292529928268,0.8993995871524515,5.088372178863563,True
3250,493,19.72,02/28/2026 13:17:42.320,15.61330464,-0.674213543,15.656465185030516,-0.6916650855662138,1.1087479440015908,0.27395599631477296,True
3251,494,19.76,02/28/2026 13:17:42.360,15.61330464,-0.674213543,15.628876431305141,-0.6622507830891355,0.9652423360609941,0.12871692379830832,True
3252,495,19.8,02/28/2026 13:17:42.400,15.61330464,-0.842766929,15.596856217265515,-0.745312875062822,-0.20381742955800153,8.541884081220315,True
3253,496,19.84,02/28/2026 13:17:42.440,15.61330464,-0.842766929,15.564397071685157,-0.8030509675228694,-0.6802499437275429,1.4187237815668545,True
3254,497,19.88,02/28/2026 13:17:42.480,15.61330464,-0.842766929,15.531533391484862,-0.8372049013502846,-0.7469710453975075,0.027964670077321327,True
3255,498,19.92,02/28/2026 13:17:42.520,15.43787425,-0.674213543,15.502893742726986,-0.759990737960343,0.2820123605978305,6.6176279350785165,True
3256,499,19.96,02/28/2026 13:17:42.560,15.43787425,-0.674213543,15.474799784484022,-0.7073452631284183,0.6794603916694643,0.9873087821710437,True
3257,500,20.0,02/28/2026 13:17:42.600,15.43787425,-0.674213543,15.447203051523887,-0.6768612299869124,0.7112219563962551,0.006306807396386697,True
3258,501,20.04,02/28/2026 13:17:42.640,15.08701347,-0.674213543,15.419289827055433,-0.6627392294787399,0.5735717008073263,0.12076846948149811,True
3259,502,20.080000000000002,02/28/2026 13:17:42.680,15.08701347,-0.674213543,15.391638505405293,-0.6589073115151167,0.38995406651049447,0.21269448107741618,True
3260,503,20.12,02/28/2026 13:17:42.720,15.08701347,-0.674213543,15.364150839326976,-0.6604695465573284,0.2250773742479962,0.17153498138141718,True
3261,504,20.16,02/28/2026 13:17:42.760,15.08701347,-0.674213543,15.33675993177926,-0.6640973835559918,0.10372060811360499,0.09337229929536985,True
3262,505,20.2,02/28/2026 13:17:42.800,15.43787425,-0.674213543,15.310119053027861,-0.6678691383651633,0.027614691718941722,0.0365463486242428,True
3263,506,20.240000000000002,02/28/2026 13:17:42.840,15.26244386,-0.674213543,15.283170130464448,-0.6709007097887167,-0.012126359853465614,0.009880117600627058,True
3264,507,20.28,02/28/2026 13:17:42.880,15.26244386,-0.674213543,15.256254827275582,-0.6729559071367974,-0.02721289518749409,0.0014233284963218276,True
3265,508,20.32,02/28/2026 13:17:42.920,14.91158308,-0.674213543,15.22868687191401,-0.6741388139474531,-0.028113406744641044,0.002138793480193108,True
3266,509,20.36,02/28/2026 13:17:42.960,14.91158308,-0.674213543,15.201161296480157,-0.6746808775443115,-0.02251096446170972,0.0019754097320460492,True
3267,510,20.400000000000002,02/28/2026 13:17:43.000,14.91158308,-0.674213543,15.173682585154827,-0.6748222476422792,-0.015212292871645753,0.0017904834900606876,True
3268,511,20.44,02/28/2026 13:17:43.040,14.91158308,-0.674213543,15.146254267871832,-0.6747552381435675,-0.008717116721514623,0.0014321120000162508,True
3269,512,20.48,02/28/2026 13:17:43.080,14.91158308,-0.674213543,15.118878630709238,-0.6746098478438597,-0.003965693706810831,0.0010528431798398105,True
3270,513,20.52,02/28/2026 13:17:43.120,14.91158308,-0.674213543,15.09155685304239,-0.6744606192199197,-0.0010040691107585484,0.0007420761048156599,True
3271,514,20.56,02/28/2026 13:17:43.160,14.73615269,-0.674213543,15.063949200793113,-0.6743417914374116,0.0005302031401486732,0.002294654851471985,True
3272,515,20.6,02/28/2026 13:17:43.200,14.73615269,-0.674213543,15.036396943345336,-0.6742616077017862,0.001102943227838945,0.0019148388090338413,True
3273,516,20.64,02/28/2026 13:17:43.240,14.73615269,-0.674213543,15.008899681834018,-0.6742157158774664,0.0011255166081693703,0.0015784811158186401,True
3274,517,20.68,02/28/2026 13:17:43.280,14.73615269,-0.674213543,14.981456921755429,-0.6741948623677229,0.0008982824883120322,0.001277139283872622,True
3275,518,20.72,02/28/2026 13:17:43.320,14.73615269,-0.674213543,14.954068166871165,-0.674189588456746,0.0006081332158774338,0.0010081387392324782,True
3276,519,20.76,02/28/2026 13:17:43.360,14.73615269,-0.674213543,14.926732961834059,-0.6741923627342329,0.0003516142578961387,0.0007710871294629121,True
3277,520,20.8,02/28/2026 13:17:43.400,14.73615269,-0.674213543,14.899450902907414,-0.6741981181747517,0.00016448699003679122,0.0005660370240667586,True
3278,521,20.84,02/28/2026 13:17:43.440,14.91158308,-0.674213543,14.872557285236443,-0.6742036970677158,4.687475249971693e-05,3.240189326188916e-05,True
3279,522,20.88,02/28/2026 13:17:43.480,14.91158308,-0.674213543,14.845714867979478,-0.6742082294113392,-1.6023762894210822e-05,9.208233214199622e-05,True
3280,523,20.92,02/28/2026 13:17:43.520,14.73615269,-0.674213543,14.818588951900091,-0.6742115910771584,-4.0494525577456037e-05,0.00014419692921314867,True
3281,524,20.96,02/28/2026 13:17:43.560,14.91158308,-0.674213543,14.791848692448971,-0.6742132120043838,-4.293215523460806e-05,0.00030418935618367046,True
3282,525,21.0,02/28/2026 13:17:43.600,15.08701347,-0.842766929,14.760628024689174,-0.7678046107672619,-0.8992876038657517,5.056246073576298,True
3283,526,21.04,02/28/2026 13:17:43.640,14.91158308,-0.842766929,14.728416988972631,-0.8254258734454608,-1.1073087650221274,0.2711642342685712,True
3284,527,21.080000000000002,02/28/2026 13:17:43.680,14.38529192,-0.842766929,14.694706760747692,-0.8547537219470044,-0.9635190173265548,0.13125007734901095,True
3285,528,21.12,02/28/2026 13:17:43.720,14.38529192,-0.842766929,14.660685535456706,-0.8652389754359697,-0.6939476099396761,0.45578368462566715,True
3286,529,21.16,02/28/2026 13:17:43.760,14.56072231,-0.842766929,14.626848154829913,-0.8651062992323768,-0.4259651086720823,0.44893293083084,True
3287,530,21.2,02/28/2026 13:17:43.800,14.56072231,-0.842766929,14.592980795283223,-0.8602799393252748,-0.2158792439797284,0.27587205167879253,True
3288,531,21.240000000000002,02/28/2026 13:17:43.840,14.56072231,-0.842766929,14.55915582598117,-0.8543960685667195,-0.076375929019451,0.12163241139180063,True
3289,532,21.28,02/28/2026 13:17:43.880,14.56072231,-0.842766929,14.52540975182184,-0.8492975159035674,0.001965520287796091,0.03838529210023996,True
3290,533,21.32,02/28/2026 13:17:43.920,14.20986153,-1.011320315,14.4862346701453,-0.9392277503605639,-0.8628612703805698,4.67617089891385,True
3291,534,21.36,02/28/2026 13:17:43.960,14.56072231,-0.842766929,14.451965487077047,-0.9010167068459134,-0.16409485855191497,3.0519718843649857,True
3292,535,21.400000000000002,02/28/2026 13:17:44.000,14.38529192,-1.011320315,14.412742999186495,-0.9651831108208903,-0.7175576534901023,1.9145237206918944,True
3293,536,21.44,02/28/2026 13:17:44.040,14.56072231,-1.011320315,14.373406836532139,-1.0035660314876598,-0.8105757317840975,0.054820507231198336,True
3294,537,21.48,02/28/2026 13:17:44.080,14.20986153,-1.011320315,14.333099564801724,-1.022291681961948,-0.6789646623372936,0.10858032107930495,True
3295,538,21.52,02/28/2026 13:17:44.120,14.20986153,-1.011320315,14.292613370443087,-1.0282783576830028,-0.4755368423105106,0.2587871109611778,True
3296,539,21.56,02/28/2026 13:17:44.160,14.20986153,-1.011320315,14.252063756217357,-1.0273219101980198,-0.2835820584803457,0.23032872094573784,True
3297,540,21.6,02/28/2026 13:17:44.200,14.20986153,-1.179873701,14.206667411209258,-1.1170726221465728,-1.03694449754604,3.5472186102031316,True
3298,541,21.64,02/28/2026 13:17:44.240,14.20986153,-1.179873701,14.160629440485115,-1.170390301376981,-1.1507068406889451,0.08093772870288336,True
3299,542,21.68,02/28/2026 13:17:44.280,14.03443114,-1.179873701,14.113803416415243,-1.1961267902530037,-0.9557356069759815,0.2377187283956664,True
3300,543,21.72,02/28/2026 13:17:44.320,13.85900075,-1.179873701,14.06638707080728,-1.2041045722477397,-0.6650644452507406,0.5289691014206759,True
3301,544,21.76,02/28/2026 13:17:44.360,13.68357036,-1.179873701,14.018544841027632,-1.2024818825603738,-0.39386072113864184,0.46207098692461107,True
3302,545,21.8,02/28/2026 13:17:44.400,13.85900075,-1.179873701,13.971034045555948,-1.1969352603578893,-0.18919148855063295,0.26207404923736405,True
3303,546,21.84,02/28/2026 13:17:44.440,13.85900075,-1.179873701,13.923599038284522,-1.190827399025868,-0.05779162512307981,0.10799997160127556,True
3304,547,21.88,02/28/2026 13:17:44.480,13.85900075,-1.348427087,13.871407488230961,-1.2793643085543502,-0.8862696857637299,4.289853375629146,True
3305,548,21.92,02/28/2026 13:17:44.520,13.85900075,-1.348427087,13.81862582001009,-1.3334784278603418,-1.0655934597173415,0.2010154333073099,True
3306,549,21.96,02/28/2026 13:17:44.560,13.85900075,-1.348427087,13.765404814785093,-1.360735158854969,-0.9179444871844549,0.13643819048012037,True
3307,550,22.0,02/28/2026 13:17:44.600,13.50813997,-1.348427087,13.711289040873393,-1.3702311557436073,-0.6563852223366458,0.42845469912047796,True
3308,551,22.04,02/28/2026 13:17:44.640,13.50813997,-1.516980473,13.652209588308752,-1.4633922310873169,-1.2992322459519268,2.583273676494587,True
3309,552,22.080000000000002,02/28/2026 13:17:44.680,13.50813997,-1.516980473,13.592434970978488,-1.5162605892600571,-1.3078690585910102,0.0006170204977876318,True
3310,553,22.12,02/28/2026 13:17:44.720,13.15727919,-1.516980473,13.53155294145542,-1.5399273528963973,-1.0326028077014913,0.47653672770239563,True
3311,554,22.16,02/28/2026 13:17:44.760,13.15727919,-1.516980473,13.47042191825988,-1.5455559394587852,-0.6898151838467552,0.7364689121312619,True
3312,555,22.2,02/28/2026 13:17:44.800,13.15727919,-1.516980473,13.409217602623757,-1.541961048540204,-0.39015113036333204,0.5625822953514945,True
3313,556,22.240000000000002,02/28/2026 13:17:44.840,12.9818488,-1.685533858,13.342877843629335,-1.628622470151464,-1.0728654281270118,2.915900058709909,True
3314,557,22.28,02/28/2026 13:17:44.880,12.63098802,-1.685533858,13.27531273308168,-1.6793099202411879,-1.1475361043603522,0.0436593449687459,True
3315,558,22.32,02/28/2026 13:17:44.920,12.63098802,-1.854087244,13.202471768643228,-1.7967718583164687,-1.8350994580360562,2.961602299636523,True
3316,559,22.36,02/28/2026 13:17:44.960,12.63098802,-1.854087244,13.128707117252324,-1.8612432467447444,-1.7492623344028475,0.05130272690162202,True
3317,560,22.400000000000002,02/28/2026 13:17:45.000,12.28012725,-1.854087244,13.053705595665035,-1.8883896670103792,-1.33777996433148,1.0709096332258692,True
3318,561,22.44,02/28/2026 13:17:45.040,12.10469686,-1.854087244,12.978080758359626,-1.8931428120999514,-0.8692800869752197,1.3879805556984877,True
3319,562,22.48,02/28/2026 13:17:45.080,12.10469686,-1.854087244,12.90237372152786,-1.8869221843571755,-0.4754019641842798,0.9831021271385735,True
3320,563,22.52,02/28/2026 13:17:45.120,12.10469686,-1.854087244,12.82673218308487,-1.8771485720423458,-0.1987672415020289,0.4893387290102533,True
3321,564,22.56,02/28/2026 13:17:45.160,12.10469686,-1.854087244,12.751236601040306,-1.867880518798525,-0.03331122826414143,0.1799589181180164,True
3322,565,22.6,02/28/2026 13:17:45.200,12.10469686,-1.854087244,12.675920209678596,-1.8608151330069846,0.047389297854314255,0.04762283289185726,True
3323,566,22.64,02/28/2026 13:17:45.240,12.10469686,-1.854087244,12.60078800034395,-1.85623712810964,0.07317298490967829,0.009375288663926139,True
3324,567,22.68,02/28/2026 13:17:45.280,12.10469686,-1.854087244,12.525831191154207,-1.853742309923445,0.06902976290106747,0.0038699959343299665,True
3325,568,22.72,02/28/2026 13:17:45.320,12.10469686,-2.02264063,12.446172217319141,-1.9462972996137353,-0.846790094990772,5.244533169427751,True
3326,569,22.76,02/28/2026 13:17:45.360,12.10469686,-2.02264063,12.365955414397304,-2.003752153636714,-1.0733798223588926,0.3223453248670418,True
3327,570,22.8,02/28/2026 13:17:45.400,12.10469686,-2.02264063,12.285324609774609,-2.033335443511672,-0.9450870249900947,0.10355956590308163,True
3328,571,22.84,02/28/2026 13:17:45.440,11.75383608,-1.854087244,12.208712686638584,-1.9506195075795807,0.2129093230849075,8.385325185411432,True
3329,572,22.88,02/28/2026 13:17:45.480,11.75383608,-1.854087244,12.132739646482483,-1.8932320123656678,0.6824855763242548,1.3811700041698223,True
3330,573,22.92,02/28/2026 13:17:45.520,11.75383608,-1.854087244,12.0573684662583,-1.859355807632559,0.7456834439086231,0.02691553328909009,True
3331,574,22.96,02/28/2026 13:17:45.560,11.75383608,-1.854087244,11.982481959336656,-1.8431653244374433,0.6146610430200029,0.10840409979079568,True
3332,575,23.0,02/28/2026 13:17:45.600,11.4029753,-1.854087244,11.907342256603155,-1.838296026923761,0.4252229642334572,0.2296957571751538,True
3333,576,23.04,02/28/2026 13:17:45.640,11.4029753,-1.854087244,11.832455736430335,-1.8395003686060791,0.25023314063003943,0.19530231452585994,True
3334,577,23.080000000000002,02/28/2026 13:17:45.680,11.4029753,-1.854087244,11.757749137379157,-1.843148872253981,0.11901176554641138,0.11029244651791867,True
3335,578,23.12,02/28/2026 13:17:45.720,11.4029753,-1.854087244,11.683179076836376,-1.8471057695212487,0.03525833069437276,0.04550875132149169,True
3336,579,23.16,02/28/2026 13:17:45.760,11.22754491,-1.854087244,11.608421676925978,-1.8503556543079929,-0.009510736027921789,0.015605373765463367,True
3337,580,23.2,02/28/2026 13:17:45.800,11.4029753,-1.685533858,11.538941090807786,-1.7590061062278406,0.8718614776141851,4.8554900049198695,True
3338,581,23.240000000000002,02/28/2026 13:17:45.840,11.4029753,-1.854087244,11.465413670890523,-1.796290885656516,0.17853488490678926,3.0044717709692175,True
3339,582,23.28,02/28/2026 13:17:45.880,11.4029753,-1.854087244,11.391846657995277,-1.8252068094893856,-0.1679150045014115,0.7501744025081187,True
3340,583,23.32,02/28/2026 13:17:45.920,11.22754491,-1.854087244,11.317908046222374,-1.8442302383318705,-0.2861609163801868,0.08756206611089384,True
3341,584,23.36,02/28/2026 13:17:45.960,11.22754491,-1.854087244,11.243927758660368,-1.8547941526346468,-0.27768104168073193,0.00045511085285069984,True
3342,585,23.400000000000002,02/28/2026 13:17:46.000,11.22754491,-1.685533858,11.1748185633316,-1.765750437831279,0.684598667183963,5.787451548742126,True
3343,586,23.44,02/28/2026 13:17:46.040,11.22754491,-1.685533858,11.106470593036125,-1.7090304586605802,0.9664657137240773,0.4968698041014814,True
3344,587,23.48,02/28/2026 13:17:46.080,11.22754491,-1.516980473,11.043630967840777,-1.585199465735263,1.7848239050275536,4.186416367282052,True
3345,588,23.52,02/28/2026 13:17:46.120,11.22754491,-1.516980473,10.981977498509389,-1.515568508575693,1.7678891046469436,0.0030713953891512175,True
3346,589,23.56,02/28/2026 13:17:46.160,11.22754491,-1.348427087,10.926069553309254,-1.3913110626774197,2.2823296374400424,1.6559955085704376,True
3347,590,23.6,02/28/2026 13:17:46.200,11.05211452,-1.348427087,10.871150787089828,-1.3268972973839597,2.0240603431389195,0.41758538057442635,True
3348,591,23.64,02/28/2026 13:17:46.240,10.87668413,-1.348427087,10.816832581186384,-1.302844611489567,1.4772531968773714,1.868811575424169,True
3349,592,23.68,02/28/2026 13:17:46.280,10.87668413,-1.179873701,10.767931463276433,-1.208283874666221,1.8180633652085567,0.7262008004061916,True
3350,593,23.72,02/28/2026 13:17:46.320,10.52582335,-1.179873701,10.719446297952011,-1.1601665173562707,1.5816532818286075,0.35010927783839696,True
3351,594,23.76,02/28/2026 13:17:46.360,10.52582335,-1.179873701,10.67166017545889,-1.142972371020333,1.1389826282384306,1.225188853373817,True
3352,595,23.8,02/28/2026 13:17:46.400,10.52582335,-1.179873701,10.62430267451196,-1.1432003077589985,0.699046912242109,1.2098552223023677,True
3353,596,23.84,02/28/2026 13:17:46.440,10.17496257,-1.179873701,10.576589932206575,-1.1511284249987501,0.3542131061411977,0.7466211664846796,True
3354,597,23.88,02/28/2026 13:17:46.480,10.17496257,-1.179873701,10.528993169857708,-1.1607887587785148,0.12526538646875457,0.3302710826202088,True
3355,598,23.92,02/28/2026 13:17:46.520,10.17496257,-1.011320315,10.486316193690689,-1.0755669680804765,0.8959650092579876,3.7144016868776615,True
3356,599,23.96,02/28/2026 13:17:46.560,9.999532186,-1.011320315,10.444087628595382,-1.0239551931842725,1.047527470131936,0.14775752811088763,True
3357,600,24.0,02/28/2026 13:17:46.600,9.999532186,-1.011320315,10.402448212856942,-0.9983050723487148,0.891391312699437,0.15581376677920208,True
3358,601,24.04,02/28/2026 13:17:46.640,9.999532186,-1.011320315,10.361218771259539,-0.9896749740257302,0.6317289217781539,0.42418505624296604,True
3359,602,24.080000000000002,02/28/2026 13:17:46.680,9.999532186,-1.011320315,10.320246786662734,-0.9904560514787473,0.3814368692685265,0.393725712120486,True
3360,603,24.12,02/28/2026 13:17:46.720,9.999532186,-1.011320315,10.279424074312557,-0.9952559610250222,0.18872511026792682,0.23377695521227795,True
3361,604,24.16,02/28/2026 13:17:46.760,9.999532186,-1.011320315,10.238685182062914,-1.0008188757186567,0.0627466624067883,0.10040640928059498,True
3362,605,24.2,02/28/2026 13:17:46.800,9.999532186,-1.179873701,10.193132822322152,-1.0991249138462764,-0.9059192133953622,5.865268062988809,True
3363,606,24.240000000000002,02/28/2026 13:17:46.840,9.999532186,-1.179873701,10.146912410434135,-1.160077650816809,-1.1433947490206777,0.3529296389219901,True
3364,607,24.28,02/28/2026 13:17:46.880,9.999532186,-1.179873701,10.10017822812475,-1.1914102952677312,-1.00500291586003,0.11991577961645414,True
3365,608,24.32,02/28/2026 13:17:46.920,9.999532186,-1.179873701,10.053125101720864,-1.202883168535471,-0.7289817583448812,0.47623289736643126,True
3366,609,24.36,02/28/2026 13:17:46.960,9.999532186,-1.179873701,10.005924232775172,-1.2030752359694488,-0.4506559539480753,0.48415858094455855,True
3367,610,24.400000000000002,02/28/2026 13:17:47.000,9.999532186,-1.179873701,9.95869970152246,-1.1982092788807701,-0.23070162399370828,0.30241041614973607,True
3368,611,24.44,02/28/2026 13:17:47.040,9.999532186,-1.179873701,9.911528073430334,-1.1921322211918697,-0.08364714620403241,0.13532155881512414,True
3369,612,24.48,02/28/2026 13:17:47.080,9.999532186,-1.179873701,9.864448364580406,-1.1868133979959692,-0.0003967318790970009,0.0437043070385471,True
3370,613,24.52,02/28/2026 13:17:47.120,9.999532186,-1.179873701,9.817474487377119,-1.1829668409827883,0.036710940044091075,0.009309675367971523,True
3371,614,24.560000000000002,02/28/2026 13:17:47.160,9.999532186,-1.179873701,9.770606143386203,-1.1805959207684755,0.04537762458336199,0.0015812610633094025,True
3372,615,24.6,02/28/2026 13:17:47.200,9.999532186,-1.179873701,9.723836700967384,-1.1793872292401057,0.03954542943576352,0.001824779952376961,True
3373,616,24.64,02/28/2026 13:17:47.240,9.999532186,-1.179873701,9.677158050800017,-1.1789533567302495,0.028509091478991087,0.0029654869312994263,True
3374,617,24.68,02/28/2026 13:17:47.280,9.648671407,-1.179873701,9.629993519863513,-1.1789571931398142,0.017514891279569053,0.0007628385850412257,True
3375,618,24.72,02/28/2026 13:17:47.320,9.648671407,-1.348427087,9.57804440225288,-1.2727453530920092,-0.8903631748569386,5.151617533908071,True
3376,619,24.76,02/28/2026 13:17:47.360,9.473241018,-1.348427087,9.525179800573845,-1.3306076763513957,-1.104125698607485,0.28564810188330636,True
3377,620,24.8,02/28/2026 13:17:47.400,9.473241018,-1.348427087,9.471836096988467,-1.3601440350422214,-0.9635690342343692,0.12347615612665241,True
3378,621,24.84,02/28/2026 13:17:47.440,9.473241018,-1.348427087,9.41820137941009,-1.3707795066014556,-0.6954284421759849,0.44943639774560606,True
3379,622,24.88,02/28/2026 13:17:47.480,9.473241018,-1.348427087,9.364439741498161,-1.3707393300589095,-0.42776912090807134,0.44801258466634214,True
3380,623,24.92,02/28/2026 13:17:47.520,9.473241018,-1.348427087,9.310669501097566,-1.3659598272372038,-0.21744408407413446,0.27704188447380085,True
3381,624,24.96,02/28/2026 13:17:47.560,9.473241018,-1.348427087,9.256963282408954,-1.3600925104974921,-0.07750276105094747,0.12339164962783128,True
3382,625,25.0,02/28/2026 13:17:47.600,9.473241018,-1.348427087,9.203357804295553,-1.354993497688785,0.0012714298442616512,0.04033006071402906,True
3383,626,25.04,02/28/2026 13:17:47.640,9.473241018,-1.348427087,9.14986589642672,-1.3513243194015094,0.03603079886708003,0.009770254351085444,True
3384,627,25.080000000000002,02/28/2026 13:17:47.680,9.473241018,-1.348427087,9.096486941929193,-1.3490740520106517,0.043796616347050045,0.0033879822061025997,True
3385,628,25.12,02/28/2026 13:17:47.720,9.473241018,-1.348427087,9.043214391732887,-1.3479350357331843,0.03789946232487824,0.0041396798240689574,True
3386,629,25.16,02/28/2026 13:17:47.760,9.473241018,-1.348427087,8.990040372984438,-1.3475332962470823,0.02718371658026439,0.005669833712519903,True
3387,630,25.2,02/28/2026 13:17:47.800,9.473241018,-1.348427087,8.936958021617176,-1.3475451742134863,0.016611137748317226,0.006798630444707833,True
3388,631,25.240000000000002,02/28/2026 13:17:47.840,9.473241018,-1.348427087,8.88396230497787,-1.3477384576618476,0.008357867001054306,0.007791037672299307,True
3389,632,25.28,02/28/2026 13:17:47.880,9.473241018,-1.348427087,8.831049997365213,-1.3479711599501336,0.002896772125445162,0.008933913388788755,True
3390,633,25.32,02/28/2026 13:17:47.920,9.473241018,-1.348427087,8.77821928405037,-1.3481717218054274,-0.00015770494707579652,0.010304394519493507,True
3391,634,25.36,02/28/2026 13:17:47.960,9.473241018,-1.348427087,8.725469284568407,-1.348315176878401,-0.0014906188936579595,0.011871573183006435,True
3392,635,25.400000000000002,02/28/2026 13:17:48.000,9.473241018,-1.348427087,8.67279964183388,-1.3484026084830243,-0.0017740289396739435,0.013590638703502892,True
3393,636,25.44,02/28/2026 13:17:48.040,9.473241018,-1.348427087,8.620210228211693,-1.34844645407733,-0.0015307944160498376,0.015434922387491747,True
3394,637,25.48,02/28/2026 13:17:48.080,9.473241018,-1.348427087,8.56770096632447,-1.3484615465550893,-0.0011058390846437366,0.017394316188962523,True
3395,638,25.52,02/28/2026 13:17:48.120,9.473241018,-1.348427087,8.515271739124486,-1.3484606187534394,-0.0006913434417981682,0.01946658994888286,True
3396,639,25.560000000000002,02/28/2026 13:17:48.160,9.473241018,-1.179873701,8.467787384440657,-1.2548618089050083,0.8988797355394544,5.079181847903406,True
3397,640,25.6,02/28/2026 13:17:48.200,9.473241018,-1.179873701,8.421091473816585,-1.197231591323575,1.1071186440744518,0.2945177050373333,True
3398,641,25.64,02/28/2026 13:17:48.240,9.473241018,-1.179873701,8.375030222427752,-1.1678965700786725,0.9634548818019196,0.15456624719447828,True
3399,642,25.68,02/28/2026 13:17:48.280,9.473241018,-1.179873701,8.329414295844249,-1.1574057634600872,0.6939438631223963,0.48170569359822973,True
3400,643,25.72,02/28/2026 13:17:48.320,9.473241018,-1.179873701,8.284078888035696,-1.1575345059595241,0.42597782045392024,0.478758374406747,True
3401,644,25.76,02/28/2026 13:17:48.360,9.473241018,-1.179873701,8.238905206406686,-1.1623587026189464,0.21588347499977273,0.30817101616120934,True
3402,645,25.8,02/28/2026 13:17:48.400,9.473241018,-1.179873701,8.193820207992738,-1.1682416413847578,0.07636150836541836,0.15637259482130392,True
3403,646,25.84,02/28/2026 13:17:48.440,9.473241018,-1.179873701,8.148786719370628,-1.1733399907797748,-0.0020000234305346948,0.07557835531850797,True
3404,647,25.88,02/28/2026 13:17:48.480,9.473241018,-1.179873701,8.103791388271713,-1.1770013822412015,-0.03643888514430261,0.047187626933467015,True
3405,648,25.92,02/28/2026 13:17:48.520,9.473241018,-1.011320315,8.063699338763813,-1.0856513909314405,0.8552555954882669,5.01172297658418,True
3406,649,25.96,02/28/2026 13:17:48.560,9.473241018,-1.011320315,8.024360377654968,-1.0291614457365625,1.0692965324728094,0.3308823874658125,True
3407,650,26.0,02/28/2026 13:17:48.600,9.473241018,-1.011320315,7.98562822816483,-1.0002303446981886,0.9362801364015533,0.15750827533965428,True
3408,651,26.04,02/28/2026 13:17:48.640,9.473241018,-1.011320315,7.947320073009574,-0.9897297763518644,0.6772992886051924,0.4685537447677223,True
3409,652,26.080000000000002,02/28/2026 13:17:48.680,9.297810629,-0.842766929,7.913870971276057,-0.8960761857535902,1.316815451358071,2.596816439406081,True
3410,653,26.12,02/28/2026 13:17:48.720,9.297810629,-0.842766929,7.881279733533809,-0.8430478996479822,1.3202040873020557,0.04263184981139807,True
3411,654,26.16,02/28/2026 13:17:48.760,9.297810629,-0.842766929,7.84932133287102,-0.8194037675760037,1.0399578454344796,0.5353356261229535,True
3412,655,26.2,02/28/2026 13:17:48.800,9.12238024,-0.842766929,7.81750139961384,-0.8138739644570332,0.6933741843311625,0.7868347551260387,True
3413,656,26.240000000000002,02/28/2026 13:17:48.840,8.771519461,-0.842766929,7.785375006552065,-0.8175807124639956,0.39125264117824077,0.5910896307654827,True
3414,657,26.28,02/28/2026 13:17:48.880,8.771519461,-0.674213543,7.758227071235679,-0.7310128808108906,1.0726311183457422,2.923554817822675,True
3415,658,26.32,02/28/2026 13:17:48.920,8.771519461,-0.674213543,7.731834546767672,-0.6803912108703584,1.1467517852898497,0.05726898964021701,True
3416,659,26.36,02/28/2026 13:17:48.960,8.771519461,-0.674213543,7.706014138496607,-0.6565591121213803,0.9349826455218863,0.3043525937062767,True
3417,660,26.400000000000002,02/28/2026 13:17:49.000,8.771519461,-0.674213543,7.680569898497933,-0.6497272736626325,0.641259016447079,0.564430971373921,True
3418,661,26.44,02/28/2026 13:17:49.040,8.771519461,-0.674213543,7.655342033636673,-0.6519140691539419,0.37376853414087796,0.4735983546007674,True
3419,662,26.48,02/28/2026 13:17:49.080,8.771519461,-0.505660158,7.635086100575204,-0.5640541921636207,1.0742785809807593,3.0944122137716046,True
3420,663,26.52,02/28/2026 13:17:49.120,8.771519461,-0.505660158,7.615582124156515,-0.5125175655234978,1.1565548981951452,0.07065572007766212,True
3421,664,26.560000000000002,02/28/2026 13:17:49.160,8.771519461,-0.505660158,7.596646577144008,-0.48813347369680665,0.9463196052176441,0.3055021929304326,True
3422,665,26.6,02/28/2026 13:17:49.200,8.771519461,-0.337106772,7.582947112243076,-0.38743792245378,1.5501078703879978,2.3085148232161274,True
3423,666,26.64,02/28/2026 13:17:49.240,8.771519461,-0.337106772,7.570166075042908,-0.33191341002209535,1.4878235951677274,0.054851485545236466,True
3424,667,26.68,02/28/2026 13:17:49.280,8.771519461,-0.337106772,7.558038749144103,-0.30832743142816316,1.1426017984401233,0.7760658052634594,True
3425,668,26.72,02/28/2026 13:17:49.320,8.771519461,-0.337106772,7.546311051965069,-0.3039791429028033,0.7452180312279348,1.0187661586787808,True
3426,669,26.76,02/28/2026 13:17:49.360,8.771519461,-0.337106772,7.53478783877162,-0.30911456585020025,0.40943900518960524,0.7370833821163562,True
3427,670,26.8,02/28/2026 13:17:49.400,8.771519461,-0.168553386,7.528207070442146,-0.22378090776428072,1.0719648971320652,2.776222144758361,True
3428,671,26.84,02/28/2026 13:17:49.440,8.771519461,-0.168553386,7.522342833280069,-0.17404353557253444,1.137840762589598,0.06022455986353118,True
3429,672,26.88,02/28/2026 13:17:49.480,8.771519461,-0.168553386,7.517012086509056,-0.15075142250163534,0.9243042339259046,0.3183470159515922,True
3430,673,26.92,02/28/2026 13:17:49.520,8.771519461,-0.168553386,7.512020542983501,-0.14419120972682942,0.6320713793804021,0.5673698128834541,True
3431,674,26.96,02/28/2026 13:17:49.560,8.771519461,-0.168553386,7.507210371411084,-0.14647231899521013,0.3672027997624183,0.4723503040532094,True
3432,675,27.0,02/28/2026 13:17:49.600,8.771519461,-0.168553386,7.502473631630604,-0.15219871854104428,0.17102823678811754,0.27466757089776295,True
3433,676,27.04,02/28/2026 13:17:49.640,8.596089072,0.0,7.502352219141187,-0.06464466214888469,0.9465203428467067,3.784105986837669,True
3434,677,27.080000000000002,02/28/2026 13:17:49.680,8.596089072,0.0,7.50292245508589,-0.011910176008502624,1.0894089260487652,0.1529633237411122,True
3435,678,27.12,02/28/2026 13:17:49.720,8.596089072,0.0,7.504022756866572,0.014084889203083168,0.9204603873081577,0.203678899484911,True
3436,679,27.16,02/28/2026 13:17:49.760,8.771519461,0.0,7.505726724328026,0.022640673730106985,0.6488787770877691,0.4949364772778208,True
3437,680,27.2,02/28/2026 13:17:49.800,8.771519461,0.0,7.507616898089233,0.021614442202067874,0.3896078280383706,0.4539914510168248,True
3438,681,27.240000000000002,02/28/2026 13:17:49.840,8.771519461,0.0,7.509582511587673,0.01654570635322034,0.19114146853416702,0.27993815860938476,True
3439,682,27.28,02/28/2026 13:17:49.880,8.771519461,0.0,7.511557061805318,0.010760796423449674,0.062070931152577835,0.1377780227840463,True
3440,683,27.32,02/28/2026 13:17:49.920,8.771519461,0.0,7.513507928481667,0.005891899214286643,-0.008592283163733158,0.0647669497439822,True
3441,684,27.36,02/28/2026 13:17:49.960,8.771519461,0.0,7.5154245266087925,0.0024694325133520437,-0.03819957135027964,0.03893892555098068,True
3442,685,27.400000000000002,02/28/2026 13:17:50.000,8.771519461,0.0,7.517308334926425,0.00042061991211083587,-0.04322930370946824,0.03352013157651962,True
3443,686,27.44,02/28/2026 13:17:50.040,8.771519461,0.0,7.519165886711173,-0.000580048805603498,-0.036255026248873085,0.03356825171377716,True
3444,687,27.48,02/28/2026 13:17:50.080,8.771519461,0.0,7.521004573812137,-0.0009010194299085151,-0.025430405042538733,0.03389923985544836,True
3445,688,27.52,02/28/2026 13:17:50.120,8.771519461,0.0,7.522830597286695,-0.0008512050183814375,-0.015203381574908383,0.03372370253747362,True
3446,689,27.560000000000002,02/28/2026 13:17:50.160,8.771519461,0.0,7.524648310058544,-0.0006471186773304654,-0.007424603618456308,0.033351697197063115,True
3447,690,27.6,02/28/2026 13:17:50.200,8.771519461,0.0,7.5264603189435375,-0.0004179747371894705,-0.0023946623526435295,0.03303556799807447,True
3448,691,27.64,02/28/2026 13:17:50.240,8.771519461,0.168553386,7.533133313546179,0.09336435600310798,0.8995896510598758,5.1174515666053555,True
3449,692,27.68,02/28/2026 13:17:50.280,8.771519461,0.0,7.5356465048757375,0.05752809699839606,0.20949771717617827,3.0087520391674296,True
3450,693,27.72,02/28/2026 13:17:50.320,8.771519461,0.0,7.538002148120502,0.029313815236708042,-0.14213539137364672,0.8050263554341002,True
3451,694,27.76,02/28/2026 13:17:50.360,8.771519461,0.0,7.540164487955215,0.010510379335426782,-0.268202289650435,0.13147654720881485,True
3452,695,27.8,02/28/2026 13:17:50.400,8.771519461,0.168553386,7.547023239108987,0.09349599956757695,0.6322026479829095,5.098933214171341,True
3453,696,27.84,02/28/2026 13:17:50.440,8.771519461,0.168553386,7.554468436443521,0.14642085820239845,0.8977202642203033,0.47205917200565606,True
3454,697,27.88,02/28/2026 13:17:50.480,8.771519461,0.168553386,7.562392199145483,0.17468210074889745,0.8242155813752899,0.06476848041963233,True
3455,698,27.92,02/28/2026 13:17:50.520,8.771519461,0.0,7.565775857740344,0.09235243118630836,-0.2836298604669184,7.701499359912214,True
3456,699,27.96,02/28/2026 13:17:50.560,8.771519461,0.0,7.5686344940700385,0.03602900058293209,-0.7158188035702642,1.1980711281682883,True
3457,700,28.0,02/28/2026 13:17:50.600,8.771519461,0.0,7.571016540600081,0.003291244991267756,-0.7552852764483146,0.04029710284026263,True
3458,701,28.04,02/28/2026 13:17:50.640,8.771519461,0.0,7.573044214405657,-0.011970640765286679,-0.6116700144793166,0.15938257447957985,True
3459,702,28.080000000000002,02/28/2026 13:17:50.680,8.771519461,0.0,7.5748464702386205,-0.016203356660565667,-0.4172790660457196,0.2665607968213145,True
3460,703,28.12,02/28/2026 13:17:50.720,8.771519461,0.168553386,7.581393235912817,0.07896326334509277,0.65746030586921,7.249282897411547,True
3461,704,28.16,02/28/2026 13:17:50.760,9.12238024,0.168553386,7.589101398691743,0.14040737651637744,0.9951197588626901,0.7624819082503129,True
3462,705,28.2,02/28/2026 13:17:50.800,9.12238024,0.168553386,7.597356019616202,0.17374084639232734,0.9329104098736214,0.07350427080655278,True
3463,706,28.240000000000002,02/28/2026 13:17:50.840,9.473241018,0.168553386,7.606487240090449,0.18745941777855565,0.7061372837680459,0.3952880573629489,True
3464,707,28.28,02/28/2026 13:17:50.880,9.473241018,0.168553386,7.61583447510211,0.18952639776806915,0.4545685217883613,0.46867653407332954,True
3465,708,28.32,02/28/2026 13:17:50.920,9.473241018,0.337106772,7.630142748929814,0.2795612876215944,1.1449083792617125,3.050689117322165,True
3466,709,28.36,02/28/2026 13:17:50.960,9.473241018,0.337106772,7.645178830971085,0.3318842530413563,1.2075811363793316,0.09542972067648545,True
3467,710,28.400000000000002,02/28/2026 13:17:51.000,9.297810629,0.337106772,7.660498718835371,0.3562690007624418,0.9777317357755456,0.38701950177454164,True
3468,711,28.44,02/28/2026 13:17:51.040,9.297810629,0.337106772,7.676145659948122,0.3630249208236471,0.6668380386316356,0.6598299282540154,True
3469,712,28.48,02/28/2026 13:17:51.080,9.297810629,0.337106772,7.691952822982957,0.3604988499260731,0.3862469155214518,0.5467296311456646,True
3470,713,28.52,02/28/2026 13:17:51.120,9.297810629,0.505660158,7.712672010023263,0.4479747202431833,1.0782623584160413,3.0463978631415705,True
3471,714,28.560000000000002,02/28/2026 13:17:51.160,9.297810629,0.505660158,7.734081722566344,0.4991893855206301,1.1559058010863532,0.08954449095506342,True
3472,715,28.6,02/28/2026 13:17:51.200,9.297810629,0.674213543,7.760863573414636,0.6169387515627649,1.8429945098401204,3.000738457171592,True
3473,716,28.64,02/28/2026 13:17:51.240,9.297810629,0.674213543,7.788664715584491,0.6815295973244212,1.7552503184404873,0.09641038031995025,True
3474,717,28.68,02/28/2026 13:17:51.280,9.473241018,0.842766929,7.822282546740756,0.802285964696649,2.2408815359416225,1.5318459467630885,True
3475,718,28.72,02/28/2026 13:17:51.320,9.473241018,0.842766929,7.857014982650597,0.8646302853668949,1.9786291061216472,0.4852203443219653,True
3476,719,28.76,02/28/2026 13:17:51.360,9.473241018,0.842766929,7.892479655507463,0.8876918791387096,1.439729073130502,1.868016562996368,True
3477,720,28.8,02/28/2026 13:17:51.400,9.473241018,0.842766929,7.9283389694477835,0.8883614214631269,0.8927967442329348,1.9201507286163035,True
3478,721,28.84,02/28/2026 13:17:51.440,9.473241018,1.011320315,7.9692129385643335,0.9725203743430686,1.3582605044134481,1.4021251801634689,True
3479,722,28.88,02/28/2026 13:17:51.480,9.473241018,1.011320315,8.010793746100623,1.0182295789061604,1.2753955781124997,0.08826490230044509,True
3480,723,28.92,02/28/2026 13:17:51.520,9.473241018,1.011320315,8.05284974298318,1.0370840928575247,0.9663511434241272,0.6396831300953334,True
3481,724,28.96,02/28/2026 13:17:51.560,9.473241018,1.011320315,8.095163426243865,1.0399716078437078,0.622667504284454,0.7784817944805059,True
3482,725,29.0,02/28/2026 13:17:51.600,9.473241018,1.179873701,8.142435685985415,1.1287326851244945,1.2361727341179785,2.3900449839389926,True
3483,726,29.04,02/28/2026 13:17:51.640,9.473241018,1.179873701,8.19040488172636,1.1791222273876483,1.2452038098375866,0.035410472301494626,True
3484,727,29.080000000000002,02/28/2026 13:17:51.680,9.473241018,1.179873701,8.238860241241527,1.2016930581646565,0.9834743151362326,0.4604301691965831,True
3485,728,29.12,02/28/2026 13:17:51.720,9.648671407,1.179873701,8.287832156838984,1.2070753401286507,0.6571805182269022,0.7046647702199936,True
3486,729,29.16,02/28/2026 13:17:51.760,9.648671407,1.348427087,8.341775293536525,1.297255288246298,1.2710547138543928,2.3915366742030577,True
3487,730,29.2,02/28/2026 13:17:51.800,9.648671407,1.348427087,8.396422177507668,1.3482824126789597,1.27280622688177,0.03327458477961125,True
3488,731,29.240000000000002,02/28/2026 13:17:51.840,9.648671407,1.348427087,8.451556115202111,1.3710072910251354,1.0019491277396078,0.4888910191298394,True
3489,732,29.28,02/28/2026 13:17:51.880,9.648671407,1.348427087,8.506960112940378,1.376295429336008,0.6676547513567423,0.7260712224329622,True
3490,733,29.32,02/28/2026 13:17:51.920,9.999532186,1.348427087,8.56294564472333,1.3727007639154,0.3764857906002386,0.5736081470516858,True
3491,734,29.36,02/28/2026 13:17:51.960,9.999532186,1.348427087,8.61891551347186,1.36592220720477,0.16663176063958912,0.3156441179191199,True
3492,735,29.400000000000002,02/28/2026 13:17:52.000,9.999532186,1.348427087,8.674805747063687,1.3591742068976078,0.037726107528092384,0.14105804303972036,True
3493,736,29.44,02/28/2026 13:17:52.040,10.17496257,1.348427087,8.730828366959015,1.3538801038209904,-0.02766989755858551,0.0709495643941001,True
3494,737,29.48,02/28/2026 13:17:52.080,10.17496257,1.348427087,8.786736426503136,1.3503621499733596,-0.05086520130433147,0.044229363655742496,True
3495,738,29.52,02/28/2026 13:17:52.120,10.17496257,1.348427087,8.842534949847803,1.3483848545450168,-0.05034155880141007,0.03765131048665482,True
3496,739,29.560000000000002,02/28/2026 13:17:52.160,10.52582335,1.348427087,8.898711379391823,1.347515238541114,-0.03938222812082356,0.05689633588109144,True
3497,740,29.6,02/28/2026 13:17:52.200,10.52582335,1.348427087,8.954794881094047,1.3473233617880578,-0.026121858253020887,0.05344108426590125,True
3498,741,29.64,02/28/2026 13:17:52.240,10.52582335,1.348427087,9.010792477074725,1.3474738374981365,-0.014667312260505466,0.04949706058412733,True
3499,742,29.68,02/28/2026 13:17:52.280,10.52582335,1.348427087,9.06670892441498,1.3477444462862043,-0.006459706911042617,0.045570866045512116,True
3500,743,29.72,02/28/2026 13:17:52.320,10.52582335,1.348427087,9.122547023464945,1.3480107214039865,-0.001447054433285893,0.041917011380910016,True
3501,744,29.76,02/28/2026 13:17:52.360,10.35039296,1.516980473,9.182936236900519,1.4418089076062268,0.9003268407449335,5.111452970093003,True
3502,745,29.8,02/28/2026 13:17:52.400,10.52582335,1.516980473,9.244197332741669,1.4995670863105257,1.1092344037588027,0.3076164181416799,True
3503,746,29.84,02/28/2026 13:17:52.440,10.52582335,1.516980473,9.30593893151086,1.5289707470915332,0.9654145177049556,0.16082133474809832,True
3504,747,29.88,02/28/2026 13:17:52.480,10.52582335,1.516980473,9.367971987972517,1.5394891383228377,0.6954150943163981,0.4840308649840961,True
3505,748,29.92,02/28/2026 13:17:52.520,10.52582335,1.516980473,9.430132009163191,1.5393638107591807,0.42691830772467226,0.47600424167661326,True
3506,749,29.96,02/28/2026 13:17:52.560,10.52582335,1.516980473,9.49230059618068,1.534531526849993,0.21638886146577344,0.29965323699629065,True
3507,750,30.0,02/28/2026 13:17:52.600,10.70125374,1.516980473,9.554641042543741,1.528637355165173,0.07656741248091764,0.15005680559271742,True
3508,751,30.04,02/28/2026 13:17:52.640,10.52582335,1.516980473,9.616644704790836,1.5235282500645015,-0.0019681846649780843,0.056073173997254415,True
3509,752,30.080000000000002,02/28/2026 13:17:52.680,10.52582335,1.516980473,9.678534999774286,1.5198588149708692,-0.03648598594485318,0.022668544177889917,True
3510,753,30.12,02/28/2026 13:17:52.720,10.70125374,1.516980473,9.740547535253526,1.5176129860405356,-0.04406134833089205,0.01993047593724426,True
3511,754,30.16,02/28/2026 13:17:52.760,10.70125374,1.516980473,9.802453296897308,1.5164793186367285,-0.038038014047105495,0.01735829850182427,True
3512,755,30.2,02/28/2026 13:17:52.800,10.70125374,1.516980473,9.864260125473265,1.5160821894984298,-0.02725150350667225,0.015583880652942292,True
3513,756,30.240000000000002,02/28/2026 13:17:52.840,10.70125374,1.516980473,9.92597483225006,1.5160973635423016,-0.01664780933995142,0.013449341126862763,True
3514,757,30.28,02/28/2026 13:17:52.880,10.70125374,1.516980473,9.987602385823191,1.5162926532122136,-0.008387599589001149,0.011227020197297493,True
3515,758,30.32,02/28/2026 13:17:52.920,10.87668413,1.516980473,10.04937940586199,1.5165266261138075,-0.002932679890711022,0.014700335634002758,True
3516,759,30.36,02/28/2026 13:17:52.960,10.87668413,1.516980473,10.111073573184056,1.516727629647705,0.00011021096820364477,0.012488072919935683,True
3517,760,30.400000000000002,02/28/2026 13:17:53.000,11.05211452,1.516980473,10.172918574325717,1.5168713296099996,0.0014307261222182366,0.016402805541071423,True
3518,761,30.44,02/28/2026 13:17:53.040,11.05211452,1.516980473,10.23468123115022,1.516958635645574,0.001703128094800177,0.014170154409015324,True
3519,762,30.48,02/28/2026 13:17:53.080,11.05211452,1.516980473,10.296361611415547,1.5170022156566145,0.0014519558521435103,0.012112334139515277,True
3520,763,30.52,02/28/2026 13:17:53.120,11.4029753,1.516980473,10.358423721216157,1.5170175711652676,0.0010202673616677741,0.023138481342361756,True
3521,764,30.560000000000002,02/28/2026 13:17:53.160,11.22754491,1.685533858,10.42503660864546,1.6106073006500266,0.8998503797794706,5.063054638268797,True
3522,765,30.6,02/28/2026 13:17:53.200,11.22754491,1.685533858,10.492277360166893,1.668220123953592,1.1075555279339697,0.2811087803945247,True
3523,766,30.64,02/28/2026 13:17:53.240,11.22754491,1.685533858,10.559992692110237,1.6975377397507438,0.963565347526641,0.1390254031087904,True
3524,767,30.68,02/28/2026 13:17:53.280,11.22754491,1.685533858,10.62799385957241,1.708014824733913,0.6938910639629992,0.46213768501552305,True
3525,768,30.72,02/28/2026 13:17:53.320,11.22754491,1.685533858,10.696116699049643,1.7078769016122803,0.4258704376657905,0.4549479521768046,True
3526,769,30.76,02/28/2026 13:17:53.360,11.22754491,1.685533858,10.76424308564404,1.7030474775393567,0.21578276914432976,0.28040012343477805,True
3527,770,30.8,02/28/2026 13:17:53.400,11.57840569,1.854087244,10.83762648289415,1.7907536391996925,0.9755428977260316,3.6193975277759196,True
3528,771,30.84,02/28/2026 13:17:53.440,11.57840569,1.854087244,10.911613972809208,1.843275794684636,1.1052456868924891,0.1145768186390288,True
3529,772,30.88,02/28/2026 13:17:53.480,11.57840569,1.854087244,10.986039376895244,1.86894174573065,0.9270584751067675,0.20587533972361544,True
3530,773,30.92,02/28/2026 13:17:53.520,11.75383608,1.854087244,11.060943483630664,1.8771866956749264,0.6499660307345934,0.49004370712524303,True
3531,774,30.96,02/28/2026 13:17:53.560,11.75383608,1.854087244,11.135938698627536,1.875924076150922,0.38801902714557873,0.43693630578233067,True
3532,775,31.0,02/28/2026 13:17:53.600,11.75383608,2.02264063,11.215780347717264,1.9642934348069905,1.0879595380878013,3.0681448553691997,True
3533,776,31.04,02/28/2026 13:17:53.640,11.92926647,2.02264063,11.296475529979514,2.0160466316488064,1.1670693014046771,0.04760933493604489,True
3534,777,31.080000000000002,02/28/2026 13:17:53.680,12.10469686,2.02264063,11.377838045144497,2.040470824164419,0.9531873656039743,0.2971016582004919,True
3535,778,31.12,02/28/2026 13:17:53.720,12.10469686,2.02264063,11.459440489948012,2.0475282407863546,0.6546435348502184,0.5658680914522369,True
3536,779,31.16,02/28/2026 13:17:53.760,12.10469686,2.02264063,11.541120528623367,2.04535585585142,0.38215861610410456,0.4707746318517817,True
3537,780,31.2,02/28/2026 13:17:53.800,12.10469686,2.02264063,11.622766792571495,2.0395421865341556,0.17941350005088086,0.26182810604450346,True
3538,781,31.240000000000002,02/28/2026 13:17:53.840,12.28012725,2.02264063,11.70454129132044,2.033350003869907,0.050951076037506204,0.11016129576425224,True
3539,782,31.28,02/28/2026 13:17:53.880,12.63098802,2.02264063,11.786639522220547,2.0283112085802673,-0.017062468188109928,0.044025137707121645,True
3540,783,31.32,02/28/2026 13:17:53.920,12.63098802,2.02264063,11.868598881695771,2.024860195478717,-0.0436786654497362,0.016751395001261698,True
3541,784,31.36,02/28/2026 13:17:53.960,12.63098802,2.02264063,11.950422673722406,2.0228517751225414,-0.046202873527904344,0.009861222014892696,True
3542,785,31.400000000000002,02/28/2026 13:17:54.000,12.63098802,2.02264063,12.032118744988944,2.0219135205428724,-0.037472812008435386,0.008081758156938398,True
3543,786,31.44,02/28/2026 13:17:54.040,12.63098802,2.02264063,12.113695371840507,2.0216514206485767,-0.025599638903579643,0.006555778975665976,True
3544,787,31.48,02/28/2026 13:17:54.080,12.9818488,2.191194016,12.200475729696741,2.115337428327684,0.8843868567023959,5.188467650474479,True
3545,788,31.52,02/28/2026 13:17:54.120,12.9818488,2.191194016,12.287857832805972,2.1731915071736516,1.1003540266510246,0.30173461713274813,True
3546,789,31.560000000000002,02/28/2026 13:17:54.160,12.9818488,2.191194016,12.375691112945493,2.202763366243758,0.9615757059767585,0.12815675855495215,True
3547,790,31.6,02/28/2026 13:17:54.200,12.9818488,2.191194016,12.46378812999077,2.213446209532532,0.6946447466078225,0.4510072997774359,True
3548,791,31.64,02/28/2026 13:17:54.240,12.9818488,2.191194016,12.551985135283783,2.213448567283526,0.4276843773017217,0.4493342620200093,True
3549,792,31.68,02/28/2026 13:17:54.280,12.9818488,2.191194016,12.640163950278247,2.2087003625888535,0.21768240122834173,0.2781008029307892,True
3550,793,31.720000000000002,02/28/2026 13:17:54.320,13.33270958,2.191194016,12.728699108484035,2.2028531961683266,0.07782645210442116,0.12997823633151193,True
3551,794,31.76,02/28/2026 13:17:54.360,13.33270958,2.191194016,12.817105618521975,2.197764610528063,-0.0009878928708825646,0.04445750928355964,True
3552,795,31.8,02/28/2026 13:17:54.400,13.33270958,2.191194016,12.905370604333381,2.1940993020852018,-0.035834281861068754,0.011460520107669122,True
3553,796,31.84,02/28/2026 13:17:54.440,14.03443114,2.191194016,12.994385689191652,2.1918502271119222,-0.043692916994643685,0.02332236143415815,True
3554,797,31.88,02/28/2026 13:17:54.480,14.03443114,2.191194016,13.083264166249993,2.1907100354765845,-0.03787493490129997,0.019396146122630017,True
3555,798,31.92,02/28/2026 13:17:54.520,14.03443114,2.191194016,13.172013903675232,2.190306310386345,-0.027214995251881015,0.016482046181159518,True
3556,799,31.96,02/28/2026 13:17:54.560,14.03443114,2.191194016,13.260641775072365,2.1903162581147337,-0.016675520469130165,0.013391043263001206,True
3557,800,32.0,02/28/2026 13:17:54.600,14.03443114,2.191194016,13.349152832861947,2.19050803985512,-0.008437791991677957,0.010382293945136761,True
3558,801,32.04,02/28/2026 13:17:54.640,14.03443114,2.191194016,13.437550328859167,2.190739743483068,-0.0029807117873873823,0.007740800855330127,True
3559,802,32.08,02/28/2026 13:17:54.680,14.03443114,2.191194016,13.525836107248498,2.1909397355209057,7.61341921801527e-05,0.005543441818510971,True
3560,803,32.12,02/28/2026 13:17:54.720,14.03443114,2.191194016,13.614011079317743,2.191082925107371,0.001414150250297399,0.0037591732519517236,True
3561,804,32.160000000000004,02/28/2026 13:17:54.760,14.03443114,2.191194016,13.70207563324619,2.191170275242253,0.001703188528401385,0.002342768966877347,True
3562,805,32.2,02/28/2026 13:17:54.800,14.03443114,2.191194016,13.790029927560807,2.1912141306118667,0.001465014163737815,0.0012669278281144825,True
3563,806,32.24,02/28/2026 13:17:54.840,14.20986153,2.191194016,13.878094184806603,2.1912295315282053,0.0010432057763530846,0.0023350526892579548,True
3564,807,32.28,02/28/2026 13:17:54.880,14.20986153,2.191194016,13.966047904286697,2.19122874252417,0.0006297391985431073,0.0012615521515477923,True
3565,808,32.32,02/28/2026 13:17:54.920,14.73615269,2.191194016,14.054550084180526,2.1912217062112864,0.0003062703111943178,0.00985175717366585,True
3566,809,32.36,02/28/2026 13:17:54.960,14.91158308,2.191194016,14.143159973636312,2.1912129553690503,8.888515894614292e-05,0.012520829216571596,True
3567,810,32.4,02/28/2026 13:17:55.000,14.91158308,2.191194016,14.231658052794911,2.1912050608860665,-3.4927738761214556e-05,0.009802747531061936,True
3568,811,32.44,02/28/2026 13:17:55.040,14.91158308,2.191194016,14.32004470120919,2.1911992120439963,-8.970647757547003e-05,0.007419727525044808,True
3569,812,32.480000000000004,02/28/2026 13:17:55.080,14.91158308,2.191194016,14.408320318388265,2.19119550124045,-0.00010109756113938089,0.005370443171411137,True
3570,813,32.52,02/28/2026 13:17:55.120,14.91158308,2.191194016,14.496485312022852,2.1911935133266627,-8.976736891819647e-05,0.003653598267463372,True
3571,814,32.56,02/28/2026 13:17:55.160,15.08701347,2.02264063,14.579892009790356,2.09760202078479,-0.8993210170376275,5.059276528948408,True
3572,815,32.6,02/28/2026 13:17:55.200,15.08701347,2.02264063,14.662477333645397,2.0399810480104725,-1.1073314546976674,0.2742425937011927,True
3573,816,32.64,02/28/2026 13:17:55.240,15.26244386,2.02264063,14.744612711945775,2.010654415982986,-0.9635380787643713,0.134919383780265,True
3574,817,32.68,02/28/2026 13:17:55.280,15.26244386,2.02264063,14.826269496541522,2.00016959100881,-0.6939696618697542,0.4582118079433516,True
3575,818,32.72,02/28/2026 13:17:55.320,15.26244386,2.02264063,14.907612543729389,2.0003019597755163,-0.4259901808753305,0.4515076016179248,True
3576,819,32.76,02/28/2026 13:17:55.360,15.43787425,1.854087244,14.984111308801642,1.9115372779577162,-1.115155669738533,2.9727757705764697,True
3577,820,32.8,02/28/2026 13:17:55.400,15.43787425,1.854087244,15.059776645491986,1.859799977612913,-1.183680861808488,0.03237758752122404,True
3578,821,32.84,02/28/2026 13:17:55.440,15.61330464,1.854087244,15.135015529437005,1.8355714474958784,-0.9615590426908388,0.3132211720853703,True
3579,822,32.88,02/28/2026 13:17:55.480,15.61330464,1.685533858,15.204947421801846,1.7351564512641857,-1.556827040841715,2.2181688240620145,True
3580,823,32.92,02/28/2026 13:17:55.520,15.78873503,1.685533858,15.27410761731703,1.6799084672141533,-1.489338216317734,0.034085203466690424,True
3581,824,32.96,02/28/2026 13:17:55.560,15.96416542,1.685533858,15.342761434590324,1.6565382406792193,-1.1414985164212033,0.7644056515651838,True
3582,825,33.0,02/28/2026 13:17:55.600,15.96416542,1.685533858,15.410947406876506,1.6523323907756424,-0.7432062622650575,0.9979843132627697,True
3583,826,33.04,02/28/2026 13:17:55.640,15.96416542,1.685533858,15.478860707312633,1.6575472371983864,-0.4074722341921211,0.7094886642963831,True
3584,827,33.08,02/28/2026 13:17:55.680,16.13959581,1.516980473,15.541977089183238,1.5722482839244305,-1.0704579135305754,2.754732754646904,True
3585,828,33.12,02/28/2026 13:17:55.720,16.13959581,1.516980473,15.604306156075545,1.5225180805028244,-1.1368802840500898,0.033647672087988495,True
3586,829,33.160000000000004,02/28/2026 13:17:55.760,16.3150262,1.516980473,15.666245194061863,1.4992196154072783,-0.92381254458006,0.2926712561776317,True
3587,830,33.2,02/28/2026 13:17:55.800,16.13959581,1.348427087,15.722693551003447,1.3990569400041406,-1.53116353355801,2.3091378142381487,True
3588,831,33.24,02/28/2026 13:17:55.840,16.13959581,1.348427087,15.7781787405107,1.3437059739934516,-1.4745243922448252,0.02282103992278265,True
3589,832,33.28,02/28/2026 13:17:55.880,16.13959581,1.348427087,15.832962398868492,1.320096688479294,-1.1346686839131142,0.7238878222518399,True
3590,833,33.32,02/28/2026 13:17:55.920,16.13959581,1.348427087,15.887296491953313,1.315642508660719,-0.741381275833647,0.9680753102002955,True
3591,834,33.36,02/28/2026 13:17:55.960,16.13959581,1.348427087,15.941374963566869,1.3206578997944372,-0.40825924915677503,0.694402016951586,True
3592,835,33.4,02/28/2026 13:17:56.000,16.13959581,1.179873701,15.99045838734712,1.2352235267550404,-1.0722345053453544,2.755859340231772,True
3593,836,33.44,02/28/2026 13:17:56.040,16.13959581,1.179873701,16.038771675209706,1.1854155140184213,-1.1387128722533928,0.027836158020523763,True
3594,837,33.480000000000004,02/28/2026 13:17:56.080,16.49045659,1.179873701,16.086922714390973,1.1620817374303314,-0.9252751164616335,0.28818174464715873,True
3595,838,33.52,02/28/2026 13:17:56.120,16.49045659,1.179873701,16.134680485626227,1.1555011726427464,-0.6328974378768708,0.5369705427669631,True
3596,839,33.56,02/28/2026 13:17:56.160,16.66588698,1.179873701,16.182414986540113,1.1577760097027399,-0.36780710120471344,0.44417067726139414,True
3597,840,33.6,02/28/2026 13:17:56.200,16.66588698,1.179873701,16.23002213930694,1.1635034991068527,-0.171424402532511,0.24507267451594558,True
3598,841,33.64,02/28/2026 13:17:56.240,16.84131737,1.179873701,16.277776286952548,1.1695445079777222,-0.04750808734798681,0.10270891525561539,True
3599,842,33.68,02/28/2026 13:17:56.280,16.84131737,1.011320315,16.320628790984614,1.0808445916819018,-0.8815154802062728,4.353020302551425,True
3600,843,33.72,02/28/2026 13:17:56.320,16.84131737,1.011320315,16.362742911026505,1.026559466889759,-1.0643184158181584,0.21370583813240318,True
3601,844,33.76,02/28/2026 13:17:56.360,16.84131737,1.011320315,16.404269310746226,0.9991646450012898,-0.9184932762983364,0.13696056665077153,True
3602,845,33.8,02/28/2026 13:17:56.400,16.84131737,1.011320315,16.44538986200463,0.9895751795944934,-0.6576333220467315,0.4286304723263028,True
3603,846,33.84,02/28/2026 13:17:56.440,16.84131737,1.011320315,16.48626154035955,0.9899508924536485,-0.4012809454606099,0.4134077110052402,True
3604,847,33.88,02/28/2026 13:17:56.480,16.84131737,1.011320315,16.526996785956666,0.9946783310324244,-0.20163949766256262,0.25120362260328705,True
3605,848,33.92,02/28/2026 13:17:56.520,16.84131737,1.011320315,16.567664273108036,1.0003322915009163,-0.06982354525840603,0.11018686851899083,True
3606,849,33.96,02/28/2026 13:17:56.560,16.84131737,1.011320315,16.608298592200583,1.0051917249084177,0.003698068141357619,0.03493639756509047,True
3607,850,34.0,02/28/2026 13:17:56.600,16.84131737,1.011320315,16.648911829114898,1.0086607673676706,0.03560448896551288,0.007147985130152192,True
3608,851,34.04,02/28/2026 13:17:56.640,16.84131737,1.011320315,16.68950351744657,1.010771129718444,0.04219446004226288,0.00076016756514859,True
3609,852,34.08,02/28/2026 13:17:56.680,16.84131737,1.011320315,16.730067743202188,1.0118268631733356,0.03611932235601979,0.0004930411768709658,True
3610,853,34.12,02/28/2026 13:17:56.720,17.54303892,1.011320315,16.77143153013664,1.0121893264063926,0.02570450118835594,0.013301115711538455,True
3611,854,34.160000000000004,02/28/2026 13:17:56.760,17.54303892,1.011320315,16.81275290441179,1.0121651895636443,0.015578698334739755,0.011948182311614744,True
3612,855,34.2,02/28/2026 13:17:56.800,17.71846931,1.011320315,16.854235692224783,1.0119745259453397,0.0077418083111064386,0.016219792883977638,True
3613,856,34.24,02/28/2026 13:17:56.840,17.8938997,1.179873701,16.900743012593814,1.1053414631913858,0.9018440867299218,5.01734378615797,True
3614,857,34.28,02/28/2026 13:17:56.880,17.8938997,1.179873701,16.947910524014233,1.1627711263173468,1.107018849259736,0.282092137208125,True
3615,858,34.32,02/28/2026 13:17:56.920,18.06933009,1.179873701,16.995791807448217,1.1919625677366479,0.962014365596547,0.15583936445879704,True
3616,859,34.36,02/28/2026 13:17:56.960,17.54303892,1.179873701,17.043368845619366,1.2023647197155534,0.6922182190680846,0.4602215271654046,True
3617,860,34.4,02/28/2026 13:17:57.000,17.54303892,1.179873701,17.091100382835535,1.2021913342058603,0.4245013978280158,0.4522740197185908,True
3618,861,34.44,02/28/2026 13:17:57.040,17.54303892,1.179873701,17.138868429170856,1.1973515743208376,0.21484178325845255,0.2781898303519617,True
3619,862,34.480000000000004,02/28/2026 13:17:57.080,17.54303892,1.179873701,17.186600699812463,1.1914693056030046,0.07574532403173478,0.12361420122903763,True
3620,863,34.52,02/28/2026 13:17:57.120,17.54303892,1.179873701,17.23426070331877,1.186378681949897,-0.0022845624221783933,0.04007400462776042,True
3621,864,34.56,02/28/2026 13:17:57.160,17.54303892,1.179873701,17.281835694826047,1.1827264845998007,-0.03650325384554518,0.00876421103933546,True
3622,865,34.6,02/28/2026 13:17:57.200,18.06933009,1.179873701,17.32994352759767,1.1804942012453807,-0.043937344133719844,0.011936319239282124,True
3623,866,34.64,02/28/2026 13:17:57.240,18.06933009,1.179873701,17.377971950345543,1.1793690925179676,-0.03787523001577778,0.01036429017161821,True
3624,867,34.68,02/28/2026 13:17:57.280,18.06933009,1.179873701,17.425928649562362,1.1789764808441836,-0.027103953832505193,0.009502725505306482,True
3625,868,34.72,02/28/2026 13:17:57.320,18.06933009,1.179873701,17.47382027633863,1.1789934141316132,-0.01653642091396681,0.008217478849888982,True
3626,869,34.76,02/28/2026 13:17:57.360,18.42019087,1.179873701,17.522061356897897,1.1791894003496004,-0.008316078284008724,0.017525546013121448,True
3627,870,34.800000000000004,02/28/2026 13:17:57.400,18.42019087,1.179873701,17.570244264373155,1.1794227261366013,-0.002895329615022168,0.015500818812061301,True
3628,871,34.84,02/28/2026 13:17:57.440,18.42019087,1.179873701,17.618370602077047,1.1796228547524186,0.000124059477338461,0.013688518240646798,True
3629,872,34.88,02/28/2026 13:17:57.480,18.06933009,1.179873701,17.66603267456745,1.1797649637964458,0.001433619972698914,0.0034592992325092244,True
3630,873,34.92,02/28/2026 13:17:57.520,18.06933009,1.179873701,17.713639929483694,1.179851389076112,0.0017058141104496082,0.0026828975541249387,True
3631,874,34.96,02/28/2026 13:17:57.560,18.06933009,1.179873701,17.7611923043425,1.1798945953085898,0.0014590987954810368,0.002013513778017801,True
3632,875,35.0,02/28/2026 13:17:57.600,18.06933009,1.179873701,17.808689689768556,1.1799093491937658,0.001034789428674435,0.0014414630541230466,True
3633,876,35.04,02/28/2026 13:17:57.640,18.24476048,1.179873701,17.856335317349522,1.1799085580993303,0.0006216010442617906,0.003199931701784643,True
3634,877,35.08,02/28/2026 13:17:57.680,18.24476048,1.348427087,17.908791852574836,1.2734917263634589,0.8995513560315628,5.052881272296514,True
3635,878,35.12,02/28/2026 13:17:57.720,18.24476048,1.348427087,17.961904570377094,1.331103425857835,1.1073698089486819,0.27162863370009355,True
3636,879,35.160000000000004,02/28/2026 13:17:57.760,18.42019087,1.348427087,18.01572274110457,1.3604228472432731,0.9634736905849132,0.13287757508161643,True
3637,880,35.2,02/28/2026 13:17:57.800,18.42019087,1.348427087,18.069854427266154,1.370902429800754,0.6938636857758562,0.45690537822790706,True
3638,881,35.24,02/28/2026 13:17:57.840,18.42019087,1.348427087,18.124135346136324,1.3707667821322658,0.42588021915501945,0.450697415423233,True
3639,882,35.28,02/28/2026 13:17:57.880,18.59562126,1.348427087,18.178649227170126,1.3659393204087502,0.21580858338620942,0.27949327470610974,True
3640,883,35.32,02/28/2026 13:17:57.920,18.59562126,1.348427087,18.23312113636144,1.3600551811694368,0.07632245580531846,0.12438492896816522,True
3641,884,35.36,02/28/2026 13:17:57.960,18.77105165,1.348427087,18.28771598301921,1.3549570514349758,-0.002004905337184462,0.04329528743471315,True
3642,885,35.4,02/28/2026 13:17:58.000,18.77105165,1.348427087,18.34221894634858,1.3512962132725195,-0.036417504529350456,0.011299389929909451,True
3643,886,35.44,02/28/2026 13:17:58.040,18.59562126,1.348427087,18.3964294542709,1.349055554233104,-0.04395406252601536,0.0011961337438704516,True
3644,887,35.480000000000004,02/28/2026 13:17:58.080,18.59562126,1.348427087,18.45055548561349,1.3479248883132624,-0.037927829690369994,0.0006732093698113987,True
3645,888,35.52,02/28/2026 13:17:58.120,18.59562126,1.348427087,18.50460474611498,1.3475291574971224,-0.027155095175790116,0.0009010296246986517,True
3646,889,35.56,02/28/2026 13:17:58.160,18.94648204,1.348427087,18.558984856134416,1.3475452565323824,-0.016571700911009502,0.003883896340906392,True
3647,890,35.6,02/28/2026 13:17:58.200,18.94648204,1.348427087,18.613298829628256,1.3477406076541385,-0.008332434227284023,0.002778123638825206,True
3648,891,35.64,02/28/2026 13:17:58.240,18.94648204,1.348427087,18.667549696033813,1.3479739783546232,-0.0028933776253085687,0.0018345781000379344,True
3649,892,35.68,02/28/2026 13:17:58.280,18.94648204,1.348427087,18.721739077725505,1.3481744433584355,0.00014020681062808541,0.0011284576588520424,True
3650,893,35.72,02/28/2026 13:17:58.320,18.94648204,1.348427087,18.775867668081403,1.348317481586412,0.0014572121411513407,0.0006280263222521395,True
3651,894,35.76,02/28/2026 13:17:58.360,18.94648204,1.348427087,18.82993564215852,1.3484044426655695,0.0017303412830599243,0.00028845405313502215,True
3652,895,35.800000000000004,02/28/2026 13:17:58.400,18.94648204,1.348427087,18.883942949757696,1.3484478939452949,0.0014815390828346441,8.330892091249322e-05,True
3653,896,35.84,02/28/2026 13:17:58.440,18.94648204,1.348427087,18.937889493642203,1.3484627098191968,0.0010543169876408862,2.7058507180569307e-06,True
3654,897,35.88,02/28/2026 13:17:58.480,19.29734281,1.348427087,18.992172765471754,1.3484621527876475,0.0006375621046169357,0.0019755681130784533,True
3655,898,35.92,02/28/2026 13:17:58.520,19.29734281,1.348427087,19.046394372164066,1.3484544081724428,0.00031301970005904604,0.0013358329580396605,True
3656,899,35.96,02/28/2026 13:17:58.560,19.29734281,1.348427087,19.100554401564548,1.3484451074686392,9.935742387807487e-05,0.0008213320837221198,True
3657,900,36.0,02/28/2026 13:17:58.600,19.29734281,1.348427087,19.15465299652575,1.34843708731724,-1.878545468538932e-05,0.0004317600088173497,True
3658,901,36.04,02/28/2026 13:17:58.640,19.29734281,1.348427087,19.208690335981863,1.3484313360244653,-6.862540173653599e-05,0.0001666444146222933,True
3659,902,36.08,02/28/2026 13:17:58.680,19.4727732,1.348427087,19.262864346037123,1.3484280771258108,-7.782407760951706e-05,0.0009341800051837436,True
3660,903,36.12,02/28/2026 13:17:58.720,19.4727732,1.348427087,19.316977079039376,1.3484263813111386,-6.73703445048857e-05,0.0005146148421729515,True
3661,904,36.160000000000004,02/28/2026 13:17:58.760,19.99906437,1.348427087,19.371620679670364,1.3484265348654156,-5.27394896722074e-05,0.00834675097094702,True
3662,905,36.2,02/28/2026 13:17:58.800,19.99906437,1.348427087,19.42620214110936,1.3484267799054512,-4.17447429197164e-05,0.006957733329877358,True
3663,906,36.24,02/28/2026 13:17:58.840,19.99906437,1.348427087,19.480721665646968,1.3484270010428003,-3.4098570002442196e-05,0.005696404828990296,True
3664,907,36.28,02/28/2026 13:17:58.880,19.99906437,1.348427087,19.53517945330909,1.3484271520744169,-2.8959186984580053e-05,0.004562331529428328,True
3665,908,36.32,02/28/2026 13:17:58.920,19.99906437,1.348427087,19.589575702432874,1.348427227426654,-2.5417950957843305e-05,0.0035550817630608067,True
3666,909,36.36,02/28/2026 13:17:58.960,19.99906437,1.348427087,19.643910610098892,1.3484272407847806,-2.273039021027221e-05,0.0026742262067518128,True
3667,910,36.4,02/28/2026 13:17:59.000,19.99906437,1.348427087,19.698184372408218,1.3484272114787366,-2.0383917758343505e-05,0.0019193378800973176,True
3668,911,36.44,02/28/2026 13:17:59.040,19.99906437,1.348427087,19.75239718463232,1.3484271572237387,-1.8078461088321873e-05,0.001289992119062756,True
3669,912,36.480000000000004,02/28/2026 13:17:59.080,19.99906437,1.348427087,19.806549241275427,1.348427091236325,-1.5672495948027212e-05,0.0007857665504960081,True
3670,913,36.52,02/28/2026 13:17:59.120,20.17449476,1.348427087,19.860836203220302,1.348427290080714,-1.4105916386126991e-05,0.0020858235075805302,True
3671,914,36.56,02/28/2026 13:17:59.160,20.17449476,1.348427087,19.915062379331708,1.3484273233989916,-1.3631043853464346e-05,0.0014269578015927969,True
3672,915,36.6,02/28/2026 13:17:59.200,20.34992515,1.348427087,19.969423023869076,1.3484275319423016,-1.4112864440737902e-05,0.003069562198895132,True
3673,916,36.64,02/28/2026 13:17:59.240,20.34992515,1.348427087,20.0237228512426,1.3484275330211692,-1.5300584967031268e-05,0.0022559828540962383,True
3674,917,36.68,02/28/2026 13:17:59.280,20.70078593,1.348427087,20.078351370461554,1.3484279657070335,-1.7898549116345626e-05,0.008213885734532439,True
3675,918,36.72,02/28/2026 13:17:59.320,20.70078593,1.348427087,20.13291862801707,1.3484280284163856,-2.194515393025569e-05,0.006836825385410436,True
3676,919,36.76,02/28/2026 13:17:59.360,20.87621632,1.348427087,20.18761907207107,1.3484281690753719,-2.613849495886113e-05,0.01005288769872842,True
3677,920,36.800000000000004,02/28/2026 13:17:59.400,21.05164671,1.348427087,20.242452281997892,1.3484283415879954,-3.086239757070077e-05,0.013882431434580091,True
3678,921,36.84,02/28/2026 13:17:59.440,21.05164671,1.348427087,20.29722398082276,1.3484282504554272,-3.519206135064103e-05,0.012066708011015533,True
3679,922,36.88,02/28/2026 13:17:59.480,21.05164671,1.516980473,20.356800953868145,1.4420189925583893,0.899212475049381,5.064319680081462,True
3680,923,36.92,02/28/2026 13:17:59.520,21.2270771,1.516980473,20.41722223268054,1.4996399732554087,1.1072396481851858,0.28438749832292365,True
3681,924,36.96,02/28/2026 13:17:59.560,21.2270771,1.516980473,20.47814064102272,1.5289669560762784,0.9634592133648975,0.1410893554271094,True
3682,925,37.0,02/28/2026 13:17:59.600,21.2270771,1.516980473,20.53936735501409,1.5394519486141347,0.6938999035092375,0.46415284154421327,True
3683,926,37.04,02/28/2026 13:17:59.640,21.40250749,1.516980473,20.60093096352064,1.539319866146465,0.4259265094625461,0.4624180359237884,True
3684,927,37.08,02/28/2026 13:17:59.680,21.40250749,1.516980473,20.66251993702798,1.5344938899002134,0.2158447972157194,0.28743793889041996,True
3685,928,37.12,02/28/2026 13:17:59.720,21.2270771,1.516980473,20.723869293784286,1.5286099530653465,0.07634383889955973,0.12699179386451248,True
3686,929,37.160000000000004,02/28/2026 13:17:59.760,21.2270771,1.516980473,20.785135266921493,1.5235113708367258,-0.001995248902002991,0.04249471992433872,True
3687,930,37.2,02/28/2026 13:17:59.800,21.2270771,1.516980473,20.84630502901732,1.519850112618429,-0.036414620671814175,0.010477282104951635,True
3688,931,37.24,02/28/2026 13:17:59.840,21.2270771,1.516980473,20.907379126610454,1.5176094042504902,-0.04395520787966949,0.002522085668748356,True
3689,932,37.28,02/28/2026 13:17:59.880,21.57793787,1.516980473,20.96874736382855,1.5164791705650977,-0.03793380452099679,0.008094788881373797,True
3690,933,37.32,02/28/2026 13:17:59.920,21.57793787,1.516980473,21.030033267621135,1.5160835349931039,-0.027167134250827556,0.00708940602934627,True
3691,934,37.36,02/28/2026 13:17:59.960,21.57793787,1.516980473,21.0912435184313,1.51609902111466,-0.01658701676346358,0.00572184940932453,True
3692,935,37.4,02/28/2026 13:18:00.000,21.57793787,1.516980473,21.152382958228646,1.5162940309127118,-0.008347019280933067,0.004264007942579102,True
3693,936,37.44,02/28/2026 13:18:00.040,21.75336826,1.516980473,21.21364553813075,1.5165275205505073,-0.002906509472286832,0.006361002530276417,True
3694,937,37.480000000000004,02/28/2026 13:18:00.080,21.75336826,1.516980473,21.274841573657252,1.5167280535812053,0.0001276228498058355,0.004912354908278061,True
3695,938,37.52,02/28/2026 13:18:00.120,22.10422904,1.516980473,21.336352825057855,1.516871657444927,0.0014427735950826883,0.012511555809956514,True
3696,939,37.56,02/28/2026 13:18:00.160,22.27965943,1.516980473,21.397987959573392,1.5169590939790452,0.0017104866210741283,0.01648072729884505,True
3697,940,37.6,02/28/2026 13:18:00.200,22.45508982,1.685533858,21.464613007605763,1.610593859793399,0.9007042240541248,5.072047049477598,True
3698,941,37.64,02/28/2026 13:18:00.240,22.45508982,1.685533858,21.53188278351374,1.6682296233417897,1.108297806278169,0.28742732965245144,True
3699,942,37.68,02/28/2026 13:18:00.280,22.45508982,1.685533858,21.599643738026163,1.6975554568082827,0.9640974809660872,0.14546658553663624,True
3700,943,37.72,02/28/2026 13:18:00.320,22.10422904,1.685533858,21.66732772965252,1.7080319216863853,0.6942160193256511,0.45926360776125225,True
3701,944,37.76,02/28/2026 13:18:00.360,22.10422904,1.685533858,21.735150319063063,1.7078900376312558,0.426035735062894,0.4523851602599379,True
3702,945,37.800000000000004,02/28/2026 13:18:00.400,22.10422904,1.685533858,21.802993209222954,1.7030560121628655,0.21584361145738304,0.2780489316128355,True
3703,946,37.84,02/28/2026 13:18:00.440,22.45508982,1.685533858,21.871161901839887,1.6971673263045768,0.07629583959735048,0.1289329699750583,True
3704,947,37.88,02/28/2026 13:18:00.480,22.45508982,1.685533858,21.939240976828447,1.6920657887752706,-0.0020546967971841745,0.044006175559292815,True
3705,948,37.92,02/28/2026 13:18:00.520,22.45508982,1.685533858,22.00721762894962,1.688403002134422,-0.0364672689762336,0.011652928381814743,True
3706,949,37.96,02/28/2026 13:18:00.560,22.45508982,1.685533858,22.075092428895914,1.6861617245711045,-0.043994315230646217,0.0034152109390388806,True
3707,950,38.0,02/28/2026 13:18:00.600,22.45508982,1.685533858,22.14287182205205,1.6850309318867793,-0.037957223993040176,0.002294545373611407,True
3708,951,38.04,02/28/2026 13:18:00.640,22.45508982,1.685533858,22.210563538509145,1.6846353169844779,-0.02717519544923542,0.001994400627741893,True
3709,952,38.08,02/28/2026 13:18:00.680,22.8059506,1.685533858,22.278550040679303,1.6846516120760922,-0.016585033792574068,0.006598263394116002,True
3710,953,38.12,02/28/2026 13:18:00.720,22.8059506,1.685533858,22.346459655492005,1.6848471499772837,-0.008341413591638792,0.004901078886789369,True
3711,954,38.160000000000004,02/28/2026 13:18:00.760,22.98138099,1.854087244,22.419349653696255,1.7786718719650245,0.8963494465267158,5.122142091765473,True
3712,955,38.2,02/28/2026 13:18:00.800,23.15681138,1.854087244,22.49306660586667,1.8364937247600501,1.1074099787816536,0.2877656998430304,True
3713,956,38.24,02/28/2026 13:18:00.840,23.15681138,1.854087244,22.567270016275003,1.8659639853583816,0.9649439718013029,0.13421600888703544,True
3714,957,38.28,02/28/2026 13:18:00.880,23.15681138,1.854087244,22.64177106139212,1.876536062090324,0.6956542575298761,0.45884496855238205,True
3715,958,38.32,02/28/2026 13:18:00.920,23.15681138,1.854087244,22.716405239723194,1.8764472169782418,0.42742937799426534,0.4537573552589969,True
3716,959,38.36,02/28/2026 13:18:00.960,23.15681138,1.854087244,22.791054023565174,1.8716359763032901,0.21691924568139756,0.27979647595703566,True
3717,960,38.4,02/28/2026 13:18:01.000,23.15681138,1.854087244,22.865644677192826,1.8657512197492674,0.07700177044145448,0.12415008923331873,True
3718,961,38.44,02/28/2026 13:18:01.040,23.15681138,1.854087244,22.940140403582642,1.8606448430444786,-0.0016605003242603916,0.03966753486602042,True
3719,962,38.480000000000004,02/28/2026 13:18:01.080,23.33224177,1.854087244,23.01471433016951,1.8569746169670607,-0.03629340916138355,0.009633202038247511,True
3720,963,38.52,02/28/2026 13:18:01.120,23.68310254,1.854087244,23.089552272998286,1.8547266373592792,-0.04395600657587011,0.007835515291118294,True
3721,964,38.56,02/28/2026 13:18:01.160,23.68310254,1.854087244,23.16428820183878,1.8535904419613112,-0.037989744195078175,0.005929102964997842,True
3722,965,38.6,02/28/2026 13:18:01.200,23.68310254,1.854087244,23.238929854656764,1.8531911536037986,-0.027234566324591515,0.004905856529983617,True
3723,966,38.64,02/28/2026 13:18:01.240,23.68310254,1.854087244,23.313483950513326,1.853204790321081,-0.016643925888601103,0.003597598822754648,True
3724,967,38.68,02/28/2026 13:18:01.280,24.20939371,1.854087244,23.388510762402497,1.8533999489527064,-0.008388653334112152,0.01471206252915431,True
3725,968,38.72,02/28/2026 13:18:01.320,24.3848241,1.854087244,23.46364180731697,1.8536337552950988,-0.0029368448090905065,0.018175999451333913,True
3726,969,38.76,02/28/2026 13:18:01.360,24.56025449,1.854087244,23.538878197093734,1.8538348771543776,0.00010358177512926692,0.022174081262397095,True
3727,970,38.800000000000004,02/28/2026 13:18:01.400,24.56025449,1.854087244,23.614035522960048,1.8539782970526815,0.0014225826492434354,0.01899198365264092,True
3728,971,38.84,02/28/2026 13:18:01.440,24.3848241,2.02264063,23.693796357436167,1.9476561064260953,0.9009466247875091,5.0673138547323955,True
3729,972,38.88,02/28/2026 13:18:01.480,24.3848241,2.02264063,23.77419102320437,2.0053204269924847,1.1087277740835673,0.27774506522107506,True
3730,973,38.92,02/28/2026 13:18:01.520,24.3848241,2.02264063,23.855065957695672,2.034662277583626,0.9645227070582143,0.13591367166258864,True
3731,974,38.96,02/28/2026 13:18:01.560,24.73568488,2.02264063,23.936599876374263,2.0451468342270926,0.6945482113629938,0.4690607708323561,True
3732,975,39.0,02/28/2026 13:18:01.600,24.73568488,2.02264063,24.018259877090376,2.0450068726905086,0.42625165405300175,0.46079211457383285,True
3733,976,39.04,02/28/2026 13:18:01.640,25.08654566,2.02264063,24.100294674004218,2.0401721489997287,0.21595592854995554,0.29700825583519297,True
3734,977,39.08,02/28/2026 13:18:01.680,25.08654566,2.02264063,24.1822639720787,2.034280751529162,0.07633243053399819,0.1391688433584677,True
3735,978,39.12,02/28/2026 13:18:01.720,25.08654566,2.02264063,24.264131149634633,2.029176639800188,-0.0020631276906917934,0.052745984237923954,True
3736,979,39.160000000000004,02/28/2026 13:18:01.760,25.08654566,2.02264063,24.345883421691397,2.025511886309358,-0.036497302987975995,0.019038731112864245,True
3737,980,39.2,02/28/2026 13:18:01.800,24.73568488,2.02264063,24.427155756937033,2.0232687922727055,-0.044028808894298055,0.002372374040914567,True
3738,981,39.24,02/28/2026 13:18:01.840,24.73568488,2.02264063,24.50832098743662,2.022137091911234,-0.03798545945341746,0.0013242680764665841,True
3739,982,39.28,02/28/2026 13:18:01.880,24.73568488,2.02264063,24.58938687672293,2.0217411641940353,-0.02719359067607914,0.0011817540325203485,True
3740,983,39.32,02/28/2026 13:18:01.920,24.73568488,2.02264063,24.67036015629499,2.0217569384165635,-0.016591982679073823,0.0007929776414951638,True
3741,984,39.36,02/28/2026 13:18:01.960,24.73568488,2.02264063,24.751245714939976,2.021952428436372,-0.008336507150762156,0.0004310797796383808,True
3742,985,39.4,02/28/2026 13:18:02.000,25.26197605,2.02264063,24.83259245471254,2.0221869131822285,-0.0028882370721692056,0.004094281295426697,True
3743,986,39.44,02/28/2026 13:18:02.040,25.26197605,2.02264063,24.913855144391867,2.0223879961229,0.00014680297155925462,0.0026267960190217016,True
3744,987,39.480000000000004,02/28/2026 13:18:02.080,25.26197605,2.02264063,24.995034520972194,2.0225312936735174,0.0014618082699584698,0.001521472992560936,True
3745,988,39.52,02/28/2026 13:18:02.120,25.26197605,2.02264063,25.07613080302008,2.0226182931451793,0.001732132308320355,0.0007326630190309201,True
3746,989,39.56,02/28/2026 13:18:02.160,25.43740644,2.02264063,25.157325232929637,2.0226619384573685,0.0014800888413973355,0.0016634063407098656,True
3747,990,39.6,02/28/2026 13:18:02.200,25.43740644,2.02264063,25.238436153469497,2.0226767413972677,0.0010494343789240954,0.0008404276979661501,True
3748,991,39.64,02/28/2026 13:18:02.240,25.43740644,2.02264063,25.31946355428058,2.0226755396897467,0.0006321619333530391,0.0002959820003751081,True
3749,992,39.68,02/28/2026 13:18:02.280,25.61283683,2.02264063,25.40058823118895,2.0226677264481734,0.0003098202768373696,0.0009556732968284962,True
3750,993,39.72,02/28/2026 13:18:02.320,25.78826722,2.02264063,25.481809793012086,2.022658661425323,9.742454658369349e-05,0.0019912561681640836,True
3751,994,39.76,02/28/2026 13:18:02.360,25.78826722,2.02264063,25.56294751298439,2.0226507272466283,-2.0827763692510498e-05,0.0010763630309637555,True
3752,995,39.800000000000004,02/28/2026 13:18:02.400,25.9636976,2.02264063,25.64418183516417,2.022645239086511,-7.204240834532218e-05,0.0021642783960685134,True
3753,996,39.84,02/28/2026 13:18:02.440,25.9636976,2.02264063,25.725332430945794,2.022641763009289,-8.259322717947147e-05,0.0012045111867125759,True
3754,997,39.88,02/28/2026 13:18:02.480,26.31455838,2.02264063,25.806759312906824,2.0226404416777486,-7.385625230404405e-05,0.005466489272193074,True
3755,998,39.92,02/28/2026 13:18:02.520,26.31455838,2.02264063,25.888102272381634,2.022639884976903,-5.9478780102955434e-05,0.003855432389629244,True
3756,999,39.96,02/28/2026 13:18:02.560,26.31455838,2.02264063,25.96936155969973,2.0226397688082356,-4.474436400910039e-05,0.0025261414740971413,True
3757,1000,40.0,02/28/2026 13:18:02.600,26.31455838,2.02264063,26.05053742249535,2.022639855039482,-3.20799232226613e-05,0.0014777485777982449,True
3758,1001,40.04,02/28/2026 13:18:02.640,26.31455838,2.02264063,26.131630105650608,2.0226399945893987,-2.212399975162888e-05,0.0007093900588902216,True
3759,1002,40.08,02/28/2026 13:18:02.680,26.66541916,2.02264063,26.212997925234475,2.022640646168472,-1.6546653853132066e-05,0.004339188810513713,True
3760,1003,40.12,02/28/2026 13:18:02.720,26.66541916,2.02264063,26.29428235435363,2.022640910781163,-1.5180527033734275e-05,0.0029200493533060807,True
3761,1004,40.160000000000004,02/28/2026 13:18:02.760,26.66541916,2.02264063,26.37548363130276,2.022640928505835,-1.5062878727859385e-05,0.0017820693210678833,True
3762,1005,40.2,02/28/2026 13:18:02.800,27.01627994,2.02264063,26.456959063278884,2.022641350720272,-1.657376613191315e-05,0.006631982348106926,True
3763,1006,40.24,02/28/2026 13:18:02.840,27.01627994,2.02264063,26.53835112873208,2.02264138706384,-1.9558919507616795e-05,0.004842251165369657,True
3764,1007,40.28,02/28/2026 13:18:02.880,27.01627994,2.02264063,26.619660064190953,2.022641225695876,-2.1645520325600616e-05,0.003334797169515738,True
3765,1008,40.32,02/28/2026 13:18:02.920,27.01627994,2.02264063,26.700886106475227,2.0226409925094977,-2.197096843024825e-05,0.002108756638738839,True
3766,1009,40.36,02/28/2026 13:18:02.960,27.36714072,2.02264063,26.78238523244761,2.022641295214492,-2.249167311770439e-05,0.007248835909050841,True
3767,1010,40.4,02/28/2026 13:18:03.000,27.36714072,2.02264063,26.86380125462404,2.022641295985859,-2.4060209545916087e-05,0.0053708275977426825,True
3768,1011,40.44,02/28/2026 13:18:03.040,27.7180015,2.02264063,26.945489487769926,2.0226416803374683,-2.6805884787811748e-05,0.012651129992134347,True
3769,1012,40.480000000000004,02/28/2026 13:18:03.080,27.7180015,2.02264063,27.027094406580666,2.0226416775499376,-3.0559109868269894e-05,0.010119469136140185,True
3770,1013,40.52,02/28/2026 13:18:03.120,27.7180015,2.02264063,27.108616245797524,2.0226414847894403,-3.303989890128581e-05,0.007872304826167745,True
3771,1014,40.56,02/28/2026 13:18:03.160,27.36714072,2.02264063,27.18970114743189,2.022640693926466,-3.1543363716755023e-05,0.0006674497948705563,True
3772,1015,40.6,02/28/2026 13:18:03.200,27.36714072,2.02264063,27.27070411778539,2.022640244862742,-2.56931237300714e-05,0.00019715217413173957,True
3773,1016,40.64,02/28/2026 13:18:03.240,27.36714072,2.02264063,27.351625392965484,2.022640025386579,-1.8242263916634094e-05,5.1035090758909155e-06,True
3774,1017,40.68,02/28/2026 13:18:03.280,28.06886228,2.02264063,27.433171434048422,2.022641009372132,-1.468451480201473e-05,0.008566596870780993,True
3775,1018,40.72,02/28/2026 13:18:03.320,28.06886228,2.02264063,27.514634900761415,2.0226413856179533,-1.6679368341227095e-05,0.006511663494589729,True
3776,1019,40.76,02/28/2026 13:18:03.360,28.06886228,2.02264063,27.59601602342512,2.022641392925096,-1.97999734049074e-05,0.004739750750312628,True
3777,1020,40.800000000000004,02/28/2026 13:18:03.400,28.06886228,2.02264063,27.67731503251434,2.022641216249505,-2.1838215518192844e-05,0.003250001359099315,True
3778,1021,40.84,02/28/2026 13:18:03.440,28.41972305,2.02264063,27.758883974308215,2.0226415135088818,-2.400744236690714e-05,0.00925776648569551,True
3779,1022,40.88,02/28/2026 13:18:03.480,28.41972305,2.02264063,27.84037059576317,2.0226414824241785,-2.6843210492679666e-05,0.0071154126816113696,True
3780,1023,40.92,02/28/2026 13:18:03.520,28.41972305,2.02264063,27.921775126868056,2.0226412935799147,-2.845197925274224e-05,0.005256320565828976,True
3781,1024,40.96,02/28/2026 13:18:03.560,28.41972305,2.02264063,28.00309779791985,2.0226410565268305,-2.8254382942697772e-05,0.003679635307690011,True
3782,1025,41.0,02/28/2026 13:18:03.600,28.77058383,2.02264063,28.084689367536637,2.022641366673505,-2.8342709517728042e-05,0.00997304533801831,True
3783,1026,41.04,02/28/2026 13:18:03.640,28.77058383,2.02264063,28.166198874259454,2.022641378303795,-2.9610263965900468e-05,0.007743549732852036,True
3784,1027,41.08,02/28/2026 13:18:03.680,28.77058383,2.02264063,28.247626546912436,2.022641236319211,-3.021322869933009e-05,0.00579755446764574,True
3785,1028,41.12,02/28/2026 13:18:03.720,29.12144461,2.02264063,28.32932218388681,2.022641574345346,-3.143793009355256e-05,0.013301377785594874,True
3786,1029,41.160000000000004,02/28/2026 13:18:03.760,29.12144461,2.02264063,28.410935784865163,2.022641577999861,-3.3747502728482115e-05,0.010701645683400653,True
3787,1030,41.2,02/28/2026 13:18:03.800,29.12144461,2.02264063,28.492467577474045,2.0226414137717716,-3.5126973518638427e-05,0.008386500870214492,True
3788,1031,41.24,02/28/2026 13:18:03.840,29.12144461,2.02264063,28.573917789575006,2.0226411915506217,-3.48796085853461e-05,0.006355088867537308,True
3789,1032,41.28,02/28/2026 13:18:03.880,29.47230539,2.02264063,28.655634949236603,2.0226415089859664,-3.500730010824413e-05,0.014138525281647944,True
3790,1033,41.32,02/28/2026 13:18:03.920,29.47230539,2.02264063,28.737270329504863,2.0226415229651034,-3.634398019019054e-05,0.011453181847226936,True
3791,1034,41.36,02/28/2026 13:18:03.960,29.64773578,2.02264063,28.818997991341252,2.0226416487944063,-3.7994975388877545e-05,0.014559415491156075,True
3792,1035,41.4,02/28/2026 13:18:04.000,29.64773578,2.02264063,28.900644000543558,2.0226415504435056,-3.950757491514479e-05,0.011831973308711689,True
3793,1036,41.44,02/28/2026 13:18:04.040,29.64773578,2.02264063,28.982208583049385,2.0226413549773774,-3.9715736944831034e-05,0.009389457366102527,True
3794,1037,41.480000000000004,02/28/2026 13:18:04.080,29.64773578,2.02264063,29.06369196491026,2.0226411396499726,-3.8380161878491306e-05,0.007231016515711157,True
3795,1038,41.52,02/28/2026 13:18:04.120,29.64773578,2.191194016,29.14996135900399,2.1162318864573413,0.8992145556763029,5.059382998052868,True
3796,1039,41.56,02/28/2026 13:18:04.160,29.64773578,2.191194016,29.236862760486947,2.1738526539896004,1.1072469786798458,0.27406897568920074,True
3797,1040,41.6,02/28/2026 13:18:04.200,29.82316617,2.191194016,29.324415785017404,2.2031798631032733,0.9634709773584178,0.13446529008759034,True
3798,1041,41.64,02/28/2026 13:18:04.240,29.82316617,2.191194016,29.41225841852118,2.21366499442655,0.6939140970542724,0.45770222486247075,True
3799,1042,41.68,02/28/2026 13:18:04.280,29.82316617,2.191194016,29.500226410172335,2.2135327080337315,0.4259430038631833,0.4510079116679105,True
3800,1043,41.72,02/28/2026 13:18:04.320,29.82316617,2.191194016,29.588201528754475,2.20870664165062,0.21586433762214677,0.27699842086538706,True
3801,1044,41.76,02/28/2026 13:18:04.360,29.82316617,2.191194016,29.676111291907127,2.2028229467409988,0.0763654234050627,0.1220816547759549,True
3802,1045,41.800000000000004,02/28/2026 13:18:04.400,29.82316617,2.191194016,29.763919082514725,2.1977244678571157,-0.0019731981510026225,0.038429959359425496,True
3803,1046,41.84,02/28/2026 13:18:04.440,29.82316617,2.191194016,29.85161209907869,2.194063223310285,-0.03639260557005966,0.007421569389316908,True
3804,1047,41.88,02/28/2026 13:18:04.480,30.34945734,2.191194016,29.939706356844148,2.191823284414318,-0.04393609077681695,0.003914571208017798,True
3805,1048,41.92,02/28/2026 13:18:04.520,30.34945734,2.191194016,30.027691907622614,2.1906927637285922,-0.037918958761780024,0.0024211621525181753,True
3806,1049,41.96,02/28/2026 13:18:04.560,30.34945734,2.191194016,30.115576485831582,2.190296883830761,-0.02715396775321,0.001884017812925322,True
3807,1050,42.0,02/28/2026 13:18:04.600,30.34945734,2.191194016,30.203366798503232,2.1903121907461265,-0.016573718383599032,0.0011521699050421374,True
3808,1051,42.04,02/28/2026 13:18:04.640,30.34945734,2.191194016,30.29106771471823,2.190507082547271,-0.008332511904744303,0.0004967907217017653,True
3809,1052,42.08,02/28/2026 13:18:04.680,30.70031811,2.191194016,30.379024398668676,2.1907407688160148,-0.0028912555582601617,0.00237346964940653,True
3810,1053,42.12,02/28/2026 13:18:04.720,30.70031811,2.191194016,30.466895774222802,2.1909413617598203,0.00014256474910791283,0.00121258889344687,True
3811,1054,42.160000000000004,02/28/2026 13:18:04.760,30.8757485,2.191194016,30.554853314028204,2.1910846777769954,0.0014582800461845973,0.002193721700274149,True
3812,1055,42.2,02/28/2026 13:18:04.800,30.8757485,2.191194016,30.642726163826374,2.191171687724426,0.001729102252678957,0.0011515195774639872,True
3813,1056,42.24,02/28/2026 13:18:04.840,30.8757485,2.191194016,30.73051430534113,2.191215068008645,0.001478414409574044,0.00044752559274260743,True
3814,1057,42.28,02/28/2026 13:18:04.880,31.22660928,2.191194016,30.81855826341941,2.1912303035013667,0.0010483133332643056,0.0035307790145720423,True
3815,1058,42.32,02/28/2026 13:18:04.920,31.22660928,2.191194016,30.906516802363917,2.191229293407662,0.0006292075294115027,0.0021730465482132457,True
3816,1059,42.36,02/28/2026 13:18:04.960,31.40203967,2.191194016,30.994559966580866,2.1912215221797493,0.00030443996696655017,0.003520402268305636,True
3817,1060,42.4,02/28/2026 13:18:05.000,31.57747006,2.02264063,31.077820365271233,2.0976214787341365,-0.8991603301547829,5.06174115889932,True
3818,1061,42.44,02/28/2026 13:18:05.040,31.57747006,2.02264063,31.160282185860176,2.0399925489948743,-1.1073088336465633,0.2744696266020115,True
3819,1062,42.480000000000004,02/28/2026 13:18:05.080,31.57747006,2.02264063,31.242099146105488,2.010659654070134,-0.9635806284146913,0.13149884777016865,True
3820,1063,42.52,02/28/2026 13:18:05.120,31.57747006,2.02264063,31.323460499406444,2.000170884837005,-0.6940300618725992,0.4554819495720514,True
3821,1064,42.56,02/28/2026 13:18:05.160,31.57747006,2.02264063,31.40453096121976,2.0003011823110715,-0.42604357930582626,0.4494919614692663,True
3822,1065,42.6,02/28/2026 13:18:05.200,31.75290045,2.02264063,31.48559832848308,2.005126647687495,-0.21594223264919254,0.27740965220515557,True
3823,1066,42.64,02/28/2026 13:18:05.240,32.10376123,2.02264063,31.566904042858113,2.0110107567459723,-0.0764232896612346,0.12777447698070707,True
3824,1067,42.68,02/28/2026 13:18:05.280,32.10376123,1.854087244,31.643279589446525,1.922518574047459,-0.897320456337137,4.2161694685430815,True
3825,1068,42.72,02/28/2026 13:18:05.320,32.10376123,1.854087244,31.718892369070595,1.8685590111278891,-1.0709190364945995,0.19148818809508508,True
3826,1069,42.76,02/28/2026 13:18:05.360,32.10376123,1.854087244,31.79389576529765,1.841472670213863,-0.9195905093173303,0.14516567296977584,True
3827,1070,42.800000000000004,02/28/2026 13:18:05.400,32.10376123,1.854087244,31.868472798879292,1.8321182505153124,-0.6560472046273649,0.43527209489232777,True
3828,1071,42.84,02/28/2026 13:18:05.440,32.10376123,1.854087244,31.94278065509638,1.8326461821768634,-0.3988379220271135,0.4140310901824971,True
3829,1072,42.88,02/28/2026 13:18:05.480,32.27919162,1.854087244,32.01709959613214,1.8374567796314818,-0.19933533353725658,0.2502178221150765,True
3830,1073,42.92,02/28/2026 13:18:05.520,32.27919162,1.854087244,32.09132952875657,1.8431452025731452,-0.06807208017434563,0.10843761243016499,True
3831,1074,42.96,02/28/2026 13:18:05.560,32.45462201,1.685533858,32.16080535978286,1.7544194040215142,-0.894420152646347,4.269632621913211,True
3832,1075,43.0,02/28/2026 13:18:05.600,32.45462201,1.685533858,32.22952494547793,1.7002589838962503,-1.07106006526034,0.19608165694914426,True
3833,1076,43.04,02/28/2026 13:18:05.640,32.45462201,1.685533858,32.29764115524615,1.673029220195815,-0.9210522812460235,0.14116362721646722,True
3834,1077,43.08,02/28/2026 13:18:05.680,32.6300524,1.685533858,32.36550435753374,1.6635877978809994,-0.6577837124068342,0.43467805543094323,True
3835,1078,43.12,02/28/2026 13:18:05.720,32.80548278,1.685533858,32.43327152272195,1.6640724270206573,-0.40032738741500823,0.4172169977275895,True
3836,1079,43.160000000000004,02/28/2026 13:18:05.760,32.80548278,1.516980473,32.49602051634611,1.575276959872622,-1.0996487824442123,3.058580009744254,True
3837,1080,43.2,02/28/2026 13:18:05.800,32.80548278,1.516980473,32.55797396573181,1.5233453195387436,-1.1759983998814292,0.03773017238003966,True
3838,1081,43.24,02/28/2026 13:18:05.840,32.80548278,1.516980473,32.61931975892634,1.4988909180428966,-0.9589935119540156,0.295056988869213,True
3839,1082,43.28,02/28/2026 13:18:05.880,33.15634356,1.516980473,32.68059206268974,1.4918759406085833,-0.657833179257848,0.5716676150069379,True
3840,1083,43.32,02/28/2026 13:18:05.920,33.33177395,1.516980473,32.7417873901207,1.4941137962764135,-0.3835167326666569,0.47769942648413544,True
3841,1084,43.36,02/28/2026 13:18:05.960,33.33177395,1.348427087,32.79798430380833,1.4063980034177512,-1.078929719993895,3.028509089229561,True
3842,1085,43.4,02/28/2026 13:18:06.000,33.33177395,1.348427087,32.85340252800003,1.3550160764543424,-1.1579652144361585,0.04388954752342521,True
3843,1086,43.44,02/28/2026 13:18:06.040,33.33177395,1.348427087,32.90822639423895,1.3307583837915706,-0.9460058418123145,0.28460136295131483,True
3844,1087,43.480000000000004,02/28/2026 13:18:06.080,33.33177395,1.348427087,32.96265372714724,1.3237406065102757,-0.6498618245606482,0.5510288461589593,True
3845,1088,43.52,02/28/2026 13:18:06.120,33.33177395,1.179873701,33.011979034887894,1.2322967776069125,-1.2787255893780374,2.473839018514305,True
3846,1089,43.56,02/28/2026 13:18:06.160,33.33177395,1.179873701,33.06046748527987,1.1804407385318338,-1.2855243184575351,0.0018490681149365275,True
3847,1090,43.6,02/28/2026 13:18:06.200,33.33177395,1.179873701,33.10833750289718,1.1572572630836553,-1.0142144141036813,0.4611191737009585,True
3848,1091,43.64,02/28/2026 13:18:06.240,33.33177395,1.179873701,33.15580867287995,1.1517730660771968,-0.677116623394481,0.7108787760886249,True
3849,1092,43.68,02/28/2026 13:18:06.280,33.68263473,1.179873701,33.203384664093505,1.155331323370356,-0.3826998614161304,0.5466362717413247,True
3850,1093,43.72,02/28/2026 13:18:06.320,33.68263473,1.011320315,33.24598306034753,1.0685603633393856,-1.0693465856205853,2.9507939409171096,True
3851,1094,43.76,02/28/2026 13:18:06.360,33.68263473,1.011320315,33.28782338679314,1.0177546104376505,-1.1465274345807532,0.04053259072793772,True
3852,1095,43.800000000000004,02/28/2026 13:18:06.400,33.68263473,1.011320315,33.329088303879104,0.9937861795860344,-0.9361832316297203,0.2791840847412145,True
3853,1096,43.84,02/28/2026 13:18:06.440,33.68263473,1.011320315,33.3699736485166,0.9868683361061931,-0.6428530183941634,0.5398449815588593,True
3854,1097,43.88,02/28/2026 13:18:06.480,33.68263473,0.842766929,33.405772192602925,0.895418916013204,-1.2744633427346428,2.4949351390524255,True
3855,1098,43.92,02/28/2026 13:18:06.520,33.50720434,0.842766929,33.44058348652059,0.8435112825919402,-1.283391767618288,0.0005922701547651724,True
3856,1099,43.96,02/28/2026 13:18:06.560,33.68263473,0.674213543,33.47008690693342,0.7266763203658112,-1.9127331509698364,2.4763893891951394,True
3857,1100,44.0,02/28/2026 13:18:06.600,33.68263473,0.674213543,33.49849118833882,0.6635193624043426,-1.7844432866877202,0.10358474820542828,True
3858,1101,44.04,02/28/2026 13:18:06.640,33.68263473,0.674213543,33.52612294423301,0.6377131192212115,-1.3465817783014742,1.1987909441132776,True
3859,1102,44.08,02/28/2026 13:18:06.680,33.68263473,0.674213543,33.55328688585219,0.6340253900375178,-0.8644825736915382,1.452981804430701,True
3860,1103,44.12,02/28/2026 13:18:06.720,33.85806512,0.505660158,33.57550947011402,0.5473709457545917,-1.3648420706292412,1.5664301313635356,True
3861,1104,44.160000000000004,02/28/2026 13:18:06.760,33.85806512,0.505660158,33.596928441510705,0.4999310186773133,-1.2961119180313143,0.0309707254452398,True
3862,1105,44.2,02/28/2026 13:18:06.800,34.2089259,0.505660158,33.618103646510235,0.4800557713291312,-0.9889538606363287,0.5970750884613475,True
3863,1106,44.24,02/28/2026 13:18:06.840,34.2089259,0.505660158,33.63892904964251,0.47668064083027784,-0.6413079637005434,0.7622612989262183,True
3864,1107,44.28,02/28/2026 13:18:06.880,34.2089259,0.505660158,33.65957353458804,0.4813640352913786,-0.3498443850291469,0.537352213097328,True
3865,1108,44.32,02/28/2026 13:18:06.920,34.03349551,0.505660158,33.679983650538055,0.48863164915874463,-0.14556568501897557,0.26346528631880095,True
3866,1109,44.36,02/28/2026 13:18:06.960,34.03349551,0.337106772,33.69551525163715,0.40190690972412996,-0.9229045888286561,3.7790015897739355,True
3867,1110,44.4,02/28/2026 13:18:07.000,34.03349551,0.337106772,33.71034726899682,0.3495083766534303,-1.071670263341116,0.14053032626665315,True
3868,1111,44.44,02/28/2026 13:18:07.040,34.03349551,0.337106772,33.72463729503566,0.32355814855514464,-0.9091368788825076,0.16713248863766664,True
3869,1112,44.480000000000004,02/28/2026 13:18:07.080,34.38435629,0.337106772,33.738893197496864,0.314908962833403,-0.6428434686790414,0.45204446664180614,True
3870,1113,44.52,02/28/2026 13:18:07.120,34.38435629,0.337106772,33.75294477568379,0.31579955575010527,-0.387233800773585,0.41681416265414584,True
3871,1114,44.56,02/28/2026 13:18:07.160,34.38435629,0.337106772,33.76690180713036,0.3207428105844986,-0.190923653946076,0.2489504316002595,True
3872,1115,44.6,02/28/2026 13:18:07.200,34.38435629,0.168553386,33.77596322911808,0.23284258820502313,-0.9621299212219092,3.7250575860039588,True
3873,1116,44.64,02/28/2026 13:18:07.240,34.55978668,0.168553386,33.78447758169547,0.1800306461074779,-1.0998013821402561,0.13119323903649763,True
3874,1117,44.68,02/28/2026 13:18:07.280,34.73521707,0.168553386,33.792608721521304,0.15409419797781332,-0.926336773276109,0.2069077636399755,True
3875,1118,44.72,02/28/2026 13:18:07.320,34.73521707,0.168553386,33.80038237892426,0.1456450758893992,-0.6515164957170869,0.4905812715933088,True
3876,1119,44.76,02/28/2026 13:18:07.360,34.73521707,0.168553386,33.80795671283737,0.14677634458493952,-0.390267027342657,0.4448131346093232,True
3877,1120,44.800000000000004,02/28/2026 13:18:07.400,34.73521707,0.0,33.810575749316,0.05833603388658248,-1.0900549851141776,3.078722401838802,True
3878,1121,44.84,02/28/2026 13:18:07.440,34.38435629,0.0,33.81213767454093,0.006553601383008667,-1.1686647679000954,0.04555939637454149,True
3879,1122,44.88,02/28/2026 13:18:07.480,34.38435629,0.0,33.813151595770925,-0.017874556535589954,-0.9542340941952916,0.2943029026027083,True
3880,1123,44.92,02/28/2026 13:18:07.520,34.03349551,0.0,33.81349510380155,-0.024924637219306586,-0.6552350479989286,0.5597832462687012,True
3881,1124,44.96,02/28/2026 13:18:07.560,34.03349551,0.0,33.813653585206715,-0.022741016846513966,-0.3824307394835481,0.4661673672041353,True
3882,1125,45.0,02/28/2026 13:18:07.600,34.03349551,0.0,33.813738902949474,-0.016916793948555674,-0.1794938783881462,0.25842285977927737,True
3883,1126,45.04,02/28/2026 13:18:07.640,34.2089259,-0.168553386,33.80910968111013,-0.10430703857796136,-0.9501887189948127,3.715682723076866,True
3884,1127,45.08,02/28/2026 13:18:07.680,34.38435629,0.0,33.8088173766466,-0.06329211078289725,-0.1909284756955798,3.610027820803764,True
3885,1128,45.12,02/28/2026 13:18:07.720,34.38435629,-0.168553386,33.80384226189291,-0.12513513802131312,-0.7117668866199381,1.7025762364516999,True
3886,1129,45.160000000000004,02/28/2026 13:18:07.760,34.38435629,-0.168553386,33.79837091420074,-0.1619047056969216,-0.7915170618945474,0.047025916042138044,True
3887,1130,45.2,02/28/2026 13:18:07.800,34.2089259,-0.168553386,33.79236479213371,-0.17967658674455164,-0.6580777035952609,0.11496996533518795,True
3888,1131,45.24,02/28/2026 13:18:07.840,34.2089259,-0.168553386,33.78611932008989,-0.1852066109246059,-0.4583000306321693,0.25323970962373965,True
3889,1132,45.28,02/28/2026 13:18:07.880,34.2089259,-0.168553386,33.77974682987696,-0.18411205920287857,-0.2716525317480811,0.22164304911539107,True
3890,1133,45.32,02/28/2026 13:18:07.920,34.2089259,-0.168553386,33.773325546518656,-0.1803048739821811,-0.13067598965060734,0.12824129569654552,True
3891,1134,45.36,02/28/2026 13:18:07.960,34.2089259,-0.168553386,33.766901829901265,-0.17610374017629551,-0.04009621616632243,0.055423731934959156,True
3892,1135,45.4,02/28/2026 13:18:08.000,34.03349551,-0.168553386,33.760338586158646,-0.17262420829103584,0.008740898770495616,0.016489189634371747,True
3893,1136,45.44,02/28/2026 13:18:08.040,33.85806512,-0.337106772,33.74877578910244,-0.26379913005339295,-0.8706570419512754,4.833626102820333,True
3894,1137,45.480000000000004,02/28/2026 13:18:08.080,33.85806512,-0.337106772,33.73652542069971,-0.3199923853282431,-1.0759598758863163,0.2637442080051617,True
3895,1138,45.52,02/28/2026 13:18:08.120,33.85806512,-0.337106772,33.723736091576754,-0.348636010274669,-0.9376532853137902,0.11993824275406811,True
3896,1139,45.56,02/28/2026 13:18:08.160,34.03349551,-0.337106772,33.71075032997745,-0.3589142691003819,-0.6760461787174177,0.4299531244567172,True
3897,1140,45.6,02/28/2026 13:18:08.200,34.03349551,-0.337106772,33.69756904705922,-0.35883151597408075,-0.4154316115432771,0.42689784049683527,True
3898,1141,45.64,02/28/2026 13:18:08.240,34.03349551,-0.337106772,33.684307627637104,-0.3541584630092427,-0.21087487357340165,0.26411120895037826,True
3899,1142,45.68,02/28/2026 13:18:08.280,34.03349551,-0.337106772,33.67103696345537,-0.34844116640671136,-0.07490272363938558,0.11834087812375205,True
3900,1143,45.72,02/28/2026 13:18:08.320,34.03349551,-0.337106772,33.65779302359243,-0.34347954533997405,0.0015499305242118455,0.03952530054445777,True
3901,1144,45.76,02/28/2026 13:18:08.360,34.03349551,-0.337106772,33.64458856347042,-0.33991283153585305,0.03521641232664693,0.010290859244407076,True
3902,1145,45.800000000000004,02/28/2026 13:18:08.400,34.03349551,-0.337106772,33.631423286235254,-0.33772763778155246,0.042669452018953946,0.0037741052499031488,True
3903,1146,45.84,02/28/2026 13:18:08.440,33.85806512,-0.337106772,33.618133177157695,-0.33662345619621437,0.03687464911638721,0.0014300193995951346,True
3904,1147,45.88,02/28/2026 13:18:08.480,33.85806512,-0.337106772,33.60486915560067,-0.33623544939482775,0.026425481173005062,0.002041109299669331,True
3905,1148,45.92,02/28/2026 13:18:08.520,33.85806512,-0.337106772,33.59162489479674,-0.33624875350164546,0.01613607830639753,0.00216627383785808,True
3906,1149,45.96,02/28/2026 13:18:08.560,33.68263473,-0.337106772,33.57823826287778,-0.3364379627026495,0.00811436517088981,0.0006331310121126303,True
3907,1150,46.0,02/28/2026 13:18:08.600,33.68263473,-0.337106772,33.56486432734639,-0.33666479421234297,0.0028138960042338682,0.0004695458267528673,True
3908,1151,46.04,02/28/2026 13:18:08.640,33.68263473,-0.337106772,33.55150167233275,-0.33685994804220165,-0.00014533515794713922,0.0004192006831923086,True
3909,1152,46.08,02/28/2026 13:18:08.680,33.68263473,-0.337106772,33.53814978686475,-0.33699936386791896,-0.0014319622066205758,0.00045283365615579125,True
3910,1153,46.12,02/28/2026 13:18:08.720,33.68263473,-0.337106772,33.52480866516319,-0.33708423583035707,-0.001700294104861902,0.0005284369350149718,True
3911,1154,46.160000000000004,02/28/2026 13:18:08.760,33.68263473,-0.337106772,33.51147852108858,-0.3371267349071501,-0.0014586366277509852,0.0006213129195287238,True
3912,1155,46.2,02/28/2026 13:18:08.800,33.68263473,-0.337106772,33.49815961429388,-0.3371413165761447,-0.0010418874715638754,0.0007224360294090182,True
3913,1156,46.24,02/28/2026 13:18:08.840,33.68263473,-0.337106772,33.48485216315712,-0.337140367463327,-0.0006363542244729222,0.000830202821118493,True
3914,1157,46.28,02/28/2026 13:18:08.880,33.85806512,-0.337106772,33.471712897335195,-0.3371324425245958,-0.00032348443800814795,0.00316460033350582,True
3915,1158,46.32,02/28/2026 13:18:08.920,34.03349551,-0.337106772,33.45874150884081,-0.33712306385992097,-0.00012071918026793852,0.007002402161102824,True
3916,1159,46.36,02/28/2026 13:18:08.960,34.03349551,-0.337106772,33.4457813029681,-0.3371152658475689,-1.1333754331734752e-05,0.007321555721153117,True
3917,1160,46.4,02/28/2026 13:18:09.000,33.85806512,-0.337106772,33.43267605911173,-0.33711010023206317,3.4015287958136006e-05,0.0038356610799439887,True
3918,1161,46.44,02/28/2026 13:18:09.040,33.50720434,-0.337106772,33.419270046062444,-0.3371075125195754,4.4019691395034107e-05,0.00016390192606125832,True
3919,1162,46.480000000000004,02/28/2026 13:18:09.080,33.50720434,-0.505660158,33.40100859580198,-0.4306971065709088,-0.8992122721837368,5.0543691389044465,True
3920,1163,46.52,02/28/2026 13:18:09.120,33.50720434,-0.505660158,33.38204557244203,-0.4883175250948556,-1.107253104595908,0.27083639004678783,True
3921,1164,46.56,02/28/2026 13:18:09.160,33.50720434,-0.505660158,33.36253444833263,-0.5176445642573979,-0.9634861818474625,0.12962588963936988,True
3922,1165,46.6,02/28/2026 13:18:09.200,33.85806512,-0.505660158,33.34297539345604,-0.5281293490963547,-0.693938934344245,0.4597317818541464,True
3923,1166,46.64,02/28/2026 13:18:09.240,33.85806512,-0.505660158,33.323221157421735,-0.5279971843590355,-0.4259768847483653,0.45484635429500275,True
3924,1167,46.68,02/28/2026 13:18:09.280,33.85806512,-0.505660158,33.30339016541271,-0.5231714372435856,-0.21590430144399306,0.2823451356324741,True
3925,1168,46.72,02/28/2026 13:18:09.320,33.85806512,-0.505660158,33.28355509513479,-0.517288096712414,-0.07640808742310837,0.12862172357018467,True
3926,1169,46.76,02/28/2026 13:18:09.360,33.85806512,-0.505660158,33.26375275992537,-0.5121899275385381,0.0019306817240138108,0.0458460210358394,True
3927,1170,46.800000000000004,02/28/2026 13:18:09.400,33.85806512,-0.505660158,33.24399615780698,-0.5085289220691606,0.03635223809985432,0.015399522100432958,True
3928,1171,46.84,02/28/2026 13:18:09.440,33.50720434,-0.674213543,33.21910786266188,-0.5998798297963484,-0.8553521859793901,4.971346208166762,True
3929,1172,46.88,02/28/2026 13:18:09.480,33.50720434,-0.674213543,33.19354572229401,-0.6563702601247189,-1.069396418148373,0.2884239695697587,True
3930,1173,46.92,02/28/2026 13:18:09.520,33.33177395,-0.674213543,33.16730109448769,-0.6853018045505297,-0.9363794054122896,0.1111594605093667,True
3931,1174,46.96,02/28/2026 13:18:09.560,33.33177395,-0.674213543,33.14071135711868,-0.6958024597998957,-0.677396069925849,0.41997954478375205,True
3932,1175,47.0,02/28/2026 13:18:09.600,33.50720434,-0.674213543,33.11409068315827,-0.6958650020881063,-0.41765990046851714,0.4249257983052803,True
3933,1176,47.04,02/28/2026 13:18:09.640,33.50720434,-0.674213543,33.08740003876633,-0.6912721736027639,-0.2130190152263784,0.2654784016609226,True
3934,1177,47.08,02/28/2026 13:18:09.680,33.50720434,-0.674213543,33.06071066876636,-0.6855890385564546,-0.07655274453490243,0.12062392085266098,True
3935,1178,47.12,02/28/2026 13:18:09.720,33.33177395,-0.674213543,33.03390487352017,-0.6806340679857411,0.00047174614721301467,0.03896209928190329,True
3936,1179,47.160000000000004,02/28/2026 13:18:09.760,33.50720434,-0.674213543,33.007303809306926,-0.677059850231895,0.03462245431767609,0.012587358617336872,True
3937,1180,47.2,02/28/2026 13:18:09.800,33.50720434,-0.674213543,32.98075319809585,-0.6748626844948092,0.042416274959029165,0.006254505279826211,True
3938,1181,47.24,02/28/2026 13:18:09.840,33.50720434,-0.842766929,32.94937970649236,-0.7673377708400665,-0.8624256810812552,5.123678810610939,True
3939,1182,47.28,02/28/2026 13:18:09.880,33.50720434,-0.842766929,32.91732989062053,-0.824561869900495,-1.0808062637897677,0.30542924601249005,True
3940,1183,47.32,02/28/2026 13:18:09.920,33.50720434,-0.842766929,32.88475091302757,-0.8538965699704355,-0.9472870244345586,0.11963944793200286,True
3941,1184,47.36,02/28/2026 13:18:09.960,33.50720434,-0.842766929,32.851827218774886,-0.8645675805633388,-0.6857577969025567,0.43660081402208994,True
3942,1185,47.4,02/28/2026 13:18:10.000,33.50720434,-0.842766929,32.81872045790319,-0.8646608548105543,-0.42310922836166587,0.4412115932162238,True
3943,1186,47.44,02/28/2026 13:18:10.040,33.50720434,-0.842766929,32.7855476311522,-0.8600298737217394,-0.21601354049662538,0.2791031176185763,True
3944,1187,47.480000000000004,02/28/2026 13:18:10.080,33.50720434,-1.011320315,32.74751352235678,-0.9478770341973495,-0.9770701975269875,3.632237685785887,True
3945,1188,47.52,02/28/2026 13:18:10.120,33.33177395,-1.011320315,32.708655965169775,-1.000485284441461,-1.1070394075747654,0.11379926401491941,True
3946,1189,47.56,02/28/2026 13:18:10.160,33.33177395,-1.011320315,32.669294742268164,-1.0261943184651299,-0.928602241598792,0.2083097223798627,True
3947,1190,47.6,02/28/2026 13:18:10.200,33.33177395,-1.011320315,32.62961876377006,-1.0344537679873818,-0.6510841163142008,0.4918157674151124,True
3948,1191,47.64,02/28/2026 13:18:10.240,33.33177395,-1.011320315,32.58978647621517,-1.0331900781357974,-0.38872472156380206,0.4418859109337162,True
3949,1192,47.68,02/28/2026 13:18:10.280,33.15634356,-1.179873701,32.54488921648637,-1.121551946437522,-1.0883453795497997,3.0670764263697308,True
3950,1193,47.72,02/28/2026 13:18:10.320,32.98091317,-1.179873701,32.49914745714686,-1.1732961754306979,-1.1672433118403422,0.04382243742286501,True
3951,1194,47.76,02/28/2026 13:18:10.360,32.98091317,-1.179873701,32.45289937484068,-1.1977123964626817,-0.9532433801528024,0.2921421816464413,True
3952,1195,47.800000000000004,02/28/2026 13:18:10.400,33.15634356,-1.179873701,32.40649613677838,-1.2047639541796258,-0.6546500512478233,0.5691709956473282,True
3953,1196,47.84,02/28/2026 13:18:10.440,33.15634356,-1.179873701,32.35994814747607,-1.2025881367800264,-0.38215726005616635,0.47753573758119916,True
3954,1197,47.88,02/28/2026 13:18:10.480,33.15634356,-1.179873701,32.31336706979332,-1.196772854535445,-0.1794240692061331,0.27195376208407623,True
3955,1198,47.92,02/28/2026 13:18:10.520,33.15634356,-1.179873701,32.26681804554593,-1.1905799521195297,-0.05098041512220952,0.11989057112263155,True
3956,1199,47.96,02/28/2026 13:18:10.560,33.50720434,-1.179873701,32.22063465628637,-1.1855401517518491,0.017010796082071414,0.06398362435166045,True
3957,1200,48.0,02/28/2026 13:18:10.600,33.50720434,-1.179873701,32.17452196600478,-1.1820891438182646,0.0436042633684849,0.042067571201660485,True
3958,1201,48.04,02/28/2026 13:18:10.640,33.33177395,-1.348427087,32.123458264979156,-1.2736723964812344,-0.8531384787982709,5.0567929642845115,True
3959,1202,48.08,02/28/2026 13:18:10.680,32.98091317,-1.348427087,32.07143899739871,-1.3303562859752964,-1.069904426206712,0.31119001944449354,True
3960,1203,48.120000000000005,02/28/2026 13:18:10.720,32.80548278,-1.516980473,32.01389406331611,-1.4530131905915666,-1.8372466064509814,3.6933267469723066,True
3961,1204,48.160000000000004,02/28/2026 13:18:10.760,32.6300524,-1.516980473,31.95516017088806,-1.5212145134472186,-1.7864464039747188,0.025785854814686544,True
3962,1205,48.2,02/28/2026 13:18:10.800,32.27919162,-1.516980473,31.895400377354065,-1.5506431008362045,-1.3826242323373652,1.0223351103832419,True
3963,1206,48.24,02/28/2026 13:18:10.840,32.27919162,-1.516980473,31.835221692321515,-1.5565472439802335,-0.9079751230264439,1.4122663067983665,True
3964,1207,48.28,02/28/2026 13:18:10.880,32.27919162,-1.516980473,31.774860037288235,-1.5507291422636575,-0.5031192608066597,1.0298321939682344,True
3965,1208,48.32,02/28/2026 13:18:10.920,32.27919162,-1.685533858,31.70960287634519,-1.6345302259781362,-1.114952168840348,2.3464741237343283,True
3966,1209,48.36,02/28/2026 13:18:10.960,32.27919162,-1.685533858,31.643689775530717,-1.6826840832541803,-1.1491299989181474,0.01585947731356183,True
3967,1210,48.4,02/28/2026 13:18:11.000,32.27919162,-1.685533858,31.57731094459727,-1.7047079387614044,-0.9191085533735395,0.341139839641159,True
3968,1211,48.44,02/28/2026 13:18:11.040,31.92833084,-1.685533858,31.510362133184593,-1.7104112733728907,-0.6206734580729827,0.5603585338393229,True
3969,1212,48.480000000000004,02/28/2026 13:18:11.080,31.92833084,-1.685533858,31.443300887553022,-1.7076386307341203,-0.35549816158467046,0.4444825410212177,True
3970,1213,48.52,02/28/2026 13:18:11.120,31.40203967,-1.685533858,31.375783272386307,-1.7016888650347248,-0.161702172654572,0.23474550457991755,True
3971,1214,48.56,02/28/2026 13:18:11.160,31.40203967,-1.685533858,31.308320316890192,-1.6955951096945343,-0.041006084398794024,0.09123412422288658,True
3972,1215,48.6,02/28/2026 13:18:11.200,31.57747006,-1.685533858,31.24108918682615,-1.6907374663404755,0.021420750451801113,0.02675675744960973,True
3973,1216,48.64,02/28/2026 13:18:11.240,31.40203967,-1.854087244,31.168929794075222,-1.781057638370628,-0.854640285244936,4.797905874252359,True
3974,1217,48.68,02/28/2026 13:18:11.280,31.40203967,-1.854087244,31.096141943400504,-1.8368112973955362,-1.0618788442734908,0.2704027960667568,True
3975,1218,48.72,02/28/2026 13:18:11.320,31.40203967,-1.854087244,31.022871393486387,-1.8652937595270789,-0.927440518875392,0.11601125528198296,True
3976,1219,48.76,02/28/2026 13:18:11.360,31.40203967,-1.854087244,30.949299283212422,-1.8755693334336097,-0.669735350303257,0.4194274700860139,True
3977,1220,48.800000000000004,02/28/2026 13:18:11.400,31.40203967,-2.02264063,30.870716349852852,-1.9691456508860703,-1.3114549753479845,2.579735250712755,True
3978,1221,48.84,02/28/2026 13:18:11.440,31.22660928,-2.02264063,30.791241534513862,-2.022178866198202,-1.316988749531186,0.004208766976833272,True
3979,1222,48.88,02/28/2026 13:18:11.480,31.05117889,-2.02264063,30.711098917286076,-2.0458634485369136,-1.0384032103511154,0.4875199151164917,True
3980,1223,48.92,02/28/2026 13:18:11.520,30.8757485,-2.02264063,30.630513523109123,-2.0514411496814087,-0.6929087117322563,0.7473209641810722,True
3981,1224,48.96,02/28/2026 13:18:11.560,30.8757485,-2.02264063,30.549811501944163,-2.047775443952968,-0.3913870333815667,0.570479383089438,True
3982,1225,49.0,02/28/2026 13:18:11.600,30.70031811,-2.191194016,30.46409495401876,-2.1343722958358757,-1.0730180449671847,2.9050517093775237,True
3983,1226,49.04,02/28/2026 13:18:11.640,30.70031811,-2.191194016,30.37773310640046,-2.185011192175016,-1.1471831601568256,0.036581867385653125,True
3984,1227,49.08,02/28/2026 13:18:11.680,30.70031811,-2.191194016,30.29090897568153,-2.208851570532251,-0.9353577096768754,0.28399644230510435,True
3985,1228,49.120000000000005,02/28/2026 13:18:11.720,30.70031811,-2.191194016,30.203818239840214,-2.215685917309756,-0.6415462447985725,0.544767567609645,True
3986,1229,49.160000000000004,02/28/2026 13:18:11.760,29.99859656,-2.191194016,30.11602788330496,-2.213499575638591,-0.3739699861804081,0.4477716795169348,True
3987,1230,49.2,02/28/2026 13:18:11.800,29.99859656,-2.191194016,30.028240716295475,-2.207767012925995,-0.17516049818835935,0.24705079346307895,True
3988,1231,49.24,02/28/2026 13:18:11.840,29.99859656,-2.191194016,29.94052041436176,-2.2016806373017657,-0.04936212552610908,0.09897969350505209,True
3989,1232,49.28,02/28/2026 13:18:11.880,29.99859656,-2.191194016,29.852896711368,-2.1967357456430925,0.017118385633265676,0.02807349326946805,True
3990,1233,49.32,02/28/2026 13:18:11.920,29.82316617,-2.359747402,29.760362694063975,-2.286944970400746,-0.8562196387573819,4.767075454798496,True
3991,1234,49.36,02/28/2026 13:18:11.960,29.82316617,-2.359747402,29.667216936320862,-2.3426008142992107,-1.0619083184206706,0.2649371883051264,True
3992,1235,49.4,02/28/2026 13:18:12.000,29.82316617,-2.359747402,29.573605432352025,-2.3710121712696863,-0.9267728327568915,0.11545743225579617,True
3993,1236,49.44,02/28/2026 13:18:12.040,29.47230539,-2.359747402,29.47941456138513,-2.3812442250033086,-0.6688967820256774,0.4156263061661194,True
3994,1237,49.480000000000004,02/28/2026 13:18:12.080,29.47230539,-2.359747402,29.385097550987908,-2.381207172462766,-0.41146401175909636,0.4143604692955146,True
3995,1238,49.52,02/28/2026 13:18:12.120,29.47230539,-2.528300788,29.28590092830034,-2.470201866603665,-1.1084169794666914,3.0366238853674106,True
3996,1239,49.56,02/28/2026 13:18:12.160,29.47230539,-2.528300788,29.186048491365028,-2.5221797301768922,-1.1818416121782547,0.03543020231197597,True
3997,1240,49.6,02/28/2026 13:18:12.200,29.296875,-2.528300788,29.08558234730021,-2.5466026755227946,-0.9622892610945626,0.3022197364207759,True
3998,1241,49.64,02/28/2026 13:18:12.240,29.296875,-2.528300788,28.98485122773409,-2.5535586338031995,-0.6592918687549356,0.5758665729481329,True
3999,1242,49.68,02/28/2026 13:18:12.280,29.296875,-2.528300788,28.88401922352789,-2.5512618699142826,-0.38384519774942905,0.4778136677547952,True
4000,1243,49.72,02/28/2026 13:18:12.320,28.94601422,-2.528300788,28.78290548232139,-2.5453407030286757,-0.1794320977397602,0.2617207049048667,True
4001,1244,49.76,02/28/2026 13:18:12.360,28.77058383,-2.528300788,28.681722508387924,-2.5390710094072673,-0.05023126249664034,0.10449852104264022,True
4002,1245,49.800000000000004,02/28/2026 13:18:12.400,28.77058383,-2.528300788,28.58064746742198,-2.5339840398668785,0.017947514725722244,0.02981771027168942,True
4003,1246,49.84,02/28/2026 13:18:12.440,28.94601422,-2.528300788,28.47983502727179,-2.5305083650437257,0.04443557707263056,0.008992221356874545,True
4004,1247,49.88,02/28/2026 13:18:12.480,29.12144461,-2.696854174,28.374414091951017,-2.62208190239622,-0.8525239496558075,5.040133691090564,True
4005,1248,49.92,02/28/2026 13:18:12.520,29.12144461,-2.696854174,28.26838419278436,-2.678764708072535,-1.069514521939519,0.30969182212278623,True
4006,1249,49.96,02/28/2026 13:18:12.560,28.77058383,-2.696854174,28.161598739175265,-2.7078343689241993,-0.9377882121862399,0.11631507337330133,True
4007,1250,50.0,02/28/2026 13:18:12.600,28.59515344,-2.696854174,28.054386633722462,-2.7184195562417077,-0.6790827405490366,0.42451119657542474,True
4008,1251,50.04,02/28/2026 13:18:12.640,28.06886228,-2.696854174,27.946616599966134,-2.718525586017887,-0.41911066913320644,0.42272821254519616,True
4009,1252,50.08,02/28/2026 13:18:12.680,28.06886228,-2.696854174,27.83884229271182,-2.713947777482776,-0.21405266896822817,0.26392963336354214,True
4010,1253,50.120000000000005,02/28/2026 13:18:12.720,27.89343189,-2.696854174,27.73098952146497,-2.7082640463498633,-0.07717763563720223,0.11765319389286405,True
4011,1254,50.160000000000004,02/28/2026 13:18:12.760,27.89343189,-2.696854174,27.62324038870271,-2.703301146643632,0.00016376790007351094,0.03893437409584021,True
4012,1255,50.2,02/28/2026 13:18:12.800,27.54257111,-2.696854174,27.515317212042845,-2.6997184456312158,0.03452395143146544,0.007394697882848802,True
4013,1256,50.24,02/28/2026 13:18:12.840,27.54257111,-2.696854174,27.40751086061806,-2.697513656229168,0.04243682951466893,0.0007780386877463937,True
4014,1257,50.28,02/28/2026 13:18:12.880,27.7180015,-2.865407559,27.295092829189198,-2.789982841027534,-0.8623535830885041,5.120299588174972,True
4015,1258,50.32,02/28/2026 13:18:12.920,27.36714072,-2.865407559,27.18177400304915,-2.8472038110278226,-1.0807235949497893,0.29875958779038586,True
4016,1259,50.36,02/28/2026 13:18:12.960,27.36714072,-2.865407559,27.0679918572791,-2.876536807171609,-0.9472131901066004,0.11330598948931751,True
4017,1260,50.4,02/28/2026 13:18:13.000,27.36714072,-2.865407559,26.95393068295684,-2.887207092966614,-0.6857004576538724,0.43105718849603203,True
4018,1261,50.44,02/28/2026 13:18:13.040,27.36714072,-2.865407559,26.839751977362198,-2.887300214252202,-0.4230691858450056,0.43699983168446266,True
4019,1262,50.480000000000004,02/28/2026 13:18:13.080,27.36714072,-2.865407559,26.725572591003438,-2.8826693488814077,-0.21598837411870617,0.2767488534291773,True
4020,1263,50.52,02/28/2026 13:18:13.120,27.19171033,-2.865407559,26.61132004779015,-2.876926026448005,-0.07780530558690749,0.12648628281329985,True
4021,1264,50.56,02/28/2026 13:18:13.160,27.19171033,-2.865407559,26.497175715161454,-2.8719133448967433,0.00024703101923449766,0.048303932955831096,True
4022,1265,50.6,02/28/2026 13:18:13.200,26.66541916,-2.865407559,26.382719818888763,-2.868296115137552,0.03490178766603973,0.009200531293683412,True
4023,1266,50.64,02/28/2026 13:18:13.240,26.66541916,-2.865407559,26.2683856014092,-2.8660707190935657,0.04286212450757356,0.003737373858235095,True
4024,1267,50.68,02/28/2026 13:18:13.280,26.31455838,-2.865407559,26.15387874472984,-2.8649397468834548,0.03725229286857011,0.0007438400972869124,True
4025,1268,50.72,02/28/2026 13:18:13.320,26.31455838,-2.865407559,26.03948030249886,-2.864536379898815,0.026805124245653195,0.0022857347302518405,True
4026,1269,50.76,02/28/2026 13:18:13.360,26.31455838,-2.865407559,25.925183704045057,-2.8645426625205315,0.016434778825129608,0.0038853117569453365,True
4027,1270,50.800000000000004,02/28/2026 13:18:13.400,26.31455838,-2.865407559,25.810984161912103,-2.864729766208219,0.008310386994997563,0.005787046661910115,True
4028,1271,50.84,02/28/2026 13:18:13.440,25.9636976,-2.865407559,25.696591336685046,-2.8649578702335656,0.0029193197478200646,0.0016937249723410729,True
4029,1272,50.88,02/28/2026 13:18:13.480,25.9636976,-2.865407559,25.582291353631224,-2.8651550472519522,-0.00010495283860279111,0.0031403436633160964,True
4030,1273,50.92,02/28/2026 13:18:13.520,25.78826722,-2.865407559,25.467940048451027,-2.865296633826303,-0.001431529724189597,0.002185782096225446,True
4031,1274,50.96,02/28/2026 13:18:13.560,25.61283683,-2.865407559,25.353537547197345,-2.8653832956991034,-0.0017192876179365436,0.001425584146515361,True
4032,1275,51.0,02/28/2026 13:18:13.600,25.43740644,-2.865407559,25.239084202605472,-2.8654270501066597,-0.001482944325291487,0.0008339888668086592,True
4033,1276,51.04,02/28/2026 13:18:13.640,25.43740644,-2.865407559,25.12472356583431,-2.8654421299952433,-0.0010642449196691297,0.0020733532739792824,True
4034,1277,51.08,02/28/2026 13:18:13.680,25.43740644,-3.033960945,25.00558811513329,-2.959032156658273,-0.8999053665497478,5.053396006624252,True
4035,1278,51.120000000000005,02/28/2026 13:18:13.720,25.43740644,-3.033960945,24.885831478421697,-3.0166452276357014,-1.1076178853869774,0.27609328789489707,True
4036,1279,51.160000000000004,02/28/2026 13:18:13.760,24.91111527,-3.033960945,24.76517853777157,-3.0459638090464543,-0.9636295272013395,0.13003192109709238,True
4037,1280,51.2,02/28/2026 13:18:13.800,24.91111527,-3.033960945,24.64424734266876,-3.05644127491654,-0.6939518239955111,0.45605242233931476,True
4038,1281,51.24,02/28/2026 13:18:13.840,24.56025449,-3.033960945,24.522916905781024,-3.056303915841283,-0.4259248073524762,0.4490207641331842,True
4039,1282,51.28,02/28/2026 13:18:13.880,24.20939371,-3.033960945,24.401306111044477,-3.051475084001616,-0.21582743609488236,0.276658450836937,True
4040,1283,51.32,02/28/2026 13:18:13.920,24.20939371,-3.033960945,24.2797729633857,-3.0455897749847263,-0.07632875196403774,0.12172856404649213,True
4041,1284,51.36,02/28/2026 13:18:13.960,24.20939371,-3.033960945,24.15835409376356,-3.040490530911403,0.0020008878759795318,0.038402572382253,True
4042,1285,51.4,02/28/2026 13:18:14.000,24.20939371,-3.033960945,24.037062317025153,-3.0368290544296936,0.0364089587217241,0.008029335262462427,True
4043,1286,51.44,02/28/2026 13:18:14.040,24.20939371,-3.033960945,23.91589707490117,-3.034588358087383,0.043939154200513,0.0021802874813358153,True
4044,1287,51.480000000000004,02/28/2026 13:18:14.080,23.68310254,-3.033960945,23.794425822145673,-3.033458491050045,0.03791029186463233,0.0004898823599596978,True
4045,1288,51.52,02/28/2026 13:18:14.120,23.68310254,-3.033960945,23.673067587152772,-3.033063059319378,0.027139372587234582,0.0007272061425529735,True
4046,1289,51.56,02/28/2026 13:18:14.160,23.68310254,-3.033960945,23.551815683104383,-3.0330786198184465,0.01655666262311891,0.001065183016775691,True
4047,1290,51.6,02/28/2026 13:18:14.200,23.68310254,-3.033960945,23.43066526161597,-3.033273616994181,0.00831468515335643,0.0017750500003995225,True
4048,1291,51.64,02/28/2026 13:18:14.240,23.68310254,-3.033960945,23.30961328060203,-3.033506776294574,0.0028712322118508308,0.0031416083180996006,True
4049,1292,51.68,02/28/2026 13:18:14.280,23.33224177,-3.033960945,23.188375027362,-3.0337076597855934,-0.00016534659411055223,0.0004962820746371405,True
4050,1293,51.72,02/28/2026 13:18:14.320,22.98138099,-3.033960945,23.066950414060567,-3.033851371318016,-0.0014808843628129592,0.0001660154199103677,True
4051,1294,51.76,02/28/2026 13:18:14.360,22.98138099,-3.033960945,22.945622552611507,-3.033938502823109,-0.001749645236224921,2.7551834085070723e-05,True
4052,1295,51.800000000000004,02/28/2026 13:18:14.400,22.98138099,-3.033960945,22.824391483041275,-3.0339818493314326,-0.0014968757909700422,0.0005227623939510783,True
4053,1296,51.84,02/28/2026 13:18:14.440,22.98138099,-3.033960945,22.703257290833143,-3.0339964452319674,-0.0010674698978739333,0.0016406352381939302,True
4054,1297,51.88,02/28/2026 13:18:14.480,22.8059506,-3.033960945,22.582078974012287,-3.033995380669886,-0.0006515259546733149,0.0010633372916212366,True
4055,1298,51.92,02/28/2026 13:18:14.520,22.8059506,-2.865407559,22.465865359964976,-2.9403963790815957,0.8989195752892774,5.060148884851626,True
4056,1299,51.96,02/28/2026 13:18:14.560,22.63052021,-2.865407559,22.350321884517054,-2.8827662389373687,1.107158074903911,0.2726885713402859,True
4057,1300,52.0,02/28/2026 13:18:14.600,22.45508982,-2.865407559,22.235295184640208,-2.853431422333519,0.963494999986673,0.1300159408966506,True
4058,1301,52.04,02/28/2026 13:18:14.640,22.27965943,-2.865407559,22.120596346439363,-2.842940857246425,0.6939862089906607,0.45450192364487,True
4059,1302,52.08,02/28/2026 13:18:14.680,22.27965943,-2.696854174,22.011069150436498,-2.7494786190503455,1.3252730933300603,2.4923104818535546,True
4060,1303,52.120000000000005,02/28/2026 13:18:14.720,22.10422904,-2.696854174,21.902300854098996,-2.6966819824765444,1.3232100553289827,0.0008907846513027738,True
4061,1304,52.160000000000004,02/28/2026 13:18:14.760,21.92879865,-2.696854174,21.794065317328215,-2.673238009055134,1.0399119802917172,0.5019933214775409,True
4062,1305,52.2,02/28/2026 13:18:14.800,21.92879865,-2.696854174,21.686277013067297,-2.667851130650789,0.6919942223482312,0.7577829788010165,True
4063,1306,52.24,02/28/2026 13:18:14.840,21.92879865,-2.696854174,21.57875821658409,-2.6716445236871853,0.38958342213506386,0.5741663501642792,True
4064,1307,52.28,02/28/2026 13:18:14.880,21.92879865,-2.528300788,21.476258224307934,-2.5851202570191445,1.0711962076481178,2.908087106721995,True
4065,1308,52.32,02/28/2026 13:18:14.920,21.75336826,-2.528300788,21.374416769769727,-2.5345139469172033,1.145734164639292,0.037770038486503885,True
4066,1309,52.36,02/28/2026 13:18:14.960,21.57793787,-2.359747402,21.277918726802966,-2.4170904653499568,1.8336260500419281,2.9593925500775975,True
4067,1310,52.4,02/28/2026 13:18:15.000,21.57793787,-2.359747402,21.182554798220806,-2.3526300767867343,1.7482515721535876,0.04886594681697103,True
4068,1311,52.44,02/28/2026 13:18:15.040,21.57793787,-2.359747402,21.088011776863656,-2.325480595894139,1.3371928073523593,1.0611313453659275,True
4069,1312,52.480000000000004,02/28/2026 13:18:15.080,21.2270771,-2.359747402,20.99371186453638,-2.3207190992061544,0.8690118025635685,1.3711056742621772,True
4070,1313,52.52,02/28/2026 13:18:15.120,21.05164671,-2.191194016,20.904434328257093,-2.2333394051620075,1.3745902623399702,1.5980244220211615,True
4071,1314,52.56,02/28/2026 13:18:15.160,21.05164671,-2.191194016,20.81601674811679,-2.1854839847129233,1.3060956629082192,0.030497559675922624,True
4072,1315,52.6,02/28/2026 13:18:15.200,20.87621632,-2.191194016,20.72808500350909,-2.1654193898273286,0.9969048323258143,0.5979554230022439,True
4073,1316,52.64,02/28/2026 13:18:15.240,20.87621632,-2.191194016,20.64055546048878,-2.1619961090568296,0.6466494009050736,0.7679141977846816,True
4074,1317,52.68,02/28/2026 13:18:15.280,20.87621632,-2.02264063,20.558125416318976,-2.073113466370502,1.2521261929762255,2.2934214424270367,True
4075,1318,52.72,02/28/2026 13:18:15.320,20.87621632,-2.02264063,20.476530742789954,-2.0228124835361427,1.25419284375971,0.0034125443283258105,True
4076,1319,52.76,02/28/2026 13:18:15.360,20.70078593,-2.02264063,20.395418619853487,-2.0004050031824447,0.987457894880486,0.4466427412662652,True
4077,1320,52.800000000000004,02/28/2026 13:18:15.400,20.70078593,-1.854087244,20.319581550548044,-1.9015935413836833,1.5573488547177758,2.0329433357259585,True
4078,1321,52.84,02/28/2026 13:18:15.440,20.70078593,-1.854087244,20.244697239665523,-1.8475098834114414,1.4784525723368058,0.04331018106333617,True
4079,1322,52.88,02/28/2026 13:18:15.480,20.70078593,-1.685533858,20.1753673347715,-1.7312691930639275,2.0271008852584482,1.8872148527721333,True
4080,1323,52.92,02/28/2026 13:18:15.520,20.70078593,-1.685533858,20.107185730662255,-1.6698119682105599,1.838508475582226,0.22975460762334737,True
4081,1324,52.96,02/28/2026 13:18:15.560,20.70078593,-1.685533858,20.039806236540446,-1.6458343617277587,1.3622812754664122,1.4266898223668798,True
4082,1325,53.0,02/28/2026 13:18:15.600,20.34992515,-1.685533858,19.972638168487997,-1.6436428864558337,0.8597614967878597,1.5812919454058327,True
4083,1326,53.04,02/28/2026 13:18:15.640,20.34992515,-1.685533858,19.905725925740725,-1.6516077734525054,0.45278944884316213,1.0393333100814561,True
4084,1327,53.08,02/28/2026 13:18:15.680,20.34992515,-1.516980473,19.843790271993537,-1.56879890252084,1.0744103885213363,2.4205302217091034,True
4085,1328,53.120000000000005,02/28/2026 13:18:15.720,20.34992515,-1.516980473,19.782600228312507,-1.520912002304955,1.1215802903034375,0.020729701501151117,True
4086,1329,53.160000000000004,02/28/2026 13:18:15.760,20.34992515,-1.516980473,19.721972262844886,-1.4987755551727018,0.9032018847994296,0.30640490454322905,True
4087,1330,53.2,02/28/2026 13:18:15.800,20.34992515,-1.348427087,19.666582456466916,-1.3992244203906712,1.5125760016013152,2.330781187661646,True
4088,1331,53.24,02/28/2026 13:18:15.840,20.34992515,-1.348427087,19.61212295005186,-1.3441094419093056,1.4607908829155394,0.028295130237975846,True
4089,1332,53.28,02/28/2026 13:18:15.880,19.99906437,-1.348427087,19.558060039237112,-1.320519296364557,1.1260143186678293,0.704582553567427,True
4090,1333,53.32,02/28/2026 13:18:15.920,19.99906437,-1.348427087,19.504420011782734,-1.3159832739852948,0.7368242602307009,0.9518528219638919,True
4091,1334,53.36,02/28/2026 13:18:15.960,19.82363398,-1.348427087,19.45087303562335,-1.3208896455093482,0.4064895389624488,0.6849427606123901,True
4092,1335,53.4,02/28/2026 13:18:16.000,19.82363398,-1.348427087,19.3974309251415,-1.3289481462075272,0.17282536781261237,0.34508634952447065,True
4093,1336,53.44,02/28/2026 13:18:16.040,19.82363398,-1.348427087,19.344024191576935,-1.3366887944607075,0.03201878466217836,0.12878608178580325,True
4094,1337,53.480000000000004,02/28/2026 13:18:16.080,19.82363398,-1.179873701,19.295490916296743,-1.2490452382436268,0.8618080888194736,4.309381924808808,True
4095,1338,53.52,02/28/2026 13:18:16.120,19.82363398,-1.179873701,19.247671997195724,-1.1953049484394573,1.046928854381926,0.22122391949569947,True
4096,1339,53.56,02/28/2026 13:18:16.160,19.4727732,-1.179873701,19.200146142336934,-1.1681117309112625,0.9058355972867236,0.12599324769215273,True
4097,1340,53.6,02/28/2026 13:18:16.200,19.4727732,-1.011320315,19.15787669007046,-1.0649367961535119,1.549023548198245,2.5876829779422033,True
4098,1341,53.64,02/28/2026 13:18:16.240,19.4727732,-1.011320315,19.116555375218873,-1.0076086543241791,1.5045029626597963,0.01507626577730475,True
4099,1342,53.68,02/28/2026 13:18:16.280,19.4727732,-1.011320315,19.075917674528636,-0.9829044770007344,1.1636312935234665,0.7295378308958256,True
4100,1343,53.72,02/28/2026 13:18:16.320,19.29734281,-1.011320315,19.035569993238497,-0.9779817183745075,0.7637044326003707,1.0010793373586797,True
4101,1344,53.76,02/28/2026 13:18:16.360,19.12191243,-1.011320315,18.99531388973439,-0.9829071165792352,0.4228609837976636,0.7264257669511245,True
4102,1345,53.800000000000004,02/28/2026 13:18:16.400,19.12191243,-1.011320315,18.955155689112694,-0.9911610455955272,0.18103227622084808,0.36609356249088515,True
4103,1346,53.84,02/28/2026 13:18:16.440,19.12191243,-1.011320315,18.915023132470907,-0.9991338727951473,0.03484620884497891,0.13446984767919118,True
4104,1347,53.88,02/28/2026 13:18:16.480,19.12191243,-1.011320315,18.874885246585904,-1.005280238396985,-0.03760747305338551,0.034101665286499404,True
4105,1348,53.92,02/28/2026 13:18:16.520,19.12191243,-0.842766929,18.83960371322018,-0.9157116903604812,0.837442338987537,4.787407597800811,True
4106,1349,53.96,02/28/2026 13:18:16.560,19.12191243,-0.842766929,18.805031361143605,-0.8603101335826346,1.0478948654814357,0.2789470253628951,True
4107,1350,54.0,02/28/2026 13:18:16.600,18.94648204,-0.842766929,18.770889128415984,-0.8319271942885409,0.9178635181734385,0.10632782110333054,True
4108,1351,54.04,02/28/2026 13:18:16.640,18.94648204,-0.842766929,18.737134284996568,-0.8216173195582859,0.6641552226018633,0.4032245122559608,True
4109,1352,54.08,02/28/2026 13:18:16.680,18.77105165,-0.842766929,18.703474221236263,-0.8215456918975231,0.40958587412482605,0.4051302916397921,True
4110,1353,54.120000000000005,02/28/2026 13:18:16.720,18.77105165,-0.842766929,18.669931539902457,-0.8260424719038993,0.20896037889033658,0.2517814780923021,True
4111,1354,54.160000000000004,02/28/2026 13:18:16.760,18.94648204,-0.842766929,18.636571933217994,-0.8316110978374436,0.07513884647529584,0.11395892977386321,True
4112,1355,54.2,02/28/2026 13:18:16.800,18.94648204,-0.842766929,18.603223807672038,-0.8364682691874827,-0.00041557639149580883,0.03817334336397954,True
4113,1356,54.24,02/28/2026 13:18:16.840,18.94648204,-0.842766929,18.569874279251447,-0.8399724796107307,-0.03393302486993775,0.010026514545547732,True
4114,1357,54.28,02/28/2026 13:18:16.880,18.94648204,-0.674213543,18.54139107608858,-0.7485362098079821,0.8576477216904997,4.9717297280661175,True
4115,1358,54.32,02/28/2026 13:18:16.920,18.77105165,-0.674213543,18.513491112379345,-0.6920102023545837,1.0711399385920728,0.28627811190996877,True
4116,1359,54.36,02/28/2026 13:18:16.960,18.77105165,-0.674213543,18.486163425506923,-0.6630728419612056,0.9374995884177395,0.11334086163558864,True
4117,1360,54.4,02/28/2026 13:18:17.000,18.77105165,-0.674213543,18.459225101897204,-0.6525806071336784,0.6779946092346818,0.422947859828985,True
4118,1361,54.44,02/28/2026 13:18:17.040,19.12191243,-0.674213543,18.43278613464633,-0.652530203057306,0.4178897901498403,0.43289309871674087,True
4119,1362,54.480000000000004,02/28/2026 13:18:17.080,19.12191243,-0.674213543,18.406460258852224,-0.6571349068950224,0.2130233878667123,0.27315235725830855,True
4120,1363,54.52,02/28/2026 13:18:17.120,18.42019087,-0.674213543,18.37963661310747,-0.6628283271162356,0.07644672112935066,0.11661688101258447,True
4121,1364,54.56,02/28/2026 13:18:17.160,18.42019087,-0.674213543,18.35281900861096,-0.6677900222113491,-0.0006090512054954533,0.03720578529468703,True
4122,1365,54.6,02/28/2026 13:18:17.200,18.42019087,-0.674213543,18.325994351214987,-0.6713674369179128,-0.03474977285664149,0.007472758812140757,True
4123,1366,54.64,02/28/2026 13:18:17.240,18.42019087,-0.674213543,18.299162701881713,-0.6735657651261758,-0.04251898157521073,0.0006876333052540795,True
4124,1367,54.68,02/28/2026 13:18:17.280,18.42019087,-0.674213543,18.272329950074596,-0.6746816197041036,-0.0369020437378647,0.0006606062446634954,True
4125,1368,54.72,02/28/2026 13:18:17.320,18.42019087,-0.674213543,18.245503311522032,-0.6750779207543747,-0.026530731996926685,0.0013191520819993174,True
4126,1369,54.76,02/28/2026 13:18:17.360,18.42019087,-0.674213543,18.218689042888666,-0.6750696291653888,-0.016258544566205672,0.0015201691374280505,True
4127,1370,54.800000000000004,02/28/2026 13:18:17.400,19.12191243,-0.674213543,18.19242862629465,-0.6748820895132114,-0.00822680838108837,0.018713993898343738,True
4128,1371,54.84,02/28/2026 13:18:17.440,19.12191243,-0.674213543,18.166187048957966,-0.6746557615933996,-0.002909770212048513,0.019535812316209093,True
4129,1372,54.88,02/28/2026 13:18:17.480,19.12191243,-0.674213543,18.139965666968656,-0.674460476403126,6.495863052701943e-05,0.02049109393424291,True
4130,1373,54.92,02/28/2026 13:18:17.520,19.12191243,-0.674213543,18.11376492855521,-0.6743206659356697,0.0013628533090123429,0.02155128372854156,True
4131,1374,54.96,02/28/2026 13:18:17.560,19.12191243,-0.674213543,18.087584773971706,-0.6742353575386523,0.0016377210371835576,0.02267443145876834,True
4132,1375,55.0,02/28/2026 13:18:17.600,19.12191243,-0.674213543,18.06142492177258,-0.6741924876650465,0.0013986545805185924,0.0238356932751064,True
4133,1376,55.04,02/28/2026 13:18:17.640,19.12191243,-0.674213543,18.035285043467074,-0.6741776346153455,0.0009817438319351523,0.025025909361979324,True
4134,1377,55.08,02/28/2026 13:18:17.680,19.12191243,-0.674213543,18.00916485125958,-0.6741784055773339,0.0005744143670634277,0.02624339447653559,True
4135,1378,55.120000000000005,02/28/2026 13:18:17.720,18.59562126,-0.505660158,17.987531226819353,-0.5805958166232087,0.899511204480472,5.058421279312182,True
4136,1379,55.160000000000004,02/28/2026 13:18:17.760,18.59562126,-0.505660158,17.966631754819108,-0.5229841363574637,1.107337867451075,0.27834355793731863,True
4137,1380,55.2,02/28/2026 13:18:17.800,18.59562126,-0.505660158,17.946312831903782,-0.4936647324889421,0.9634488759938359,0.13832905578722526,True
4138,1381,55.24,02/28/2026 13:18:17.840,18.59562126,-0.505660158,17.92638537385421,-0.4831849176036711,0.6938441559399249,0.4637714674906651,True
4139,1382,55.28,02/28/2026 13:18:17.880,18.59562126,-0.505660158,17.906684861678308,-0.4833202547185676,0.4258631925253831,0.458882567634971,True
4140,1383,55.32,02/28/2026 13:18:17.920,18.59562126,-0.505660158,17.887092804205807,-0.488147688861659,0.21579243545262325,0.28643988001225,True
4141,1384,55.36,02/28/2026 13:18:17.960,18.59562126,-0.505660158,17.86753646084854,-0.4940316869171428,0.076306437373927,0.13283000769242492,True
4142,1385,55.4,02/28/2026 13:18:18.000,18.59562126,-0.505660158,17.84797895495021,-0.4991299065527405,-0.0020210088552448935,0.05018748573911162,True
4143,1386,55.44,02/28/2026 13:18:18.040,18.59562126,-0.505660158,17.8284072232999,-0.5027906728543924,-0.036433610139631506,0.01987458594625328,True
4144,1387,55.480000000000004,02/28/2026 13:18:18.080,18.59562126,-0.505660158,17.808821574926043,-0.5050309185701604,-0.0439719479431864,0.01347482337946074,True
4145,1388,55.52,02/28/2026 13:18:18.120,18.42019087,-0.505660158,17.789095505320226,-0.5061615877527529,-0.0379487490240613,0.008668083637808136,True
4146,1389,55.56,02/28/2026 13:18:18.160,18.42019087,-0.505660158,17.76936935623253,-0.5065572610933435,-0.027178796718766045,0.009702442538815869,True
4147,1390,55.6,02/28/2026 13:18:18.200,18.24476048,-0.505660158,17.749517053597778,-0.5065418777719416,-0.016595365375446085,0.005898525280813186,True
4148,1391,55.64,02/28/2026 13:18:18.240,18.24476048,-0.505660158,17.72967590188236,-0.5063467308171964,-0.008352666383384083,0.006047885264014202,True
4149,1392,55.68,02/28/2026 13:18:18.280,18.24476048,-0.505660158,17.70984870019741,-0.5061132764965831,-0.002910235532427089,0.0062494970921042085,True
4150,1393,55.72,02/28/2026 13:18:18.320,18.24476048,-0.505660158,17.69003684033885,-0.5059126010326787,0.00012514253118776388,0.00657939038028013,True
4151,1394,55.76,02/28/2026 13:18:18.360,18.24476048,-0.505660158,17.67024078485915,-0.5057693241697115,0.001442021896396345,0.007006351777743134,True
4152,1395,55.800000000000004,02/28/2026 13:18:18.400,18.06933009,-0.505660158,17.650328385005558,-0.5056824144268226,0.001714349294816262,0.003721284255093375,True
4153,1396,55.84,02/28/2026 13:18:18.440,18.06933009,-0.505660158,17.630431633743772,-0.5056388871456653,0.0014647764359333442,0.004082956208266938,True
4154,1397,55.88,02/28/2026 13:18:18.480,18.06933009,-0.505660158,17.610550205014345,-0.5056239382016805,0.0010361291920391248,0.0044619530350946315,True
4155,1398,55.92,02/28/2026 13:18:18.520,18.06933009,-0.505660158,17.590683815272456,-0.5056248848725541,0.0006190913531334787,0.004856584320475035,True
4156,1399,55.96,02/28/2026 13:18:18.560,18.06933009,-0.505660158,17.57083225405992,-0.5056326944554167,0.0002959903021386168,0.005267260762097011,True
4157,1400,56.0,02/28/2026 13:18:18.600,18.06933009,-0.505660158,17.550995382022943,-0.5056418851744028,8.339397605918364e-05,0.00569438365300931,True
4158,1401,56.04,02/28/2026 13:18:18.640,18.06933009,-0.337106772,17.536040901571845,-0.41205878094674747,0.899215369278615,5.058800532936383,True
4159,1402,56.08,02/28/2026 13:18:18.680,18.06933009,-0.337106772,17.521815328412583,-0.35444340946396474,1.1071928525065928,0.27670270987602946,True
4160,1403,56.120000000000005,02/28/2026 13:18:18.720,18.06933009,-0.337106772,17.508165121252016,-0.3251196911357268,0.9634028400148812,0.13589062885438438,True
4161,1404,56.160000000000004,02/28/2026 13:18:18.760,18.06933009,-0.337106772,17.49490123221166,-0.31463620683777693,0.693852995692448,0.46108934454605066,True
4162,1405,56.2,02/28/2026 13:18:18.800,18.06933009,-0.337106772,17.48185916176946,-0.3147689459892901,0.42589565795938106,0.45606042023303833,True
4163,1406,56.24,02/28/2026 13:18:18.840,18.06933009,-0.337106772,17.468920428884086,-0.31959481460344547,0.2158296616794309,0.2834295236573151,True
4164,1407,56.28,02/28/2026 13:18:18.880,18.06933009,-0.337106772,17.4560122990904,-0.3254780418859128,0.07633909347172754,0.12957625302536896,True
4165,1408,56.32,02/28/2026 13:18:18.920,18.06933009,-0.337106772,17.443097901069972,-0.33057601019380844,-0.001996022470745068,0.0466604001970468,True
4166,1409,56.36,02/28/2026 13:18:18.960,18.42019087,-0.337106772,17.430426019137258,-0.3342362748438757,-0.03641792856691838,0.02816494558812343,True
4167,1410,56.4,02/28/2026 13:18:19.000,18.42019087,-0.337106772,17.41773477418927,-0.33647647353372145,-0.04396622317002099,0.021653329599920876,True
4168,1411,56.44,02/28/2026 13:18:19.040,18.42019087,-0.337106772,17.405030356889977,-0.3376070412354824,-0.03795205248474477,0.022067484076775837,True
4169,1412,56.480000000000004,02/28/2026 13:18:19.080,18.42019087,-0.337106772,17.392320246506305,-0.33800284078804194,-0.027189703790958333,0.02311601838807312,True
4170,1413,56.52,02/28/2026 13:18:19.120,18.42019087,-0.337106772,17.379610895477928,-0.33798739135507755,-0.016612524761713918,0.02364845607344459,True
4171,1414,56.56,02/28/2026 13:18:19.160,18.24476048,-0.168553386,17.37164421831661,-0.244201662002475,0.8908762081603129,5.163310872840848,True
4172,1415,56.6,02/28/2026 13:18:19.200,18.06933009,-0.168553386,17.364269866661182,-0.18634779055999318,1.1043470780831677,0.2953573766826088,True
4173,1416,56.64,02/28/2026 13:18:19.240,18.06933009,-0.168553386,17.3574663321899,-0.15682028707813458,0.9636057559423434,0.1345335056651065,True
4174,1417,56.68,02/28/2026 13:18:19.280,18.06933009,-0.168553386,17.351045062006246,-0.14619194685508755,0.6953668213966437,0.4606216798712829,True
4175,1418,56.72,02/28/2026 13:18:19.320,18.06933009,-0.168553386,17.344841531118316,-0.14623695268339218,0.42766785632197657,0.45900258468525207,True
4176,1419,56.76,02/28/2026 13:18:19.360,18.06933009,-0.168553386,17.338737009243175,-0.15101921688933964,0.2173370666204931,0.2877955642665193,True
4177,1420,56.800000000000004,02/28/2026 13:18:19.400,18.06933009,-0.168553386,17.332658468595156,-0.15688777256635714,0.07740561721243527,0.13387418676403934,True
4178,1421,56.84,02/28/2026 13:18:19.440,18.06933009,-0.168553386,17.32656878977314,-0.1619870693676836,-0.0013545302726220843,0.050457935953691656,True
4179,1422,56.88,02/28/2026 13:18:19.480,18.06933009,0.0,17.325322562941853,-0.0720650895225864,0.8631486103056566,4.682812230727996,True
4180,1423,56.92,02/28/2026 13:18:19.520,18.06933009,0.0,17.324766601333078,-0.01669402060104659,1.063419764521847,0.26243789456601596,True
4181,1424,56.96,02/28/2026 13:18:19.560,17.8938997,0.0,17.324623848251203,0.011494184955237338,0.9255426401990346,0.1256758720416351,True
4182,1425,57.0,02/28/2026 13:18:19.600,17.71846931,0.168553386,17.32958082678481,0.11516850371735765,1.5659532704050227,2.5665087611818183,True
4183,1426,57.04,02/28/2026 13:18:19.640,17.71846931,0.168553386,17.335455906389388,0.17266926195068846,1.516584054307101,0.01834097084507376,True
4184,1427,57.08,02/28/2026 13:18:19.680,17.71846931,0.168553386,17.341981748811175,0.197363881326512,1.170977810841265,0.7495178545014861,True
4185,1428,57.120000000000005,02/28/2026 13:18:19.720,17.71846931,0.168553386,17.348899444460407,0.20219835908080408,0.7673770272760649,1.0209691214961052,True
4186,1429,57.160000000000004,02/28/2026 13:18:19.760,17.71846931,0.337106772,17.360876917869714,0.2907594805664232,1.32336423616524,1.9347351144781613,True
4187,1430,57.2,02/28/2026 13:18:19.800,17.71846931,0.337106772,17.3736297746254,0.34003692577279837,1.2882184708198088,0.010239494080927138,True
4188,1431,57.24,02/28/2026 13:18:19.840,17.71846931,0.337106772,17.38693210201633,0.3613273279398242,0.997672621404687,0.5299283148439924,True
4189,1432,57.28,02/28/2026 13:18:19.880,18.24476048,0.337106772,17.40095112888785,0.36562811094642966,0.6555410555453987,0.7466572327685763,True
4190,1433,57.32,02/28/2026 13:18:19.920,18.24476048,0.337106772,17.415128890210912,0.3614544356553297,0.3634767668573017,0.5477047822025536,True
4191,1434,57.36,02/28/2026 13:18:19.960,17.71846931,0.337106772,17.428966821817337,0.35440170173733,0.1560102751458899,0.2707866897557458,True
4192,1435,57.4,02/28/2026 13:18:20.000,17.71846931,0.337106772,17.442790057865096,0.34757430159408986,0.030445179646074433,0.10014944791982747,True
4193,1436,57.44,02/28/2026 13:18:20.040,17.71846931,0.337106772,17.456571981002895,0.3423041095824924,-0.03189880616044555,0.02574483346071798,True
4194,1437,57.480000000000004,02/28/2026 13:18:20.080,17.71846931,0.337106772,17.47030741085445,0.33885114869481175,-0.05282120759672024,0.004040726115941744,True
4195,1438,57.52,02/28/2026 13:18:20.120,17.71846931,0.505660158,17.4888696553958,0.43053420008482357,0.8483935917109031,5.0773075080376175,True
4196,1439,57.56,02/28/2026 13:18:20.160,17.8938997,0.505660158,17.508242860688892,0.487341811674866,1.0681456032099057,0.3049764622847675,True
4197,1440,57.6,02/28/2026 13:18:20.200,17.8938997,0.505660158,17.528153553594404,0.5165156996583941,0.9379270579523651,0.10881211620474958,True
4198,1441,57.64,02/28/2026 13:18:20.240,17.8938997,0.505660158,17.54841940239648,0.527173928081779,0.6798520210681216,0.41879032674009536,True
4199,1442,57.68,02/28/2026 13:18:20.280,17.8938997,0.505660158,17.56888030693049,0.5273229856106704,0.41998862761254063,0.4242890213873279,True
4200,1443,57.72,02/28/2026 13:18:20.320,17.8938997,0.505660158,17.589420226657676,0.5227663800637833,0.2147860661313592,0.26513596142346774,True
4201,1444,57.76,02/28/2026 13:18:20.360,17.8938997,0.505660158,17.60996748595423,0.5170893722117481,0.0776846957500234,0.11918572202872725,True
4202,1445,57.800000000000004,02/28/2026 13:18:20.400,17.8938997,0.505660158,17.630485442206247,0.5121255696542626,0.00012889774884687621,0.03906223551305281,True
4203,1446,57.84,02/28/2026 13:18:20.440,18.24476048,0.505660158,17.651216733915515,0.5085387865217555,-0.03439560146348734,0.014914424075682239,True
4204,1447,57.88,02/28/2026 13:18:20.480,18.24476048,0.505660158,17.67190515445855,0.5063293918363097,-0.042416439672879065,0.007356580181946729,True
4205,1448,57.92,02/28/2026 13:18:20.520,18.24476048,0.505660158,17.692556600222005,0.5052040665061641,-0.03693812513190364,0.0066501961160848316,True
4206,1449,57.96,02/28/2026 13:18:20.560,18.24476048,0.505660158,17.713178337036656,0.5048010147763115,-0.026625060057316907,0.006653879625592602,True
4207,1450,58.0,02/28/2026 13:18:20.600,18.24476048,0.505660158,17.73377669555635,0.5048051953337199,-0.016362407453480242,0.006192251648406333,True
4208,1451,58.04,02/28/2026 13:18:20.640,18.24476048,0.505660158,17.754356245853938,0.504989591595148,-0.008312036782834925,0.005502198074298281,True
4209,1452,58.08,02/28/2026 13:18:20.680,18.24476048,0.505660158,17.774919806028997,0.5052147814038205,-0.002963307712761593,0.0048573674443702615,True
4210,1453,58.120000000000005,02/28/2026 13:18:20.720,18.24476048,0.505660158,17.795468819897145,0.5054100526326334,4.268357861375322e-05,0.004334673291779126,True
4211,1454,58.160000000000004,02/28/2026 13:18:20.760,18.24476048,0.505660158,17.81600381822426,0.5055503415240331,0.0013655060365263887,0.003906951351629053,True
4212,1455,58.2,02/28/2026 13:18:20.800,18.24476048,0.505660158,17.836524818687156,0.5056362346901841,0.0016576915995637448,0.003532504405397625,True
4213,1456,58.24,02/28/2026 13:18:20.840,18.24476048,0.505660158,17.85703161323022,0.5056796013038347,0.0014293894732034728,0.00318635261635333,True
4214,1457,58.28,02/28/2026 13:18:20.880,18.24476048,0.674213543,17.882391817283587,0.5992857382372407,0.9002688327120334,5.05225794614355,True
4215,1458,58.32,02/28/2026 13:18:20.920,18.24476048,0.674213543,17.908451861996674,0.6569060876139617,1.1078935557203753,0.27182707219304386,True
4216,1459,58.36,02/28/2026 13:18:20.960,18.24476048,0.674213543,17.935058084787475,0.6862256827487324,0.9637997319783876,0.1317985501524261,True
4217,1460,58.4,02/28/2026 13:18:21.000,18.24476048,0.674213543,17.962021376915622,0.6967018670628632,0.6940331345640042,0.4565264587203719,True
4218,1461,58.44,02/28/2026 13:18:21.040,18.24476048,0.674213543,17.989177230067714,0.6965619638563931,0.4259444716677699,0.45057665278241954,True
4219,1462,58.480000000000004,02/28/2026 13:18:21.080,18.24476048,0.674213543,18.01640719161899,0.6917305114137552,0.2158136221123957,0.27707033653977825,True
4220,1463,58.52,02/28/2026 13:18:21.120,18.24476048,0.674213543,18.04363857814452,0.685843585645743,0.07630205629463474,0.12250202066723176,True
4221,1464,58.56,02/28/2026 13:18:21.160,18.24476048,0.674213543,18.07083458064174,0.6807435375590831,-0.00202961924523154,0.03898920825807002,True
4222,1465,58.6,02/28/2026 13:18:21.200,18.24476048,0.674213543,18.097982208150082,0.6770818113463192,-0.03643552999003064,0.007854766344744985,True
4223,1466,58.64,02/28/2026 13:18:21.240,18.59562126,0.674213543,18.12533462426697,0.6748417227899969,-0.043965190414730265,0.0050413421592825506,True
4224,1467,58.68,02/28/2026 13:18:21.280,18.59562126,0.674213543,18.152644976210066,0.6737114743348435,-0.03793672504982293,0.004385982166039399,True
4225,1468,58.72,02/28/2026 13:18:21.320,18.59562126,0.674213543,18.179920803380973,0.6733160098760312,-0.0271646109084416,0.004387844588711413,True
4226,1469,58.76,02/28/2026 13:18:21.360,18.59562126,0.674213543,18.20716861611891,0.6733317209214162,-0.016581313812314605,0.003898247974850878,True
4227,1470,58.800000000000004,02/28/2026 13:18:21.400,18.59562126,0.674213543,18.23439308584989,0.6735269392220222,-0.008340204605726646,0.003190061726452716,True
4228,1471,58.84,02/28/2026 13:18:21.440,18.59562126,0.674213543,18.261597077323465,0.6737603250261429,-0.0028991408471706406,0.002549701652482727,True
4229,1472,58.88,02/28/2026 13:18:21.480,18.59562126,0.674213543,18.288782048480044,0.6739608737853904,0.00013579128309077707,0.0020529535800261414,True
4230,1473,58.92,02/28/2026 13:18:21.520,18.59562126,0.674213543,18.315948528484995,0.6741040145046445,0.0014532595442330323,0.0016685172612006809,True
4231,1474,58.96,02/28/2026 13:18:21.560,18.59562126,0.674213543,18.34309652851218,0.6741910706035275,0.0017260559379476217,0.0013519151453157555,True
4232,1475,59.0,02/28/2026 13:18:21.600,18.59562126,0.674213543,18.37022583495558,0.6742345993609842,0.0014763352028633076,0.0010770508395361025,True
4233,1476,59.04,02/28/2026 13:18:21.640,18.59562126,0.674213543,18.397336187779473,0.6742494744260414,0.0010478276124187306,0.00083438196054258,True
4234,1477,59.08,02/28/2026 13:18:21.680,18.59562126,0.674213543,18.424427369724494,0.6742484255301596,0.0006315574346358746,0.0006221852080160376,True
4235,1478,59.120000000000005,02/28/2026 13:18:21.720,18.59562126,0.674213543,18.451499236830873,0.6742405123399228,0.0003098690725684556,0.000440844045040167,True
4236,1479,59.160000000000004,02/28/2026 13:18:21.760,18.59562126,0.674213543,18.47855171634934,0.6742312289257185,9.919999726423914e-05,0.00029072976177666214,True
4237,1480,59.2,02/28/2026 13:18:21.800,18.59562126,0.674213543,18.50558479059394,0.6742233111365562,-1.6831596872757696e-05,0.00017188469511892943,True
4238,1481,59.24,02/28/2026 13:18:21.840,18.59562126,0.674213543,18.53259847798856,0.6742176842881555,-6.570761392164261e-05,8.41899698423928e-05,True
4239,1482,59.28,02/28/2026 13:18:21.880,18.59562126,0.674213543,18.55959281691028,0.6742142710132876,-7.398186026857053e-05,2.75097430568356e-05,True
4240,1483,59.32,02/28/2026 13:18:21.920,18.59562126,0.674213543,18.58656785422446,0.6742125645219698,-6.212868431457775e-05,1.7379379908668648e-06,True
4241,1484,59.36,02/28/2026 13:18:21.960,18.59562126,0.674213543,18.613523638353268,0.6742119751938649,-4.354934258745921e-05,6.794330154012361e-06,True
4242,1485,59.4,02/28/2026 13:18:22.000,18.59562126,0.674213543,18.640460215839596,0.6742120023981445,-2.563951891141844e-05,4.26107723768001e-05,True
4243,1486,59.44,02/28/2026 13:18:22.040,18.59562126,0.674213543,18.6673776301989,0.6742122919179196,-1.1545707706836009e-05,0.00010912241397020378,True
4244,1487,59.480000000000004,02/28/2026 13:18:22.080,18.59562126,0.674213543,18.694275922033682,0.6742126302438253,-1.853143063390345e-06,0.0002062645153320921,True
4245,1488,59.52,02/28/2026 13:18:22.120,18.59562126,0.674213543,18.72115512968513,0.6742129120085643,4.11692777324448e-06,0.0003339720102043205,True
4246,1489,59.56,02/28/2026 13:18:22.160,18.59562126,0.674213543,18.74801528998466,0.6742131024257673,7.460554777107477e-06,0.0004921797840879402,True
4247,1490,59.6,02/28/2026 13:18:22.200,18.59562126,0.674213543,18.774856438889596,0.6742132055227801,9.225475373757017e-06,0.0006808229020648722,True
4248,1491,59.64,02/28/2026 13:18:22.240,19.12191243,0.674213543,18.80205216894195,0.6742140464616746,7.260962818839454e-06,0.0021682434311575314,True
4249,1492,59.68,02/28/2026 13:18:22.280,19.12191243,0.674213543,18.829228483029382,0.6742143439290956,1.3817948528243227e-06,0.001815453440759918,True
4250,1493,59.72,02/28/2026 13:18:22.320,19.12191243,0.674213543,18.856385413224437,0.6742143300825213,-4.677254010691212e-06,0.0014941856835647995,True
4251,1494,59.76,02/28/2026 13:18:22.360,19.12191243,0.674213543,18.883522992749914,0.6742141746117672,-9.21701070981274e-06,0.0012043728567078821,True
4252,1495,59.800000000000004,02/28/2026 13:18:22.400,19.4727732,0.674213543,18.9108897073568,0.6742145197009638,-1.3775181269046444e-05,0.00669081905890023,True
4253,1496,59.84,02/28/2026 13:18:22.440,19.4727732,0.674213543,18.938236825700585,0.6742145502426622,-1.904814205864198e-05,0.006055375596903379,True
4254,1497,59.88,02/28/2026 13:18:22.480,19.4727732,0.674213543,18.965564381504304,0.6742144282066137,-2.3205318186755287e-05,0.00545205173710773,True
4255,1498,59.92,02/28/2026 13:18:22.520,19.4727732,0.674213543,18.992872409538908,0.6742142581923906,-2.567091290645752e-05,0.0048807788064567465,True
4256,1499,59.96,02/28/2026 13:18:22.560,19.29734281,0.674213543,19.02003701142502,0.6742138287180702,-2.5565563489032636e-05,0.0016296859516764612,True
4257,1500,60.0,02/28/2026 13:18:22.600,19.29734281,0.674213543,19.04718231420522,0.6742135980514221,-2.3038966092634255e-05,0.0013262436725131352,True
4258,1501,60.04,02/28/2026 13:18:22.640,19.12191243,0.674213543,19.074184566690054,0.6742132306602029,-1.868409178777198e-05,4.8275951426249763e-05,True
4259,1502,60.08,02/28/2026 13:18:22.680,19.12191243,0.674213543,19.10116775140133,0.6742131034498642,-1.3146961027415126e-05,9.120285009347534e-06,True
4260,1503,60.120000000000005,02/28/2026 13:18:22.720,19.12191243,0.674213543,19.128131906322245,0.6742131041185724,-7.961368745737423e-06,8.199375325641131e-07,True
4261,1504,60.160000000000004,02/28/2026 13:18:22.760,19.12191243,0.674213543,19.15507706863872,0.6742131554355526,-3.734649069397427e-06,2.3309746908750272e-05,True
4262,1505,60.2,02/28/2026 13:18:22.800,19.12191243,0.674213543,19.18200327479958,0.6742132122489014,-5.324938306510586e-07,7.652473768046035e-05,True
4263,1506,60.24,02/28/2026 13:18:22.840,19.4727732,0.674213543,19.20915741574271,0.6742137897994868,-1.347253365325389e-07,0.0014727451057726753,True
4264,1507,60.28,02/28/2026 13:18:22.880,19.4727732,0.674213543,19.23629236106262,0.6742140122150159,-2.7507515283510083e-06,0.001185158678444445,True
4265,1508,60.32,02/28/2026 13:18:22.920,19.4727732,0.674213543,19.263408143775802,0.6742140231029039,-5.842839026126083e-06,0.0009289510101527275,True
4266,1509,60.36,02/28/2026 13:18:22.960,19.4727732,0.674213543,19.2905047974947,0.6742139314763261,-8.180978215482863e-06,0.0007040556820003034,True
4267,1510,60.4,02/28/2026 13:18:23.000,19.4727732,0.674213543,19.31758235650913,0.674213807699131,-9.379245472791961e-06,0.0005104065476033785,True
4268,1511,60.44,02/28/2026 13:18:23.040,19.4727732,0.505660158,19.33977290529339,0.5806227471051618,-0.8992597846400391,5.054437100700668,True
4269,1512,60.480000000000004,02/28/2026 13:18:23.080,19.4727732,0.505660158,19.36122975247714,0.523001719219146,-1.107287935786254,0.27073524823166245,True
4270,1513,60.52,02/28/2026 13:18:23.120,19.99906437,0.674213543,19.38734317934207,0.5872663204049948,-0.06426023882246201,6.80739252611574,True
4271,1514,60.56,02/28/2026 13:18:23.160,19.99906437,0.674213543,19.4137797404719,0.634402365636888,0.4133225688616878,1.4328126816503564,True
4272,1515,60.6,02/28/2026 13:18:23.200,19.99906437,0.674213543,19.440550436511664,0.6638616174422796,0.5375115046676783,0.10300870079492998,True
4273,1516,60.64,02/28/2026 13:18:23.240,19.82363398,0.674213543,19.46746202112268,0.6791722874361307,0.4780308855798843,0.024799116211990786,True
4274,1517,60.68,02/28/2026 13:18:23.280,19.82363398,0.505660158,19.48967766623537,0.5913324342958786,-0.5496904931509934,6.603659704371855,True
4275,1518,60.72,02/28/2026 13:18:23.320,19.82363398,0.505660158,19.511269057835168,0.5339837509879664,-0.8894566681083316,0.7235669347793353,True
4276,1519,60.76,02/28/2026 13:18:23.360,19.82363398,0.505660158,19.53233006464545,0.5024341600410386,-0.8507538476512404,0.011161072211752854,True
4277,1520,60.800000000000004,02/28/2026 13:18:23.400,19.82363398,0.505660158,19.55301256146558,0.489091270604815,-0.6519898322186346,0.24847541822416733,True
4278,1521,60.84,02/28/2026 13:18:23.440,19.82363398,0.505660158,19.57346181564698,0.48669305492257314,-0.4244570537973408,0.3249001379468042,True
4279,1522,60.88,02/28/2026 13:18:23.480,19.99906437,0.505660158,19.59391144933016,0.489674426828412,-0.2326868734463804,0.23333294297770404,True
4280,1523,60.92,02/28/2026 13:18:23.520,19.99906437,0.505660158,19.614311510498336,0.49441184589927967,-0.09774708782818792,0.11694553047810397,True
4281,1524,60.96,02/28/2026 13:18:23.560,19.99906437,0.505660158,19.634701746918406,0.49891925940422566,-0.01687854734522551,0.04368883922022771,True
4282,1525,61.0,02/28/2026 13:18:23.600,19.82363398,0.505660158,19.6549767914267,0.5023622061217684,0.022685870706973116,0.01038668823248707,True
4283,1526,61.04,02/28/2026 13:18:23.640,19.82363398,0.505660158,19.67526177775607,0.5045972264453866,0.035438700275366365,0.001483136743662014,True
4284,1527,61.08,02/28/2026 13:18:23.680,19.82363398,0.505660158,19.695552857177905,0.5058180661098997,0.033546064387033336,0.0003700282015066534,True
4285,1528,61.120000000000005,02/28/2026 13:18:23.720,19.82363398,0.505660158,19.71584400387475,0.5063273220740429,0.025544129473138145,0.0006463610863686278,True
4286,1529,61.160000000000004,02/28/2026 13:18:23.760,19.82363398,0.505660158,19.736129515264388,0.5064114263130306,0.016533020697074796,0.0006697162454601929,True
4287,1530,61.2,02/28/2026 13:18:23.800,19.99906437,0.505660158,19.756526783328304,0.5062887640304123,0.008995345093972328,0.0016016082297297541,True
4288,1531,61.24,02/28/2026 13:18:23.840,20.17449476,0.337106772,19.772164812515097,0.4125094126429244,-0.8955304927476302,5.116948596925109,True
4289,1532,61.28,02/28/2026 13:18:23.880,20.17449476,0.337106772,19.787073527979835,0.35471080649052594,-1.1067037619502467,0.28188857224531877,True
4290,1533,61.32,02/28/2026 13:18:23.920,20.17449476,0.337106772,19.801405832036032,0.3252487435733866,-0.9644499607912621,0.12942950969342756,True
4291,1534,61.36,02/28/2026 13:18:23.960,20.34992515,0.337106772,19.815472129803403,0.3146766705206369,-0.6953713914425056,0.458583972548331,True
4292,1535,61.4,02/28/2026 13:18:24.000,20.34992515,0.337106772,19.829315489209282,0.31476162568864796,-0.42731212164993393,0.4548522414815822,True
4293,1536,61.44,02/28/2026 13:18:24.040,20.17449476,0.337106772,19.842933327064177,0.3195677867118678,-0.21691002426909511,0.27901615688034703,True
4294,1537,61.480000000000004,02/28/2026 13:18:24.080,20.17449476,0.337106772,19.856520070384178,0.3254482273061774,-0.0770499344447359,0.1244011181568012,True
4295,1538,61.52,02/28/2026 13:18:24.120,20.17449476,0.337106772,19.870112765119693,0.33055152886655514,0.0015907167307864373,0.04061731859506259,True
4296,1539,61.56,02/28/2026 13:18:24.160,20.17449476,0.337106772,19.88372457989608,0.3342201362142822,0.03622253764792123,0.009288481416509547,True
4297,1540,61.6,02/28/2026 13:18:24.200,20.17449476,0.168553386,19.892487268176172,0.24287683471864158,-0.8553588340456048,4.969901172305457,True
4298,1541,61.64,02/28/2026 13:18:24.240,20.17449476,0.168553386,19.900547895112304,0.1863919247886846,-1.0693466651787613,0.287778754401414,True
4299,1542,61.68,02/28/2026 13:18:24.280,20.17449476,0.168553386,19.908052497098527,0.15746405566222885,-0.9363155339579616,0.11211497542845,True
4300,1543,61.72,02/28/2026 13:18:24.320,20.17449476,0.168553386,19.915183643201576,0.14696523452769727,-0.6773405118885133,0.42060512544032574,True
4301,1544,61.76,02/28/2026 13:18:24.360,20.17449476,0.168553386,19.922101190903877,0.14690304028218518,-0.41761949504615065,0.42294840042358106,True
4302,1545,61.800000000000004,02/28/2026 13:18:24.400,20.17449476,0.168553386,19.928920784554986,0.15149570271945245,-0.21299219764661476,0.26298363306107403,True
4303,1546,61.84,02/28/2026 13:18:24.440,20.17449476,0.168553386,19.935713728038234,0.15717847096037454,-0.07653554138013283,0.11758821523489818,True
4304,1547,61.88,02/28/2026 13:18:24.480,20.17449476,0.0,19.937648391949832,0.06854238100153448,-0.898767732147587,4.2265862699823105,True
4305,1548,61.92,02/28/2026 13:18:24.520,20.17449476,0.0,19.938891074690677,0.014495181026054394,-1.0726490927587748,0.19014053656358862,True
4306,1549,61.96,02/28/2026 13:18:24.560,20.17449476,0.0,19.93959521554709,-0.012635052446884992,-0.9210758628075437,0.14476211868425978,True
4307,1550,62.0,02/28/2026 13:18:24.600,20.17449476,0.0,19.939943939324436,-0.02200452616887413,-0.6571063204377826,0.43666971919823583,True
4308,1551,62.04,02/28/2026 13:18:24.640,20.17449476,0.0,19.94009449363559,-0.02147559355536526,-0.3994818618376095,0.4159833799420134,True
4309,1552,62.08,02/28/2026 13:18:24.680,20.17449476,-0.168553386,19.935291055100205,-0.11024826332867702,-1.0989077513769305,3.0586794615411943,True
4310,1553,62.120000000000005,02/28/2026 13:18:24.720,20.17449476,-0.168553386,19.92975504192406,-0.1621715203975473,-1.1754615684735819,0.037896090289239334,True
4311,1554,62.160000000000004,02/28/2026 13:18:24.760,20.17449476,-0.168553386,19.923674053755303,-0.1866257229704823,-0.9586624066958442,0.29509877347869373,True
4312,1555,62.2,02/28/2026 13:18:24.800,20.17449476,-0.168553386,19.917248759619056,-0.1936447050364811,-0.6576633717329579,0.5676604662458431,True
4313,1556,62.24,02/28/2026 13:18:24.840,20.17449476,-0.168553386,19.910642815709753,-0.19141166451223188,-0.38345183299309515,0.47143023985246574,True
4314,1557,62.28,02/28/2026 13:18:24.880,20.17449476,-0.337106772,19.899100478919806,-0.27913136146899886,-1.0789220308297982,3.0245863149064918,True
4315,1558,62.32,02/28/2026 13:18:24.920,20.17449476,-0.337106772,19.88684041592203,-0.33051593892923387,-1.1579820774853438,0.04081752035016068,True
4316,1559,62.36,02/28/2026 13:18:24.960,20.17449476,-0.337106772,19.87404680594969,-0.354775143677241,-0.9460282559580485,0.28269511057882785,True
4317,1560,62.4,02/28/2026 13:18:25.000,20.17449476,-0.337106772,19.86091732544729,-0.36179358881718393,-0.6498809168169801,0.5502356593449951,True
4318,1561,62.440000000000005,02/28/2026 13:18:25.040,20.17449476,-0.337106772,19.84761346520342,-0.35964660898234757,-0.37948860353771563,0.4592206413931735,True
4319,1562,62.480000000000004,02/28/2026 13:18:25.080,19.99906437,-0.337106772,19.834126607694483,-0.35388183769443315,-0.17825261729149036,0.2536783676140589,True
4320,1563,62.52,02/28/2026 13:18:25.120,19.99906437,-0.337106772,19.82064121540889,-0.347738084789507,-0.05071699130529103,0.10233459629445495,True
4321,1564,62.56,02/28/2026 13:18:25.160,19.99906437,-0.337106772,19.807187702788088,-0.3427368836126686,0.01682433797002046,0.029292578690731118,True
4322,1565,62.6,02/28/2026 13:18:25.200,19.99906437,-0.505660158,19.788906689004097,-0.4329020389224318,-0.8559802363530511,4.762097048322413,True
4323,1566,62.64,02/28/2026 13:18:25.240,19.99906437,-0.505660158,19.769948486512764,-0.4885289070345756,-1.0614840056624284,0.2650579027560568,True
4324,1567,62.68,02/28/2026 13:18:25.280,19.99906437,-0.505660158,19.750459205730095,-0.5169242012562384,-0.926357243570389,0.1154323899862226,True
4325,1568,62.72,02/28/2026 13:18:25.320,19.82363398,-0.505660158,19.730500890398847,-0.5271491115658311,-0.6685743177229277,0.4155107354656457,True
4326,1569,62.76,02/28/2026 13:18:25.360,19.82363398,-0.505660158,19.710350959860993,-0.527110652206014,-0.41125249413260406,0.4141147653428768,True
4327,1570,62.800000000000004,02/28/2026 13:18:25.400,19.82363398,-0.505660158,19.69012353063885,-0.5225158643869002,-0.2090495415501616,0.2559173605122219,True
4328,1571,62.84,02/28/2026 13:18:25.440,19.82363398,-0.505660158,19.66988878822882,-0.51687523767347,-0.07451135554865701,0.11363065492710782,True
4329,1572,62.88,02/28/2026 13:18:25.480,19.82363398,-0.505660158,19.64968239720421,-0.5119732137676158,0.0012223514686458964,0.03648964450653884,True
4330,1573,62.92,02/28/2026 13:18:25.520,19.82363398,-0.505660158,19.629517053189836,-0.5084457843383873,0.03464123047194314,0.007779136197026907,True
4331,1574,62.96,02/28/2026 13:18:25.560,19.82363398,-0.505660158,19.609392522172175,-0.5062824560251006,0.04210905395634906,0.001321367688488974,True
4332,1575,63.0,02/28/2026 13:18:25.600,19.82363398,-0.505660158,19.589302864635417,-0.5051874570252568,0.03644151247437759,0.0013643414994739522,True
4333,1576,63.04,02/28/2026 13:18:25.640,19.82363398,-0.505660158,19.569240866015527,-0.504801259756779,0.02614139957119926,0.002034354398448,True
4334,1577,63.08,02/28/2026 13:18:25.680,19.82363398,-0.505660158,19.54920027921428,-0.5048127066077349,0.015978858502547842,0.0022413409656993483,True
4335,1578,63.120000000000005,02/28/2026 13:18:25.720,19.82363398,-0.505660158,19.529176615486698,-0.5049985543876693,0.008046004645404888,0.0022306073994734737,True
4336,1579,63.160000000000004,02/28/2026 13:18:25.760,19.82363398,-0.505660158,19.509167120953236,-0.5052223000159806,0.0027974608529512165,0.002267720573559148,True
4337,1580,63.2,02/28/2026 13:18:25.800,19.82363398,-0.505660158,19.489170395939084,-0.505415147549658,-0.00013742694455150598,0.0024244292919238393,True
4338,1581,63.24,02/28/2026 13:18:25.840,19.82363398,-0.505660158,19.469185936698924,-0.5055530944671445,-0.0014172473410609733,0.002672629318130849,True
4339,1582,63.28,02/28/2026 13:18:25.880,19.82363398,-0.337106772,19.45408178371385,-0.41204623853437083,0.8975621811787633,5.053942621451773,True
4340,1583,63.32,02/28/2026 13:18:25.920,19.82363398,-0.337106772,19.439704971474818,-0.35446749123461146,1.1058264636340025,0.2742169186922583,True
4341,1584,63.36,02/28/2026 13:18:25.960,19.82363398,-0.337106772,19.42590224617105,-0.32515495886937684,0.9624574392097363,0.13181510041784458,True
4342,1585,63.4,02/28/2026 13:18:26.000,19.82363398,-0.337106772,19.412484798425762,-0.31466895997265665,0.6932984197083308,0.4563657133789228,True
4343,1586,63.440000000000005,02/28/2026 13:18:26.040,19.82363398,-0.337106772,19.399288295328915,-0.3147936279281368,0.42563508655512233,0.45158092486273205,True
4344,1587,63.480000000000004,02/28/2026 13:18:26.080,19.82363398,-0.337106772,19.386194355711137,-0.31961067649734615,0.21575729142353067,0.2793530153338119,True
4345,1588,63.52,02/28/2026 13:18:26.120,19.82363398,-0.337106772,19.373130294768778,-0.3254866328914641,0.07636770464281914,0.1257306794672313,True
4346,1589,63.56,02/28/2026 13:18:26.160,19.82363398,-0.337106772,19.360059258697667,-0.33057957088585543,-0.0019267716226858411,0.04286428892159096,True
4347,1590,63.6,02/28/2026 13:18:26.200,19.82363398,-0.337106772,19.34696819069018,-0.3342374116248102,-0.03634158065772457,0.012216242890078527,True
4348,1591,63.64,02/28/2026 13:18:26.240,19.82363398,-0.337106772,19.33385740056031,-0.33647640540886675,-0.04389722695477348,0.0054400817133248795,True
4349,1592,63.68,02/28/2026 13:18:26.280,19.82363398,-0.168553386,19.325601129121804,-0.2440156240020071,0.8613550107359063,5.127048166604808,True
4350,1593,63.72,02/28/2026 13:18:26.320,19.82363398,-0.168553386,19.318053682598173,-0.18679052758150017,1.0801344154684662,0.30457733953922883,True
4351,1594,63.76,02/28/2026 13:18:26.360,19.82363398,-0.168553386,19.31106799562243,-0.1574482285191296,0.9469233448335616,0.11647025937381272,True
4352,1595,63.800000000000004,02/28/2026 13:18:26.400,19.82363398,-0.337106772,19.29959159277172,-0.24035923904003872,-0.2136545222190046,8.424158258059212,True
4353,1596,63.84,02/28/2026 13:18:26.440,19.82363398,-0.337106772,19.287615965379146,-0.2978792813091431,-0.6842211337856603,1.3900269047916027,True
4354,1597,63.88,02/28/2026 13:18:26.480,19.82363398,-0.337106772,19.27517757007107,-0.33183191870203876,-0.7474913497972719,0.03139167685086806,True
4355,1598,63.92,02/28/2026 13:18:26.520,19.82363398,-0.337106772,19.262393200075604,-0.348057547423062,-0.6161185701772963,0.11454797765886594,True
4356,1599,63.96,02/28/2026 13:18:26.560,19.82363398,-0.168553386,19.254258514410363,-0.25934570121253053,0.4730343625462824,7.421001966049642,True
4357,1600,64.0,02/28/2026 13:18:26.600,19.82363398,-0.168553386,19.24672551906218,-0.20051638640019193,0.8564702394466599,0.9259628858451203,True
4358,1601,64.04,02/28/2026 13:18:26.640,19.4727732,-0.168553386,19.239479407826973,-0.16753199082574954,0.8442205425683625,0.0020910310709044066,True
4359,1602,64.08,02/28/2026 13:18:26.680,19.4727732,-0.168553386,19.23260826039583,-0.15308041699206035,0.6586096836854367,0.2165403935855439,True
4360,1603,64.12,02/28/2026 13:18:26.720,19.4727732,-0.168553386,19.22596793893066,-0.14995515672483672,0.4355082504911825,0.31237605045185013,True
4361,1604,64.16,02/28/2026 13:18:26.760,19.4727732,-0.168553386,19.219445993741044,-0.15253410382865906,0.24334398012815733,0.23215097986864666,True
4362,1605,64.2,02/28/2026 13:18:26.800,19.99906437,-0.168553386,19.213318360991344,-0.15709877573778086,0.10594434938737407,0.13106779742965474,True
4363,1606,64.24,02/28/2026 13:18:26.840,19.99906437,-0.168553386,19.207192777802543,-0.16157314315704516,0.022219360794901416,0.057095606565876256,True
4364,1607,64.28,02/28/2026 13:18:26.880,19.99906437,-0.168553386,19.201051143392263,-0.16505249808868924,-0.019767166938456628,0.024511049018593696,True
4365,1608,64.32000000000001,02/28/2026 13:18:26.920,19.82363398,0.0,19.19964114840143,-0.07375614544903274,0.8650203687141346,4.901096348685131,True
4366,1609,64.36,02/28/2026 13:18:26.960,19.82363398,0.0,19.1989297186376,-0.01741298642868007,1.0739147157456543,0.2810096785874484,True
4367,1610,64.4,02/28/2026 13:18:27.000,19.82363398,0.0,19.19876916980497,0.01136121811121504,0.9376333690371312,0.12434726441238086,True
4368,1611,64.44,02/28/2026 13:18:27.040,19.82363398,0.0,19.198976154553343,0.02173386719173197,0.6769215994261664,0.43307396066558085,True
4369,1612,64.48,02/28/2026 13:18:27.080,19.82363398,0.0,19.199390592045713,0.02170904041212785,0.4165076468643946,0.43209300886654495,True
4370,1613,64.52,02/28/2026 13:18:27.120,19.82363398,0.0,19.19989691112223,0.017065337983516796,0.21179959674130444,0.27014430742087764,True
4371,1614,64.56,02/28/2026 13:18:27.160,19.82363398,0.0,19.200423999430367,0.011358422456653843,0.07555176561234331,0.12424641414077091,True
4372,1615,64.6,02/28/2026 13:18:27.200,19.82363398,0.0,19.200935693101755,0.006396533494521486,-0.0011731937513459606,0.04500580737060007,True
4373,1616,64.64,02/28/2026 13:18:27.240,19.82363398,0.0,19.20141908897496,0.0028248758119508734,-0.03505251175488882,0.015376731017720136,True
4374,1617,64.68,02/28/2026 13:18:27.280,19.82363398,0.0,19.201874382638696,0.0006337164952055134,-0.042646662658352166,0.00855251775556045,True
4375,1618,64.72,02/28/2026 13:18:27.320,19.82363398,0.0,19.202307553673357,-0.00047587730291349625,-0.036930118850345604,0.008385483199383696,True
4376,1619,64.76,02/28/2026 13:18:27.360,19.82363398,0.0,19.202725878156205,-0.0008676636730772644,-0.026513706482110974,0.008848564993749536,True
4377,1620,64.8,02/28/2026 13:18:27.400,19.82363398,0.168553386,19.208003745671,0.09273433981960558,0.8830203039256496,5.178396764923296,True
4378,1621,64.84,02/28/2026 13:18:27.440,19.82363398,0.168553386,19.21399254286365,0.1505431336800589,1.0990792676057466,0.2996446404127509,True
4379,1622,64.88,02/28/2026 13:18:27.480,19.4727732,0.168553386,19.220310102336047,0.18009607357360471,0.9606162675475203,0.12117326910588794,True
4380,1623,64.92,02/28/2026 13:18:27.520,19.4727732,0.168553386,19.227000474607078,0.19077623676390454,0.6940338191386597,0.4454392317407942,True
4381,1624,64.96000000000001,02/28/2026 13:18:27.560,19.99906437,0.168553386,19.23424642357694,0.19078453162106057,0.42735847675603317,0.4568550423882096,True
4382,1625,65.0,02/28/2026 13:18:27.600,19.99906437,0.168553386,19.24158230667485,0.18604416163577922,0.21754857496539623,0.2872743967076357,True
4383,1626,65.04,02/28/2026 13:18:27.640,19.99906437,0.168553386,19.24893516546634,0.1802034838309698,0.07780341908308322,0.13397148599236064,True
4384,1627,65.08,02/28/2026 13:18:27.680,19.99906437,0.168553386,19.256267861049682,0.17511987898420875,-0.0009588467345615637,0.05046015750154497,True
4385,1628,65.12,02/28/2026 13:18:27.720,20.17449476,0.168553386,19.263682453788032,0.17145810433411904,-0.03579228078039943,0.025161470225383245,True
4386,1629,65.16,02/28/2026 13:18:27.760,20.17449476,0.168553386,19.271063634354338,0.169209882455247,-0.04365611278187107,0.0176823587483025,True
4387,1630,65.2,02/28/2026 13:18:27.800,19.82363398,0.168553386,19.278187074630083,0.16806956603607426,-0.037845255349000614,0.006516032631768498,True
4388,1631,65.24,02/28/2026 13:18:27.840,19.82363398,0.168553386,19.285290933753256,0.16766578365903978,-0.02719071026965176,0.006851512332288139,True
4389,1632,65.28,02/28/2026 13:18:27.880,19.82363398,0.168553386,19.292381676087526,0.16767573473032546,-0.01665562868412017,0.006674957271459847,True
4390,1633,65.32000000000001,02/28/2026 13:18:27.920,19.82363398,0.168553386,19.29946394705687,0.16786756442614717,-0.00842182860133823,0.006246509466588484,True
4391,1634,65.36,02/28/2026 13:18:27.960,19.99906437,0.168553386,19.306655570478515,0.1680996122080101,-0.0029695335693871085,0.01034595169753219,True
4392,1635,65.4,02/28/2026 13:18:28.000,19.82363398,0.337106772,19.31859606875791,0.26189047142074884,0.8993325247285193,5.093868526207963,True
4393,1636,65.44,02/28/2026 13:18:28.040,19.82363398,0.337106772,19.33124788210049,0.319654593242332,1.1086953377388207,0.2790999391044195,True
4394,1637,65.48,02/28/2026 13:18:28.080,19.82363398,0.337106772,19.344457483969187,0.3490690701623655,0.9652015717199993,0.13355135447615893,True
4395,1638,65.52,02/28/2026 13:18:28.120,19.82363398,0.337106772,19.35803560488228,0.35959814747197744,0.695400697618932,0.45953832878546846,True
4396,1639,65.56,02/28/2026 13:18:28.160,19.82363398,0.337106772,19.371817473287447,0.35948117859316775,0.4270028080140577,0.4545514149009049,True
4397,1640,65.6,02/28/2026 13:18:28.200,19.82363398,0.337106772,19.38568437911903,0.3546544453920685,0.21650628997520757,0.2809879671591174,True
4398,1641,65.64,02/28/2026 13:18:28.240,19.82363398,0.337106772,19.39956343424947,0.34876313379490165,0.07668183829673997,0.12599982036907292,True
4399,1642,65.68,02/28/2026 13:18:28.280,19.82363398,0.337106772,19.413417687347543,0.34365558945539926,-0.0018726279375618216,0.04213132165640664,True
4400,1643,65.72,02/28/2026 13:18:28.320,19.82363398,0.337106772,19.427234058486672,0.3399865864008755,-0.03641386640292275,0.010785783550566221,True
4401,1644,65.76,02/28/2026 13:18:28.360,19.82363398,0.505660158,19.44588099635325,0.4313312813951435,0.8552410221679163,4.9721004281999255,True
4402,1645,65.8,02/28/2026 13:18:28.400,19.64820359,0.505660158,19.46509730588241,0.48781780873854164,1.0692803857749136,0.28704357000883013,True
4403,1646,65.84,02/28/2026 13:18:28.440,19.64820359,0.505660158,19.48485144292611,0.5167472722262209,0.9362813138373232,0.1111186551478174,True
4404,1647,65.88,02/28/2026 13:18:28.480,19.64820359,0.505660158,19.504960876564834,0.5272473310772449,0.6773231564071693,0.4195530118516652,True
4405,1648,65.92,02/28/2026 13:18:28.520,19.64820359,0.505660158,19.525265782157877,0.5273103341461662,0.41760895479856414,0.42188970938042214,True
4406,1649,65.96000000000001,02/28/2026 13:18:28.560,19.64820359,0.505660158,19.545650545486087,0.5227181110391812,0.21298285590266666,0.26192040446148046,True
4407,1650,66.0,02/28/2026 13:18:28.600,19.64820359,0.505660158,19.56604389180095,0.5170355179084318,0.07652495122839134,0.11652200924309682,True
4408,1651,66.04,02/28/2026 13:18:28.640,19.64820359,0.505660158,19.586409480974353,0.5120806785858645,-0.0004949021044410307,0.03715594730553541,True
4409,1652,66.08,02/28/2026 13:18:28.680,19.64820359,0.505660158,19.606734269576872,0.5085068797545569,-0.034643681536548857,0.007324713288814483,True
4410,1653,66.12,02/28/2026 13:18:28.720,19.64820359,0.505660158,19.627018363401838,0.5063099442317727,-0.04243825497681043,0.00038922052387312437,True
4411,1654,66.16,02/28/2026 13:18:28.760,19.64820359,0.505660158,19.647267698364935,0.5051941857658286,-0.036848434660047065,0.00019530700052588864,True
4412,1655,66.2,02/28/2026 13:18:28.800,19.64820359,0.505660158,19.667489541222864,0.5047973730592757,-0.026498702013030007,0.0006773491407406725,True
4413,1656,66.24,02/28/2026 13:18:28.840,19.64820359,0.505660158,19.68769020454421,0.5048049812708661,-0.01624049485148879,0.0006907056936563795,True
4414,1657,66.28,02/28/2026 13:18:28.880,19.99906437,0.505660158,19.708101445798164,0.504991359981925,-0.008213880059986313,0.002196884878559204,True
4415,1658,66.32000000000001,02/28/2026 13:18:28.920,19.99906437,0.505660158,19.728498590047856,0.5052170091131354,-0.0028944146951186125,0.0017282920825774139,True
4416,1659,66.36,02/28/2026 13:18:28.960,20.34992515,0.505660158,19.749110036079617,0.5054125007955071,8.413642161172932e-05,0.007705229097543618,True
4417,1660,66.4,02/28/2026 13:18:29.000,20.34992515,0.505660158,19.76970906323419,0.5055523994844738,0.0013841988484187924,0.007144722026307665,True
4418,1661,66.44,02/28/2026 13:18:29.040,20.17449476,0.505660158,19.7901823025102,0.5056374458646372,0.001661548736995728,0.0031303761180195644,True
4419,1662,66.48,02/28/2026 13:18:29.080,19.99906437,0.505660158,19.810529721321956,0.5056799037732991,0.001427079501364883,0.0007535955594038629,True
4420,1663,66.52,02/28/2026 13:18:29.120,19.99906437,0.505660158,19.830864495859863,0.5056945842754874,0.0010162437898586624,0.0006005800280482626,True
4421,1664,66.56,02/28/2026 13:18:29.160,20.17449476,0.505660158,19.851299599145825,0.5056940418401329,0.0006138892458296542,0.002214551566982495,True
4422,1665,66.6,02/28/2026 13:18:29.200,20.17449476,0.505660158,19.871721553358594,0.5056866116227583,0.0003004075656019442,0.0019432557117912922,True
4423,1666,66.64,02/28/2026 13:18:29.240,20.17449476,0.505660158,19.89213027262219,0.5056776991661184,9.35798781115463e-05,0.001689845290992897,True
4424,1667,66.68,02/28/2026 13:18:29.280,20.17449476,0.505660158,19.91252572471002,0.5056700248506013,-2.144640239924489e-05,0.0014543970057040191,True
4425,1668,66.72,02/28/2026 13:18:29.320,20.17449476,0.505660158,19.93290791283656,0.505664534316645,-7.086777553861665e-05,0.0012368313444190615,True
4426,1669,66.76,02/28/2026 13:18:29.360,19.99906437,0.505660158,19.953163953389343,0.5056609138467378,-7.935031167636038e-05,4.464738884785261e-05,True
4427,1670,66.8,02/28/2026 13:18:29.400,19.99906437,0.505660158,19.973406911602854,0.5056591218038636,-6.659330512727476e-05,1.395141329457829e-05,True
4428,1671,66.84,02/28/2026 13:18:29.440,19.99906437,0.505660158,19.99363682195942,0.505658520798604,-4.688429021975957e-05,6.266956696010236e-07,True
4429,1672,66.88,02/28/2026 13:18:29.480,19.99906437,0.505660158,20.013853716893856,0.5056585731888023,-2.8061240069115406e-05,4.637264513027081e-06,True
4430,1673,66.92,02/28/2026 13:18:29.520,19.99906437,0.505660158,20.034057625606646,0.5056589004290228,-1.3421092671531072e-05,2.5950674184466565e-05,True
4431,1674,66.96000000000001,02/28/2026 13:18:29.560,19.99906437,0.505660158,20.05424857421524,0.5056592755137138,-3.537625088635003e-06,6.453441934814405e-05,True
4432,1675,67.0,02/28/2026 13:18:29.600,19.99906437,0.505660158,20.074426586468196,0.5056595872771216,2.3489309976912214e-06,0.00012035547199715644,True
4433,1676,67.04,02/28/2026 13:18:29.640,20.52535554,0.505660158,20.094929195528877,0.5056606045656713,2.473992509034712e-06,0.003926046085417238,True
4434,1677,67.08,02/28/2026 13:18:29.680,20.52535554,0.505660158,20.11541853358302,0.5056610278682528,-2.739855576071488e-06,0.0035611626895905883,True
4435,1678,67.12,02/28/2026 13:18:29.720,20.52535554,0.505660158,20.135894617992236,0.5056610920447238,-8.984362694882556e-06,0.003214291094377567,True
4436,1679,67.16,02/28/2026 13:18:29.760,20.52535554,0.505660158,20.156357467140367,0.5056609781886887,-1.4123679529123434e-05,0.002885396357168537,True
4437,1680,67.2,02/28/2026 13:18:29.800,20.52535554,0.505660158,20.17680710060948,0.5056608048355962,-1.7443909644703646e-05,0.002574443826036839,True
4438,1681,67.24,02/28/2026 13:18:29.840,20.52535554,0.505660158,20.197243538991213,0.5056606374028039,-1.90159042642001e-05,0.0022813988734574557,True
4439,1682,67.28,02/28/2026 13:18:29.880,20.70078593,0.505660158,20.217778964726378,0.5056607719807243,-2.0229519523843818e-05,0.0049438312610734746,True
4440,1683,67.32000000000001,02/28/2026 13:18:29.920,20.87621632,0.505660158,20.238413217500238,0.5056610470990551,-2.27719438337047e-05,0.008620450559518265,True
4441,1684,67.36,02/28/2026 13:18:29.960,20.87621632,0.337106772,20.254165926456505,0.41207014929388164,-0.8992764042426373,5.062267486266623,True
4442,1685,67.4,02/28/2026 13:18:30.000,20.87621632,0.337106772,20.269190174288862,0.3544491462443683,-1.1073079982453593,0.27828184839135756,True
4443,1686,67.44,02/28/2026 13:18:30.040,20.87621632,0.337106772,20.283639498012594,0.32512195950172723,-0.9635304995134646,0.1366470377776346,True
4444,1687,67.48,02/28/2026 13:18:30.080,20.87621632,0.337106772,20.297702950492862,0.31463670882336325,-0.6939719895615524,0.4612393790843203,True
4445,1688,67.52,02/28/2026 13:18:30.120,20.87621632,0.337106772,20.311545038401245,0.31476881532926043,-0.4259984071116603,0.4555790368829194,True
4446,1689,67.56,02/28/2026 13:18:30.160,20.87621632,0.337106772,20.325284248475562,0.3195946903432603,-0.21591625303045364,0.28228091683366047,True
4447,1690,67.6,02/28/2026 13:18:30.200,20.87621632,0.337106772,20.338993318130377,0.32547820668775596,-0.0764130047620383,0.12775345606985758,True
4448,1691,67.64,02/28/2026 13:18:30.240,20.87621632,0.337106772,20.352709118901245,0.33057652790053815,0.0019305476348236844,0.04417123878332583,True
4449,1692,67.68,02/28/2026 13:18:30.280,20.87621632,0.337106772,20.366444705931773,0.33423763483075586,0.03635524333026914,0.012914750098646992,True
4450,1693,67.72,02/28/2026 13:18:30.320,20.70078593,0.337106772,20.380088219374798,0.3364779878569579,0.043902229729585907,0.0025356019074942457,True
4451,1694,67.76,02/28/2026 13:18:30.360,20.70078593,0.337106772,20.393745125967982,0.3376085994688206,0.037886212007108594,0.002223851836270323,True
4452,1695,67.8,02/28/2026 13:18:30.400,20.87621632,0.337106772,20.40751936985882,0.3380046524924641,0.027121196413691154,0.005379140541661016,True
4453,1696,67.84,02/28/2026 13:18:30.440,20.87621632,0.168553386,20.416424767905347,0.2443983233369607,-0.8827097071802585,5.178152359681015,True
4454,1697,67.88,02/28/2026 13:18:30.480,20.87621632,0.168553386,20.424609749895037,0.18658230238223641,-1.0989790482849726,0.2966427222902288,True
4455,1698,67.92,02/28/2026 13:18:30.520,20.87621632,0.168553386,20.432225018695604,0.15702184760041368,-0.9606409234719531,0.12379067102584841,True
4456,1699,67.96000000000001,02/28/2026 13:18:30.560,20.87621632,0.168553386,20.439458199358015,0.14633609945307088,-0.6941165304494477,0.44802087985973266,True
4457,1700,68.0,02/28/2026 13:18:30.600,20.87621632,0.168553386,20.446473299324563,0.14632507142983986,-0.42745993448205294,0.4483324895652165,True
4458,1701,68.04,02/28/2026 13:18:30.640,20.87621632,0.168553386,20.45338882405467,0.15106387056902965,-0.2176501167546546,0.2789208480578015,True
4459,1702,68.08,02/28/2026 13:18:30.680,20.87621632,0.0,20.455409572908046,0.063312883088298,-0.9771468468773754,3.6089505927564396,True
4460,1703,68.12,02/28/2026 13:18:30.720,20.87621632,0.0,20.456725750902326,0.010775362273090098,-1.1064028767277134,0.10814475131599888,True
4461,1704,68.16,02/28/2026 13:18:30.760,20.87621632,0.0,20.457504176947268,-0.014889589775093692,-0.9277818501526189,0.20312967310442068,True
4462,1705,68.2,02/28/2026 13:18:30.800,20.87621632,0.0,20.45793373687924,-0.023126224842645135,-0.6503540580003027,0.4847543827115409,True
4463,1706,68.24,02/28/2026 13:18:30.840,20.70078593,0.0,20.45806200462377,-0.021854325057054664,-0.3881862265186774,0.430827769665626,True
4464,1707,68.28,02/28/2026 13:18:30.880,20.70078593,0.0,20.458110946431535,-0.016624799407257963,-0.18875184680898827,0.24983931858131603,True
4465,1708,68.32000000000001,02/28/2026 13:18:30.920,20.70078593,0.0,20.45814683290137,-0.010751162204677762,-0.05977768846078646,0.10521438208026457,True
4466,1709,68.36,02/28/2026 13:18:30.960,20.70078593,0.0,20.458201886491512,-0.005844522042801301,0.010336356144822284,0.03197309727513775,True
4467,1710,68.4,02/28/2026 13:18:31.000,20.70078593,0.0,20.458286310743404,-0.0024150421141373706,0.03931031814879615,0.006493472769343504,True
4468,1711,68.44,02/28/2026 13:18:31.040,20.70078593,0.0,20.458398339089477,-0.0003743801255455713,0.04380447352801255,0.0013713226773836326,True
4469,1712,68.48,02/28/2026 13:18:31.080,20.70078593,0.0,20.45853125843232,0.0006131329404308165,0.036452408867151787,0.0015813519599788424,True
4470,1713,68.52,02/28/2026 13:18:31.120,20.70078593,0.0,20.458677588421835,0.000921528997351006,0.02540081961603952,0.002005316593809139,True
4471,1714,68.56,02/28/2026 13:18:31.160,20.70078593,0.0,20.45883110388193,0.0008620814708237392,0.01506236163255932,0.0019084167660822183,True
4472,1715,68.60000000000001,02/28/2026 13:18:31.200,20.70078593,0.0,20.45898746640498,0.0006517255000438865,0.007247334350967137,0.0016205498034991615,True
4473,1716,68.64,02/28/2026 13:18:31.240,20.70078593,0.0,20.459144102602615,0.00041914532948643315,0.0022223395294653416,0.0013950916941317015,True
4474,1717,68.68,02/28/2026 13:18:31.280,20.70078593,0.0,20.45929977329617,0.00022631473245902987,-0.0004894591707839463,0.0012816823444116567,True
4475,1718,68.72,02/28/2026 13:18:31.320,20.70078593,0.0,20.459454097192282,9.231319833319857e-05,-0.0015937758624571037,0.0012417906848101127,True
4476,1719,68.76,02/28/2026 13:18:31.360,20.87621632,0.0,20.459717261795582,1.3340026504297944e-05,-0.0017484985934386223,0.0036761815595730348,True
4477,1720,68.8,02/28/2026 13:18:31.400,20.87621632,0.0,20.45997931151155,-2.4535359608164808e-05,-0.0014488710917523757,0.0036719809295791455,True
4478,1721,68.84,02/28/2026 13:18:31.440,20.87621632,-0.168553386,20.455372340020105,-0.09362699358568849,-0.9002613952117317,5.052876316705283,True
4479,1722,68.88,02/28/2026 13:18:31.480,20.87621632,-0.168553386,20.45004961503635,-0.15124525974544803,-1.1078844536541155,0.2732632945678668,True
4480,1723,68.92,02/28/2026 13:18:31.520,20.87621632,-0.168553386,20.44416482265128,-0.18056393048574834,-0.9638003184473034,0.133711551787289,True
4481,1724,68.96000000000001,02/28/2026 13:18:31.560,20.87621632,-0.168553386,20.43790709492592,-0.19103990772298604,-0.6940461575159063,0.45887508576633645,True
4482,1725,69.0,02/28/2026 13:18:31.600,20.87621632,-0.168553386,20.431440965244384,-0.19090016532009696,-0.4259682657490634,0.4533614625307404,True
4483,1726,69.04,02/28/2026 13:18:31.640,20.87621632,-0.168553386,20.42488491352154,-0.18606900764202486,-0.21584491476937423,0.28027215708801184,True
4484,1727,69.08,02/28/2026 13:18:31.680,20.87621632,-0.168553386,20.418311652407663,-0.1801823779748033,-0.0763375587420363,0.12608712931158858,True
4485,1728,69.12,02/28/2026 13:18:31.720,20.70078593,-0.168553386,20.411648401284058,-0.1750828363127494,0.0019934862442461676,0.040121619915239236,True
4486,1729,69.16,02/28/2026 13:18:31.760,20.70078593,-0.168553386,20.405017921509526,-0.17142137793933837,0.036401717996764615,0.009254012111220091,True
4487,1730,69.2,02/28/2026 13:18:31.800,20.70078593,-0.168553386,20.398419863847884,-0.1691808620988766,0.04393277942445398,0.002292027562871179,True
4488,1731,69.24,02/28/2026 13:18:31.840,20.70078593,-0.168553386,20.39184800473061,-0.16805043042360093,0.03790325288308072,0.002249608106943716,True
4489,1732,69.28,02/28/2026 13:18:31.880,20.70078593,-0.168553386,20.38529483482048,-0.1676549350666493,0.027129442844912113,0.002834461342795003,True
4490,1733,69.32000000000001,02/28/2026 13:18:31.920,20.70078593,-0.168553386,20.378753874121163,-0.16767069422480263,0.016544763149901377,0.0028975793605838305,True
4491,1734,69.36,02/28/2026 13:18:31.960,20.70078593,-0.168553386,20.372220481936537,-0.16786599017989745,0.008302939227213806,0.002712028563349592,True
4492,1735,69.4,02/28/2026 13:18:32.000,20.70078593,-0.168553386,20.36569182458067,-0.16809945487142489,0.002861843627093529,0.0025643927417590058,True
4493,1736,69.44,02/28/2026 13:18:32.040,20.70078593,-0.168553386,20.35916647539662,-0.1683000708942902,-0.00017257670805279372,0.002530535573327174,True
4494,1737,69.48,02/28/2026 13:18:32.080,20.70078593,-0.168553386,20.352643936605922,-0.1684432640125154,-0.0014891676530302024,0.0025791988644395824,True
4495,1738,69.52,02/28/2026 13:18:32.120,20.70078593,-0.168553386,20.34612422843242,-0.16853035937303731,-0.0017608786046751411,0.002665949368259891,True
4496,1739,69.56,02/28/2026 13:18:32.160,20.70078593,-0.168553386,20.33960759582838,-0.1685739178230517,-0.0015099788923869444,0.0027647463754997964,True
4497,1740,69.60000000000001,02/28/2026 13:18:32.200,21.05164671,-0.168553386,20.333312292455435,-0.16858828011607946,-0.001082240458604227,0.010935750672133787,True
4498,1741,69.64,02/28/2026 13:18:32.240,21.05164671,-0.168553386,20.32702037003118,-0.16858704867939028,-0.0006691942358354656,0.011128061487330587,True
4499,1742,69.68,02/28/2026 13:18:32.280,21.05164671,-0.168553386,20.320732001144748,-0.16857914346113972,-0.000350899031553146,0.011321579917798454,True
4500,1743,69.72,02/28/2026 13:18:32.320,20.87621632,-0.168553386,20.314338464916503,-0.16857022399423047,-0.000141754596417105,0.006690378680211015,True
