frame_index_original,frame_index_zeroed,elapsed_time_s,timestamp,range_raw_m,velocity_raw_ms,range_kf_m,velocity_kf_ms,acceleration_kf_ms2,mahalanobis_d2,kf_update_accepted
657,0,0.0,03/22/2026 12:53:20.240,44.91017964,-0.505660158,44.89841632749311,-0.505660073440586,-1.4599515194437097e-06,1.7117788215112743e-05,True
658,1,0.04,03/22/2026 12:53:20.280,45.08561003,-0.505660158,44.939376654190276,-0.505659570149923,-1.4300180510311773e-05,0.002182210529610359,True
659,2,0.08,03/22/2026 12:53:20.320,45.08561003,-0.505660158,44.957068637069256,-0.5056596591171489,-1.841886225368374e-05,0.0015394003460889039,True
660,3,0.12,03/22/2026 12:53:20.360,44.73474925,-0.505660158,44.89934779939538,-0.5056609603251733,-1.553589095152879e-05,0.00239318650294817,True
661,4,0.16,03/22/2026 12:53:20.400,44.73474925,-0.674213543,44.85270088229536,-0.609750976289743,-1.0402170290883528,4.347341960444312,True
662,5,0.2,03/22/2026 12:53:20.440,44.38388847,-0.674213543,44.766889998030514,-0.6646886068581279,-1.1675159844838636,0.09929583061704841,True
663,6,0.24,03/22/2026 12:53:20.480,44.38388847,-0.674213543,44.69795729141981,-0.6903807773171602,-0.9679764127622766,0.2484436096101718,True
664,7,0.28,03/22/2026 12:53:20.520,44.38388847,-0.842766929,44.63613262742278,-0.7925150980489315,-1.5735673388678375,2.289976266913321,True
665,8,0.32,03/22/2026 12:53:20.560,44.38388847,-0.842766929,44.58240891006766,-0.8484055727924767,-1.5058996129323763,0.03175563722200756,True
666,9,0.36,03/22/2026 12:53:20.600,44.03302769,-0.842766929,44.50390733110978,-0.8720556278414567,-1.1542540980340399,0.7891739485618426,True
667,10,0.4,03/22/2026 12:53:20.640,43.85759731,-0.842766929,44.42088811142166,-0.8763172493365154,-0.7513664174111231,1.0374088059820896,True
668,11,0.44,03/22/2026 12:53:20.680,43.85759731,-0.842766929,44.347573405167374,-0.8710482735562672,-0.41185724868437534,0.7381335581592003,True
669,12,0.48,03/22/2026 12:53:20.720,43.85759731,-1.011320315,44.27738735846277,-0.956275606066368,-1.0724712533439984,2.739500354712052,True
670,13,0.52,03/22/2026 12:53:20.760,43.68216692,-1.011320315,44.20180758268054,-1.0059218279885769,-1.1372706788433478,0.04701817125183663,True
671,14,0.56,03/22/2026 12:53:20.800,43.85759731,-1.011320315,44.143279613890265,-1.0291519034223118,-0.9233694475888016,0.2921930153383507,True
672,15,0.6,03/22/2026 12:53:20.840,43.85759731,-1.179873701,44.08419869846857,-1.1292697038723216,-1.5304318492747109,2.307205459876337,True
673,16,0.64,03/22/2026 12:53:20.880,43.50673653,-1.179873701,44.00921979064133,-1.1845964998162826,-1.4738039274948795,0.039248378108508356,True
674,17,0.68,03/22/2026 12:53:20.920,43.50673653,-1.179873701,43.93902024655524,-1.2081947711458518,-1.1340864168295193,0.735454333044827,True
675,18,0.72,03/22/2026 12:53:20.960,43.68216692,-1.179873701,43.88165920372788,-1.2126451946469206,-0.7409689707264218,0.96888062731502,True
676,19,0.76,03/22/2026 12:53:21.000,43.85759731,-1.348427087,43.83076352081323,-1.3012208673591625,-1.3072546345328377,2.0042947644073834,True
677,20,0.8,03/22/2026 12:53:21.040,43.50673653,-1.348427087,43.76571010022819,-1.3506894946725903,-1.2801281012143002,0.009648757680015739,True
678,21,0.84,03/22/2026 12:53:21.080,43.50673653,-1.348427087,43.70343884300561,-1.3722072720825635,-0.994870729730938,0.5114729624078033,True
679,22,0.88,03/22/2026 12:53:21.120,43.50673653,-1.348427087,43.643757382321695,-1.3767021613767971,-0.6556895599299726,0.720425450335763,True
680,23,0.92,03/22/2026 12:53:21.160,43.15587575,-1.516980473,43.56793219853586,-1.466259716401987,-1.2641571606616362,2.3267110521726333,True
681,24,0.96,03/22/2026 12:53:21.200,43.15587575,-1.516980473,43.494911965111584,-1.5169135572875514,-1.26497691447686,0.008599706701038356,True
682,25,1.0,03/22/2026 12:53:21.240,43.15587575,-1.516980473,43.42452010476504,-1.539455560632093,-0.9953789302137651,0.45964635132797677,True
683,26,1.04,03/22/2026 12:53:21.280,43.15587575,-1.516980473,43.35663545525046,-1.5446844939942455,-0.6630511595411589,0.6932553818571174,True
684,27,1.08,03/22/2026 12:53:21.320,43.15587575,-1.685533858,43.28638110125882,-1.6346886079225842,-1.2729978182217425,2.3265002777103883,True
685,28,1.12,03/22/2026 12:53:21.360,42.98044536,-1.685533858,43.21209475289877,-1.6855682799806972,-1.2725963057731196,0.003993023142964677,True
686,29,1.16,03/22/2026 12:53:21.400,42.98044536,-1.685533858,43.139893497043,-1.7081889851229788,-1.000832967231787,0.4634774720034396,True
687,30,1.2,03/22/2026 12:53:21.440,42.98044536,-1.685533858,43.0697491537386,-1.7134143885167425,-0.6663821713602942,0.6996951507761056,True
688,31,1.24,03/22/2026 12:53:21.480,42.98044536,-1.854087244,42.99684720690531,-1.8033791521084703,-1.2746778172769213,2.312669215716429,True
689,32,1.28,03/22/2026 12:53:21.520,42.98044536,-1.854087244,42.92535065208147,-1.8542110467501256,-1.2731900037999149,0.0002387738750163949,True
690,33,1.32,03/22/2026 12:53:21.560,42.98044536,-1.854087244,42.85529165235545,-1.8767911906748398,-1.0008271461014513,0.46480040842254,True
691,34,1.36,03/22/2026 12:53:21.600,42.98044536,-1.854087244,42.78672250106331,-1.8819878987556378,-0.6661212303196611,0.7029634835173446,True
692,35,1.4000000000000001,03/22/2026 12:53:21.640,42.98044536,-2.02264063,42.714886508806636,-1.9719353682631962,-1.2743693539517782,2.3174694252097354,True
693,36,1.44,03/22/2026 12:53:21.680,42.80501497,-2.02264063,42.63942673281476,-2.022759625304842,-1.2729339427373567,0.0020383761102822774,True
694,37,1.48,03/22/2026 12:53:21.720,42.98044536,-2.02264063,42.5696857044897,-2.0453363877776574,-1.0006557247138586,0.4758224281691595,True
695,38,1.52,03/22/2026 12:53:21.760,42.80501497,-2.02264063,42.49672599319093,-2.0505339941366496,-0.6660319005254096,0.7068627985341233,True
696,39,1.56,03/22/2026 12:53:21.800,42.80501497,-2.191194016,42.42037676812526,-2.14048330026181,-1.2743399109730138,2.323604573439827,True
697,40,1.6,03/22/2026 12:53:21.840,42.80501497,-2.191194016,42.34486489453965,-2.1913085203514235,-1.2729444589666052,0.015613852195719842,True
698,41,1.6400000000000001,03/22/2026 12:53:21.880,42.98044536,-2.191194016,42.27433975322351,-2.2138864190846372,-1.000692667384656,0.5000104543078895,True
699,42,1.68,03/22/2026 12:53:21.920,42.80501497,-2.359747402,42.19594372064382,-2.3126759187229218,-1.5653339067165657,2.019861173112386,True
700,43,1.72,03/22/2026 12:53:21.960,42.45415419,-2.359747402,42.11038244640232,-2.3666576962074366,-1.4824217112690852,0.05166468736140799,True
701,44,1.76,03/22/2026 12:53:22.000,42.2787238,-2.359747402,42.02211086455663,-2.389191035443694,-1.1292034600338416,0.7846293034051952,True
702,45,1.8,03/22/2026 12:53:22.040,41.92786302,-2.359747402,41.92781117780605,-2.392930244075684,-0.7311417077752048,0.9903322651403574,True
703,46,1.84,03/22/2026 12:53:22.080,41.75243263,-2.359747402,41.83165260771943,-2.3875122745536457,-0.39807770108860047,0.6937785470633,True
704,47,1.8800000000000001,03/22/2026 12:53:22.120,41.57700225,-2.528300788,41.72905969249661,-2.4727689379669004,-1.064245530572686,2.7753403610024323,True
705,48,1.92,03/22/2026 12:53:22.160,41.40157186,-2.528300788,41.62440783727438,-2.522537220110798,-1.13339578389086,0.033533885166380485,True
706,49,1.96,03/22/2026 12:53:22.200,41.22614147,-2.528300788,41.51795747465258,-2.5459016838682236,-0.9222688719962522,0.2848269472525465,True
707,50,2.0,03/22/2026 12:53:22.240,41.22614147,-2.528300788,41.413324220989416,-2.5525363855307983,-0.6315471020551567,0.5308035764595437,True
708,51,2.04,03/22/2026 12:53:22.280,41.57700225,-2.528300788,41.31711804180831,-2.550312941347455,-0.36747695400766317,0.4407972707863124,True
709,52,2.08,03/22/2026 12:53:22.320,41.57700225,-2.696854174,41.21771143380815,-2.638216810987727,-1.0708747100525913,3.1017128126210194,True
710,53,2.12,03/22/2026 12:53:22.360,41.40157186,-2.696854174,41.11611667770377,-2.689824733363477,-1.155186697247841,0.050393522614818456,True
711,54,2.16,03/22/2026 12:53:22.400,40.87528069,-2.696854174,41.0063705000051,-2.7142788964550606,-0.9461656119445618,0.2743144296578006,True
712,55,2.2,03/22/2026 12:53:22.440,40.87528069,-2.865407559,40.89342933723879,-2.8150265957602176,-1.5505370586391898,2.2829316925248624,True
713,56,2.24,03/22/2026 12:53:22.480,40.52441991,-2.865407559,40.77554877353016,-2.870585876063361,-1.488429532608645,0.02872154335443152,True
714,57,2.2800000000000002,03/22/2026 12:53:22.520,40.34898952,-2.865407559,40.656152125832,-2.8941907370598767,-1.1431604039509482,0.7519497418295082,True
715,58,2.32,03/22/2026 12:53:22.560,40.17355913,-2.865407559,40.53553705807796,-2.8985468498492724,-0.745637812528523,0.9972072500980705,True
716,59,2.36,03/22/2026 12:53:22.600,40.34898952,-3.033960945,40.41484133045751,-2.9870018185709046,-1.30896306268701,1.9836707227919395,True
717,60,2.4,03/22/2026 12:53:22.640,39.99812874,-3.033960945,40.28971934620186,-3.0363637956436342,-1.2801518766139028,0.011403078115807154,True
718,61,2.44,03/22/2026 12:53:22.680,39.82269835,-3.033960945,40.16333547779626,-3.057804759787073,-0.9941368862062592,0.5197402386554368,True
719,62,2.48,03/22/2026 12:53:22.720,39.99812874,-3.202514331,40.036574183801946,-3.15584169048502,-1.554024178242717,1.9593236666620097,True
720,63,2.52,03/22/2026 12:53:22.760,39.82269835,-3.202514331,39.90821828111596,-3.209403056568397,-1.4713908777270626,0.04320952051386668,True
721,64,2.56,03/22/2026 12:53:22.800,39.64726796,-3.202514331,39.778564925740135,-3.23175416613442,-1.120635511616586,0.770182901015086,True
722,65,2.6,03/22/2026 12:53:22.840,39.1209768,-3.202514331,39.642686669599385,-3.235456839637615,-0.7254807322407524,0.9957545247336866,True
723,66,2.64,03/22/2026 12:53:22.880,39.1209768,-3.371067717,39.5039091680971,-3.32366414245232,-1.2941520958349737,2.0319216921688388,True
724,67,2.68,03/22/2026 12:53:22.920,39.1209768,-3.371067717,39.36646277881733,-3.3730091811051723,-1.2708735096731105,0.0077846847219095764,True
725,68,2.72,03/22/2026 12:53:22.960,38.77011602,-3.371067717,39.22549183409106,-3.394541874340744,-0.9892980840826036,0.5106365512865706,True
726,69,2.7600000000000002,03/22/2026 12:53:23.000,38.77011602,-3.371067717,39.08625499580367,-3.3991084836057053,-0.6529351809909713,0.7143951974020705,True
727,70,2.8000000000000003,03/22/2026 12:53:23.040,38.59468563,-3.539621103,38.94158698903383,-3.4887467824806158,-1.2632399494981024,2.3367735374315215,True
728,71,2.84,03/22/2026 12:53:23.080,38.41925524,-3.539621103,38.795812110069,-3.539469756403256,-1.2650726903857517,0.010363549865868326,True
729,72,2.88,03/22/2026 12:53:23.120,38.41925524,-3.539621103,38.65151873629439,-3.562060144394479,-0.99590428825048,0.45674347284122163,True
730,73,2.92,03/22/2026 12:53:23.160,38.06839446,-3.539621103,38.50418516650841,-3.567319657866692,-0.6636519704215593,0.7037637669226714,True
731,74,2.96,03/22/2026 12:53:23.200,38.06839446,-3.708174489,38.353856490261194,-3.657338299609936,-1.2734964730733767,2.330417148252881,True
732,75,3.0,03/22/2026 12:53:23.240,37.71753368,-3.708174489,38.200224835413536,-3.708223113687124,-1.272935137196212,0.016983936548609715,True
733,76,3.04,03/22/2026 12:53:23.280,37.54210329,-3.708174489,38.045843204891106,-3.730843751663885,-1.0010173149175459,0.4805836510083106,True
734,77,3.08,03/22/2026 12:53:23.320,37.54210329,-3.708174489,37.893146926821885,-3.7360659485458965,-0.6664470051074802,0.708561968539059,True
735,78,3.12,03/22/2026 12:53:23.360,37.3666729,-3.876727874,37.735219180160335,-3.8260276332067162,-1.2746644060678944,2.321995861647115,True
736,79,3.16,03/22/2026 12:53:23.400,37.3666729,-3.876727874,37.57852964345407,-3.8768563240924343,-1.2731331337263074,0.003283896205663103,True
737,80,3.2,03/22/2026 12:53:23.440,37.01581213,-3.876727874,37.41896118929816,-3.8994356352298083,-1.0007488615941988,0.4755207126170672,True
738,81,3.24,03/22/2026 12:53:23.480,37.01581213,-4.04528126,37.25619468452447,-3.9982220485651103,-1.5652825921979274,1.9961016080054608,True
739,82,3.2800000000000002,03/22/2026 12:53:23.520,36.84038174,-4.04528126,37.09243994027455,-4.0521992129261974,-1.4823061716206638,0.04765301974524165,True
740,83,3.3200000000000003,03/22/2026 12:53:23.560,36.66495135,-4.04528126,36.92796742502143,-4.074728958772918,-1.129063154968722,0.784894847059783,True
741,84,3.36,03/22/2026 12:53:23.600,36.48952096,-4.213834646,36.75820202729835,-4.172055762245809,-1.6302552773253693,1.575243346508005,True
742,85,3.4,03/22/2026 12:53:23.640,36.31409057,-4.213834646,36.58752762480892,-4.224256921585384,-1.5052419107515196,0.10311119910855611,True
743,86,3.44,03/22/2026 12:53:23.680,36.48952096,-4.213834646,36.42019512020415,-4.245247141568012,-1.128414124491266,0.8878502983339596,True
744,87,3.48,03/22/2026 12:53:23.720,36.13866018,-4.213834646,36.25043654622295,-4.247879661146276,-0.7200147890308547,1.0433367730737995,True
745,88,3.52,03/22/2026 12:53:23.760,35.96322979,-4.382388032,36.075622124280784,-4.335376136185493,-1.2839750988813887,1.9887530096239758,True
746,89,3.56,03/22/2026 12:53:23.800,35.61236901,-4.382388032,35.898141891218046,-4.384322855290204,-1.2607778376960617,0.009302267882438526,True
747,90,3.6,03/22/2026 12:53:23.840,35.43693862,-4.382388032,35.72017683691286,-4.405678737771871,-0.9813950483226939,0.4936598086351069,True
748,91,3.64,03/22/2026 12:53:23.880,35.43693862,-4.382388032,35.54382006282118,-4.4102055256306025,-0.6477009007971674,0.6967716629010218,True
749,92,3.68,03/22/2026 12:53:23.920,35.43693862,-4.550941418,35.364342803628325,-4.499872494105113,-1.2603210163361716,2.3460198595372534,True
750,93,3.72,03/22/2026 12:53:23.960,34.73521707,-4.550941418,35.1786190417409,-4.550651943426636,-1.263813536076056,0.014371282835430687,True
751,94,3.7600000000000002,03/22/2026 12:53:24.000,34.55978668,-4.550941418,34.992498725307385,-4.573297672444655,-0.9956471443039729,0.46304446869043164,True
752,95,3.8000000000000003,03/22/2026 12:53:24.040,34.55978668,-4.550941418,34.80799543090236,-4.578597599579127,-0.6638944519482026,0.6923344054843068,True
753,96,3.84,03/22/2026 12:53:24.080,34.55978668,-4.719494804,34.620383314071944,-4.668642909451041,-1.2739170804366426,2.326072603984034,True
754,97,3.88,03/22/2026 12:53:24.120,34.38435629,-4.719494804,34.4321354385987,-4.719541656805828,-1.2733571828567136,0.0001678631653353831,True
755,98,3.92,03/22/2026 12:53:24.160,33.85806512,-4.719494804,34.23996663101032,-4.742170149194305,-1.001360657441458,0.47296411270444705,True
756,99,3.96,03/22/2026 12:53:24.200,33.85806512,-4.88804819,34.04455217187276,-4.840985163662546,-1.5659376349005356,1.9947199751264457,True
757,100,4.0,03/22/2026 12:53:24.240,33.68263473,-4.88804819,33.848474125866154,-4.8949756489305845,-1.4828432101544178,0.04514945086081861,True
758,101,4.04,03/22/2026 12:53:24.280,33.33177395,-4.88804819,33.650294611257884,-4.917509958630769,-1.129433805837972,0.7879595677817339,True
759,102,4.08,03/22/2026 12:53:24.320,33.15634356,-4.88804819,33.45199129130756,-4.921244736645204,-0.7312209300196009,0.9974078180025089,True
760,103,4.12,03/22/2026 12:53:24.360,32.98091317,-5.056601575,33.24891153252662,-5.0094124952906345,-1.2973136902946,2.0081317099833047,True
761,104,4.16,03/22/2026 12:53:24.400,32.6300524,-5.056601575,33.04370432227482,-5.058695551565325,-1.2722128805345034,0.016362777572452403,True
762,105,4.2,03/22/2026 12:53:24.440,32.6300524,-5.056601575,32.839899498969594,-5.080166104240948,-0.9895419321314465,0.5025777683166451,True
763,106,4.24,03/22/2026 12:53:24.480,32.6300524,-5.225154961,32.63282095490343,-5.178276182263571,-1.5519004154887666,1.97654510249945,True
764,107,4.28,03/22/2026 12:53:24.520,32.27919162,-5.225154961,32.423555358085935,-5.231914533578765,-1.4708189759491266,0.042599401340158424,True
765,108,4.32,03/22/2026 12:53:24.560,31.92833084,-5.225154961,32.21240287083354,-5.254327977658266,-1.1208718646091351,0.7712304861348166,True
766,109,4.36,03/22/2026 12:53:24.600,31.57747006,-5.225154961,31.999648551520384,-5.258071433694454,-0.7260243930680095,0.9873057114984684,True
767,110,4.4,03/22/2026 12:53:24.640,31.57747006,-5.393708347,31.783801737787194,-5.3463019407923715,-1.2947214146265322,2.0244683931131235,True
768,111,4.44,03/22/2026 12:53:24.680,31.40203967,-5.393708347,31.567566281286414,-5.395658260766787,-1.271337635145396,0.005405427681512157,True
769,112,4.48,03/22/2026 12:53:24.720,31.22660928,-5.393708347,31.35115304504009,-5.417192790752787,-0.989623554816634,0.49713566284218663,True
770,113,4.5200000000000005,03/22/2026 12:53:24.760,30.8757485,-5.393708347,31.13324702701885,-5.421759170043149,-0.6531370818617944,0.7124375110007284,True
771,114,4.5600000000000005,03/22/2026 12:53:24.800,30.70031811,-5.393708347,30.915556045018498,-5.417803841208745,-0.36409688517390554,0.5254995786192888,True
772,115,4.6000000000000005,03/22/2026 12:53:24.840,30.70031811,-5.562261733,30.69483657302366,-5.504492634453609,-1.057095398699591,3.001544789491568,True
773,116,4.64,03/22/2026 12:53:24.880,30.34945734,-5.562261733,30.472314610734912,-5.555375447979391,-1.1397088416438281,0.043753583978982484,True
774,117,4.68,03/22/2026 12:53:24.920,29.99859656,-5.562261733,30.24819788326021,-5.579475393112984,-0.9332247311486387,0.2709816978431985,True
775,118,4.72,03/22/2026 12:53:24.960,29.82316617,-5.562261733,30.024166484025958,-5.586520080342821,-0.6422302993592097,0.5321539934030984,True
776,119,4.76,03/22/2026 12:53:25.000,29.296875,-5.730815119,29.792632359565275,-5.678068942034162,-1.2749961686512847,2.520353450614407,True
777,120,4.8,03/22/2026 12:53:25.040,29.12144461,-5.730815119,29.560814394481568,-5.73004074526381,-1.2843051765178772,0.014545737721559999,True
778,121,4.84,03/22/2026 12:53:25.080,28.77058383,-5.730815119,29.327494163445095,-5.753320902986613,-1.014350389301032,0.47793502560381457,True
779,122,4.88,03/22/2026 12:53:25.120,28.77058383,-5.730815119,29.095738041732492,-5.758870925622035,-0.6778071221180046,0.7155272345864561,True
780,123,4.92,03/22/2026 12:53:25.160,28.59515344,-5.730815119,28.864272249580505,-5.755351980294604,-0.3834746598110738,0.5466823307474843,True
781,124,4.96,03/22/2026 12:53:25.200,28.41972305,-5.730815119,28.633201336939564,-5.748550617267158,-0.1707289411274338,0.28617439703519953,True
782,125,5.0,03/22/2026 12:53:25.240,28.24429266,-5.730815119,28.402579953651568,-5.741740829678979,-0.03967104853867784,0.10916327737636389,True
783,126,5.04,03/22/2026 12:53:25.280,27.89343189,-5.730815119,28.17105826091368,-5.736381398483382,0.027089730157914077,0.0334409494239596,True
784,127,5.08,03/22/2026 12:53:25.320,27.7180015,-5.730815119,27.940022501080556,-5.732809907480996,0.0510093430396729,0.007148796926980757,True
785,128,5.12,03/22/2026 12:53:25.360,27.36714072,-5.730815119,27.70811014001352,-5.73079662168331,0.05077226064117897,0.00842942852784303,True
786,129,5.16,03/22/2026 12:53:25.400,27.19171033,-5.730815119,27.476670516198762,-5.729905158674835,0.03984367587591885,0.0066341216168229675,True
787,130,5.2,03/22/2026 12:53:25.440,27.01627994,-5.730815119,27.245684786858625,-5.729702815120818,0.026490252061302556,0.004930222564084532,True
788,131,5.24,03/22/2026 12:53:25.480,27.01627994,-5.899368505,27.011608650846714,-5.823440104008175,-0.884347495478605,5.185159534013529,True
789,132,5.28,03/22/2026 12:53:25.520,26.48998877,-5.899368505,26.774651331135647,-5.881333777375796,-1.1007049600141883,0.2984534726593621,True
790,133,5.32,03/22/2026 12:53:25.560,26.13912799,-5.899368505,26.536309639431337,-5.910930911139048,-0.9620198772717022,0.13163143769258592,True
791,134,5.36,03/22/2026 12:53:25.600,25.9636976,-5.899368505,26.29807795592943,-5.921626462051314,-0.6950280475278732,0.4536125855720419,True
792,135,5.4,03/22/2026 12:53:25.640,25.78826722,-5.899368505,26.060109897149662,-5.921633197733739,-0.4279526319471106,0.4511473092346868,True
793,136,5.44,03/22/2026 12:53:25.680,25.78826722,-5.899368505,25.82378374049606,-5.9168837971418995,-0.21784056889798029,0.27600898531285833,True
794,137,5.48,03/22/2026 12:53:25.720,25.43740644,-5.899368505,25.58661353366839,-5.911034330817245,-0.0779038236283317,0.12399791150946748,True
795,138,5.5200000000000005,03/22/2026 12:53:25.760,25.08654566,-5.899368505,25.348653994560525,-5.905944008029185,0.0009643354915536556,0.043849694165219666,True
796,139,5.5600000000000005,03/22/2026 12:53:25.800,25.08654566,-5.899368505,25.112421639393865,-5.902275874107896,0.03584001830328829,0.007650270057230037,True
797,140,5.6000000000000005,03/22/2026 12:53:25.840,24.73568488,-5.899368505,24.875411815591253,-5.900024676560624,0.04370525211326889,0.001800964714597412,True
798,141,5.64,03/22/2026 12:53:25.880,24.56025449,-5.899368505,24.638861042561555,-5.898883241152428,0.03788052997409422,0.0006598237637563821,True
799,142,5.68,03/22/2026 12:53:25.920,24.20939371,-5.899368505,24.40153544563098,-5.898479809923527,0.027211200942340745,0.003386578924030609,True
800,143,5.72,03/22/2026 12:53:25.960,23.85853293,-5.899368505,24.163444812423826,-5.8984907783271,0.016668443613778835,0.007430626336545442,True
801,144,5.76,03/22/2026 12:53:26.000,23.68310254,-5.899368505,23.925801107460064,-5.898682883831611,0.008432950466002426,0.004691288683056193,True
802,145,5.8,03/22/2026 12:53:26.040,23.50767216,-5.899368505,23.68859249248551,-5.8989145052225975,0.0029787341236574387,0.002557179419750825,True
803,146,5.84,03/22/2026 12:53:26.080,23.50767216,-5.899368505,23.45299345436056,-5.899113317863886,-8.006726057479012e-05,0.0002749989425721443,True
804,147,5.88,03/22/2026 12:53:26.120,23.15681138,-5.730815119,23.221465373157848,-5.80566582769658,0.8978270105486048,5.0392717750253695,True
805,148,5.92,03/22/2026 12:53:26.160,22.98138099,-5.730815119,22.99101975982139,-5.748132291536395,1.1055635801744002,0.2697217979098943,True
806,149,5.96,03/22/2026 12:53:26.200,22.63052021,-5.730815119,22.760334835670132,-5.718849899423134,0.9620229136885778,0.1299992237418204,True
807,150,6.0,03/22/2026 12:53:26.240,22.8059506,-5.730815119,22.53269878830446,-5.708378279420783,0.6928824497006243,0.4581194619590283,True
808,151,6.04,03/22/2026 12:53:26.280,22.27965943,-5.730815119,22.303310347861927,-5.708510578518139,0.4253158817873583,0.4474911319596017,True
809,152,6.08,03/22/2026 12:53:26.320,21.92879865,-5.730815119,22.07322811777445,-5.713329948819619,0.2155571807603624,0.2765093970279149,True
810,153,6.12,03/22/2026 12:53:26.360,21.40250749,-5.730815119,21.841263110136314,-5.7192063721590936,0.07627907698374209,0.13519355536612662,True
811,154,6.16,03/22/2026 12:53:26.400,21.75336826,-5.730815119,21.613036632206192,-5.724294539320333,-0.001935651987210546,0.03965810412579083,True
812,155,6.2,03/22/2026 12:53:26.440,21.40250749,-5.730815119,21.383995410893057,-5.727949494214469,-0.036310899072521795,0.007410029106108252,True
813,156,6.24,03/22/2026 12:53:26.480,21.05164671,-5.730815119,21.154154618693312,-5.730187151132441,-0.04384854958131247,0.001116077801233482,True
814,157,6.28,03/22/2026 12:53:26.520,20.87621632,-5.730815119,20.924638201615785,-5.731316136915004,-0.037840477657154294,0.0003952946874519701,True
815,158,6.32,03/22/2026 12:53:26.560,20.70078593,-5.562261733,20.700296429354804,-5.638120159759794,0.8721580874679784,5.175608944020521,True
816,159,6.36,03/22/2026 12:53:26.600,20.34992515,-5.562261733,20.47586833424296,-5.580484323620847,1.0907509138587095,0.29978469613691394,True
817,160,6.4,03/22/2026 12:53:26.640,20.17449476,-5.562261733,20.252302697259932,-5.550962429636623,0.9552008986776355,0.11527695786809143,True
818,161,6.44,03/22/2026 12:53:26.680,19.82363398,-5.562261733,20.02833141333729,-5.540244902804599,0.6910776947326782,0.43905215195061537,True
819,162,6.48,03/22/2026 12:53:26.720,19.82363398,-5.562261733,19.80594539384846,-5.540175878112806,0.42613631311272754,0.43873369273885215,True
820,163,6.5200000000000005,03/22/2026 12:53:26.760,19.64820359,-5.393708347,19.58878827884206,-5.45126721798824,1.116615808069696,2.9800270322290983,True
821,164,6.5600000000000005,03/22/2026 12:53:26.800,19.29734281,-5.393708347,19.371554268565998,-5.399443317616372,1.185409296978022,0.0299758654043791,True
822,165,6.6000000000000005,03/22/2026 12:53:26.840,19.12191243,-5.393708347,19.155118157616766,-5.375171131845364,0.9630351859181691,0.3091455296295677,True
823,166,6.640000000000001,03/22/2026 12:53:26.880,18.77105165,-5.393708347,18.9382285871549,-5.368332963362921,0.6586244032827588,0.5811964079797732,True
824,167,6.68,03/22/2026 12:53:26.920,18.59562126,-5.393708347,18.721773769907756,-5.3707068889749126,0.38269307438240985,0.47702284220967867,True
825,168,6.72,03/22/2026 12:53:26.960,18.59562126,-5.225154961,18.511519749858394,-5.283079336008575,1.07755824929342,3.018260364116084,True
826,169,6.76,03/22/2026 12:53:27.000,18.24476048,-5.225154961,18.301155777312392,-5.231747211517706,1.1566364675980019,0.03931267474212107,True
827,170,6.8,03/22/2026 12:53:27.040,18.06933009,-5.225154961,18.09153287358645,-5.207510812418237,0.9449760806614734,0.28003750010132467,True
828,171,6.84,03/22/2026 12:53:27.080,17.8938997,-5.225154961,17.882450140671803,-5.200497094069951,0.6491805368100738,0.5468525025904818,True
829,172,6.88,03/22/2026 12:53:27.120,17.8938997,-5.225154961,17.67475174989284,-5.202638816224695,0.3790862947790598,0.45940481578583,True
830,173,6.92,03/22/2026 12:53:27.160,17.8938997,-5.056601575,17.473157433016024,-5.114804198794377,1.077304217743622,3.059803045478859,True
831,174,6.96,03/22/2026 12:53:27.200,17.19217814,-5.056601575,17.269422771871845,-5.063322201544977,1.1579215168655155,0.04104998962112122,True
832,175,7.0,03/22/2026 12:53:27.240,16.84131737,-5.056601575,17.0653959368521,-5.038992710856514,0.9466754852325625,0.2825493350559978,True
833,176,7.04,03/22/2026 12:53:27.280,16.84131737,-5.056601575,16.862865972151628,-5.03192934053733,0.6507061304681332,0.547521687725884,True
834,177,7.08,03/22/2026 12:53:27.320,16.84131737,-4.88804819,16.666503541132514,-4.940461185684066,1.279460738460068,2.4730634159032734,True
835,178,7.12,03/22/2026 12:53:27.360,16.49045659,-4.88804819,16.47005845615755,-4.888597144803463,1.2860469072188563,0.0003012432966430199,True
836,179,7.16,03/22/2026 12:53:27.400,16.3150262,-4.88804819,16.274296841932426,-4.865413858048308,1.0145270040703447,0.46088660658743247,True
837,180,7.2,03/22/2026 12:53:27.440,15.96416542,-4.88804819,16.078032472396927,-4.859934357896408,0.6772681300779333,0.7118439559033249,True
838,181,7.24,03/22/2026 12:53:27.480,15.96416542,-4.88804819,15.88302538145993,-4.8634960905935385,0.3827444502620231,0.5426220525599657,True
839,182,7.28,03/22/2026 12:53:27.520,15.96416542,-4.719494804,15.693994473096902,-4.776727664159552,1.0693224107704484,2.9515057913161846,True
840,183,7.32,03/22/2026 12:53:27.560,15.61330464,-4.719494804,15.504789771627209,-4.725925163937066,1.1464658699909647,0.03804816958405278,True
841,184,7.36,03/22/2026 12:53:27.600,15.26244386,-4.719494804,15.31524302752614,-4.701959746334926,0.9361127906150231,0.2767568138459382,True
842,185,7.4,03/22/2026 12:53:27.640,15.08701347,-4.719494804,15.126111806519557,-4.69504339171114,0.6427916479101629,0.5378462951065058,True
843,186,7.44,03/22/2026 12:53:27.680,15.08701347,-4.550941418,14.943021803222571,-4.60359357860708,1.2744139127945182,2.494937358198901,True
844,187,7.48,03/22/2026 12:53:27.720,14.73615269,-4.550941418,14.759820028934135,-4.551686749434193,1.283353873112353,0.0005399835897295403,True
845,188,7.5200000000000005,03/22/2026 12:53:27.760,14.38529192,-4.550941418,14.576303069673967,-4.528443536955781,1.0134606136926745,0.4579154853540214,True
846,189,7.5600000000000005,03/22/2026 12:53:27.800,14.20986153,-4.382388032,14.398038119742901,-4.429316682071895,1.5764089307003413,1.9832293364031823,True
847,190,7.6000000000000005,03/22/2026 12:53:27.840,14.20986153,-4.382388032,14.22159828136822,-4.375215455976081,1.4903661102668335,0.04628123885075068,True
848,191,7.640000000000001,03/22/2026 12:53:27.880,14.03443114,-4.382388032,14.04578980561155,-4.35268514006639,1.1340493827481528,0.7935203466886782,True
849,192,7.68,03/22/2026 12:53:27.920,13.68357036,-4.382388032,13.86945256052955,-4.3490046475565185,0.7335737316159581,1.0048955313838845,True
850,193,7.72,03/22/2026 12:53:27.960,13.33270958,-4.382388032,13.692406782969906,-4.3544929922062625,0.39892866376412217,0.7093048319528877,True
851,194,7.76,03/22/2026 12:53:28.000,13.33270958,-4.213834646,13.521186958185263,-4.269295243551177,1.0642263102308562,2.7689211571592693,True
852,195,7.8,03/22/2026 12:53:28.040,13.33270958,-4.213834646,13.35154335866798,-4.219568130331303,1.133004422910391,0.029590533350198973,True
853,196,7.84,03/22/2026 12:53:28.080,12.9818488,-4.213834646,13.181506125450495,-4.196229898029965,0.9218088693768789,0.28166447653411036,True
854,197,7.88,03/22/2026 12:53:28.120,12.80641841,-4.04528126,13.016632115080531,-4.096016644928487,1.5304218567636632,2.3182270393515765,True
855,198,7.92,03/22/2026 12:53:28.160,12.80641841,-4.04528126,12.85347555030012,-4.040619966953338,1.4745028595577059,0.019704059016613464,True
856,199,7.96,03/22/2026 12:53:28.200,12.80641841,-4.04528126,12.691762982167644,-4.016976781148979,1.1349670629457074,0.7214700703916739,True
857,200,8.0,03/22/2026 12:53:28.240,12.45555763,-4.04528126,12.52949043737852,-4.012502897918324,0.7417542050111992,0.9667541238442747,True
858,201,8.040000000000001,03/22/2026 12:53:28.280,11.92926647,-3.876727874,12.370465759636508,-3.9239192481784064,1.3078430295384011,2.0168701233264317,True
859,202,8.08,03/22/2026 12:53:28.320,11.75383608,-3.876727874,12.212144727839275,-3.8744521466729496,1.280523194842971,0.019854080371794352,True
860,203,8.120000000000001,03/22/2026 12:53:28.360,11.75383608,-3.876727874,12.0551627605658,-3.8529373378676586,0.995118385856165,0.5156837182423328,True
861,204,8.16,03/22/2026 12:53:28.400,11.75383608,-3.876727874,11.899289971965974,-3.8484452674772216,0.6558335144185253,0.7210048401772056,True
862,205,8.2,03/22/2026 12:53:28.440,11.75383608,-3.708174489,11.749199406813714,-3.7588914795139745,1.264235308829866,2.3134569175771555,True
863,206,8.24,03/22/2026 12:53:28.480,11.4029753,-3.708174489,11.598910735763216,-3.7082411427251745,1.2650262619590253,0.0027792575114513793,True
864,207,8.28,03/22/2026 12:53:28.520,11.4029753,-3.708174489,11.449904626155687,-3.6857000636438695,0.9954207361033467,0.454456760387915,True
865,208,8.32,03/22/2026 12:53:28.560,11.4029753,-3.708174489,11.301954893423389,-3.6804705480883144,0.6630883948563585,0.6910099226478084,True
866,209,8.36,03/22/2026 12:53:28.600,11.05211452,-3.539621103,11.158069066925103,-3.5904669638887654,1.2730312524237255,2.325986027108296,True
867,210,8.4,03/22/2026 12:53:28.640,11.05211452,-3.539621103,11.015639918787866,-3.539587384562241,1.2726283707975818,9.718089548823307e-05,True
868,211,8.44,03/22/2026 12:53:28.680,10.87668413,-3.539621103,10.873615029613207,-3.516966539406272,1.0008641054542733,0.4615993517254528,True
869,212,8.48,03/22/2026 12:53:28.720,10.52582335,-3.539621103,10.730957531557033,-3.5117418054562024,0.6664147119815085,0.7021599986711579,True
870,213,8.52,03/22/2026 12:53:28.760,10.17496257,-3.539621103,10.587510137122,-3.5153689580217744,0.3754675572428931,0.5413937675408746,True
871,214,8.56,03/22/2026 12:53:28.800,10.17496257,-3.539621103,10.444801030103784,-3.522157189213857,0.16595837998735602,0.27961406673288713,True
872,215,8.6,03/22/2026 12:53:28.840,10.17496257,-3.371067717,10.307611591807587,-3.4353116117673017,0.9366230313332573,3.7132733679558507,True
873,216,8.64,03/22/2026 12:53:28.880,10.17496257,-3.371067717,10.171738198432505,-3.3829773819598876,1.079491648336467,0.1275723721963828,True
874,217,8.68,03/22/2026 12:53:28.920,9.648671407,-3.371067717,10.034602618842376,-3.357162704080822,0.912669983377769,0.18471398547685486,True
875,218,8.72,03/22/2026 12:53:28.960,9.648671407,-3.371067717,9.898443807635005,-3.3486488655364917,0.6437222043801183,0.4566051028978191,True
876,219,8.76,03/22/2026 12:53:29.000,9.473241018,-3.202514331,9.767156393959562,-3.256056177772542,1.2859978779998058,2.5844376449346593,True
877,220,8.8,03/22/2026 12:53:29.040,9.12238024,-3.202514331,9.635674347123599,-3.2034518155190397,1.2972213840283278,0.019827339585536282,True
878,221,8.84,03/22/2026 12:53:29.080,9.473241018,-3.202514331,9.506947491071314,-3.179854391732578,1.025391015105976,0.4619076703248134,True
879,222,8.88,03/22/2026 12:53:29.120,8.94694985,-3.202514331,9.37679776521237,-3.174197488129636,0.6856829519598772,0.7346465072632379,True
880,223,8.92,03/22/2026 12:53:29.160,9.297810629,-3.033960945,9.253839409177248,-3.084131495380029,1.287531373028925,2.2640304153112325,True
881,224,8.96,03/22/2026 12:53:29.200,9.297810629,-3.033960945,9.132204010882182,-3.0333682655590932,1.2804288628901699,0.00229693600546739,True
882,225,9.0,03/22/2026 12:53:29.240,8.771519461,-3.033960945,9.009338889304813,-3.0109202750477992,1.0040222739443307,0.48160608358382867,True
883,226,9.040000000000001,03/22/2026 12:53:29.280,8.771519461,-3.033960945,8.88736463158086,-3.005853283172704,0.6668373545860113,0.7115642549624182,True
884,227,9.08,03/22/2026 12:53:29.320,8.771519461,-2.865407559,8.770958315850283,-2.9160066221507375,1.2738243114513925,2.3027074556626115,True
885,228,9.120000000000001,03/22/2026 12:53:29.360,8.596089072,-2.865407559,8.655068457577245,-2.8652504682941253,1.2719372579926667,0.0002736431114256635,True
886,229,9.16,03/22/2026 12:53:29.400,8.596089072,-2.865407559,8.540243008578365,-2.842710146787865,0.9996612988310463,0.46356059527810245,True
887,230,9.200000000000001,03/22/2026 12:53:29.440,8.420658683,-2.865407559,8.425499644650742,-2.837529559961116,0.6652362952802002,0.6990026069901112,True
888,231,9.24,03/22/2026 12:53:29.480,8.420658683,-2.696854174,8.316282420929433,-2.7475833188980237,1.2737882748669744,2.315398889334624,True
889,232,9.28,03/22/2026 12:53:29.520,8.245228293,-2.696854174,8.207553950845233,-2.6967550739427324,1.2726011243854047,0.00011135302716957379,True
890,233,9.32,03/22/2026 12:53:29.560,7.894367515,-2.696854174,8.098351293612604,-2.674172094776109,1.00049768647879,0.4657710237732532,True
891,234,9.36,03/22/2026 12:53:29.600,7.894367515,-2.696854174,7.989962393180742,-2.6689685874259093,0.6659776768795342,0.7000654147695596,True
892,235,9.4,03/22/2026 12:53:29.640,7.894367515,-2.696854174,7.882210593527773,-2.6726047963239354,0.3750824027082347,0.528885253821931,True
893,236,9.44,03/22/2026 12:53:29.680,7.894367515,-2.528300788,7.779832539944439,-2.5858053958491363,1.06491335666758,2.9751333142449083,True
894,237,9.48,03/22/2026 12:53:29.720,7.718937126,-2.528300788,7.6778568434604315,-2.5349307914611328,1.1444487568308468,0.03965943191200552,True
895,238,9.52,03/22/2026 12:53:29.760,7.543506737,-2.528300788,7.576105613140327,-2.5108902982220815,0.935590893767593,0.27271340339941996,True
896,239,9.56,03/22/2026 12:53:29.800,7.368076347,-2.528300788,7.474387317034358,-2.503914410057816,0.643046961410298,0.5357109405583322,True
897,240,9.6,03/22/2026 12:53:29.840,7.192645958,-2.528300788,7.372546018966201,-2.506016576217127,0.37571740765260886,0.449006085641583,True
898,241,9.64,03/22/2026 12:53:29.880,7.017215569,-2.528300788,7.270475666903725,-2.511707561670459,0.17665375971868585,0.2523100134319235,True
899,242,9.68,03/22/2026 12:53:29.920,7.192645958,-2.359747402,7.174416018986497,-2.4241874745637535,0.949678397092286,3.7348216951381423,True
900,243,9.72,03/22/2026 12:53:29.960,6.84178518,-2.359747402,7.078001487116593,-2.3715133112949114,1.0908120095380367,0.12851504063579622,True
901,244,9.76,03/22/2026 12:53:30.000,6.84178518,-2.359747402,6.9825148565359125,-2.3455757942177646,0.9208030662058602,0.18208024817463322,True
902,245,9.8,03/22/2026 12:53:30.040,6.84178518,-2.359747402,6.887765171742424,-2.337064240169865,0.6486935831930511,0.46292795348278626,True
903,246,9.84,03/22/2026 12:53:30.080,6.66635479,-2.359747402,6.792880173858501,-2.338119949698438,0.3892448690973344,0.421874263152594,True
904,247,9.88,03/22/2026 12:53:30.120,6.66635479,-2.191194016,6.703317320314751,-2.249613542768708,1.090044549045033,3.0695939751455334,True
905,248,9.92,03/22/2026 12:53:30.160,6.66635479,-2.191194016,6.614841292299325,-2.197783792360568,1.1690978408800683,0.03925152422397202,True
906,249,9.96,03/22/2026 12:53:30.200,6.490924401,-2.02264063,6.531416607124763,-2.079736232864005,1.8540155600788886,2.9320638565769213,True
907,250,10.0,03/22/2026 12:53:30.240,6.315494012,-2.02264063,6.44868364672351,-2.0150518255830105,1.762974333397294,0.05308733952694131,True
908,251,10.040000000000001,03/22/2026 12:53:30.280,6.66635479,-2.02264063,6.368419947443138,-1.9879014235398902,1.3462554911827018,1.0917240993359332,True
909,252,10.08,03/22/2026 12:53:30.320,6.66635479,-2.02264063,6.288916726304786,-1.9832394011539825,0.8736144625593636,1.406433220137115,True
910,253,10.120000000000001,03/22/2026 12:53:30.360,6.490924401,-1.854087244,6.214106385136157,-1.8959836858662937,1.3762167939139918,1.5843740213729278,True
911,254,10.16,03/22/2026 12:53:30.400,6.315494012,-1.854087244,6.139680241240033,-1.8482370059327617,1.3060449834674377,0.0330052675668866,True
912,255,10.200000000000001,03/22/2026 12:53:30.440,5.964633234,-1.854087244,6.064722172124318,-1.828251909780953,0.9961196331193518,0.6010665393080278,True
913,256,10.24,03/22/2026 12:53:30.480,5.964633234,-1.854087244,5.990388196638172,-1.82487679904405,0.6457096765477146,0.7674696362715218,True
914,257,10.28,03/22/2026 12:53:30.520,5.964633234,-1.685533858,5.921362140081169,-1.7360181000816215,1.2513211113864044,2.2924239456357856,True
915,258,10.32,03/22/2026 12:53:30.560,5.964633234,-1.685533858,5.853366677170209,-1.6857251388464558,1.253620597644676,0.0009272572357777995,True
916,259,10.36,03/22/2026 12:53:30.600,5.964633234,-1.685533858,5.78618522332767,-1.6633165887706542,0.9871098099677738,0.4462138160643004,True
917,260,10.4,03/22/2026 12:53:30.640,5.613772455,-1.516980473,5.723112320258629,-1.564502281605437,1.5571771678449484,2.0319539696219073,True
918,261,10.44,03/22/2026 12:53:30.680,5.613772455,-1.516980473,5.66116900018557,-1.510414009243347,1.4784037166002038,0.03894596106243416,True
919,262,10.48,03/22/2026 12:53:30.720,5.613772455,-1.348427087,5.604944250217773,-1.3941688981808003,2.027123386327349,1.8818397843223702,True
920,263,10.52,03/22/2026 12:53:30.760,5.613772455,-1.348427087,5.550019513756986,-1.3327082527942675,1.8385628687061797,0.22250992321308244,True
921,264,10.56,03/22/2026 12:53:30.800,5.613772455,-1.348427087,5.496046429256169,-1.308728378585534,1.3623418754188472,1.4184031305475702,True
922,265,10.6,03/22/2026 12:53:30.840,5.438342066,-1.348427087,5.442048325463072,-1.3065359819458917,0.859815544387052,1.5783309304063269,True
923,266,10.64,03/22/2026 12:53:30.880,5.438342066,-1.179873701,5.39331349591672,-1.220909478586377,1.352083168602645,1.5146979542593073,True
924,267,10.68,03/22/2026 12:53:30.920,5.438342066,-1.179873701,5.345529543978618,-1.174070450560426,1.282471378604054,0.030906827060382846,True
925,268,10.72,03/22/2026 12:53:30.960,5.438342066,-1.179873701,5.298463708236694,-1.1544773805065582,0.97782296173432,0.5814696563616912,True
926,269,10.76,03/22/2026 12:53:31.000,5.438342066,-1.011320315,5.256752943501195,-1.0575919682611103,1.5329061936301693,1.9281383855106107,True
927,270,10.8,03/22/2026 12:53:31.040,5.262911677,-1.011320315,5.215416626201824,-1.0046291343360887,1.4526407961639975,0.040427846583832756,True
928,271,10.84,03/22/2026 12:53:31.080,5.087481287,-1.011320315,5.174198529915632,-0.9825030292259999,1.10694451137087,0.7474620160226653,True
929,272,10.88,03/22/2026 12:53:31.120,5.087481287,-1.011320315,5.133499970316244,-0.9788122517835468,0.7169754021797885,0.9506315342100198,True
930,273,10.92,03/22/2026 12:53:31.160,5.087481287,-1.011320315,5.093130339314451,-0.9841080003184504,0.39053592093434275,0.6660198462537532,True
931,274,10.96,03/22/2026 12:53:31.200,5.087481287,-0.842766929,5.057823655837269,-0.8986793299127926,1.0612630120164153,2.8117859143158856,True
932,275,11.0,03/22/2026 12:53:31.240,4.912050898,-0.842766929,5.022711594585057,-0.8487545419933864,1.1330856371835063,0.03312294337497962,True
933,276,11.040000000000001,03/22/2026 12:53:31.280,4.736620509,-0.842766929,4.987618476269435,-0.8252740241058257,0.9232295577287772,0.27980857854985325,True
934,277,11.08,03/22/2026 12:53:31.320,4.912050898,-0.842766929,4.953621398216468,-0.8185634640668957,0.6328826985720365,0.5270107181266117,True
935,278,11.120000000000001,03/22/2026 12:53:31.360,4.912050898,-0.674213543,4.924782551855348,-0.7271530677968528,1.2679452772707824,2.520662891230598,True
936,279,11.16,03/22/2026 12:53:31.400,4.912050898,-0.674213543,4.896829747336464,-0.6752015488487203,1.279798073238182,0.0008948251405870215,True
937,280,11.200000000000001,03/22/2026 12:53:31.440,4.736620509,-0.674213543,4.868919560189259,-0.651886539254204,1.011957290342783,0.4496388019243602,True
938,281,11.24,03/22/2026 12:53:31.480,4.56119012,-0.674213543,4.840839057665008,-0.6462829684057032,0.6768895556002057,0.7073581582617892,True
939,282,11.28,03/22/2026 12:53:31.520,4.56119012,-0.674213543,4.813042560778562,-0.6497514129654117,0.3834305387897548,0.5428355941451564,True
940,283,11.32,03/22/2026 12:53:31.560,4.56119012,-0.505660158,4.7902718574809064,-0.5629234237736804,1.070351289214598,2.952878120511614,True
941,284,11.36,03/22/2026 12:53:31.600,4.385759731,-0.505660158,4.767680466105782,-0.5120882891248648,1.1474464992969493,0.047672265050418675,True
942,285,11.4,03/22/2026 12:53:31.640,4.56119012,-0.505660158,4.746321670113667,-0.4881073524131605,0.9368747395245921,0.27961148830721344,True
943,286,11.44,03/22/2026 12:53:31.680,4.56119012,-0.505660158,4.725379306006211,-0.481187948421283,0.6432986487771801,0.5406257926963978,True
944,287,11.48,03/22/2026 12:53:31.720,4.56119012,-0.505660158,4.70469266006083,-0.483333106476185,0.37545680427942896,0.44986603542127185,True
945,288,11.52,03/22/2026 12:53:31.760,4.736620509,-0.337106772,4.689618715676514,-0.3954600062937166,1.0754649184616312,3.062738246050433,True
946,289,11.56,03/22/2026 12:53:31.800,4.736620509,-0.337106772,4.675317066470197,-0.34392638037498646,1.157275701082516,0.04210376055972421,True
947,290,11.6,03/22/2026 12:53:31.840,4.56119012,-0.337106772,4.660998783848187,-0.31955277051821795,0.9466933323041931,0.27787991910484616,True
948,291,11.64,03/22/2026 12:53:31.880,4.56119012,-0.337106772,4.6470747875139375,-0.3124589543035867,0.6510140739350052,0.5469523387328168,True
949,292,11.68,03/22/2026 12:53:31.920,4.56119012,-0.337106772,4.633382965901371,-0.31456399516824524,0.3805875089886797,0.45744660729153624,True
950,293,11.72,03/22/2026 12:53:31.960,4.56119012,-0.168553386,4.624670499194883,-0.22671998021267625,1.078351850519876,3.043249910127606,True
951,294,11.76,03/22/2026 12:53:32.000,4.56119012,-0.168553386,4.616709673065447,-0.17523923846793585,1.158552982214457,0.0404228691944122,True
952,295,11.8,03/22/2026 12:53:32.040,4.385759731,-0.168553386,4.608721291940342,-0.15091781628387477,0.9469867313073155,0.283351420367487,True
953,296,11.84,03/22/2026 12:53:32.080,4.385759731,-0.168553386,4.6011061366798724,-0.1438647457087748,0.6508120999718194,0.5516088959647047,True
954,297,11.88,03/22/2026 12:53:32.120,4.385759731,-0.168553386,4.593702264085146,-0.14599675299038184,0.3802133764526432,0.46078247684765744,True
955,298,11.92,03/22/2026 12:53:32.160,4.385759731,-0.168553386,4.586398298615205,-0.15175874747169546,0.17873592371814526,0.2566226605679242,True
956,299,11.96,03/22/2026 12:53:32.200,4.385759731,0.0,4.5839880969655225,-0.06431458176268529,0.9502456978904122,3.722971803223467,True
957,300,12.0,03/22/2026 12:53:32.240,4.385759731,0.0,4.582278841160873,-0.011699799644083273,1.090588027759292,0.12588117193098552,True
958,301,12.040000000000001,03/22/2026 12:53:32.280,4.385759731,0.0,4.581108263861384,0.014196740866844575,0.92027521729968,0.18405274506448796,True
959,302,12.08,03/22/2026 12:53:32.320,4.385759731,0.0,4.580290138899118,0.022684176536361816,0.6481470690345905,0.46557975970925686,True
960,303,12.120000000000001,03/22/2026 12:53:32.360,4.385759731,0.0,4.579667317349457,0.021617830918155143,0.38881084245139635,0.42307133254237295,True
961,304,12.16,03/22/2026 12:53:32.400,4.385759731,0.0,4.579129109704064,0.01653009898153873,0.19050712945606843,0.24848524472620687,True
962,305,12.200000000000001,03/22/2026 12:53:32.440,4.385759731,0.0,4.5786091018942505,0.010739639540071243,0.06166585631824001,0.10644076119122378,True
963,306,12.24,03/22/2026 12:53:32.480,4.385759731,0.0,4.578074735531422,0.005872358245077191,-0.008787431791712139,0.03369569024684662,True
964,307,12.280000000000001,03/22/2026 12:53:32.520,4.385759731,0.0,4.57751544898411,0.002454350356099961,-0.03823823390595303,0.008076338154259961,True
965,308,12.32,03/22/2026 12:53:32.560,4.385759731,0.0,4.5769327091443746,0.0004103103909474118,-0.04316868370738405,0.0027901035473433646,True
966,309,12.36,03/22/2026 12:53:32.600,4.385759731,0.0,4.576333011321444,-0.0005864636387887592,-0.03614179442682293,0.0029296939083902095,True
967,310,12.4,03/22/2026 12:53:32.640,4.385759731,0.0,4.575723693031432,-0.0009047602266275634,-0.02529658869005992,0.0033392712540740036,True
968,311,12.44,03/22/2026 12:53:32.680,4.385759731,0.0,4.575110892592924,-0.0008533843835218003,-0.015067660998512379,0.0032413243191411812,True
969,312,12.48,03/22/2026 12:53:32.720,4.385759731,0.0,4.574498897246521,-0.0006485637539497055,-0.007295736780187774,0.0029482810169607497,True
970,313,12.52,03/22/2026 12:53:32.760,4.385759731,0.0,4.573890248363886,-0.00041920921429451185,-0.0022751252477803555,0.0027118447126794113,True
971,314,12.56,03/22/2026 12:53:32.800,4.385759731,0.0,4.573286160911225,-0.00022788824278266998,0.00045042450711346976,0.0025844297868263155,True
972,315,12.6,03/22/2026 12:53:32.840,4.385759731,0.0,4.572686993157499,-9.431058213951201e-05,0.0015736016732248474,0.0025297375585749474,True
973,316,12.64,03/22/2026 12:53:32.880,4.385759731,0.0,4.572092638489261,-1.4919278880822658e-05,0.001744426189911478,0.0025060405449297547,True
974,317,12.68,03/22/2026 12:53:32.920,4.385759731,0.0,4.571502798966749,2.343118392067885e-05,0.0014552242403626135,0.0024905369531517865,True
975,318,12.72,03/22/2026 12:53:32.960,4.385759731,0.0,4.570917147906123,3.534543233271309e-05,0.0010231247631569047,0.002475485994357889,True
976,319,12.76,03/22/2026 12:53:33.000,4.385759731,0.0,4.570335408410006,3.296032724055176e-05,0.0006196627890335301,0.002459788023656927,True
977,320,12.8,03/22/2026 12:53:33.040,4.385759731,0.0,4.569757377756753,2.4725157544938363e-05,0.0003150155927461667,0.002443947070587697,True
978,321,12.84,03/22/2026 12:53:33.080,4.385759731,0.0,4.569182922504771,1.5646086779197285e-05,0.00011930646075642904,0.0024283456852854618,True
979,322,12.88,03/22/2026 12:53:33.120,4.385759731,0.0,4.568611961616098,8.129645966421524e-06,1.3789909841306028e-05,0.0024130562916338783,True
980,323,12.92,03/22/2026 12:53:33.160,4.385759731,0.0,4.56804444785184,2.912641377340788e-06,-2.911827743260761e-05,0.0023980179947890945,True
981,324,12.96,03/22/2026 12:53:33.200,4.385759731,0.0,4.567480352368055,-1.6795182565204868e-07,-3.504666939445762e-05,0.002383164157989372,True
982,325,13.0,03/22/2026 12:53:33.240,4.385759731,0.0,4.566919654021047,-1.6405592245975745e-06,-2.3284834157122156e-05,0.00236845824806046,True
983,326,13.040000000000001,03/22/2026 12:53:33.280,4.385759731,0.0,4.566362333048166,-2.0833464619914554e-06,-6.186657352487244e-06,0.0023538870026853075,True
984,327,13.08,03/22/2026 12:53:33.320,4.385759731,0.0,4.565808368041926,-1.973217540182271e-06,9.614922162858915e-06,0.002339447250921585,True
985,328,13.120000000000001,03/22/2026 12:53:33.360,4.385759731,0.0,4.565257735033317,-1.6402679785293548e-06,2.144679620182251e-05,0.0023251382010513115,True
986,329,13.16,03/22/2026 12:53:33.400,4.385759731,0.0,4.564710407707615,-1.2788578637019666e-06,2.8967403567800708e-05,0.0023109588564542262,True
987,330,13.200000000000001,03/22/2026 12:53:33.440,4.385759731,0.0,4.564166358076669,-9.815029999216574e-07,3.294500496667743e-05,0.0022969077623201223,True
988,331,13.24,03/22/2026 12:53:33.480,4.385759731,0.0,4.563625557209579,-7.756816668265164e-07,3.447749216916543e-05,0.0022829832870958754,True
989,332,13.280000000000001,03/22/2026 12:53:33.520,4.385759731,0.0,4.563087975832325,-6.540833457031879e-07,3.4575061207832775e-05,0.0022691838172897234,True
990,333,13.32,03/22/2026 12:53:33.560,4.385759731,0.0,4.562553584740049,-5.954856188899029e-07,3.399332507671104e-05,0.0022555078096721678,True
991,334,13.36,03/22/2026 12:53:33.600,4.385759731,0.0,4.562022355036959,-5.770078226755408e-07,3.3213421378746304e-05,0.002241953779012746,True
992,335,13.4,03/22/2026 12:53:33.640,4.385759731,0.0,4.561494258247334,-5.799146149791932e-07,3.249173963172081e-05,0.002228520277080764,True
993,336,13.44,03/22/2026 12:53:33.680,4.385759731,0.0,4.56096926634447,-5.913124254601465e-07,3.192999920756648e-05,0.0022152058804619616,True
994,337,13.48,03/22/2026 12:53:33.720,4.385759731,0.0,4.560447351735939,-6.036572761099419e-07,3.1539423082609756e-05,0.002202009186315586,True
995,338,13.52,03/22/2026 12:53:33.760,4.385759731,0.0,4.559928487231573,-6.133942637472603e-07,3.128859080590002e-05,0.0021889288116723324,True
996,339,13.56,03/22/2026 12:53:33.800,4.385759731,0.0,4.559412646009613,-6.195011979913885e-07,3.113382093374189e-05,0.002175963393520154,True
997,340,13.6,03/22/2026 12:53:33.840,4.385759731,0.0,4.558899801588308,-6.223004072034499e-07,3.103529987615772e-05,0.002163111588747671,True
998,341,13.64,03/22/2026 12:53:33.880,4.385759731,0.0,4.558389927805044,-6.226433751523908e-07,3.09634296365276e-05,0.002150372073873416,True
999,342,13.68,03/22/2026 12:53:33.920,4.385759731,0.0,4.557882998802357,-6.214351924614592e-07,3.08994708660437e-05,0.0021377435446848594,True
1000,343,13.72,03/22/2026 12:53:33.960,4.385759731,0.0,4.5573789890190675,-6.194116213969394e-07,3.083351158525585e-05,0.002125224715872462,True
1001,344,13.76,03/22/2026 12:53:34.000,4.385759731,0.0,4.556877873184701,-6.170760832587086e-07,3.07616800058994e-05,0.0021128143206845993,True
1002,345,13.8,03/22/2026 12:53:34.040,4.385759731,0.0,4.556379626315661,-6.147212169190727e-07,3.068361596937611e-05,0.002100511110601323,True
1003,346,13.84,03/22/2026 12:53:34.080,4.385759731,0.0,4.555884223712151,-6.124834488540491e-07,3.060059700809102e-05,0.002088313855019985,True
1004,347,13.88,03/22/2026 12:53:34.120,4.385759731,0.0,4.555391640955212,-6.104005992279805e-07,3.0514355450169704e-05,0.002076221340948199,True
1005,348,13.92,03/22/2026 12:53:34.160,4.385759731,0.0,4.554901853903627,-6.084585448454669e-07,3.0426455293618727e-05,0.0020642323727027745,True
1006,349,13.96,03/22/2026 12:53:34.200,4.385759731,0.0,4.554414838690588,-6.066230571774538e-07,3.033805100996189e-05,0.0020523457716142427,True
1007,350,14.0,03/22/2026 12:53:34.240,4.385759731,0.0,4.553930571720163,-6.048582527749823e-07,3.0249867679412008e-05,0.0020405603757371314,True
1008,351,14.040000000000001,03/22/2026 12:53:34.280,4.385759731,0.0,4.553449029663642,-6.0313515227518e-07,3.016228380014486e-05,0.002028875039566015,True
1009,352,14.08,03/22/2026 12:53:34.320,4.385759731,0.0,4.552970189455806,-6.01434013770478e-07,3.0075442088868886e-05,0.002017288633757091,True
1010,353,14.120000000000001,03/22/2026 12:53:34.360,4.385759731,0.0,4.55249402829121,-5.997433994338918e-07,2.9989349084793316e-05,0.0020058000448553337,True
1011,354,14.16,03/22/2026 12:53:34.400,4.385759731,0.0,4.552020523620495,-5.980579884757473e-07,2.9903948517970806e-05,0.001994408175027011,True
1012,355,14.200000000000001,03/22/2026 12:53:34.440,4.385759731,0.0,4.551549653146765,-5.963762992654546e-07,2.9819167352354604e-05,0.001983111941797498,True
1013,356,14.24,03/22/2026 12:53:34.480,4.385759731,0.0,4.551081394822021,-5.946988571615892e-07,2.9734939850289327e-05,0.001971910277793973,True
1014,357,14.280000000000001,03/22/2026 12:53:34.520,4.385759731,0.0,4.550615726843684,-5.930269515566861e-07,2.9651216726657855e-05,0.0019608021304934552,True
1015,358,14.32,03/22/2026 12:53:34.560,4.385759731,0.0,4.550152627651168,-5.913619202187879e-07,2.956796571813942e-05,0.0019497864619755078,True
1016,359,14.36,03/22/2026 12:53:34.600,4.385759731,0.0,4.549692075922529,-5.897048208650759e-07,2.948516821281622e-05,0.0019388622486797734,True
1017,360,14.4,03/22/2026 12:53:34.640,4.385759731,0.0,4.549234050571171,-5.880563450382636e-07,2.9402814846792353e-05,0.0019280284811682602,True
1018,361,14.44,03/22/2026 12:53:34.680,4.385759731,0.0,4.548778530742604,-5.864168581214635e-07,2.932090158098105e-05,0.0019172841638921555,True
1019,362,14.48,03/22/2026 12:53:34.720,4.385759731,0.0,4.548325495811269,-5.847864869101603e-07,2.9239426828553254e-05,0.0019066283149631116,True
1020,363,14.52,03/22/2026 12:53:34.760,4.385759731,0.0,4.547874925377398,-5.831652096441656e-07,2.915838966255504e-05,0.001896059965928945,True
1021,364,14.56,03/22/2026 12:53:34.800,4.385759731,0.0,4.547426799263943,-5.815529279181265e-07,2.9077788886306367e-05,0.0018855781615536409,True
1022,365,14.6,03/22/2026 12:53:34.840,4.385759731,0.0,4.5469810975135365,-5.799495151843922e-07,2.8997622685780736e-05,0.0018751819596014249,True
1023,366,14.64,03/22/2026 12:53:34.880,4.385759731,0.0,4.546537800385519,-5.783548444926554e-07,2.8917888614887295e-05,0.001864870430625095,True
1024,367,14.68,03/22/2026 12:53:34.920,4.385759731,0.0,4.546096888352997,-5.767688010733764e-07,2.88385837318392e-05,0.0018546426577582683,True
1025,368,14.72,03/22/2026 12:53:34.960,4.385759731,0.0,4.545658342099968,-5.751912854931379e-07,2.8759704773506563e-05,0.0018444977365116384,True
1026,369,14.76,03/22/2026 12:53:35.000,4.385759731,0.0,4.545222142518474,-5.736222119414393e-07,2.8681248309348864e-05,0.0018344347745729353,True
1027,370,14.8,03/22/2026 12:53:35.040,4.385759731,0.0,4.544788270705809,-5.72061504715795e-07,2.860321085331118e-05,0.0018244528916107976,True
1028,371,14.84,03/22/2026 12:53:35.080,4.385759731,0.0,4.544356707961771,-5.705090946535562e-07,2.8525588933043313e-05,0.0018145512190821877,True
1029,372,14.88,03/22/2026 12:53:35.120,4.385759731,0.0,4.543927435785958,-5.68964916299498e-07,2.8448379125265842e-05,0.0018047289000434996,True
1030,373,14.92,03/22/2026 12:53:35.160,4.385759731,0.0,4.543500435875106,-5.674289060030937e-07,2.8371578068433606e-05,0.0017949850889651979,True
1031,374,14.96,03/22/2026 12:53:35.200,4.385759731,0.0,4.543075690120472,-5.659010008333265e-07,2.829518246250198e-05,0.0017853189515498094,True
1032,375,15.0,03/22/2026 12:53:35.240,4.385759731,0.0,4.542653180605254,-5.643811380867693e-07,2.821918906291072e-05,0.001775729664553384,True
1033,376,15.040000000000001,03/22/2026 12:53:35.280,4.385759731,0.0,4.542232889602055,-5.628692551625718e-07,2.8143594673185072e-05,0.001766216415610168,True
1034,377,15.08,03/22/2026 12:53:35.320,4.385759731,0.0,4.541814799570391,-5.613652896254676e-07,2.806839613840745e-05,0.0017567784030606446,True
1035,378,15.120000000000001,03/22/2026 12:53:35.360,4.385759731,0.0,4.54139889315423,-5.598691793371037e-07,2.799359034037767e-05,0.0017474148357826682,True
1036,379,15.16,03/22/2026 12:53:35.400,4.385759731,0.0,4.540985153179573,-5.583808625878924e-07,2.7919174194466355e-05,0.0017381249330255953,True
1037,380,15.200000000000001,03/22/2026 12:53:35.440,4.385759731,0.0,4.540573562652078,-5.569002781992039e-07,2.7845144647803723e-05,0.0017289079242475793,True
1038,381,15.24,03/22/2026 12:53:35.480,4.385759731,0.0,4.540164104754713,-5.554273655888249e-07,2.777149867836122e-05,0.001719763048955903,True
1039,382,15.280000000000001,03/22/2026 12:53:35.520,4.385759731,0.0,4.539756762845452,-5.539620648043236e-07,2.7698233294539826e-05,0.001710689556549958,True
1040,383,15.32,03/22/2026 12:53:35.560,4.385759731,0.0,4.539351520455006,-5.525043165333963e-07,2.762534553498658e-05,0.001701686706167414,True
1041,384,15.36,03/22/2026 12:53:35.600,4.385759731,0.0,4.5389483612845805,-5.510540621000223e-07,2.7552832468468067e-05,0.0016927537665328302,True
1042,385,15.4,03/22/2026 12:53:35.640,4.385759731,0.0,4.538547269203684,-5.496112434535275e-07,2.7480691193713814e-05,0.0016838900158092573,True
1043,386,15.44,03/22/2026 12:53:35.680,4.385759731,0.0,4.538148228247956,-5.481758031552124e-07,2.7408918839198675e-05,0.001675094741452487,True
1044,387,15.48,03/22/2026 12:53:35.720,4.385759731,0.0,4.537751222617036,-5.467476843651036e-07,2.7337512562864635e-05,0.0016663672400677471,True
1045,388,15.52,03/22/2026 12:53:35.760,4.385759731,0.0,4.53735623667246,-5.45326830830049e-07,2.7266469551796282e-05,0.0016577068172691028,True
1046,389,15.56,03/22/2026 12:53:35.800,4.385759731,0.0,4.536963254935597,-5.439131868734188e-07,2.7195787021867588e-05,0.0016491127875414423,True
1047,390,15.6,03/22/2026 12:53:35.840,4.385759731,0.0,4.536572262085608,-5.42506697386149e-07,2.7125462217375016e-05,0.001640584474104733,True
1048,391,15.64,03/22/2026 12:53:35.880,4.385759731,0.0,4.536183242957442,-5.41107307818815e-07,2.705549241066766e-05,0.0016321212087808134,True
1049,392,15.68,03/22/2026 12:53:35.920,4.385759731,0.0,4.535796182539863,-5.397149641743932e-07,2.6985874901781106e-05,0.0016237223318626062,True
1050,393,15.72,03/22/2026 12:53:35.960,4.385759731,0.0,4.535411065973501,-5.383296130013757e-07,2.691660701807816e-05,0.0016153871919854705,True
1051,394,15.76,03/22/2026 12:53:36.000,4.385759731,0.0,4.53502787854894,-5.369512013871059e-07,2.6847686113897616e-05,0.0016071151460009827,True
1052,395,15.8,03/22/2026 12:53:36.040,4.385759731,0.0,4.534646605704828,-5.355796769512057e-07,2.6779109570210732e-05,0.0015989055588528406,True
1053,396,15.84,03/22/2026 12:53:36.080,4.385759731,0.0,4.534267233026021,-5.342149878390717e-07,2.6710874794284964e-05,0.001590757803455054,True
1054,397,15.88,03/22/2026 12:53:36.120,4.385759731,0.0,4.533889746241753,-5.328570827153889e-07,2.664297921935402e-05,0.0015826712605721174,True
1055,398,15.92,03/22/2026 12:53:36.160,4.385759731,0.0,4.533514131223829,-5.315059107577266e-07,2.6575420304293623e-05,0.0015746453187014792,True
1056,399,15.96,03/22/2026 12:53:36.200,4.385759731,0.0,4.533140373984858,-5.301614216501692e-07,2.6508195533302495e-05,0.0015666793739578873,True
1057,400,16.0,03/22/2026 12:53:36.240,4.385759731,0.0,4.532768460676491,-5.288235655770175e-07,2.644130241558809e-05,0.001558772829959767,True
1058,401,16.04,03/22/2026 12:53:36.280,4.385759731,0.0,4.532398377587707,-5.274922932166029e-07,2.637473848505696e-05,0.001550925097717721,True
1059,402,16.080000000000002,03/22/2026 12:53:36.320,4.385759731,0.0,4.532030111143111,-5.261675557351446e-07,2.630850130000963e-05,0.0015431355955247052,True
1060,403,16.12,03/22/2026 12:53:36.360,4.385759731,0.0,4.531663647901266,-5.248493047807532e-07,2.624258844283988e-05,0.0015354037488484124,True
1061,404,16.16,03/22/2026 12:53:36.400,4.385759731,0.0,4.531298974553036,-5.235374924774785e-07,2.617699751973842e-05,0.0015277289902252181,True
1062,405,16.2,03/22/2026 12:53:36.440,4.385759731,0.0,4.53093607791997,-5.222320714194568e-07,2.6111726160400827e-05,0.0015201107591560883,True
1063,406,16.240000000000002,03/22/2026 12:53:36.480,4.385759731,0.0,4.530574944952698,-5.20932994665172e-07,2.6046772017739753e-05,0.0015125485020043307,True
1064,407,16.28,03/22/2026 12:53:36.520,4.385759731,0.0,4.530215562729359,-5.196402157317739e-07,2.5982132767601386e-05,0.0015050416718949574,True
1065,408,16.32,03/22/2026 12:53:36.560,4.385759731,0.0,4.529857918454041,-5.183536885894823e-07,2.591780610848601e-05,0.0014975897286158095,True
1066,409,16.36,03/22/2026 12:53:36.600,4.385759731,0.0,4.5295019994552534,-5.170733676560904e-07,2.5853789761272613e-05,0.0014901921385204364,True
1067,410,16.4,03/22/2026 12:53:36.640,4.385759731,0.0,4.529147793184422,-5.157992077915492e-07,2.5790081468947625e-05,0.0014828483744325968,True
1068,411,16.44,03/22/2026 12:53:36.680,4.385759731,0.0,4.528795287214396,-5.145311642925879e-07,2.572667899633748e-05,0.0014755579155521948,True
1069,412,16.48,03/22/2026 12:53:36.720,4.385759731,0.0,4.528444469237986,-5.132691928874725e-07,2.566358012984505e-05,0.0014683202473631369,True
1070,413,16.52,03/22/2026 12:53:36.760,4.385759731,0.0,4.528095327066522,-5.120132497308087e-07,2.560078267719002e-05,0.0014611348615425025,True
1071,414,16.56,03/22/2026 12:53:36.800,4.385759731,0.0,4.527747848628425,-5.107632913984046e-07,2.5538284467152855e-05,0.0014540012558712269,True
1072,415,16.6,03/22/2026 12:53:36.840,4.385759731,0.0,4.52740202196781,-5.095192748822414e-07,2.5476083349322525e-05,0.00144691893414647,True
1073,416,16.64,03/22/2026 12:53:36.880,4.385759731,0.0,4.5270578352431,-5.082811575854953e-07,2.5414177193847822e-05,0.0014398874060952754,True
1074,417,16.68,03/22/2026 12:53:36.920,4.385759731,0.0,4.526715276725664,-5.070488973176314e-07,2.535256389119224e-05,0.0014329061872897441,True
1075,418,16.72,03/22/2026 12:53:36.960,4.385759731,0.0,4.526374334798472,-5.058224522895796e-07,2.5291241351892372e-05,0.0014259747990636373,True
1076,419,16.76,03/22/2026 12:53:37.000,4.385759731,0.0,4.526034997954777,-5.046017811089629e-07,2.523020750631972e-05,0.0014190927684302925,True
1077,420,16.8,03/22/2026 12:53:37.040,4.385759731,0.0,4.5256972547968,-5.033868427754119e-07,2.5169460304445943e-05,0.0014122596280020168,True
1078,421,16.84,03/22/2026 12:53:37.080,4.385759731,0.0,4.52536109403445,-5.02177596675917e-07,2.510899771561134e-05,0.0014054749159106302,True
1079,422,16.88,03/22/2026 12:53:37.120,4.385759731,0.0,4.525026504484056,-5.009740025802887e-07,2.504881772829667e-05,0.0013987381757295725,True
1080,423,16.92,03/22/2026 12:53:37.160,4.385759731,0.0,4.524693475067109,-4.997760206366357e-07,2.498891834989821e-05,0.0013920489563970166,True
1081,424,16.96,03/22/2026 12:53:37.200,4.385759731,0.0,4.524361994809038,-4.98583611366944e-07,2.4929297606505884e-05,0.0013854068121404723,True
1082,425,17.0,03/22/2026 12:53:37.240,4.385759731,0.0,4.524032052837984,-4.973967356626911e-07,2.48699535426846e-05,0.0013788113024024687,True
1083,426,17.04,03/22/2026 12:53:37.280,4.385759731,0.0,4.523703638383612,-4.962153547805451e-07,2.48108842212586e-05,0.0013722619917675655,True
1084,427,17.080000000000002,03/22/2026 12:53:37.320,4.385759731,0.0,4.523376740775921,-4.950394303381097e-07,2.4752087723098882e-05,0.0013657584498904805,True
1085,428,17.12,03/22/2026 12:53:37.360,4.385759731,0.0,4.523051349444081,-4.938689243097256e-07,2.4693562146913524e-05,0.0013593002514253902,True
1086,429,17.16,03/22/2026 12:53:37.400,4.385759731,0.0,4.522727453915283,-4.927037990223317e-07,2.463530560904091e-05,0.001352886975956384,True
1087,430,17.2,03/22/2026 12:53:37.440,4.385759731,0.0,4.522405043813607,-4.915440171514072e-07,2.4577316243245897e-05,0.0013465182079291434,True
1088,431,17.240000000000002,03/22/2026 12:53:37.480,4.385759731,0.0,4.5220841088589,-4.903895417169219e-07,2.451959220051875e-05,0.001340193536583485,True
1089,432,17.28,03/22/2026 12:53:37.520,4.385759731,0.0,4.521764638865681,-4.892403360793987e-07,2.4462131648876846e-05,0.0013339125558873048,True
1090,433,17.32,03/22/2026 12:53:37.560,4.385759731,0.0,4.521446623742048,-4.880963639359919e-07,2.4404932773169196e-05,0.0013276748644713231,True
1091,434,17.36,03/22/2026 12:53:37.600,4.385759731,0.0,4.521130053488608,-4.869575893166267e-07,2.4347993774883574e-05,0.0013214800655649895,True
1092,435,17.400000000000002,03/22/2026 12:53:37.640,4.385759731,0.0,4.5208149181974155,-4.858239765801996e-07,2.429131287195632e-05,0.0013153277669334213,True
1093,436,17.44,03/22/2026 12:53:37.680,4.385759731,0.0,4.520501208050937,-4.846954904108191e-07,2.423488829858471e-05,0.0013092175808152855,True
1094,437,17.48,03/22/2026 12:53:37.720,4.385759731,0.0,4.520188913321015,-4.835720958141108e-07,2.4178718305041896e-05,0.0013031491238617507,True
1095,438,17.52,03/22/2026 12:53:37.760,4.385759731,0.0,4.519878024367858,-4.82453758113564e-07,2.4122801157494408e-05,0.001297122017076342,True
1096,439,17.56,03/22/2026 12:53:37.800,4.385759731,0.0,4.519568531639037,-4.813404429469398e-07,2.4067135137822108e-05,0.0012911358857558201,True
1097,440,17.6,03/22/2026 12:53:37.840,4.385759731,0.0,4.5192604256685005,-4.802321162627107e-07,2.4011718543440613e-05,0.0012851903594319042,True
1098,441,17.64,03/22/2026 12:53:37.880,4.385759731,0.0,4.518953697075595,-4.791287443165575e-07,2.3956549687126104e-05,0.0012792850718139888,True
1099,442,17.68,03/22/2026 12:53:37.920,4.385759731,0.0,4.518648336564113,-4.780302936679217e-07,2.3901626896842496e-05,0.0012734196607327565,True
1100,443,17.72,03/22/2026 12:53:37.960,4.385759731,0.0,4.518344334921336,-4.769367311765747e-07,2.3846948515570932e-05,0.001267593768084581,True
1101,444,17.76,03/22/2026 12:53:38.000,4.385759731,0.0,4.518041683017105,-4.7584802399927663e-07,2.379251290114156e-05,0.001261807039776992,True
1102,445,17.8,03/22/2026 12:53:38.040,4.385759731,0.0,4.517740371802896,-4.7476413958644334e-07,2.3738318426067613e-05,0.0012560591256747923,True
1103,446,17.84,03/22/2026 12:53:38.080,4.385759731,0.0,4.51744039231091,-4.736850456788798e-07,2.368436347738165e-05,0.001250349679547154,True
1104,447,17.88,03/22/2026 12:53:38.120,4.385759731,0.0,4.517141735653174,-4.7261071030454575e-07,2.363064645647404e-05,0.0012446783590154703,True
1105,448,17.92,03/22/2026 12:53:38.160,4.385759731,0.0,4.516844393020656,-4.7154110177536377e-07,2.3577165778933568e-05,0.0012390448255020252,True
1106,449,17.96,03/22/2026 12:53:38.200,4.385759731,0.0,4.5165483556823895,-4.7047618868408086e-07,2.3523919874390125e-05,0.0012334487441795004,True
1107,450,18.0,03/22/2026 12:53:38.240,4.385759731,0.0,4.5162536149846115,-4.694159399011504e-07,2.3470907186359515e-05,0.0012278897839211752,True
1108,451,18.04,03/22/2026 12:53:38.280,4.385759731,0.0,4.515960162349911,-4.683603245716945e-07,2.3418126172090332e-05,0.0012223676172520626,True
1109,452,18.080000000000002,03/22/2026 12:53:38.320,4.385759731,0.0,4.515667989276389,-4.6730931211246307e-07,2.336557530241287e-05,0.0012168819203005824,True
1110,453,18.12,03/22/2026 12:53:38.360,4.385759731,0.0,4.515377087336829,-4.6626287220885925e-07,2.3313253061590013e-05,0.0012114323727511497,True
1111,454,18.16,03/22/2026 12:53:38.400,4.385759731,0.0,4.515087448177878,-4.6522097481198973e-07,2.326115794717006e-05,0.0012060186577973846,True
1112,455,18.2,03/22/2026 12:53:38.440,4.385759731,0.0,4.51479906351924,-4.6418359013575653e-07,2.3209288469841453e-05,0.0012006404620960806,True
1113,456,18.240000000000002,03/22/2026 12:53:38.480,4.385759731,0.0,4.51451192515288,-4.6315068865401147e-07,2.3157643153289485e-05,0.0011952974757219448,True
1114,457,18.28,03/22/2026 12:53:38.520,4.385759731,0.0,4.514226024942236,-4.6212224109770084e-07,2.3106220534054836e-05,0.0011899893921228414,True
1115,458,18.32,03/22/2026 12:53:38.560,4.385759731,0.0,4.513941354821442,-4.610982184520858e-07,2.3055019161393926e-05,0.0011847159080759088,True
1116,459,18.36,03/22/2026 12:53:38.600,4.385759731,0.0,4.513657906794567,-4.6007859195399833e-07,2.3004037597141172e-05,0.0011794767236442943,True
1117,460,18.400000000000002,03/22/2026 12:53:38.640,4.385759731,0.0,4.513375672934851,-4.5906333308909776e-07,2.2953274415572973e-05,0.001174271542134412,True
1118,461,18.44,03/22/2026 12:53:38.680,4.385759731,0.0,4.513094645383964,-4.580524135892011e-07,2.290272820327344e-05,0.0011691000700540367,True
1119,462,18.48,03/22/2026 12:53:38.720,4.385759731,0.0,4.512814816351268,-4.570458054296203e-07,2.2852397559001864e-05,0.0011639620170708805,True
1120,463,18.52,03/22/2026 12:53:38.760,4.385759731,0.0,4.51253617811309,-4.5604348082656077e-07,2.2802281093561916e-05,0.0011588570959719143,True
1121,464,18.56,03/22/2026 12:53:38.800,4.385759731,0.0,4.512258723012003,-4.5504541223452825e-07,2.2752377429672522e-05,0.0011537850226231844,True
1122,465,18.6,03/22/2026 12:53:38.840,4.385759731,0.0,4.5119824434561195,-4.540515723437939e-07,2.2702685201840437e-05,0.0011487455159303569,True
1123,466,18.64,03/22/2026 12:53:38.880,4.385759731,0.0,4.5117073319183865,-4.530619340778542e-07,2.265320305623439e-05,0.0011437382977996658,True
1124,467,18.68,03/22/2026 12:53:38.920,4.385759731,0.0,4.511433380935902,-4.5207647059095854e-07,2.2603929650560804e-05,0.0011387630930996496,True
1125,468,18.72,03/22/2026 12:53:38.960,4.385759731,0.0,4.51116058310923,-4.510951552656721e-07,2.2554863653941228e-05,0.0011338196296233913,True
1126,469,18.76,03/22/2026 12:53:39.000,4.385759731,0.0,4.510888931101725,-4.5011796171042297e-07,2.2506003746791235e-05,0.0011289076380511635,True
1127,470,18.8,03/22/2026 12:53:39.040,4.385759731,0.0,4.510618417638872,-4.491448637571418e-07,2.2457348620700876e-05,0.0011240268519139135,True
1128,471,18.84,03/22/2026 12:53:39.080,4.385759731,0.0,4.510349035507626,-4.481758354588787e-07,2.240889697831667e-05,0.0011191770075570091,True
1129,472,18.88,03/22/2026 12:53:39.120,4.385759731,0.0,4.510080777555766,-4.472108510874827e-07,2.2360647533225054e-05,0.0011143578441047061,True
1130,473,18.92,03/22/2026 12:53:39.160,4.385759731,0.0,4.5098136366912565,-4.4624988513129733e-07,2.2312599009837296e-05,0.0011095691034250486,True
1131,474,18.96,03/22/2026 12:53:39.200,4.385759731,0.0,4.509547605881614,-4.4529291229289363e-07,2.2264750143275925e-05,0.0011048105300953477,True
1132,475,19.0,03/22/2026 12:53:39.240,4.385759731,0.0,4.509282678153281,-4.443399074868186e-07,2.2217099679262505e-05,0.001100081871368072,True
1133,476,19.04,03/22/2026 12:53:39.280,4.385759731,0.0,4.509018846591017,-4.4339084583738365e-07,2.2169646374006877e-05,0.0010953828771373458,True
1134,477,19.080000000000002,03/22/2026 12:53:39.320,4.385759731,0.0,4.5087561043372855,-4.424457026764818e-07,2.2122388994097763e-05,0.0010907132999058784,True
1135,478,19.12,03/22/2026 12:53:39.360,4.385759731,0.0,4.508494444591652,-4.4150445354142445e-07,2.2075326316394774e-05,0.001086072894752379,True
1136,479,19.16,03/22/2026 12:53:39.400,4.385759731,0.0,4.5082338606101935,-4.405670741727956e-07,2.2028457127921697e-05,0.0010814614192994059,True
1137,480,19.2,03/22/2026 12:53:39.440,4.385759731,0.0,4.5079743457049135,-4.396335405123608e-07,2.1981780225761123e-05,0.0010768786336818033,True
1138,481,19.240000000000002,03/22/2026 12:53:39.480,4.385759731,0.0,4.507715893243161,-4.387038287009825e-07,2.1935294416950444e-05,0.0010723243005154738,True
1139,482,19.28,03/22/2026 12:53:39.520,4.385759731,0.0,4.507458496647062,-4.37777915076559e-07,2.1888998518379076e-05,0.0010677981848666415,True
1140,483,19.32,03/22/2026 12:53:39.560,4.385759731,0.0,4.507202149392951,-4.3685577617199527e-07,2.1842891356686952e-05,0.0010633000542215616,True
1141,484,19.36,03/22/2026 12:53:39.600,4.385759731,0.0,4.506946845010819,-4.359373887132103e-07,2.1796971768164333e-05,0.0010588296784567203,True
1142,485,19.400000000000002,03/22/2026 12:53:39.640,4.385759731,0.0,4.506692577083759,-4.350227296171442e-07,2.1751238598652784e-05,0.0010543868298093402,True
1143,486,19.44,03/22/2026 12:53:39.680,4.385759731,0.0,4.506439339247424,-4.341117759898045e-07,2.17056907034474e-05,0.0010499712828484031,True
1144,487,19.48,03/22/2026 12:53:39.720,4.385759731,0.0,4.506187125189492,-4.3320450512433864e-07,2.166032694720019e-05,0.0010455828144460809,True
1145,488,19.52,03/22/2026 12:53:39.760,4.385759731,0.0,4.50593592864913,-4.3230089449912723e-07,2.1615146203824738e-05,0.0010412212037495467,True
1146,489,19.56,03/22/2026 12:53:39.800,4.385759731,0.0,4.505685743416476,-4.314009217758875e-07,2.157014735640189e-05,0.001036886232153157,True
1147,490,19.6,03/22/2026 12:53:39.840,4.385759731,0.0,4.5054365633321165,-4.305045647978271e-07,2.15253292970867e-05,0.0010325776832711426,True
1148,491,19.64,03/22/2026 12:53:39.880,4.385759731,0.0,4.50518838228658,-4.296118015877896e-07,2.1480690927016464e-05,0.0010282953429105318,True
1149,492,19.68,03/22/2026 12:53:39.920,4.385759731,0.0,4.504941194219827,-4.2872261034645615e-07,2.1436231156219873e-05,0.0010240389990446243,True
1150,493,19.72,03/22/2026 12:53:39.960,4.385759731,0.0,4.504694993120758,-4.2783696945053414e-07,2.1391948903527293e-05,0.0010198084417866742,True
1151,494,19.76,03/22/2026 12:53:40.000,4.385759731,0.0,4.504449773026711,-4.269548574509933e-07,2.1347843096482098e-05,0.0010156034633640796,True
1152,495,19.8,03/22/2026 12:53:40.040,4.385759731,0.0,4.504205528022983,-4.2607625307130935e-07,2.1303912671253093e-05,0.001011423858092849,True
1153,496,19.84,03/22/2026 12:53:40.080,4.385759731,0.0,4.503962252242345,-4.252011352057291e-07,2.1260156572547926e-05,0.0010072694223524472,True
1154,497,19.88,03/22/2026 12:53:40.120,4.385759731,0.0,4.503719939864566,-4.243294829175781e-07,2.1216573753527654e-05,0.001003139954561073,True
1155,498,19.92,03/22/2026 12:53:40.160,4.385759731,0.0,4.503478585115946,-4.2346127543755385e-07,2.117316317572228e-05,0.0009990352551511256,True
1156,499,19.96,03/22/2026 12:53:40.200,4.385759731,0.0,4.503238182268851,-4.225964921620609e-07,2.1129923808947255e-05,0.0009949551265451444,True
1157,500,20.0,03/22/2026 12:53:40.240,4.385759731,0.0,4.502998725641253,-4.2173511265156053e-07,2.1086854631221035e-05,0.0009908993731320304,True
1158,501,20.04,03/22/2026 12:53:40.280,4.385759731,0.0,4.5027602095962775,-4.208771166289527e-07,2.1043954628683593e-05,0.000986867801243642,True
1159,502,20.080000000000002,03/22/2026 12:53:40.320,4.385759731,0.0,4.502522628541759,-4.2002248397794933e-07,2.1001222795515937e-05,0.0009828602191316231,True
1160,503,20.12,03/22/2026 12:53:40.360,4.385759731,0.0,4.502285976929795,-4.191711947414934e-07,2.0958658133860525e-05,0.0009788764369446572,True
1161,504,20.16,03/22/2026 12:53:40.400,4.385759731,0.0,4.50205024925631,-4.183232291201886e-07,2.091625965374269e-05,0.0009749162667059869,True
1162,505,20.2,03/22/2026 12:53:40.440,4.385759731,0.0,4.501815440060625,-4.174785674707334e-07,2.0874026372992935e-05,0.0009709795222912064,True
1163,506,20.240000000000002,03/22/2026 12:53:40.480,4.385759731,0.0,4.501581543925026,-4.166371903043964e-07,2.0831957317170158e-05,0.0009670660194064467,True
1164,507,20.28,03/22/2026 12:53:40.520,4.385759731,0.0,4.50134855547435,-4.157990782854958e-07,2.0790051519485793e-05,0.0009631755755667926,True
1165,508,20.32,03/22/2026 12:53:40.560,4.385759731,0.0,4.501116469375562,-4.1496421222990934e-07,2.0748308020728883e-05,0.0009593080100750463,True
1166,509,20.36,03/22/2026 12:53:40.600,4.385759731,0.0,4.500885280337345,-4.141325731035673e-07,2.0706725869191954e-05,0.000955463144000666,True
1167,510,20.400000000000002,03/22/2026 12:53:40.640,4.385759731,0.0,4.500654983109694,-4.1330414202102454e-07,2.0665304120597798e-05,0.0009516408001592233,True
1168,511,20.44,03/22/2026 12:53:40.680,4.385759731,0.0,4.50042557248351,-4.1247890024397903e-07,2.0624041838027144e-05,0.0009478408030918408,True
1169,512,20.48,03/22/2026 12:53:40.720,4.385759731,0.0,4.500197043290209,-4.1165682917985787e-07,2.0582938091847082e-05,0.0009440629790451663,True
1170,513,20.52,03/22/2026 12:53:40.760,4.385759731,0.0,4.499969390401321,-4.108379103804058e-07,2.0541991959640404e-05,0.0009403071559514985,True
1171,514,20.56,03/22/2026 12:53:40.800,4.385759731,0.0,4.499742608728107,-4.100221255402786e-07,2.0501202526135723e-05,0.0009365731634091665,True
1172,515,20.6,03/22/2026 12:53:40.840,4.385759731,0.0,4.499516693221175,-4.0920945649567466e-07,2.0460568883138446e-05,0.0009328608326632693,True
1173,516,20.64,03/22/2026 12:53:40.880,4.385759731,0.0,4.499291638870098,-4.0839988522294864e-07,2.042009012946247e-05,0.0009291699965865216,True
1174,517,20.68,03/22/2026 12:53:40.920,4.385759731,0.0,4.499067440703038,-4.0759339383729073e-07,2.037976537086275e-05,0.0009255004896605835,True
1175,518,20.72,03/22/2026 12:53:40.960,4.385759731,0.0,4.49884409378638,-4.0678996459136996e-07,2.033959371996861e-05,0.0009218521479573862,True
1176,519,20.76,03/22/2026 12:53:41.000,4.385759731,0.0,4.49862159322436,-4.059895798740236e-07,2.0299574296217817e-05,0.0009182248091208949,True
1177,520,20.8,03/22/2026 12:53:41.040,4.385759731,0.0,4.498399934158709,-4.051922222089511e-07,2.025970622579137e-05,0.0009146183123490338,True
1178,521,20.84,03/22/2026 12:53:41.080,4.385759731,0.0,4.498179111768287,-4.0439787425343153e-07,2.0219988641549117e-05,0.000911032498375887,True
1179,522,20.88,03/22/2026 12:53:41.120,4.385759731,0.0,4.497959121268737,-4.036065187970502e-07,2.0180420682966093e-05,0.0009074672094541231,True
1180,523,20.92,03/22/2026 12:53:41.160,4.385759731,0.0,4.497739957912127,-4.0281813876042597e-07,2.0141001496069523e-05,0.000903922289337606,True
1181,524,20.96,03/22/2026 12:53:41.200,4.385759731,0.0,4.49752161698661,-4.0203271719398454e-07,2.0101730233376594e-05,0.0009003975832643568,True
1182,525,21.0,03/22/2026 12:53:41.240,4.385759731,0.0,4.497304093816081,-4.012502372767186e-07,2.0062606053832948e-05,0.0008968929379396194,True
1183,526,21.04,03/22/2026 12:53:41.280,4.385759731,0.0,4.497087383759837,-4.0047068231496907e-07,2.0023628122751834e-05,0.0008934082015192019,True
1184,527,21.080000000000002,03/22/2026 12:53:41.320,4.385759731,0.0,4.496871482212242,-3.9969403574123316e-07,1.9984795611753976e-05,0.0008899432235930768,True
1185,528,21.12,03/22/2026 12:53:41.360,4.385759731,0.0,4.4966563846024,-3.9892028111296046e-07,1.9946107698708118e-05,0.0008864978551690931,True
1186,529,21.16,03/22/2026 12:53:41.400,4.385759731,0.0,4.496442086393825,-3.9814940211138743e-07,1.9907563567672212e-05,0.0008830719486570238,True
1187,530,21.2,03/22/2026 12:53:41.440,4.385759731,0.0,4.4962285830841155,-3.9738138254036463e-07,1.986916240883529e-05,0.0008796653578527143,True
1188,531,21.240000000000002,03/22/2026 12:53:41.480,4.385759731,0.0,4.496015870204644,-3.9661620632522313e-07,1.983090341845998e-05,0.0008762779379225552,True
1189,532,21.28,03/22/2026 12:53:41.520,4.385759731,0.0,4.495803943320233,-3.9585385751162966e-07,1.9792785798825728e-05,0.0008729095453880511,True
1190,533,21.32,03/22/2026 12:53:41.560,4.385759731,0.0,4.495592798028842,-3.9509432026446436e-07,1.9754808758172606e-05,0.0008695600381106438,True
1191,534,21.36,03/22/2026 12:53:41.600,4.385759731,0.0,4.495382429961266,-3.9433757886669705e-07,1.9716971510645717e-05,0.000866229275276692,True
1192,535,21.400000000000002,03/22/2026 12:53:41.640,4.385759731,0.0,4.495172834780821,-3.9358361771830236e-07,1.9679273276240232e-05,0.0008629171173827312,True
1193,536,21.44,03/22/2026 12:53:41.680,4.385759731,0.0,4.494964008183049,-3.9283242133517935e-07,1.96417132807471e-05,0.0008596234262208741,True
1194,537,21.48,03/22/2026 12:53:41.720,4.385759731,0.0,4.494755945895418,-3.9208397434805607e-07,1.9604290755699327e-05,0.0008563480648643281,True
1195,538,21.52,03/22/2026 12:53:41.760,4.385759731,0.0,4.49454864367702,-3.91338261501437e-07,1.9567004938318788e-05,0.0008530908976532313,True
1196,539,21.56,03/22/2026 12:53:41.800,4.385759731,0.0,4.49434209731829,-3.90595267652562e-07,1.952985507146373e-05,0.0008498517901806209,True
1197,540,21.6,03/22/2026 12:53:41.840,4.385759731,0.0,4.494136302640708,-3.898549777703545e-07,1.9492840403576827e-05,0.0008466306092785298,True
1198,541,21.64,03/22/2026 12:53:41.880,4.385759731,0.0,4.493931255496519,-3.891173769343997e-07,1.945596018863378e-05,0.0008434272230043362,True
1199,542,21.68,03/22/2026 12:53:41.920,4.385759731,0.0,4.493726951768444,-3.88382450333925e-07,1.9419213686092487e-05,0.0008402415006272422,True
1200,543,21.72,03/22/2026 12:53:41.960,4.385759731,0.0,4.493523387369409,-3.876501832667963e-07,1.938260016084281e-05,0.0008370733126149542,True
1201,544,21.76,03/22/2026 12:53:42.000,4.385759731,0.0,4.493320558242262,-3.8692056113852636e-07,1.9346118883156846e-05,0.0008339225306205198,True
1202,545,21.8,03/22/2026 12:53:42.040,4.385759731,0.0,4.493118460359502,-3.8619356946128485e-07,1.9309769128639776e-05,0.0008307890274693214,True
1203,546,21.84,03/22/2026 12:53:42.080,4.385759731,0.0,4.492917089723009,-3.8546919385292995e-07,1.927355017818121e-05,0.0008276726771462614,True
1204,547,21.88,03/22/2026 12:53:42.120,4.385759731,0.0,4.492716442363776,-3.847474200360522e-07,1.923746131790713e-05,0.0008245733547831159,True
1205,548,21.92,03/22/2026 12:53:42.160,4.385759731,0.0,4.492516514341646,-3.8402823383701326e-07,1.920150183913231e-05,0.0008214909366459946,True
1206,549,21.96,03/22/2026 12:53:42.200,4.385759731,0.0,4.492317301745045,-3.8331162118500323e-07,1.9165671038313248e-05,0.0008184253001230058,True
1207,550,22.0,03/22/2026 12:53:42.240,4.385759731,0.0,4.492118800690732,-3.825975681111218e-07,1.9129968217001605e-05,0.0008153763237121048,True
1208,551,22.04,03/22/2026 12:53:42.280,4.385759731,0.0,4.491921007323537,-3.818860607474556e-07,1.9094392681798225e-05,0.0008123438870090379,True
1209,552,22.080000000000002,03/22/2026 12:53:42.320,4.385759731,0.0,4.491723917816108,-3.8117708532616056e-07,1.905894374430759e-05,0.0008093278706954503,True
1210,553,22.12,03/22/2026 12:53:42.360,4.385759731,0.0,4.491527528368661,-3.804706281785552e-07,1.9023620721092745e-05,0.0008063281565271423,True
1211,554,22.16,03/22/2026 12:53:42.400,4.385759731,0.0,4.491331835208737,-3.79766675734246e-07,1.8988422933630715e-05,0.0008033446273225397,True
1212,555,22.2,03/22/2026 12:53:42.440,4.385759731,0.0,4.491136834590948,-3.790652145202361e-07,1.895334970826848e-05,0.0008003771669512125,True
1213,556,22.240000000000002,03/22/2026 12:53:42.480,4.385759731,0.0,4.490942522796744,-3.7836623116005694e-07,1.8918400376179348e-05,0.0007974256603225949,True
1214,557,22.28,03/22/2026 12:53:42.520,4.385759731,0.0,4.490748896134166,-3.7766971237289983e-07,1.888357427331981e-05,0.0007944899933748167,True
1215,558,22.32,03/22/2026 12:53:42.560,4.385759731,0.0,4.490555950937611,-3.7697564497276986e-07,1.884887074038688e-05,0.0007915700530637168,True
1216,559,22.36,03/22/2026 12:53:42.600,4.385759731,0.0,4.4903636835675975,-3.7628401586762663e-07,1.8814289122775844e-05,0.000788665727351915,True
1217,560,22.400000000000002,03/22/2026 12:53:42.640,4.385759731,0.0,4.490172090410535,-3.755948120585679e-07,1.8779828770538465e-05,0.000785776905198141,True
1218,561,22.44,03/22/2026 12:53:42.680,4.385759731,0.0,4.4899811678784936,-3.749080206389954e-07,1.8745489038341714e-05,0.0007829034765465795,True
1219,562,22.48,03/22/2026 12:53:42.720,4.385759731,0.0,4.489790912408972,-3.742236287938002e-07,1.8711269285426884e-05,0.0007800453323164167,True
1220,563,22.52,03/22/2026 12:53:42.760,4.385759731,0.0,4.489601320464678,-3.7354162379854116e-07,1.867716887556913e-05,0.0007772023643914522,True
1221,564,22.56,03/22/2026 12:53:42.800,4.385759731,0.0,4.489412388533306,-3.728619930186592e-07,1.8643187177037403e-05,0.0007743744656099371,True
1222,565,22.6,03/22/2026 12:53:42.840,4.385759731,0.0,4.489224113127311,-3.7218472390867447e-07,1.86093235625549e-05,0.0007715615297544343,True
1223,566,22.64,03/22/2026 12:53:42.880,4.385759731,0.0,4.489036490783699,-3.715098040114083e-07,1.857557740925983e-05,0.0007687634515418763,True
1224,567,22.68,03/22/2026 12:53:42.920,4.385759731,0.0,4.488849518063804,-3.7083722095720655e-07,1.8541948098666664e-05,0.0007659801266137092,True
1225,568,22.72,03/22/2026 12:53:42.960,4.385759731,0.0,4.48866319155308,-3.701669624631737e-07,1.8508435016627768e-05,0.000763211451526176,True
1226,569,22.76,03/22/2026 12:53:43.000,4.385759731,0.0,4.488477507860887,-3.6949901633241363e-07,1.847503755329545e-05,0.0007604573237407009,True
1227,570,22.8,03/22/2026 12:53:43.040,4.385759731,0.0,4.488292463620284,-3.688333704532817e-07,1.8441755103084425e-05,0.0007577176416144206,True
1228,571,22.84,03/22/2026 12:53:43.080,4.385759731,0.0,4.48810805548782,-3.681700127986324e-07,1.8408587064634638e-05,0.0007549923043907749,True
1229,572,22.88,03/22/2026 12:53:43.120,4.385759731,0.0,4.487924280143333,-3.6750893142508997e-07,1.8375532840774466e-05,0.0007522812121902823,True
1230,573,22.92,03/22/2026 12:53:43.160,4.385759731,0.0,4.4877411342897435,-3.668501144723214e-07,1.8342591838484343e-05,0.0007495842660013854,True
1231,574,22.96,03/22/2026 12:53:43.200,4.385759731,0.0,4.4875586146528565,-3.661935501623095e-07,1.8309763468860727e-05,0.0007469013676714001,True
1232,575,23.0,03/22/2026 12:53:43.240,4.385759731,0.0,4.4873767179811646,-3.655392267986414e-07,1.8277047147080427e-05,0.0007442324198975963,True
1233,576,23.04,03/22/2026 12:53:43.280,4.385759731,0.0,4.487195441045649,-3.64887132765812e-07,1.8244442292365357e-05,0.0007415773262184099,True
1234,577,23.080000000000002,03/22/2026 12:53:43.320,4.385759731,0.0,4.487014780639586,-3.6423725652851106e-07,1.8211948327947602e-05,0.0007389359910046756,True
1235,578,23.12,03/22/2026 12:53:43.360,4.385759731,0.0,4.486834733578359,-3.635895866309512e-07,1.817956468103489e-05,0.0007363083194510939,True
1236,579,23.16,03/22/2026 12:53:43.400,4.385759731,0.0,4.486655296699263,-3.6294411169617074e-07,1.814729078277642e-05,0.0007336942175676683,True
1237,580,23.2,03/22/2026 12:53:43.440,4.385759731,0.0,4.486476466861318,-3.6230082042535953e-07,1.8115126068229022e-05,0.0007310935921713309,True
1238,581,23.240000000000002,03/22/2026 12:53:43.480,4.385759731,0.0,4.486298240945086,-3.6165970159719475e-07,1.8083069976323668e-05,0.000728506350877654,True
1239,582,23.28,03/22/2026 12:53:43.520,4.385759731,0.0,4.486120615852481,-3.6102074406715863e-07,1.8051121949832293e-05,0.0007259324020925953,True
1240,583,23.32,03/22/2026 12:53:43.560,4.385759731,0.0,4.485943588506591,-3.6038393676691166e-07,1.8019281435334996e-05,0.0007233716550044914,True
1241,584,23.36,03/22/2026 12:53:43.600,4.385759731,0.0,4.485767155851497,-3.5974926870361864e-07,1.7987547883187592e-05,0.0007208240195759565,True
1242,585,23.400000000000002,03/22/2026 12:53:43.640,4.385759731,0.0,4.485591314852093,-3.5911672895931854e-07,1.7955920747489446e-05,0.0007182894065360389,True
1243,586,23.44,03/22/2026 12:53:43.680,4.385759731,0.0,4.48541606249391,-3.584863066902842e-07,1.7924399486051664e-05,0.0007157677273723713,True
1244,587,23.48,03/22/2026 12:53:43.720,4.385759731,0.0,4.48524139578294,-3.578579911263979e-07,1.789298356036563e-05,0.000713258894323474,True
1245,588,23.52,03/22/2026 12:53:43.760,4.385759731,0.0,4.485067311745462,-3.572317715705176e-07,1.7861672435571825e-05,0.000710762820371089,True
1246,589,23.56,03/22/2026 12:53:43.800,4.385759731,0.0,4.4848938074278735,-3.5660763739785944e-07,1.783046558042894e-05,0.0007082794192326502,True
1247,590,23.6,03/22/2026 12:53:43.840,4.385759731,0.0,4.48472087989652,-3.559855780554085e-07,1.779936246728336e-05,0.0007058086053538888,True
1248,591,23.64,03/22/2026 12:53:43.880,4.385759731,0.0,4.484548526237523,-3.5536558306129035e-07,1.7768362572038968e-05,0.0007033502939013792,True
1249,592,23.68,03/22/2026 12:53:43.920,4.385759731,0.0,4.484376743556617,-3.5474764200418174e-07,1.7737465374127177e-05,0.0007009044007553177,True
1250,593,23.72,03/22/2026 12:53:43.960,4.385759731,0.0,4.484205528978987,-3.5413174454271395e-07,1.7706670356477308e-05,0.0006984708425023099,True
1251,594,23.76,03/22/2026 12:53:44.000,4.385759731,0.0,4.4840348796491005,-3.5351788040489757e-07,1.7675977005487268e-05,0.0006960495364282936,True
1252,595,23.8,03/22/2026 12:53:44.040,4.385759731,0.0,4.483864792730548,-3.529060393875331e-07,1.7645384810994563e-05,0.0006936404005114853,True
1253,596,23.84,03/22/2026 12:53:44.080,4.385759731,0.0,4.483695265405885,-3.5229621135563284e-07,1.7614893266247514e-05,0.0006912433534154362,True
1254,597,23.88,03/22/2026 12:53:44.120,4.385759731,0.0,4.483526294876469,-3.5168838624184905e-07,1.7584501867876775e-05,0.0006888583144821683,True
1255,598,23.92,03/22/2026 12:53:44.160,4.385759731,0.0,4.483357878362312,-3.510825540459298e-07,1.7554210115867178e-05,0.0006864852037254478,True
1256,599,23.96,03/22/2026 12:53:44.200,4.385759731,0.0,4.483190013101915,-3.5047870483414704e-07,1.75240175135299e-05,0.0006841239418240236,True
1257,600,24.0,03/22/2026 12:53:44.240,4.385759731,0.0,4.48302269635212,-3.498768287387494e-07,1.7493923567474837e-05,0.0006817744501150363,True
1258,601,24.04,03/22/2026 12:53:44.280,4.385759731,0.0,4.482855925387959,-3.4927691595740303e-07,1.7463927787583257e-05,0.0006794366505874319,True
1259,602,24.080000000000002,03/22/2026 12:53:44.320,4.385759731,0.0,4.482689697502501,-3.486789567526657e-07,1.7434029686980707e-05,0.0006771104658755421,True
1260,603,24.12,03/22/2026 12:53:44.360,4.385759731,0.0,4.482524010006702,-3.4808294145144866e-07,1.740422878201027e-05,0.0006747958192526677,True
1261,604,24.16,03/22/2026 12:53:44.400,4.385759731,0.0,4.482358860229261,-3.4748886044447407e-07,1.7374524592205996e-05,0.0006724926346247291,True
1262,605,24.2,03/22/2026 12:53:44.440,4.385759731,0.0,4.48219424551647,-3.4689670418575615e-07,1.7344916640266615e-05,0.0006702008365240419,True
1263,606,24.240000000000002,03/22/2026 12:53:44.480,4.385759731,0.0,4.482030163232076,-3.4630646319208925e-07,1.7315404452029545e-05,0.0006679203501031572,True
1264,607,24.28,03/22/2026 12:53:44.520,4.385759731,0.0,4.4818666107571286,-3.4571812804253173e-07,1.7285987556445174e-05,0.000665651101128741,True
1265,608,24.32,03/22/2026 12:53:44.560,4.385759731,0.0,4.481703585489846,-3.4513168937788057e-07,1.7256665485551352e-05,0.0006633930159755018,True
1266,609,24.36,03/22/2026 12:53:44.600,4.385759731,0.0,4.481541084845472,-3.445471379001819e-07,1.722743777444812e-05,0.0006611460216202811,True
1267,610,24.400000000000002,03/22/2026 12:53:44.640,4.385759731,0.0,4.481379106256133,-3.439644643722212e-07,1.7198303961272707e-05,0.0006589100456361058,True
1268,611,24.44,03/22/2026 12:53:44.680,4.385759731,0.0,4.481217647170709,-3.433836596170427e-07,1.7169263587174797e-05,0.0006566850161864111,True
1269,612,24.48,03/22/2026 12:53:44.720,4.385759731,0.0,4.481056705054688,-3.4280471451743816e-07,1.7140316196292004e-05,0.0006544708620192014,True
1270,613,24.52,03/22/2026 12:53:44.760,4.385759731,0.0,4.480896277390037,-3.4222762001546784e-07,1.7111461335725558e-05,0.000652267512461393,True
1271,614,24.560000000000002,03/22/2026 12:53:44.800,4.385759731,0.0,4.480736361675066,-3.416523671119933e-07,1.7082698555516275e-05,0.0006500748974132026,True
1272,615,24.6,03/22/2026 12:53:44.840,4.385759731,0.0,4.480576955424299,-3.4107894686619e-07,1.7054027408620776e-05,0.0006478929473425339,True
1273,616,24.64,03/22/2026 12:53:44.880,4.385759731,0.0,4.480418056168337,-3.4050735039507945e-07,1.7025447450887923e-05,0.000645721593279493,True
1274,617,24.68,03/22/2026 12:53:44.920,4.385759731,0.0,4.480259661453732,-3.3993756887305775e-07,1.6996958241035455e-05,0.0006435607668109259,True
1275,618,24.72,03/22/2026 12:53:44.960,4.385759731,0.0,4.480101768842859,-3.3936959353143245e-07,1.696855934062685e-05,0.0006414104000750365,True
1276,619,24.76,03/22/2026 12:53:45.000,4.385759731,0.0,4.479944375913787,-3.3880341565797164e-07,1.694025031404843e-05,0.000639270425756082,True
1277,620,24.8,03/22/2026 12:53:45.040,4.385759731,0.0,4.479787480260153,-3.382390265964462e-07,1.69120307284867e-05,0.0006371407770790909,True
1278,621,24.84,03/22/2026 12:53:45.080,4.385759731,0.0,4.479631079491038,-3.3767641774617844e-07,1.6883900153905866e-05,0.0006350213878046556,True
1279,622,24.88,03/22/2026 12:53:45.120,4.385759731,0.0,4.479475171230843,-3.3711558056160455e-07,1.6855858163025596e-05,0.0006329121922238071,True
1280,623,24.92,03/22/2026 12:53:45.160,4.385759731,0.0,4.4793197531191655,-3.36556506551827e-07,1.6827904331299027e-05,0.0006308131251529032,True
1281,624,24.96,03/22/2026 12:53:45.200,4.385759731,0.0,4.479164822810681,-3.3599918728018135e-07,1.680003823689091e-05,0.000628724121928608,True
1282,625,25.0,03/22/2026 12:53:45.240,4.385759731,0.0,4.479010377975019,-3.354436143638015e-07,1.677225946065601e-05,0.0006266451184029119,True
1283,626,25.04,03/22/2026 12:53:45.280,4.385759731,0.0,4.478856416296647,-3.3488977947319384e-07,1.674456758611769e-05,0.0006245760509382128,True
1284,627,25.080000000000002,03/22/2026 12:53:45.320,4.385759731,0.0,4.478702935474752,-3.3433767433181313e-07,1.671696219944673e-05,0.0006225168564024517,True
1285,628,25.12,03/22/2026 12:53:45.360,4.385759731,0.0,4.478549933223122,-3.337872907156409e-07,1.6689442889440307e-05,0.0006204674721642964,True
1286,629,25.16,03/22/2026 12:53:45.400,4.385759731,0.0,4.478397407270033,-3.332386204527714e-07,1.6662009247501206e-05,0.000618427836088389,True
1287,630,25.2,03/22/2026 12:53:45.440,4.385759731,0.0,4.478245355358132,-3.3269165542300123e-07,1.6634660867617233e-05,0.0006163978865306425,True
1288,631,25.240000000000002,03/22/2026 12:53:45.480,4.385759731,0.0,4.478093775244324,-3.3214638755740733e-07,1.6607397346340766e-05,0.0006143775623335511,True
1289,632,25.28,03/22/2026 12:53:45.520,4.385759731,0.0,4.477942664699665,-3.3160280883797314e-07,1.658021828276858e-05,0.0006123668028216795,True
1290,633,25.32,03/22/2026 12:53:45.560,4.385759731,0.0,4.477792021509239,-3.31060911297153e-07,1.6553123278521833e-05,0.0006103655477969872,True
1291,634,25.36,03/22/2026 12:53:45.600,4.385759731,0.0,4.4776418434720595,-3.3052068701749825e-07,1.6526111937726186e-05,0.0006083737375344257,True
1292,635,25.400000000000002,03/22/2026 12:53:45.640,4.385759731,0.0,4.477492128400955,-3.2998212813125663e-07,1.6499183866992184e-05,0.0006063913127774412,True
1293,636,25.44,03/22/2026 12:53:45.680,4.385759731,0.0,4.47734287412246,-3.2944522681998456e-07,1.64723386753958e-05,0.0006044182147335822,True
1294,637,25.48,03/22/2026 12:53:45.720,4.385759731,0.0,4.4771940784767095,-3.289099753141655e-07,1.644557597445917e-05,0.000602454385070155,True
1295,638,25.52,03/22/2026 12:53:45.760,4.385759731,0.0,4.477045739317333,-3.28376365892815e-07,1.6418895378131458e-05,0.000600499765909877,True
1296,639,25.560000000000002,03/22/2026 12:53:45.800,4.385759731,0.0,4.476897854511347,-3.2784439088311125e-07,1.6392296502769933e-05,0.0005985542998266569,True
1297,640,25.6,03/22/2026 12:53:45.840,4.385759731,0.0,4.476750421939055,-3.2731404266002473e-07,1.6365778967121235e-05,0.0005966179298413763,True
1298,641,25.64,03/22/2026 12:53:45.880,4.385759731,0.0,4.476603439493941,-3.267853136459443e-07,1.6339342392302828e-05,0.0005946905994177114,True
1299,642,25.68,03/22/2026 12:53:45.920,4.385759731,0.0,4.476456905082566,-3.2625819631030224e-07,1.6312986401784613e-05,0.0005927722524580022,True
1300,643,25.72,03/22/2026 12:53:45.960,4.385759731,0.0,4.476310816624472,-3.257326831692162e-07,1.628671062137067e-05,0.0005908628332991886,True
1301,644,25.76,03/22/2026 12:53:46.000,4.385759731,0.0,4.476165172052075,-3.2520876678512686e-07,1.626051467918122e-05,0.0005889622867087747,True
1302,645,25.8,03/22/2026 12:53:46.040,4.385759731,0.0,4.4760199693105704,-3.246864397664347e-07,1.6234398205634713e-05,0.0005870705578808188,True
1303,646,25.84,03/22/2026 12:53:46.080,4.385759731,0.0,4.475875206357833,-3.241656947671541e-07,1.6208360833430123e-05,0.0005851875924320181,True
1304,647,25.88,03/22/2026 12:53:46.120,4.385759731,0.0,4.475730881164319,-3.2364652448655797e-07,1.6182402197529372e-05,0.0005833133363977812,True
1305,648,25.92,03/22/2026 12:53:46.160,4.385759731,0.0,4.475586991712968,-3.2312892166882183e-07,1.6156521935139923e-05,0.000581447736228352,True
1306,649,25.96,03/22/2026 12:53:46.200,4.385759731,0.0,4.475443535999111,-3.2261287910269937e-07,1.6130719685697555e-05,0.000579590738785046,True
1307,650,26.0,03/22/2026 12:53:46.240,4.385759731,0.0,4.4753005120303735,-3.220983896211762e-07,1.6104995090849344e-05,0.0005777422913364339,True
1308,651,26.04,03/22/2026 12:53:46.280,4.385759731,0.0,4.475157917826578,-3.215854461011023e-07,1.607934779443669e-05,0.0005759023415545432,True
1309,652,26.080000000000002,03/22/2026 12:53:46.320,4.385759731,0.0,4.475015751419656,-3.2107404146289186e-07,1.605377744247852e-05,0.0005740708375112716,True
1310,653,26.12,03/22/2026 12:53:46.360,4.385759731,0.0,4.474874010853554,-3.205641686701803e-07,1.6028283683154736e-05,0.0005722477276746597,True
1311,654,26.16,03/22/2026 12:53:46.400,4.385759731,0.0,4.474732694184139,-3.200558207294832e-07,1.6002866166789714e-05,0.0005704329609052558,True
1312,655,26.2,03/22/2026 12:53:46.440,4.385759731,0.0,4.4745917994791125,-3.195489906898835e-07,1.5977524545835993e-05,0.0005686264864525805,True
1313,656,26.240000000000002,03/22/2026 12:53:46.480,4.385759731,0.0,4.4744513248179185,-3.190436716427129e-07,1.595225847485815e-05,0.0005668282539515722,True
1314,657,26.28,03/22/2026 12:53:46.520,4.385759731,0.0,4.474311268291652,-3.185398567212073e-07,1.592706761051676e-05,0.0005650382134190252,True
1315,658,26.32,03/22/2026 12:53:46.560,4.385759731,0.0,4.474171628002976,-3.18037539100215e-07,1.5901951611552503e-05,0.0005632563152502015,True
1316,659,26.36,03/22/2026 12:53:46.600,4.385759731,0.0,4.47403240206603,-3.1753671199587596e-07,1.5876910138770493e-05,0.000561482510215357,True
1317,660,26.400000000000002,03/22/2026 12:53:46.640,4.385759731,0.0,4.473893588606342,-3.1703736866529056e-07,1.585194285502465e-05,0.0005597167494563041,True
1318,661,26.44,03/22/2026 12:53:46.680,4.385759731,0.0,4.47375518576075,-3.165395024062365e-07,1.5827049425202232e-05,0.0005579589844831366,True
1319,662,26.48,03/22/2026 12:53:46.720,4.385759731,0.0,4.473617191677308,-3.160431065568567e-07,1.5802229516208592e-05,0.0005562091671708546,True
1320,663,26.52,03/22/2026 12:53:46.760,4.385759731,0.0,4.473479604515209,-3.155481744953446e-07,1.5777482796952002e-05,0.0005544672497560612,True
1321,664,26.560000000000002,03/22/2026 12:53:46.800,4.385759731,0.0,4.473342422444696,-3.150546996396572e-07,1.575280893832861e-05,0.0005527331848337492,True
1322,665,26.6,03/22/2026 12:53:46.840,4.385759731,0.0,4.473205643646982,-3.145626754472076e-07,1.5728207613207556e-05,0.0005510069253540377,True
1323,666,26.64,03/22/2026 12:53:46.880,4.385759731,0.0,4.473069266314168,-3.140720954145725e-07,1.570367849641621e-05,0.0005492884246190057,True
1324,667,26.68,03/22/2026 12:53:46.920,4.385759731,0.0,4.472933288649159,-3.135829530771961e-07,1.5679221264725512e-05,0.0005475776362795237,True
1325,668,26.72,03/22/2026 12:53:46.960,4.385759731,0.0,4.472797708865588,-3.130952420091134e-07,1.5654835596835502e-05,0.000545874514332167,True
1326,669,26.76,03/22/2026 12:53:47.000,4.385759731,0.0,4.472662525187733,-3.126089558226499e-07,1.5630521173360973e-05,0.0005441790131160827,True
1327,670,26.8,03/22/2026 12:53:47.040,4.385759731,0.0,4.472527735850438,-3.1212408816814003e-07,1.5606277676817208e-05,0.000542491087309952,True
1328,671,26.84,03/22/2026 12:53:47.080,4.385759731,0.0,4.4723933390990345,-3.1164063273365157e-07,1.5582104791605885e-05,0.0005408106919289788,True
1329,672,26.88,03/22/2026 12:53:47.120,4.385759731,0.0,4.472259333189265,-3.111585832446946e-07,1.5558002204001104e-05,0.0005391377823218649,True
1330,673,26.92,03/22/2026 12:53:47.160,4.385759731,0.0,4.472125716387205,-3.1067793346395017e-07,1.5533969602135487e-05,0.000537472314167866,True
1331,674,26.96,03/22/2026 12:53:47.200,4.385759731,0.0,4.471992486969186,-3.1019867719099717e-07,1.551000667598646e-05,0.0005358142434738661,True
1332,675,27.0,03/22/2026 12:53:47.240,4.385759731,0.0,4.4718596432217215,-3.09720808262036e-07,1.5486113117362635e-05,0.0005341635265714553,True
1333,676,27.04,03/22/2026 12:53:47.280,4.385759731,0.0,4.47172718344143,-3.092443205496193e-07,1.5462288619890288e-05,0.0005325201201140703,True
1334,677,27.080000000000002,03/22/2026 12:53:47.320,4.385759731,0.0,4.471595105934961,-3.0876920796237937e-07,1.5438532878999983e-05,0.0005308839810741361,True
1335,678,27.12,03/22/2026 12:53:47.360,4.385759731,0.0,4.471463409018925,-3.0829546444478366e-07,1.541484559191331e-05,0.0005292550667403053,True
1336,679,27.16,03/22/2026 12:53:47.400,4.385759731,0.0,4.471332091019816,-3.0782308397686036e-07,1.539122645762984e-05,0.0005276333347146285,True
1337,680,27.2,03/22/2026 12:53:47.440,4.385759731,0.0,4.471201150273938,-3.073520605739152e-07,1.536767517691401e-05,0.000526018742909759,True
1338,681,27.240000000000002,03/22/2026 12:53:47.480,4.385759731,0.0,4.471070585127338,-3.0688238828630914e-07,1.534419145228219e-05,0.0005244112495463299,True
1339,682,27.28,03/22/2026 12:53:47.520,4.385759731,0.0,4.470940393935731,-3.064140611991803e-07,1.532077498798994e-05,0.0005228108131501652,True
1340,683,27.32,03/22/2026 12:53:47.560,4.385759731,0.0,4.470810575064432,-3.059470734321886e-07,1.5297425490019262e-05,0.00052121739254963,True
1341,684,27.36,03/22/2026 12:53:47.600,4.385759731,0.0,4.470681126888286,-3.0548141913929104e-07,1.527414266606607e-05,0.0005196309468730463,True
1342,685,27.400000000000002,03/22/2026 12:53:47.640,4.385759731,0.0,4.470552047791594,-3.050170925084597e-07,1.5250926225527743e-05,0.0005180514355459734,True
1343,686,27.44,03/22/2026 12:53:47.680,4.385759731,0.0,4.470423336168052,-3.045540877614434e-07,1.52277758794907e-05,0.0005164788182886721,True
1344,687,27.48,03/22/2026 12:53:47.720,4.385759731,0.0,4.470294990420676,-3.0409239915353837e-07,1.520469134071817e-05,0.0005149130551135653,True
1345,688,27.52,03/22/2026 12:53:47.760,4.385759731,0.0,4.470167008961739,-3.0363202097333217e-07,1.5181672323638093e-05,0.0005133541063226514,True
1346,689,27.560000000000002,03/22/2026 12:53:47.800,4.385759731,0.0,4.470039390212701,-3.0317294754246095e-07,1.5158718544331046e-05,0.000511801932505004,True
1347,690,27.6,03/22/2026 12:53:47.840,4.385759731,0.0,4.469912132604145,-3.0271517321537646e-07,1.5135829720518306e-05,0.0005102564945342976,True
1348,691,27.64,03/22/2026 12:53:47.880,4.385759731,0.0,4.469785234575711,-3.022586923791072e-07,1.5113005571550014e-05,0.0005087177535663314,True
1349,692,27.68,03/22/2026 12:53:47.920,4.385759731,0.0,4.469658694576028,-3.0180349945302705e-07,1.509024581839346e-05,0.000507185671036603,True
1350,693,27.72,03/22/2026 12:53:47.960,4.385759731,0.0,4.469532511062652,-3.0134958888861996e-07,1.506755018362147e-05,0.0005056602086578886,True
1351,694,27.76,03/22/2026 12:53:48.000,4.385759731,0.0,4.469406682502003,-3.0089695516924446e-07,1.5044918391400848e-05,0.0005041413284178416,True
1352,695,27.8,03/22/2026 12:53:48.040,4.385759731,0.0,4.4692812073692965,-3.004455928099174e-07,1.5022350167480959e-05,0.000502628992576661,True
1353,696,27.84,03/22/2026 12:53:48.080,4.385759731,0.0,4.469156084148486,-2.999954963570667e-07,1.4999845239182373e-05,0.0005011231636646914,True
1354,697,27.88,03/22/2026 12:53:48.120,4.385759731,0.0,4.469031311332199,-2.99546660388335e-07,1.4977403335385653e-05,0.0004996238044801908,True
1355,698,27.92,03/22/2026 12:53:48.160,4.385759731,0.0,4.468906887421674,-2.990990795123431e-07,1.4955024186520266e-05,0.0004981308780869743,True
1356,699,27.96,03/22/2026 12:53:48.200,4.385759731,0.0,4.468782810926697,-2.986527483684553e-07,1.4932707524553495e-05,0.0004966443478121282,True
1357,700,28.0,03/22/2026 12:53:48.240,4.385759731,0.0,4.468659080365546,-2.9820766162658045e-07,1.4910453082979476e-05,0.0004951641772438173,True
1358,701,28.04,03/22/2026 12:53:48.280,4.385759731,0.0,4.468535694264926,-2.97763813986946e-07,1.488826059680836e-05,0.000493690330229019,True
1359,702,28.080000000000002,03/22/2026 12:53:48.320,4.385759731,0.0,4.468412651159912,-2.9732120017988526e-07,1.4866129802555555e-05,0.0004922227708713299,True
1360,703,28.12,03/22/2026 12:53:48.360,4.385759731,0.0,4.4682899495938875,-2.968798149656236e-07,1.4844060438231057e-05,0.0004907614635287861,True
1361,704,28.16,03/22/2026 12:53:48.400,4.385759731,0.0,4.468167588118488,-2.964396531340643e-07,1.4822052243328871e-05,0.0004893063728116904,True
1362,705,28.2,03/22/2026 12:53:48.440,4.385759731,0.0,4.468045565293542,-2.960007095045814e-07,1.4800104958816509e-05,0.0004878574635804841,True
1363,706,28.240000000000002,03/22/2026 12:53:48.480,4.385759731,0.0,4.467923879687009,-2.95562978925807e-07,1.477821832712458e-05,0.0004864147009436152,True
1364,707,28.28,03/22/2026 12:53:48.520,4.385759731,0.0,4.467802529874932,-2.951264562754428e-07,1.475639209213651e-05,0.00048497805025548386,True
1365,708,28.32,03/22/2026 12:53:48.560,4.385759731,0.0,4.467681514441368,-2.9469113646002777e-07,1.4734625999178326e-05,0.00048354747711428647,True
1366,709,28.36,03/22/2026 12:53:48.600,4.385759731,0.0,4.467560831978343,-2.942570144147554e-07,1.471291979500847e-05,0.00048212294736003333,True
1367,710,28.400000000000002,03/22/2026 12:53:48.640,4.385759731,0.0,4.467440481085788,-2.938240851032674e-07,1.4691273227807775e-05,0.0004807044270724749,True
1368,711,28.44,03/22/2026 12:53:48.680,4.385759731,0.0,4.467320460371489,-2.9339234351745786e-07,1.4669686047169514e-05,0.0004792918825691056,True
1369,712,28.48,03/22/2026 12:53:48.720,4.385759731,0.0,4.467200768451029,-2.9296178467726236e-07,1.4648158004089495e-05,0.00047788528040312964,True
1370,713,28.52,03/22/2026 12:53:48.760,4.385759731,0.0,4.4670814039477325,-2.92532403630468e-07,1.4626688850956211e-05,0.00047648458736151457,True
1371,714,28.560000000000002,03/22/2026 12:53:48.800,4.385759731,0.0,4.466962365492615,-2.9210419545253116e-07,1.4605278341541147e-05,0.0004750897704630466,True
1372,715,28.6,03/22/2026 12:53:48.840,4.385759731,0.0,4.466843651724329,-2.9167715524637185e-07,1.458392623098917e-05,0.00047370079695635987,True
1373,716,28.64,03/22/2026 12:53:48.880,4.385759731,0.0,4.466725261289106,-2.9125127814218564e-07,1.4562632275808948e-05,0.0004723176343180304,True
1374,717,28.68,03/22/2026 12:53:48.920,4.385759731,0.0,4.466607192840711,-2.9082655929725835e-07,1.4541396233863484e-05,0.0004709402502506839,True
1375,718,28.72,03/22/2026 12:53:48.960,4.385759731,0.0,4.466489445040383,-2.9040299389576647e-07,1.4520217864360702e-05,0.00046956861268108475,True
1376,719,28.76,03/22/2026 12:53:49.000,4.385759731,0.0,4.466372016556791,-2.8998057714860974e-07,1.4499096927844138e-05,0.0004682026897583225,True
1377,720,28.8,03/22/2026 12:53:49.040,4.385759731,0.0,4.466254906065974,-2.8955930429320747e-07,1.4478033186183713e-05,0.00046684244985190684,True
1378,721,28.84,03/22/2026 12:53:49.080,4.385759731,0.0,4.466138112251296,-2.891391705933161e-07,1.44570264025665e-05,0.0004654878615499589,True
1379,722,28.88,03/22/2026 12:53:49.120,4.385759731,0.0,4.466021633803395,-2.8872017133886346e-07,1.4436076341487653e-05,0.0004641388936574344,True
1380,723,28.92,03/22/2026 12:53:49.160,4.385759731,0.0,4.465905469420131,-2.8830230184576196e-07,1.441518276874144e-05,0.0004627955151943002,True
1381,724,28.96,03/22/2026 12:53:49.200,4.385759731,0.0,4.465789617806535,-2.878855574557221e-07,1.4394345451412294e-05,0.00046145769539375026,True
1382,725,29.0,03/22/2026 12:53:49.240,4.385759731,0.0,4.465674077674764,-2.874699335360779e-07,1.4373564157865908e-05,0.00046012540370045894,True
1383,726,29.04,03/22/2026 12:53:49.280,4.385759731,0.0,4.46555884774405,-2.870554254796141e-07,1.4352838657740447e-05,0.00045879860976884306,True
1384,727,29.080000000000002,03/22/2026 12:53:49.320,4.385759731,0.0,4.465443926740648,-2.8664202870438935e-07,1.4332168721937823e-05,0.0004574772834613274,True
1385,728,29.12,03/22/2026 12:53:49.360,4.385759731,0.0,4.465329313397795,-2.86229738653564e-07,1.4311554122615044e-05,0.00045616139484664145,True
1386,729,29.16,03/22/2026 12:53:49.400,4.385759731,0.0,4.465215006455657,-2.8581855079523115e-07,1.4290994633175634e-05,0.00045485091419812977,True
1387,730,29.2,03/22/2026 12:53:49.440,4.385759731,0.0,4.465101004661282,-2.854084606222444e-07,1.427049002826114e-05,0.0004535458119920712,True
1388,731,29.240000000000002,03/22/2026 12:53:49.480,4.385759731,0.0,4.464987306768554,-2.849994636520459e-07,1.4250040083742685e-05,0.0004522460589060126,True
1389,732,29.28,03/22/2026 12:53:49.520,4.385759731,0.0,4.46487391153815,-2.8459155542649656e-07,1.4229644576712557e-05,0.0004509516258171229,True
1390,733,29.32,03/22/2026 12:53:49.560,4.385759731,0.0,4.464760817737486,-2.8418473151172914e-07,1.4209303285475952e-05,0.000449662483800607,True
1391,734,29.36,03/22/2026 12:53:49.600,4.385759731,0.0,4.464648024140678,-2.8377898749796013e-07,1.418901598954275e-05,0.0004483786041280236,True
1392,735,29.400000000000002,03/22/2026 12:53:49.640,4.385759731,0.0,4.464535529528496,-2.833743189993357e-07,1.41687824696193e-05,0.0004470999582657323,True
1393,736,29.44,03/22/2026 12:53:49.680,4.385759731,0.0,4.464423332688314,-2.8297072165377584e-07,1.414860250760036e-05,0.00044582651787331197,True
1394,737,29.48,03/22/2026 12:53:49.720,4.385759731,0.0,4.46431143241407,-2.8256819112279974e-07,1.4128475886561044e-05,0.00044455825480196014,True
1395,738,29.52,03/22/2026 12:53:49.760,4.385759731,0.0,4.464199827506221,-2.8216672309137793e-07,1.4108402390748829e-05,0.00044329514109297326,True
1396,739,29.560000000000002,03/22/2026 12:53:49.800,4.385759731,0.0,4.464088516771696,-2.8176631326777034e-07,1.4088381805575679e-05,0.00044203714897619704,True
1397,740,29.6,03/22/2026 12:53:49.840,4.385759731,0.0,4.463977499023856,-2.813669573833659e-07,1.4068413917610168e-05,0.00044078425086848826,True
1398,741,29.64,03/22/2026 12:53:49.880,4.385759731,0.0,4.46386677308245,-2.80968651192539e-07,1.4048498514569745e-05,0.0004395364193722448,True
1399,742,29.68,03/22/2026 12:53:49.920,4.385759731,0.0,4.463756337773571,-2.805713904724759e-07,1.402863538531298e-05,0.0004382936272738491,True
1400,743,29.72,03/22/2026 12:53:49.960,4.385759731,0.0,4.463646191929612,-2.8017517102303397e-07,1.4008824319831902e-05,0.00043705584754223854,True
1401,744,29.76,03/22/2026 12:53:50.000,4.385759731,0.0,4.4635363343892305,-2.7977998866659353e-07,1.3989065109244418e-05,0.0004358230533274279,True
1402,745,29.8,03/22/2026 12:53:50.040,4.385759731,0.0,4.463426763997297,-2.793858392479045e-07,1.3969357545786819e-05,0.0004345952179590509,True
1403,746,29.84,03/22/2026 12:53:50.080,4.385759731,0.0,4.46331747960486,-2.7899271863392745e-07,1.3949701422806283e-05,0.00043337231494490193,True
1404,747,29.88,03/22/2026 12:53:50.120,4.56119012,0.0,4.463455011440292,6.322367428541911e-07,1.0607622853994836e-05,0.0006881945608177777,True
1405,748,29.92,03/22/2026 12:53:50.160,4.56119012,0.0,4.463592196563038,9.773291898822027e-07,3.119827145528424e-06,0.0006862629853703984,True
1406,749,29.96,03/22/2026 12:53:50.200,4.56119012,0.168553386,4.468594618233361,0.09359191801944781,0.8992457534175448,5.05462082633496,True
1407,750,30.0,03/22/2026 12:53:50.240,4.385759731,0.168553386,4.4740610151181786,0.1512117843333916,1.1072719697192577,0.27102556864470934,True
1408,751,30.04,03/22/2026 12:53:50.280,4.385759731,0.168553386,4.480084169821964,0.18053831815354068,0.9634964944855595,0.12984038613467194,True
1409,752,30.080000000000002,03/22/2026 12:53:50.320,4.56119012,0.168553386,4.486720142167323,0.19102417115971906,0.6939399348228386,0.45452442066090926,True
1410,753,30.12,03/22/2026 12:53:50.360,4.56119012,0.168553386,4.493558793410632,0.1908923104837197,0.4259648804702631,0.449141688013375,True
1411,754,30.16,03/22/2026 12:53:50.400,4.56119012,0.337106772,4.505347300052085,0.27965738244553506,1.1151308286193333,2.968669534920958,True
1412,755,30.2,03/22/2026 12:53:50.440,4.56119012,0.337106772,4.517857389053322,0.3313946866690668,1.183654949381827,0.029483205336993733,True
1413,756,30.240000000000002,03/22/2026 12:53:50.480,4.56119012,0.337106772,4.5308987490238355,0.3556232864018843,0.9615319487200541,0.3084309417820549,True
1414,757,30.28,03/22/2026 12:53:50.520,4.56119012,0.337106772,4.544269370323619,0.36244716560488444,0.6575490359269365,0.5775544961718825,True
1415,758,30.32,03/22/2026 12:53:50.560,4.736620509,0.505660158,4.562914126268568,0.45366604460723803,1.2812785452450124,2.4336902657999757,True
1416,759,30.36,03/22/2026 12:53:50.600,4.736620509,0.505660158,4.582321327227271,0.5053305310350099,1.2852394509086378,0.001813454481450187,True
1417,760,30.400000000000002,03/22/2026 12:53:50.640,4.736620509,0.505660158,4.602272328195964,0.5283781559793889,1.0127199221101995,0.4654597799503758,True
1418,761,30.44,03/22/2026 12:53:50.680,4.736620509,0.505660158,4.6225478084382985,0.5337802383508412,0.6753960722966711,0.712099503911564,True
1419,762,30.48,03/22/2026 12:53:50.720,4.736620509,0.505660158,4.642974973109316,0.5301817975784197,0.3812382719398539,0.5414303479434598,True
1420,763,30.52,03/22/2026 12:53:50.760,4.736620509,0.674213543,4.668304281065837,0.6169392909933823,1.0683038092954598,2.9507165386526064,True
1421,764,30.560000000000002,03/22/2026 12:53:50.800,4.912050898,0.674213543,4.694556826684014,0.6677472198439345,1.145883334069817,0.0410280898571071,True
1422,765,30.6,03/22/2026 12:53:50.840,4.912050898,0.674213543,4.721308140599019,0.691723509884149,0.9358418523066188,0.27834556704470825,True
1423,766,30.64,03/22/2026 12:53:50.880,4.912050898,0.674213543,4.748362724921391,0.6986500311254698,0.6427085694712042,0.5389634757179619,True
1424,767,30.68,03/22/2026 12:53:50.920,5.087481287,0.674213543,4.7758017129671275,0.6965165775905595,0.3751746419944366,0.45431887558520684,True
1425,768,30.72,03/22/2026 12:53:50.960,5.087481287,0.842766929,4.808139832413996,0.7843992016931451,1.075366679615061,3.06984871463446,True
1426,769,30.76,03/22/2026 12:53:51.000,5.087481287,0.842766929,4.841157652576861,0.8359400891343327,1.1572722177600936,0.04630427716443118,True
1427,770,30.8,03/22/2026 12:53:51.040,5.087481287,0.842766929,4.874671745052625,0.8603192781003476,0.9467232758501123,0.2803199292832423,True
1428,771,30.84,03/22/2026 12:53:51.080,5.087481287,0.842766929,4.908484698757908,0.8674159219738502,0.6510414465863504,0.5487191148706905,True
1429,772,30.88,03/22/2026 12:53:51.120,5.087481287,1.011320315,4.947300761421504,0.9589027663256774,1.2798490346445774,2.4726803122735723,True
1430,773,30.92,03/22/2026 12:53:51.160,5.087481287,1.011320315,4.986853460558908,1.0107766599304702,1.2863750940160625,0.0009958440486815508,True
1431,774,30.96,03/22/2026 12:53:51.200,5.262911677,1.011320315,5.027163321473461,1.0339638559503783,1.014753152558367,0.46510426907136365,True
1432,775,31.0,03/22/2026 12:53:51.240,5.262911677,1.179873701,5.072637236887192,1.1330347943042807,1.5766414624073943,1.975874133732463,True
1433,776,31.04,03/22/2026 12:53:51.280,5.262911677,1.179873701,5.1189466863897035,1.1870911357486458,1.4900672814944942,0.04833450031106079,True
1434,777,31.080000000000002,03/22/2026 12:53:51.320,5.438342066,1.179873701,5.166060735275473,1.209592702147288,1.1335696250089755,0.7996341480719563,True
1435,778,31.12,03/22/2026 12:53:51.360,5.613772455,1.179873701,5.213724365314627,1.213258762693974,0.733099409447993,1.0138440519268155,True
1436,779,31.16,03/22/2026 12:53:51.400,5.613772455,1.348427087,5.266371704770054,1.3013556737259722,1.2977836892960704,2.001668277863408,True
1437,780,31.2,03/22/2026 12:53:51.440,5.613772455,1.348427087,5.319722366821356,1.3505811284076108,1.2719565448672294,0.010396368104918237,True
1438,781,31.240000000000002,03/22/2026 12:53:51.480,5.613772455,1.348427087,5.373555043025649,1.3720139245753427,0.9890189999449996,0.5044763800109667,True
1439,782,31.28,03/22/2026 12:53:51.520,5.789202844,1.516980473,5.432755255376525,1.4701041517299778,1.5513633462155245,1.985645661635708,True
1440,783,31.32,03/22/2026 12:53:51.560,5.789202844,1.516980473,5.492761742749624,1.5237323731293233,1.470380340271403,0.04731419823154241,True
1441,784,31.36,03/22/2026 12:53:51.600,5.789202844,1.516980473,5.553309934716037,1.5461420202250653,1.1205683277219822,0.7687920235974799,True
1442,785,31.400000000000002,03/22/2026 12:53:51.640,5.964633234,1.516980473,5.614384939344996,1.5498860657884574,0.7258476647420085,0.9825823757048139,True
1443,786,31.44,03/22/2026 12:53:51.680,5.964633234,1.685533858,5.680425096406564,1.6381198719431107,1.2946387086845483,2.027877831430467,True
1444,787,31.48,03/22/2026 12:53:51.720,5.964633234,1.685533858,5.747151353821987,1.6874791975225123,1.271311831255943,0.006807133300724707,True
1445,788,31.52,03/22/2026 12:53:51.760,6.140063623,1.685533858,5.814578055584453,1.7090168516159967,0.9896236992794804,0.5035366583791966,True
1446,789,31.560000000000002,03/22/2026 12:53:51.800,6.140063623,1.854087244,5.887118652243711,1.8071749583851542,1.5523949822178793,1.984090088063607,True
1447,790,31.6,03/22/2026 12:53:51.840,6.140063623,1.854087244,5.960449103891253,1.8608408943273578,1.4713859108384235,0.04333612978779103,True
1448,791,31.64,03/22/2026 12:53:51.880,6.315494012,1.854087244,6.034538988672982,1.8832676925913787,1.121349112212089,0.7714493051791671,True
1449,792,31.68,03/22/2026 12:53:51.920,6.315494012,1.854087244,6.10890262354324,1.887014385919832,0.7263637112962871,0.9781395466832433,True
1450,793,31.720000000000002,03/22/2026 12:53:51.960,6.315494012,2.02264063,6.188214731478705,1.9752445916123267,1.294932644745158,2.021625741895615,True
1451,794,31.76,03/22/2026 12:53:52.000,6.315494012,2.02264063,6.268196267886364,2.024598295749493,1.2714505167047814,0.0036072117230660657,True
1452,795,31.8,03/22/2026 12:53:52.040,6.315494012,2.02264063,6.348626531648781,2.0461297082086785,0.9896738321858427,0.49631943834532594,True
1453,796,31.84,03/22/2026 12:53:52.080,6.490924401,2.02264063,6.429521792454494,2.0506933859925978,0.653155319586662,0.7080461662233958,True
1454,797,31.88,03/22/2026 12:53:52.120,6.490924401,2.191194016,6.515345789635038,2.1403270061778183,1.2633554828483289,2.3271909979761887,True
1455,798,31.92,03/22/2026 12:53:52.160,6.66635479,2.191194016,6.602064471437204,2.191046344993983,1.2651297355221456,0.00031746183420215847,True
1456,799,31.96,03/22/2026 12:53:52.200,6.66635479,2.191194016,6.689229559923672,2.213634375809936,0.995933933857339,0.45295404307333564,True
1457,800,32.0,03/22/2026 12:53:52.240,6.84178518,2.191194016,6.776857400374365,2.2188917479724437,0.6636744462983332,0.6902758909750307,True
1458,801,32.04,03/22/2026 12:53:52.280,7.017215569,2.191194016,6.864777559802978,2.2153196029515074,0.37427024772821926,0.5251310051749362,True
1459,802,32.08,03/22/2026 12:53:52.320,7.192645958,2.191194016,6.95287632932152,2.2085829956962777,0.1656822549671581,0.2760606162602062,True
1460,803,32.12,03/22/2026 12:53:52.360,7.192645958,2.359747402,7.045724113524572,2.2954667231265935,0.9368003778639862,3.7179767926248655,True
1461,804,32.160000000000004,03/22/2026 12:53:52.400,7.192645958,2.359747402,7.139137690665619,2.3478247940161387,1.0798264392613648,0.12806091776784737,True
1462,805,32.2,03/22/2026 12:53:52.440,7.192645958,2.359747402,7.232957552847058,2.373654413401748,0.9129960247118658,0.17407108709082905,True
1463,806,32.24,03/22/2026 12:53:52.480,7.368076347,2.359747402,7.3272301803128235,2.3821744546975996,0.6439626201415234,0.4524861779821599,True
1464,807,32.28,03/22/2026 12:53:52.520,7.543506737,2.359747402,7.421799336408442,2.3811780815321404,0.38688522773964235,0.4141145958466641,True
1465,808,32.32,03/22/2026 12:53:52.560,7.543506737,2.359747402,7.516324812559425,2.376161158649144,0.18998679742655805,0.242358163515263,True
1466,809,32.36,03/22/2026 12:53:52.600,7.543506737,2.359747402,7.610740981538108,2.370426696653521,0.06187494127305254,0.10290674355656437,True
1467,810,32.4,03/22/2026 12:53:52.640,7.894367515,2.359747402,7.7054746347480485,2.365598624566395,-0.008308194895766036,0.033352697664538994,True
1468,811,32.44,03/22/2026 12:53:52.680,7.894367515,2.359747402,7.800055755494259,2.3622023658213225,-0.03775387659250977,0.006059157129727871,True
1469,812,32.480000000000004,03/22/2026 12:53:52.720,7.894367515,2.359747402,7.894486180968027,2.360167595667359,-0.04279452970897126,0.00015880231031440778,True
1470,813,32.52,03/22/2026 12:53:52.760,8.069797904,2.359747402,7.989001431612462,2.359173401388411,-0.03590530637937242,0.0007670393427366734,True
1471,814,32.56,03/22/2026 12:53:52.800,8.245228293,2.359747402,8.083608452657819,2.358854220136821,-0.025183674507877056,0.002600587535463569,True
1472,815,32.6,03/22/2026 12:53:52.840,8.245228293,2.359747402,8.17808485109356,2.3589025098159233,-0.015045425222359151,0.0009673290155881895,True
1473,816,32.64,03/22/2026 12:53:52.880,8.245228293,2.359747402,8.272435341438046,2.3591038510425757,-0.0073265611010268255,0.00042565507114381826,True
1474,817,32.68,03/22/2026 12:53:52.920,8.420658683,2.359747402,8.366890578106698,2.3593311320671413,-0.0023306495079588683,0.00036432162337617395,True
1475,818,32.72,03/22/2026 12:53:52.960,8.596089072,2.359747402,8.461451455157219,2.359521508768237,0.00038500961287905996,0.0013520359535754195,True
1476,819,32.76,03/22/2026 12:53:53.000,8.596089072,2.359747402,8.555890832004161,2.359653996399269,0.0015072482763694686,0.00012428828783495407,True
1477,820,32.8,03/22/2026 12:53:53.040,8.771519461,2.359747402,8.650435991899236,2.359733303666061,0.0016816252977476455,0.0010563586172896225,True
1478,821,32.84,03/22/2026 12:53:53.080,8.771519461,2.359747402,8.744859627436888,2.3597711859587043,0.0013974693007021137,5.1703536991025176e-05,True
1479,822,32.88,03/22/2026 12:53:53.120,8.771519461,2.359747402,8.839161861217534,2.359782488418594,0.0009736375725103823,0.0003307379229540803,True
1480,823,32.92,03/22/2026 12:53:53.160,8.771519461,2.359747402,8.933342865195426,2.3597794856177097,0.0005817414889556548,0.0018874120608693,True
1481,824,32.96,03/22/2026 12:53:53.200,8.94694985,2.359747402,9.027628854281573,2.3597716003577367,0.0002879575103818447,0.0004694449448239793,True
1482,825,33.0,03/22/2026 12:53:53.240,8.94694985,2.359747402,9.12179365178557,2.359762377591915,0.00010072469875756131,0.002202438017978725,True
1483,826,33.04,03/22/2026 12:53:53.280,9.12238024,2.359747402,9.216063107792163,2.3597553670281894,1.1118063415925734e-06,0.0006322987940214029,True
1484,827,33.08,03/22/2026 12:53:53.320,9.12238024,2.359747402,9.310211608630837,2.3597499875862424,-3.805371916583486e-05,0.00254153134314457,True
1485,828,33.12,03/22/2026 12:53:53.360,9.12238024,2.359747402,9.404239562042086,2.359746409531185,-3.837605932787778e-05,0.005722970453823114,True
1486,829,33.160000000000004,03/22/2026 12:53:53.400,9.473241018,2.359747402,9.498596931292411,2.359746146086049,-2.441012018839071e-05,4.631538358950994e-05,True
1487,830,33.2,03/22/2026 12:53:53.440,9.473241018,2.359747402,9.5928335572267,2.359745787422344,-1.0229897392761097e-05,0.0010303008362252905,True
1488,831,33.24,03/22/2026 12:53:53.480,9.297810629,2.359747402,9.686725547695591,2.359744479931859,7.951109748800633e-06,0.010895926189880372,True
1489,832,33.28,03/22/2026 12:53:53.520,9.473241018,2.359747402,9.780722184078968,2.3597446452558115,2.768177454794414e-05,0.00681069525568724,True
1490,833,33.32,03/22/2026 12:53:53.560,9.648671407,2.359747402,9.874823128370023,2.359745492624445,4.077571654861017e-05,0.003684288252433629,True
1491,834,33.36,03/22/2026 12:53:53.600,9.824101796,2.359747402,9.96902803840622,2.3597465247201224,4.5012398360071027e-05,0.0015130289391084963,True
1492,835,33.4,03/22/2026 12:53:53.640,9.999532186,2.359747402,10.063336568996585,2.3597474808651038,4.1298390930644156e-05,0.0002932606797048207,True
1493,836,33.44,03/22/2026 12:53:53.680,9.999532186,2.191194016,10.152659222944493,2.2661564292044623,-0.8992152978538085,5.055862103215886,True
1494,837,33.480000000000004,03/22/2026 12:53:53.720,9.999532186,2.191194016,10.241151570442929,2.2085348645269445,-1.107246793892669,0.2746993085733096,True
1495,838,33.52,03/22/2026 12:53:53.760,10.17496257,2.191194016,10.32919016073419,2.1792079044955015,-0.9634679557814451,0.13091041942879433,True
1496,839,33.56,03/22/2026 12:53:53.800,10.52582335,2.191194016,10.417186092628365,2.1687241660363874,-0.6939146696969302,0.45497572642262,True
1497,840,33.6,03/22/2026 12:53:53.840,10.52582335,2.191194016,10.504858363322715,2.168856417526912,-0.4259516772735577,0.44880904264868493,True
1498,841,33.64,03/22/2026 12:53:53.880,10.52582335,2.02264063,10.587459756396727,2.0800908140544045,-1.1151274062610266,2.9688037519337405,True
1499,842,33.68,03/22/2026 12:53:53.920,10.52582335,2.02264063,10.66921851253828,2.0283526093340183,-1.183654595189,0.03083339412817453,True
1500,843,33.72,03/22/2026 12:53:53.960,10.70125374,1.854087244,10.745680798029689,1.9105330548435229,-1.8607811052556826,2.865776352985459,True
1501,844,33.76,03/22/2026 12:53:54.000,10.87668413,1.854087244,10.821203450722267,1.846088690100565,-1.7648279558357483,0.05776679175050673,True
1502,845,33.8,03/22/2026 12:53:54.040,10.87668413,1.854087244,10.895882685434012,1.8191342808047481,-1.3455326483645926,1.0988281427422908,True
1503,846,33.84,03/22/2026 12:53:54.080,10.70125374,1.685533858,10.964933215069856,1.721013454707164,-1.7711577283659306,1.1372645036023552,True
1504,847,33.88,03/22/2026 12:53:54.120,10.70125374,1.685533858,11.032961508402318,1.6698031403358649,-1.5824662511298677,0.23043916390166394,True
1505,848,33.92,03/22/2026 12:53:54.160,10.70125374,1.685533858,11.100270226808728,1.6503842593518026,-1.1608285785051051,1.1225436775965174,True
1506,849,33.96,03/22/2026 12:53:54.200,10.70125374,1.685533858,11.167129817801987,1.6492483240550286,-0.7255671134291493,1.1996648486127566,True
1507,850,34.0,03/22/2026 12:53:54.240,11.05211452,1.685533858,11.234178575530207,1.6564877317575917,-0.37713735337350807,0.7611433459800552,True
1508,851,34.04,03/22/2026 12:53:54.280,11.4029753,1.516980473,11.296673136150888,1.572316366204301,-1.0409427405330318,2.7547822921300305,True
1509,852,34.08,03/22/2026 12:53:54.320,11.4029753,1.348427087,11.35352682554134,1.429481914368297,-2.0132752178925113,5.909105198548671,True
1510,853,34.12,03/22/2026 12:53:54.360,11.4029753,1.348427087,11.409072710805312,1.34866001842744,-2.0160697304104795,5.1490312887459163e-05,True
1511,854,34.160000000000004,03/22/2026 12:53:54.400,11.4029753,1.179873701,11.45878862014821,1.2190743670537472,-2.4863237830735265,1.3823486338397903,True
1512,855,34.2,03/22/2026 12:53:54.440,11.4029753,1.179873701,11.50717406329695,1.153076555524039,-2.164869443860364,0.6466047525144522,True
1513,856,34.24,03/22/2026 12:53:54.480,11.4029753,1.179873701,11.554653706888091,1.1294429839807498,-1.559908573634365,2.2889958801676955,True
1514,857,34.28,03/22/2026 12:53:54.520,11.57840569,1.179873701,11.601815689042255,1.1296948681680228,-0.9579637450847548,2.2646460563712156,True
1515,858,34.32,03/22/2026 12:53:54.560,11.57840569,1.179873701,11.648707682553816,1.1405150060336537,-0.485819446272602,1.3935996773186472,True
1516,859,34.36,03/22/2026 12:53:54.600,11.57840569,1.179873701,11.695493423459567,1.153726170302133,-0.17215845223487286,0.6158739767986943,True
1517,860,34.4,03/22/2026 12:53:54.640,11.75383608,1.179873701,11.74247373180958,1.1651822759593868,0.004080540925024662,0.19413592323031498,True
1518,861,34.44,03/22/2026 12:53:54.680,11.75383608,1.179873701,11.789460021257467,1.173412242031391,0.08159073030011861,0.037639695697650126,True
1519,862,34.480000000000004,03/22/2026 12:53:54.720,11.75383608,1.011320315,11.831585644064159,1.0848601474152477,-0.8005973003085737,4.864550139380933,True
1520,863,34.52,03/22/2026 12:53:54.760,11.75383608,1.011320315,11.872991925094421,1.0297834964832355,-1.0220870018019483,0.30763957002194586,True
1521,864,34.56,03/22/2026 12:53:54.800,11.75383608,1.011320315,11.913815707565561,1.0013482787745054,-0.9024692819984604,0.09126654859765494,True
1522,865,34.6,03/22/2026 12:53:54.840,12.10469686,1.011320315,11.95466484390401,0.9908315622672436,-0.6566794657828727,0.3792091783824805,True
1523,866,34.64,03/22/2026 12:53:54.880,12.10469686,1.011320315,11.995259428711723,0.9905266492017465,-0.407233669801567,0.3897642398896556,True
1524,867,34.68,03/22/2026 12:53:54.920,12.10469686,0.842766929,12.030845569393938,0.9012374520387664,-1.1086435196859017,3.075229279269997,True
1525,868,34.72,03/22/2026 12:53:54.960,12.28012725,0.842766929,12.065863941527923,0.8490498991825757,-1.1840048073145981,0.038798907263047105,True
1526,869,34.76,03/22/2026 12:53:55.000,12.28012725,0.842766929,12.100287529215228,0.8244991786042709,-0.9648568674160312,0.30250046538252917,True
1527,870,34.800000000000004,03/22/2026 12:53:55.040,12.45555763,0.842766929,12.134534116490899,0.8174797787197542,-0.6614980038074645,0.5826128588911206,True
1528,871,34.84,03/22/2026 12:53:55.080,12.45555763,0.842766929,12.168552568033407,0.8197544269941414,-0.38542732209213537,0.48229622137886896,True
1529,872,34.88,03/22/2026 12:53:55.120,12.10469686,0.842766929,12.20202575809117,0.8256752434288652,-0.18039949088103838,0.26340520596065514,True
1530,873,34.92,03/22/2026 12:53:55.160,12.28012725,0.842766929,12.235665604238857,0.8319565681699586,-0.050716352136386145,0.10525449787496559,True
1531,874,34.96,03/22/2026 12:53:55.200,12.28012725,0.842766929,12.269287694379702,0.8370569613526416,0.01778095423362891,0.029332896912474603,True
1532,875,35.0,03/22/2026 12:53:55.240,12.28012725,0.842766929,12.302900815715287,0.8405436754533321,0.04445014108075561,0.0044824992466843995,True
1533,876,35.04,03/22/2026 12:53:55.280,12.28012725,0.842766929,12.336502061776944,0.8425686163355913,0.04682665693200014,0.0002641957959675668,True
1534,877,35.08,03/22/2026 12:53:55.320,12.28012725,0.842766929,12.370083973480437,0.8435112913009065,0.037893376773464944,0.0010818662648255837,True
1535,878,35.12,03/22/2026 12:53:55.360,12.45555763,1.011320315,12.408718711096355,0.9373632747391254,0.9250848964670239,4.919598006085282,True
1536,879,35.160000000000004,03/22/2026 12:53:55.400,12.45555763,1.011320315,12.448030654375978,0.9948855888563759,1.1222363829041262,0.24293386977174578,True
1537,880,35.2,03/22/2026 12:53:55.440,12.45555763,1.011320315,12.48786202134255,1.0239751044291787,0.970427985249503,0.14411252510044975,True
1538,881,35.24,03/22/2026 12:53:55.480,12.63098802,0.842766929,12.523368348968805,0.940621546866679,-0.2034324455547234,8.61298149371268,True
1539,882,35.28,03/22/2026 12:53:55.520,12.63098802,0.842766929,12.55832545715977,0.8826681912474179,-0.6820852855707857,1.4323004881869694,True
1540,883,35.32,03/22/2026 12:53:55.560,12.63098802,0.842766929,12.592768202635257,0.8483787911813457,-0.7494035898999991,0.02842807432415189,True
1541,884,35.36,03/22/2026 12:53:55.600,12.9818488,0.842766929,12.627238296729603,0.8319330011419088,-0.6194242895914496,0.11466024573642111,True
1542,885,35.4,03/22/2026 12:53:55.640,12.9818488,0.842766929,12.66143776362403,0.8269310019906004,-0.4294424344281397,0.23299140570498622,True
1543,886,35.44,03/22/2026 12:53:55.680,12.9818488,0.842766929,12.69547247263961,0.8280859372543006,-0.2533166718588203,0.19979619635138887,True
1544,887,35.480000000000004,03/22/2026 12:53:55.720,12.9818488,0.842766929,12.729415859030603,0.8317326138819686,-0.12093795538337682,0.11412375637961987,True
1545,888,35.52,03/22/2026 12:53:55.760,13.15727919,0.842766929,12.763523033402238,0.8357101363540298,-0.036267514198388265,0.05598277127560879,True
1546,889,35.56,03/22/2026 12:53:55.800,13.15727919,0.842766929,12.797602570023365,0.8389851760903995,0.009114035315032652,0.022194194707447323,True
1547,890,35.6,03/22/2026 12:53:55.840,13.33270958,0.842766929,12.831872111717214,0.8412497709724608,0.027335601082714902,0.02014558995199861,True
1548,891,35.64,03/22/2026 12:53:55.880,13.33270958,0.842766929,12.866118438248698,0.8425809033378281,0.02958740266096679,0.015713717594831648,True
1549,892,35.68,03/22/2026 12:53:55.920,13.68357036,0.842766929,12.900758850504292,0.8432146138795534,0.024250919470865218,0.044317388100136794,True
1550,893,35.72,03/22/2026 12:53:55.960,13.68357036,0.842766929,12.935365667404964,0.8434013364990608,0.016673008618034838,0.04068142165719038,True
1551,894,35.76,03/22/2026 12:53:56.000,13.68357036,0.674213543,12.965068588487247,0.7497584706549827,-0.8895336343213482,5.169596773749542,True
1552,895,35.800000000000004,03/22/2026 12:53:56.040,13.33270958,0.674213543,12.99359917460497,0.6919887112006683,-1.1027500456869284,0.2923988589096456,True
1553,896,35.84,03/22/2026 12:53:56.080,13.15727919,0.674213543,13.021320779600295,0.6625020948950598,-0.9622534860218543,0.12470653246566725,True
1554,897,35.88,03/22/2026 12:53:56.120,13.15727919,0.674213543,13.048632319958317,0.6518874518182574,-0.6944247328901134,0.44918369486071436,True
1555,898,35.92,03/22/2026 12:53:56.160,13.33270958,0.674213543,13.075907887239602,0.651932032101525,-0.42712434023482987,0.4513259197405889,True
1556,899,35.96,03/22/2026 12:53:56.200,13.15727919,0.674213543,13.102846460232778,0.6567059741140877,-0.21710098602462957,0.27590245359733995,True
1557,900,36.0,03/22/2026 12:53:56.240,13.15727919,0.674213543,13.12973100609177,0.6625652292967861,-0.07736648891824227,0.12209139285647132,True
1558,901,36.04,03/22/2026 12:53:56.280,13.33270958,0.674213543,13.156807803197683,0.6676576669977384,0.0012855018039321237,0.04089536631094508,True
1559,902,36.08,03/22/2026 12:53:56.320,13.85900075,0.674213543,13.18450735948255,0.6713242576884363,0.03597465159300864,0.04029609441191748,True
1560,903,36.12,03/22/2026 12:53:56.360,14.03443114,0.674213543,13.212410206564824,0.6735728105227322,0.0436965338832848,0.049046501802859736,True
1561,904,36.160000000000004,03/22/2026 12:53:56.400,14.20986153,0.674213543,13.240509652596566,0.6747109671772432,0.0377714651721538,0.06790091665188021,True
1562,905,36.2,03/22/2026 12:53:56.440,13.68357036,0.842766929,13.272830691780877,0.7686997886171938,0.9262995278958917,4.946502097799241,True
1563,906,36.24,03/22/2026 12:53:56.480,13.33270958,0.842766929,13.30542207092291,0.8263049474670295,1.123778827182048,0.24379288210926997,True
1564,907,36.28,03/22/2026 12:53:56.520,13.33270958,0.842766929,13.338542880640496,0.8554371739594347,0.9717861729357766,0.14438870951060528,True
1565,908,36.32,03/22/2026 12:53:56.560,13.33270958,0.842766929,13.372001384520821,0.8656893788119895,0.6968065028263037,0.4727001529535417,True
1566,909,36.36,03/22/2026 12:53:56.600,13.15727919,0.842766929,13.405424254236776,0.8653560802082008,0.42581602952284886,0.4634252822525092,True
1567,910,36.4,03/22/2026 12:53:56.640,13.50813997,0.842766929,13.439315312564625,0.8603886843349684,0.21442823858839583,0.27961773533389683,True
1568,911,36.44,03/22/2026 12:53:56.680,13.85900075,0.842766929,13.473600742913733,0.8544206257797352,0.07464707360120526,0.1328033657239871,True
1569,912,36.480000000000004,03/22/2026 12:53:56.720,13.85900075,0.842766929,13.50782889684056,0.849279561995419,-0.0034633166828882678,0.047009022444166756,True
1570,913,36.52,03/22/2026 12:53:56.760,13.85900075,1.011320315,13.546853480250798,0.9391943159010877,0.8617745172469446,4.6860607588434116,True
1571,914,36.56,03/22/2026 12:53:56.800,13.85900075,1.011320315,13.586520328050735,0.9945750372338613,1.062662873941419,0.2575867131818669,True
1572,915,36.6,03/22/2026 12:53:56.840,14.20986153,1.011320315,13.62709520683151,1.0227803984260135,0.9252128552568765,0.14252156912307026,True
1573,916,36.64,03/22/2026 12:53:56.880,14.03443114,1.011320315,13.667777038945285,1.0328781472520778,0.6666207562806256,0.4275974962004761,True
1574,917,36.68,03/22/2026 12:53:56.920,13.85900075,1.011320315,13.708408611144804,1.0327676467549074,0.409344853168174,0.41531735573982115,True
1575,918,36.72,03/22/2026 12:53:56.960,13.68357036,1.011320315,13.748876861384561,1.0281405444988747,0.20756635867146814,0.2547763438779856,True
1576,919,36.76,03/22/2026 12:53:57.000,13.85900075,1.011320315,13.789523879655723,1.0224938285642737,0.07353177682611628,0.11262841106114245,True
1577,920,36.800000000000004,03/22/2026 12:53:57.040,13.85900075,1.011320315,13.83010833906462,1.0175978750893204,-0.0017726518616149045,0.03550184326273373,True
1578,921,36.84,03/22/2026 12:53:57.080,13.85900075,1.011320315,13.870617824896403,1.0140806021561144,-0.034885591436187816,0.00686272967071769,True
1579,922,36.88,03/22/2026 12:53:57.120,13.85900075,1.011320315,13.911052779285441,1.0119270538309708,-0.042166294412338066,0.0005265502887859866,True
1580,923,36.92,03/22/2026 12:53:57.160,14.03443114,1.011320315,13.951624152075224,1.01084046498247,-0.0364064174653284,0.0007013663594277074,True
1581,924,36.96,03/22/2026 12:53:57.200,14.56072231,1.011320315,13.992748008501675,1.010462203686432,-0.02608787571813975,0.02390296552359678,True
1582,925,37.0,03/22/2026 12:53:57.240,14.56072231,0.842766929,14.028949075556019,0.9168864038535832,-0.9152028722184401,4.961040555051757,True
1583,926,37.04,03/22/2026 12:53:57.280,14.56072231,0.842766929,14.064386756732526,0.8594523131349013,-1.1153394061444004,0.2680620485634042,True
1584,927,37.08,03/22/2026 12:53:57.320,14.56072231,0.674213543,14.09435101251605,0.7367576219395636,-1.8655986590041826,3.5336392789148143,True
1585,928,37.12,03/22/2026 12:53:57.360,14.56072231,0.674213543,14.123187178809388,0.6688434170001747,-1.8011595947475567,0.039748075334083637,True
1586,929,37.160000000000004,03/22/2026 12:53:57.400,14.56072231,0.674213543,14.151213840002956,0.6397854503730511,-1.3881420508198754,1.0782660006292075,True
1587,930,37.2,03/22/2026 12:53:57.440,14.56072231,0.674213543,14.178738579045305,0.6342094835978123,-0.9082363402232985,1.4499876836381551,True
1588,931,37.24,03/22/2026 12:53:57.480,14.56072231,0.505660158,14.201132062139703,0.5466758970083581,-1.4002460152264555,1.5222311454662343,True
1589,932,37.28,03/22/2026 12:53:57.520,14.56072231,0.505660158,14.2227042317536,0.4989934379906061,-1.3202573101088808,0.04822480043851072,True
1590,933,37.32,03/22/2026 12:53:57.560,14.56072231,0.337106772,14.238827791990404,0.3856190762186362,-1.902197500483351,2.1240087431584422,True
1591,934,37.36,03/22/2026 12:53:57.600,14.56072231,0.337106772,14.253882998333502,0.3248443956641335,-1.7550845910880566,0.14205599589522747,True
1592,935,37.4,03/22/2026 12:53:57.640,14.56072231,0.337106772,14.26819464003376,0.30043246746541413,-1.3151265366068574,1.215963533612842,True
1593,936,37.44,03/22/2026 12:53:57.680,14.56072231,0.168553386,14.277195967707552,0.2038111908289266,-1.7380672668068313,1.1237545490332062,True
1594,937,37.480000000000004,03/22/2026 12:53:57.720,14.38529192,0.168553386,14.285064075188744,0.15331494038780824,-1.5552623556862755,0.20958814575511725,True
1595,938,37.52,03/22/2026 12:53:57.760,14.56072231,0.168553386,14.292500436188634,0.13411013588800805,-1.1420691092537256,1.072262372361662,True
1596,939,37.56,03/22/2026 12:53:57.800,14.56072231,0.0,14.29470168451255,0.03932857573324642,-1.6138436122841746,1.3961372925902682,True
1597,940,37.6,03/22/2026 12:53:57.840,14.56072231,0.0,14.296017589241472,-0.01121726637689654,-1.4792696810085197,0.11824373266565168,True
1598,941,37.64,03/22/2026 12:53:57.880,14.56072231,0.0,14.296723666455408,-0.03130301325102797,-1.1037469346052826,0.8864018917525259,True
1599,942,37.68,03/22/2026 12:53:57.920,14.56072231,-0.168553386,14.29220601319813,-0.12714647200835258,-1.6004530987367958,1.547142945697081,True
1600,943,37.72,03/22/2026 12:53:57.960,14.56072231,-0.168553386,14.28680782332699,-0.17860807235700624,-1.4798250913003892,0.096356481811354,True
1601,944,37.76,03/22/2026 12:53:58.000,14.56072231,-0.168553386,14.280802304515769,-0.1993491511223423,-1.1103866089817056,0.858698262622592,True
1602,945,37.800000000000004,03/22/2026 12:53:58.040,14.56072231,-0.337106772,14.269575615808332,-0.29559226396535604,-1.6083824913939258,1.556070456345485,True
1603,946,37.84,03/22/2026 12:53:58.080,14.38529192,-0.337106772,14.257271427060266,-0.3472554262042814,-1.4866335704711926,0.09382667536976046,True
1604,947,37.88,03/22/2026 12:53:58.120,14.56072231,-0.337106772,14.244565744531583,-0.3680652601294068,-1.1152414901323338,0.869302873719351,True
1605,948,37.92,03/22/2026 12:53:58.160,14.56072231,-0.505660158,14.226645018938534,-0.46430416261295243,-1.6113339918160348,1.546172997608531,True
1606,949,37.96,03/22/2026 12:53:58.200,14.38529192,-0.505660158,14.207654251325984,-0.5159315571880473,-1.4881104694663252,0.09717825184379025,True
1607,950,38.0,03/22/2026 12:53:58.240,14.38529192,-0.505660158,14.188068945494212,-0.5367001275080032,-1.115746094437591,0.8694142720252036,True
1608,951,38.04,03/22/2026 12:53:58.280,14.38529192,-0.674213543,14.163276613109106,-0.6329033453988574,-1.6112940642633822,1.5383228544164043,True
1609,952,38.08,03/22/2026 12:53:58.320,14.38529192,-0.674213543,14.137622401748022,-0.6845042359146849,-1.4878360578631513,0.09968714660630865,True
1610,953,38.12,03/22/2026 12:53:58.360,14.38529192,-0.674213543,14.111381305829552,-0.7052568128379126,-1.1154287671993295,0.8722231480812274,True
1611,954,38.160000000000004,03/22/2026 12:53:58.400,14.56072231,-0.674213543,14.085006446942518,-0.7078602882301446,-0.7117814068094557,1.0346656208486202,True
1612,955,38.2,03/22/2026 12:53:58.440,14.38529192,-0.674213543,14.058289536560792,-0.7018382054022758,-0.38038146767508113,0.6941396030889805,True
1613,956,38.24,03/22/2026 12:53:58.480,14.38529192,-0.842766929,14.026684922331215,-0.78685525328309,-1.051083011544031,2.8207089674515484,True
1614,957,38.28,03/22/2026 12:53:58.520,14.20986153,-0.842766929,13.994213487008915,-0.8365979950046017,-1.1250762635500524,0.03756448708661433,True
1615,958,38.32,03/22/2026 12:53:58.560,14.03443114,-0.842766929,13.96105512208013,-0.8600376340592802,-0.9178935097849409,0.2686707472895829,True
1616,959,38.36,03/22/2026 12:53:58.600,14.38529192,-0.842766929,13.927997346990248,-0.8667744854697775,-0.6298787654611465,0.533546394619642,True
1617,960,38.4,03/22/2026 12:53:58.640,14.38529192,-1.011320315,13.889932818756138,-0.9582377140161137,-1.266636768223218,2.551728659702796,True
1618,961,38.44,03/22/2026 12:53:58.680,14.03443114,-1.011320315,13.85072768925999,-1.010244365342635,-1.2795359078627646,0.0034700213920358875,True
1619,962,38.480000000000004,03/22/2026 12:53:58.720,14.03443114,-1.011320315,13.810994802226103,-1.0336030695044505,-1.0122220466121827,0.4502143959125212,True
1620,963,38.52,03/22/2026 12:53:58.760,14.03443114,-1.011320315,13.770952472531748,-1.039236005254732,-0.677333688634903,0.7059599289565175,True
1621,964,38.56,03/22/2026 12:53:58.800,14.03443114,-1.179873701,13.72590685914917,-1.129374379100925,-1.2831107469779135,2.300348128300847,True
1622,965,38.6,03/22/2026 12:53:58.840,13.68357036,-1.179873701,13.67973356481604,-1.1802406396087495,-1.278708780949574,0.00012217246442697852,True
1623,966,38.64,03/22/2026 12:53:58.880,13.85900075,-1.179873701,13.63324396948024,-1.2027834393686085,-1.0038735137569414,0.4757757813057369,True
1624,967,38.68,03/22/2026 12:53:58.920,13.85900075,-1.179873701,13.586458726069942,-1.2079196718924656,-0.66742191503019,0.7128698063104959,True
1625,968,38.72,03/22/2026 12:53:58.960,13.85900075,-1.179873701,13.53954906620035,-1.2042183763777834,-0.3753690653063891,0.5404652718849532,True
1626,969,38.76,03/22/2026 12:53:59.000,13.85900075,-1.348427087,13.487762245712048,-1.2909674354204588,-1.0646395982581023,2.979202369353299,True
1627,970,38.800000000000004,03/22/2026 12:53:59.040,13.85900075,-1.348427087,13.435316867781918,-1.341809790888853,-1.1440023885638642,0.05228648244932933,True
1628,971,38.84,03/22/2026 12:53:59.080,13.68357036,-1.348427087,13.382198242238879,-1.3658338903787302,-0.9351771134892884,0.27910665138926566,True
1629,972,38.88,03/22/2026 12:53:59.120,13.50813997,-1.348427087,13.328602045966562,-1.372804084293281,-0.642742595699702,0.5368213177717386,True
1630,973,38.92,03/22/2026 12:53:59.160,12.9818488,-1.348427087,13.274296435328994,-1.3707041688368102,-0.37551914963491617,0.45244375716537555,True
1631,974,38.96,03/22/2026 12:53:59.200,12.9818488,-1.348427087,13.219979903512343,-1.3650161713291238,-0.1765266309015525,0.2515606759153575,True
1632,975,39.0,03/22/2026 12:53:59.240,12.9818488,-1.348427087,13.165716400602161,-1.3589462113566397,-0.05034706784832038,0.10193747612310934,True
1633,976,39.04,03/22/2026 12:53:59.280,12.9818488,-1.348427087,13.111535902973849,-1.3540016912859607,0.016520325648854625,0.02915461231129093,True
1634,977,39.08,03/22/2026 12:53:59.320,12.9818488,-1.348427087,13.057446844216566,-1.3506128397429753,0.04273736279166521,0.004706987803511185,True
1635,978,39.12,03/22/2026 12:53:59.360,12.9818488,-1.516980473,12.998579677496442,-1.4422299315135092,-0.8539717003516623,5.025568534079465,True
1636,979,39.160000000000004,03/22/2026 12:53:59.400,12.80641841,-1.516980473,12.938886656489386,-1.498928419213112,-1.070530083778375,0.2943802906343096,True
1637,980,39.2,03/22/2026 12:53:59.440,12.63098802,-1.516980473,12.878513927141949,-1.5279975924091247,-0.9383793260407951,0.11355401102998036,True
1638,981,39.24,03/22/2026 12:53:59.480,12.63098802,-1.516980473,12.817839208515217,-1.538574592880443,-0.6793441210688226,0.421873367640515,True
1639,982,39.28,03/22/2026 12:53:59.520,12.63098802,-1.516980473,12.757022525351704,-1.538670159219374,-0.4191598646652092,0.4242353541599382,True
1640,983,39.32,03/22/2026 12:53:59.560,12.63098802,-1.685533858,12.691313098156275,-1.6276746913952935,-1.113241694298231,3.0112070653409697,True
1641,984,39.36,03/22/2026 12:53:59.600,12.63098802,-1.685533858,12.624936935550275,-1.6796056647019764,-1.1843561055643375,0.03161040774832189,True
1642,985,39.4,03/22/2026 12:53:59.640,12.28012725,-1.685533858,12.557696010599148,-1.703968019367495,-0.9632317311248418,0.3111344312385208,True
1643,986,39.44,03/22/2026 12:53:59.680,12.45555763,-1.685533858,12.490374709595152,-1.7108679573975494,-0.6593250987017076,0.5773300709118727,True
1644,987,39.480000000000004,03/22/2026 12:53:59.720,12.10469686,-1.685533858,12.422555912276849,-1.7085317296899738,-0.383456150354168,0.48290408009935853,True
1645,988,39.52,03/22/2026 12:53:59.760,12.10469686,-1.516980473,12.359606531827337,-1.6089938438693983,0.7203262326476181,7.619210602093914,True
1646,989,39.56,03/22/2026 12:53:59.800,12.10469686,-1.516980473,12.297437224474706,-1.5450891885434384,1.0575103455375017,0.7132422267582548,True
1647,990,39.6,03/22/2026 12:53:59.840,12.10469686,-1.516980473,12.235924836545456,-1.5106695387776254,0.981798618695315,0.037069333319253224,True
1648,991,39.64,03/22/2026 12:53:59.880,12.10469686,-1.516980473,12.174888648357726,-1.496708306514865,0.7386104383086927,0.3699869922288661,True
1649,992,39.68,03/22/2026 12:53:59.920,12.10469686,-1.516980473,12.114160865223642,-1.4948250926506697,0.4728338357682275,0.44148957806650924,True
1650,993,39.72,03/22/2026 12:53:59.960,11.92926647,-1.516980473,12.053422569295762,-1.4987162081767598,0.2537301270038111,0.30115692428073765,True
1651,994,39.76,03/22/2026 12:54:00.000,11.57840569,-1.516980473,11.992400899086045,-1.5043460175586145,0.10214911052332068,0.155964255406001,True
1652,995,39.800000000000004,03/22/2026 12:54:00.040,11.57840569,-1.348427087,11.936304656020148,-1.4159551470347986,0.9122009646337176,4.110306898286586,True
1653,996,39.84,03/22/2026 12:54:00.080,11.57840569,-1.348427087,11.880961638907545,-1.3622334003056655,1.0778085389091105,0.17799282908893477,True
1654,997,39.88,03/22/2026 12:54:00.120,11.57840569,-1.348427087,11.826215961715764,-1.3353948111558003,0.921462468623566,0.15720776448206203,True
1655,998,39.92,03/22/2026 12:54:00.160,11.4029753,-1.348427087,11.771691625768609,-1.3262405788218268,0.655296882978705,0.4525908101908803,True
1656,999,39.96,03/22/2026 12:54:00.200,11.4029753,-1.348427087,11.71742335899162,-1.3269040227636333,0.39709233087580464,0.4238257616340697,True
1657,1000,40.0,03/22/2026 12:54:00.240,11.57840569,-1.348427087,11.663490657906427,-1.3317912465404311,0.197524912959589,0.24944516837996292,True
1658,1001,40.04,03/22/2026 12:54:00.280,11.4029753,-1.348427087,11.609442339689359,-1.3375156465341493,0.06662220010718084,0.1101736864349525,True
1659,1002,40.08,03/22/2026 12:54:00.320,11.4029753,-1.348427087,11.555436244145913,-1.342389942754399,-0.005806059249787013,0.03446333919370356,True
1660,1003,40.12,03/22/2026 12:54:00.360,11.4029753,-1.179873701,11.506327486308846,-1.2522550055911819,0.8624764059134592,4.712713390501731,True
1661,1004,40.160000000000004,03/22/2026 12:54:00.400,11.4029753,-1.179873701,11.457962335901167,-1.1967217395025893,1.0645832820054102,0.2555100671481132,True
1662,1005,40.2,03/22/2026 12:54:00.440,11.4029753,-1.179873701,11.410193412007821,-1.1684282233953134,0.927282890823476,0.11782522563246087,True
1663,1006,40.24,03/22/2026 12:54:00.480,11.4029753,-1.179873701,11.362838828788426,-1.1582872369891468,0.6683331651918616,0.41920706955749243,True
1664,1007,40.28,03/22/2026 12:54:00.520,11.05211452,-1.179873701,11.315359303500124,-1.1583853239639617,0.41054694109325235,0.42034303659826555,True
1665,1008,40.32,03/22/2026 12:54:00.560,11.05211452,-1.011320315,11.27288879429116,-1.069423694166283,1.1075461621144862,3.0397734668303547,True
1666,1009,40.36,03/22/2026 12:54:00.600,10.87668413,-1.011320315,11.23101242180839,-1.0174602512763407,1.181185547612828,0.04292840378882032,True
1667,1010,40.4,03/22/2026 12:54:00.640,11.05211452,-1.011320315,11.189921397118336,-0.9930388866429676,0.9618753535228707,0.3019809669016914,True
1668,1011,40.44,03/22/2026 12:54:00.680,10.87668413,-1.011320315,11.149033859572814,-0.9860798684059323,0.6590788662304377,0.5783975654897611,True
1669,1012,40.480000000000004,03/22/2026 12:54:00.720,11.05211452,-1.011320315,11.108565267045533,-0.9883704208133107,0.3837692300430111,0.47395444663527636,True
1670,1013,40.52,03/22/2026 12:54:00.760,10.70125374,-1.011320315,11.06783402757773,-0.9942883822240027,0.17943808247657733,0.2706413997724584,True
1671,1014,40.56,03/22/2026 12:54:00.800,10.70125374,-0.842766929,11.032020850912515,-0.906964173709805,0.9495346155940089,3.714373509836465,True
1672,1015,40.6,03/22/2026 12:54:00.840,10.70125374,-0.842766929,10.996940461094521,-0.8544277088696715,1.0894046452825035,0.12855979802592926,True
1673,1016,40.64,03/22/2026 12:54:00.880,10.70125374,-0.842766929,10.962430661368838,-0.8285742279018308,0.9191375219389233,0.18611655126413634,True
1674,1017,40.68,03/22/2026 12:54:00.920,10.70125374,-0.842766929,10.928305375593562,-0.8201049566278567,0.6472744042221472,0.4656623331762012,True
1675,1018,40.72,03/22/2026 12:54:00.960,10.52582335,-0.842766929,10.89421887646801,-0.8211754039532139,0.3882462580130756,0.4291445971993521,True
1676,1019,40.76,03/22/2026 12:54:01.000,10.52582335,-0.842766929,10.860249632552105,-0.8262593056601791,0.19020612644137788,0.2531951187279716,True
1677,1020,40.800000000000004,03/22/2026 12:54:01.040,10.52582335,-0.674213543,10.831197967041303,-0.7384522778842086,0.9608014771260033,3.718017965081043,True
1678,1021,40.84,03/22/2026 12:54:01.080,10.52582335,-0.674213543,10.802876802705356,-0.6856922453607848,1.0984881109148872,0.12400430638275271,True
1679,1022,40.88,03/22/2026 12:54:01.120,10.52582335,-0.674213543,10.775122038770148,-0.6597782117540884,0.9253109086983361,0.19192607201714154,True
1680,1023,40.92,03/22/2026 12:54:01.160,10.52582335,-0.674213543,10.747746067957879,-0.6513338145293974,0.6508358088988011,0.4744151825951496,True
1681,1024,40.96,03/22/2026 12:54:01.200,10.52582335,-0.674213543,10.720590848195828,-0.6524609144691046,0.3898825897550059,0.42834784337562254,True
1682,1025,41.0,03/22/2026 12:54:01.240,10.52582335,-0.505660158,10.698411903012655,-0.5640133735661894,1.0898809402408338,3.064602240675065,True
1683,1026,41.04,03/22/2026 12:54:01.280,10.52582335,-0.505660158,10.676988096376821,-0.5122244075742328,1.1686191998754454,0.04039113448609445,True
1684,1027,41.08,03/22/2026 12:54:01.320,10.52582335,-0.505660158,10.6561333068413,-0.48779095009741086,0.9542543323205804,0.28843148084854014,True
1685,1028,41.12,03/22/2026 12:54:01.360,10.52582335,-0.505660158,10.635647970480228,-0.4807377723392948,0.6552803528661693,0.55953551167813,True
1686,1029,41.160000000000004,03/22/2026 12:54:01.400,10.52582335,-0.505660158,10.615369120413513,-0.48291946433715693,0.3824788541876734,0.465712434054136,True
1687,1030,41.2,03/22/2026 12:54:01.440,10.52582335,-0.505660158,10.59518483147206,-0.48874267516258535,0.1795335330605948,0.2577673725081692,True
1688,1031,41.24,03/22/2026 12:54:01.480,10.52582335,-0.674213543,10.570163028069981,-0.5885336223718118,-0.8482856819171541,6.6027297540122,True
1689,1032,41.28,03/22/2026 12:54:01.520,10.52582335,-0.674213543,10.544427491986209,-0.6511990127338108,-1.1243690526456247,0.47641383622621375,True
1690,1033,41.32,03/22/2026 12:54:01.560,10.52582335,-0.674213543,10.518122973600313,-0.6839800973465533,-1.0072090229122905,0.08579494130142358,True
1691,1034,41.36,03/22/2026 12:54:01.600,10.52582335,-0.674213543,10.491441356312183,-0.6964747892545778,-0.7401613718103147,0.44580263467055853,True
1692,1035,41.4,03/22/2026 12:54:01.640,10.35039296,-0.505660158,10.469235084325721,-0.6036908584165861,0.4358108637603221,8.64417609848441,True
1693,1036,41.44,03/22/2026 12:54:01.680,10.35039296,-0.505660158,10.44766247564307,-0.5415059396387519,0.8658130481505744,1.1563082505839373,True
1694,1037,41.480000000000004,03/22/2026 12:54:01.720,10.35039296,-0.505660158,10.42664907373077,-0.5062001396105847,0.8722873684540997,0.000680665049211711,True
1695,1038,41.52,03/22/2026 12:54:01.760,10.17496257,-0.505660158,10.405861279089383,-0.490383865078131,0.6890227786193407,0.21376174937939935,True
1696,1039,41.56,03/22/2026 12:54:01.800,10.17496257,-0.505660158,10.38533618081409,-0.48660983184796347,0.46048573328876696,0.32963125978726093,True
1697,1040,41.6,03/22/2026 12:54:01.840,10.17496257,-0.505660158,10.364956097148024,-0.4889968451920818,0.2605842102854683,0.25236268430076936,True
1698,1041,41.64,03/22/2026 12:54:01.880,10.17496257,-0.505660158,10.344642362731353,-0.4936145084455096,0.11607710816978245,0.13259379436271648,True
1699,1042,41.68,03/22/2026 12:54:01.920,10.17496257,-0.505660158,10.324350439777394,-0.4982387864638183,0.027043776784234225,0.05115377117779115,True
1700,1043,41.72,03/22/2026 12:54:01.960,10.35039296,-0.505660158,10.304245464895166,-0.5018782390046244,-0.018322165954307586,0.013015807092846719,True
1701,1044,41.76,03/22/2026 12:54:02.000,10.17496257,-0.505660158,10.283952578713903,-0.5043046978413164,-0.034587005144884234,0.0025093485359849775,True
1702,1045,41.800000000000004,03/22/2026 12:54:02.040,10.35039296,-0.505660158,10.263844755988696,-0.505672169693753,-0.034439161562624734,0.0005396166629314123,True
1703,1046,41.84,03/22/2026 12:54:02.080,10.17496257,-0.505660158,10.243558236563588,-0.5062785156564445,-0.027024309209994032,0.0006823873233386327,True
1704,1047,41.88,03/22/2026 12:54:02.120,9.999532186,-0.505660158,10.223099313700914,-0.5064170803732843,-0.017953949663851124,0.004113461423760588,True
1705,1048,41.92,03/22/2026 12:54:02.160,9.999532186,-0.337106772,10.207524073564434,-0.4127263201689265,0.8891699874042662,5.146032429230562,True
1706,1049,41.96,03/22/2026 12:54:02.200,9.999532186,-0.337106772,10.192681093794027,-0.3549208371660759,1.1028593424887165,0.28807165085961356,True
1707,1050,42.0,03/22/2026 12:54:02.240,10.17496257,-0.337106772,10.178602538836673,-0.32540999066332316,0.9625444640393,0.12305273650068096,True
1708,1051,42.04,03/22/2026 12:54:02.280,10.17496257,-0.168553386,10.169782550146538,-0.22119048912356445,1.593979970617682,2.4919452820674333,True
1709,1052,42.08,03/22/2026 12:54:02.320,10.17496257,-0.168553386,10.161902331622914,-0.1636068768199987,1.5346421568107622,0.022018201805440882,True
1710,1053,42.12,03/22/2026 12:54:02.360,9.824101796,-0.168553386,10.154322589998399,-0.13905451949877812,1.180759109905015,0.7905888733215497,True
1711,1054,42.160000000000004,03/22/2026 12:54:02.400,9.824101796,0.0,10.152015883198272,-0.0408395831230122,1.6706569971339873,1.5077056216992222,True
1712,1055,42.2,03/22/2026 12:54:02.440,9.999532186,0.0,10.150809484422384,0.011556538096450714,1.5320180795023648,0.12178284077454615,True
1713,1056,42.24,03/22/2026 12:54:02.480,9.999532186,0.0,10.15023457002232,0.03239286300512173,1.1434263984671396,0.9454214571131508,True
1714,1057,42.28,03/22/2026 12:54:02.520,10.17496257,0.0,10.150212599232425,0.0347476319175841,0.7265944871924035,1.0859719615258836,True
1715,1058,42.32,03/22/2026 12:54:02.560,10.17496257,0.0,10.15036503830638,0.02837961751465623,0.3861533418258182,0.7244176903052881,True
1716,1059,42.36,03/22/2026 12:54:02.600,9.999532186,0.168553386,10.1552519139514,0.11308120320193718,1.0515915227301318,2.769271655822316,True
1717,1060,42.4,03/22/2026 12:54:02.640,9.999532186,0.168553386,10.160835936473417,0.16258924086758883,1.1231304840615572,0.03385752494080717,True
1718,1061,42.44,03/22/2026 12:54:02.680,9.999532186,0.168553386,10.166937594968127,0.1858800654012311,0.915272187477181,0.2720583006400364,True
1719,1062,42.480000000000004,03/22/2026 12:54:02.720,9.999532186,0.168553386,10.173365165657598,0.19254067793019097,0.6275128294146901,0.5197222450136353,True
1720,1063,42.52,03/22/2026 12:54:02.760,9.824101796,0.337106772,10.184647053797447,0.28397377043787736,1.2648812889444976,2.5482984199845466,True
1721,1064,42.56,03/22/2026 12:54:02.800,9.824101796,0.337106772,10.196704237230978,0.33597619590191263,1.278427544261891,0.011144335672758894,True
1722,1065,42.6,03/22/2026 12:54:02.840,9.999532186,0.337106772,10.209502706732271,0.3593455846299051,1.0116413974910832,0.4480313025440737,True
1723,1066,42.64,03/22/2026 12:54:02.880,9.824101796,0.337106772,10.22246028554243,0.3649918888616938,0.6771139570449928,0.7108892372646584,True
1724,1067,42.68,03/22/2026 12:54:02.920,9.824101796,0.337106772,10.235586371869243,0.36155184830603476,0.3838527130472852,0.5497364802177384,True
1725,1068,42.72,03/22/2026 12:54:02.960,9.999532186,0.337106772,10.248946890694102,0.35480576639924255,0.17152456754837492,0.28626301535742715,True
1726,1069,42.76,03/22/2026 12:54:03.000,9.999532186,0.505660158,10.267161389461833,0.4416191322860213,0.9397498348386004,3.693672508954362,True
1727,1070,42.800000000000004,03/22/2026 12:54:03.040,9.999532186,0.505660158,10.286046242789963,0.493894835329172,1.0808743610960714,0.13037828806313814,True
1728,1071,42.84,03/22/2026 12:54:03.080,10.17496257,0.505660158,10.305622139566324,0.5196552929142486,0.9129829024466277,0.17740686414388337,True
1729,1072,42.88,03/22/2026 12:54:03.120,10.35039296,0.505660158,10.325704159282942,0.5281260852962372,0.6434824554701046,0.4539828983940525,True
1730,1073,42.92,03/22/2026 12:54:03.160,10.35039296,0.674213543,10.350822083632115,0.6206898955480037,1.2855527146916808,2.576588889776306,True
1731,1074,42.96,03/22/2026 12:54:03.200,10.35039296,0.674213543,10.376711733034568,0.6732787676982138,1.2967651491453287,0.0008355575600018893,True
1732,1075,43.0,03/22/2026 12:54:03.240,10.35039296,0.674213543,10.403153700773622,0.6968664720608402,1.0250180704023641,0.46174437059447093,True
1733,1076,43.04,03/22/2026 12:54:03.280,10.35039296,0.674213543,10.42992666689965,0.7025224571862962,0.6854205701090645,0.7212523981833432,True
1734,1077,43.08,03/22/2026 12:54:03.320,10.35039296,0.674213543,10.456855705983024,0.6989964560090915,0.3881198526377821,0.5532470575036101,True
1735,1078,43.12,03/22/2026 12:54:03.360,10.70125374,0.674213543,10.48418411096731,0.6921411227435481,0.1730698112646611,0.2924231251629812,True
1736,1079,43.160000000000004,03/22/2026 12:54:03.400,10.70125374,0.842766929,10.516351689312568,0.7788574061950977,0.9397371799393681,3.6761138987303084,True
1737,1080,43.2,03/22/2026 12:54:03.440,10.35039296,0.842766929,10.548814895770727,0.8310603237817399,1.0801611490173837,0.12607191030007778,True
1738,1081,43.24,03/22/2026 12:54:03.480,10.35039296,0.842766929,10.581773690840972,0.856774966539046,0.9121105455819829,0.18037119749381123,True
1739,1082,43.28,03/22/2026 12:54:03.520,10.52582335,0.842766929,10.615223338756401,0.865222482614158,0.6427295971488083,0.4541194358337554,True
1740,1083,43.32,03/22/2026 12:54:03.560,10.52582335,0.842766929,10.64882832083812,0.864187076798442,0.38576793223388683,0.4137802934526796,True
1741,1084,43.36,03/22/2026 12:54:03.600,10.70125374,0.842766929,10.682658312254729,0.8591560808724744,0.18916428759501713,0.24160524807634073,True
1742,1085,43.4,03/22/2026 12:54:03.640,10.70125374,0.842766929,10.71646791805805,0.8534209192701527,0.061358240963447386,0.10210704558065045,True
1743,1086,43.44,03/22/2026 12:54:03.680,10.70125374,1.011320315,10.75509179887718,0.9421873902549701,0.890675251903829,4.298740167167294,True
1744,1087,43.480000000000004,03/22/2026 12:54:03.720,10.70125374,1.011320315,10.794365224122686,0.9964184091225808,1.0694346476103742,0.20033868710112165,True
1745,1088,43.52,03/22/2026 12:54:03.760,10.70125374,1.011320315,10.834136235186495,1.023716966275814,0.9207185206700035,0.13950442425069237,True
1746,1089,43.56,03/22/2026 12:54:03.800,10.70125374,1.011320315,10.874222356240058,1.0332119186232083,0.6580991012593405,0.4332214628973808,True
1747,1090,43.6,03/22/2026 12:54:03.840,10.87668413,1.011320315,10.914645027313389,1.0327635111315416,0.40086463383415627,0.4136659359501263,True
1748,1091,43.64,03/22/2026 12:54:03.880,10.87668413,1.011320315,10.955113172712018,1.0279877772945551,0.20091816961880793,0.25031290729496297,True
1749,1092,43.68,03/22/2026 12:54:03.920,11.05211452,1.011320315,10.99573671926317,1.0223075501218297,0.06911761646892087,0.10879830328032973,True
1750,1093,43.72,03/22/2026 12:54:03.960,11.22754491,1.011320315,11.036481036004131,1.017437346526504,-0.004254082845311785,0.036271998630503614,True
1751,1094,43.76,03/22/2026 12:54:04.000,11.22754491,1.011320315,11.077155988197381,1.01396590723099,-0.03598411993948593,0.00792015095771369,True
1752,1095,43.800000000000004,03/22/2026 12:54:04.040,11.05211452,1.011320315,11.117584523941517,1.0118564322779926,-0.04241822598395038,0.0005675274052912886,True
1753,1096,43.84,03/22/2026 12:54:04.080,11.05211452,1.011320315,11.15795105258354,1.010803594267526,-0.0362242246604085,0.0010463269739635925,True
1754,1097,43.88,03/22/2026 12:54:04.120,11.05211452,1.011320315,11.19826291627899,1.0104453342959197,-0.02573427956832435,0.0022256302192325793,True
1755,1098,43.92,03/22/2026 12:54:04.160,11.05211452,1.011320315,11.23852640057528,1.0104724043685387,-0.015570812152060742,0.003147718892431526,True
1756,1099,43.96,03/22/2026 12:54:04.200,11.05211452,1.011320315,11.278746000997007,1.0106650384607585,-0.007719928343625105,0.004083759197487581,True
1757,1100,44.0,03/22/2026 12:54:04.240,11.05211452,1.011320315,11.318924478787196,1.0108901657744807,-0.0025714154016057717,0.005292095441071438,True
1758,1101,44.04,03/22/2026 12:54:04.280,11.05211452,1.011320315,11.359063255722743,1.0110816702302572,0.00027806858764948183,0.0068358483642936745,True
1759,1102,44.08,03/22/2026 12:54:04.320,11.22754491,1.011320315,11.399339844523285,1.011218233737015,0.001495192006674054,0.0021346953623741145,True
1760,1103,44.12,03/22/2026 12:54:04.360,11.22754491,1.011320315,11.43957703910485,1.0113004119568163,0.0017247609644422586,0.0032380480112853783,True
1761,1104,44.160000000000004,03/22/2026 12:54:04.400,11.22754491,0.842766929,11.474907769136465,0.917749913741561,-0.8977826878868592,5.061420026166233,True
1762,1105,44.2,03/22/2026 12:54:04.440,11.22754491,0.842766929,11.509486137779172,0.8601422025556401,-1.1062288827348175,0.2773000538691521,True
1763,1106,44.24,03/22/2026 12:54:04.480,11.4029753,0.842766929,11.543641964700036,0.8308143064820454,-0.9628511839306177,0.12990249740556759,True
1764,1107,44.28,03/22/2026 12:54:04.520,11.4029753,0.842766929,11.577387446316049,0.8203214735256459,-0.6936028050589367,0.45527138630884045,True
1765,1108,44.32,03/22/2026 12:54:04.560,11.4029753,0.842766929,11.610887048600953,0.820444537814883,-0.42583215841018257,0.451231871024781,True
1766,1109,44.36,03/22/2026 12:54:04.600,11.4029753,0.842766929,11.64425927099728,0.8252626290608528,-0.21586083472150405,0.27973037311285237,True
1767,1110,44.4,03/22/2026 12:54:04.640,11.57840569,0.842766929,11.677752851062017,0.8311414712294735,-0.07640601734390748,0.12225529390407604,True
1768,1111,44.44,03/22/2026 12:54:04.680,11.57840569,0.842766929,11.71122848440775,0.8362366993401771,0.001924935635588057,0.03961640561721928,True
1769,1112,44.480000000000004,03/22/2026 12:54:04.720,11.4029753,0.842766929,11.744523597225726,0.8398951426416225,0.0363601169342727,0.015809487959273765,True
1770,1113,44.52,03/22/2026 12:54:04.760,11.4029753,0.842766929,11.777813934756542,0.8421346139511957,0.04392913266238292,0.01047604438574242,True
1771,1114,44.56,03/22/2026 12:54:04.800,11.4029753,0.842766929,11.81109337804017,0.8432650732759084,0.037935703564612115,0.012220235000333935,True
1772,1115,44.6,03/22/2026 12:54:04.840,11.75383608,0.842766929,11.844705166717285,0.8436628623587845,0.027184139331794508,0.0013173643683770978,True
1773,1116,44.64,03/22/2026 12:54:04.880,11.75383608,0.842766929,11.878291687252675,0.8436483344420009,0.016605396786755818,0.0018152304373618014,True
1774,1117,44.68,03/22/2026 12:54:04.920,11.75383608,0.674213543,11.90698143192174,0.7498625861050056,-0.8908880126391233,5.148874066851872,True
1775,1118,44.72,03/22/2026 12:54:04.960,11.75383608,0.674213543,11.934925911847525,0.6920082172014814,-1.1043609718000895,0.28718778555365315,True
1776,1119,44.76,03/22/2026 12:54:05.000,11.75383608,0.674213543,11.962277290893336,0.6624803217980302,-0.9636181502119846,0.12692536760811196,True
1777,1120,44.800000000000004,03/22/2026 12:54:05.040,12.10469686,0.674213543,11.989573586059802,0.6518535252515302,-0.6953821369173483,0.45065281424498405,True
1778,1121,44.84,03/22/2026 12:54:05.080,11.75383608,0.674213543,12.016280237183313,0.6518972122950006,-0.4276865544837632,0.45282435334561744,True
1779,1122,44.88,03/22/2026 12:54:05.120,11.75383608,0.674213543,12.042865754559232,0.6566787012214069,-0.21735091903290693,0.2825084101850512,True
1780,1123,44.92,03/22/2026 12:54:05.160,12.10469686,0.674213543,12.069751892756077,0.6625486921852711,-0.07741772303687525,0.12247223086587965,True
1781,1124,44.96,03/22/2026 12:54:05.200,12.10469686,0.505660158,12.09175962598408,0.5740576077219925,-0.8979137398566857,4.207595370579182,True
1782,1125,45.0,03/22/2026 12:54:05.240,12.10469686,0.505660158,12.113056479973482,0.5201056713518544,-1.0712026429943216,0.1876869079518037,True
1783,1126,45.04,03/22/2026 12:54:05.280,12.10469686,0.505660158,12.13379579724742,0.4930282366686681,-0.9196712332808114,0.14357098589281703,True
1784,1127,45.08,03/22/2026 12:54:05.320,12.10469686,0.505660158,12.154160504911069,0.4836813948314932,-0.6560158860058507,0.43463649793819936,True
1785,1128,45.12,03/22/2026 12:54:05.360,12.10469686,0.505660158,12.174307660236371,0.4842146988681727,-0.3987589329464219,0.413976842747478,True
1786,1129,45.160000000000004,03/22/2026 12:54:05.400,12.10469686,0.505660158,12.194349308557022,0.48902827503719504,-0.19924656224531362,0.24935699872833733,True
1787,1130,45.2,03/22/2026 12:54:05.440,12.10469686,0.505660158,12.214353575710476,0.4947182066845406,-0.06799154246843073,0.10853679374289431,True
1788,1131,45.24,03/22/2026 12:54:05.480,12.10469686,0.337106772,12.22948754509747,0.40599269651566344,-0.8943532762171839,4.269106870613603,True
1789,1132,45.28,03/22/2026 12:54:05.520,12.10469686,0.337106772,12.24391710455226,0.35183218858172716,-1.071005571858949,0.19643939899756907,True
1790,1133,45.32,03/22/2026 12:54:05.560,12.10469686,0.337106772,12.25779497638813,0.324602196030925,-0.9210071714104502,0.14230452359931048,True
1791,1134,45.36,03/22/2026 12:54:05.600,12.10469686,0.337106772,12.271304041561642,0.31516026961798504,-0.6577439006711557,0.43516077524018965,True
1792,1135,45.4,03/22/2026 12:54:05.640,12.10469686,0.337106772,12.284601572767338,0.31564434646038425,-0.40028819734553106,0.41659132876685895,True
1793,1136,45.44,03/22/2026 12:54:05.680,12.10469686,0.168553386,12.292932904623276,0.22684867946404202,-1.0996073506780164,3.0591286221856846,True
1794,1137,45.480000000000004,03/22/2026 12:54:05.720,12.10469686,0.168553386,12.30052063058773,0.17491704243835945,-1.175954329959062,0.03919552145954981,True
1795,1138,45.52,03/22/2026 12:54:05.760,12.10469686,0.168553386,12.30755250082954,0.15046274522875663,-0.9589475890844307,0.2972775423145164,True
1796,1139,45.56,03/22/2026 12:54:05.800,12.10469686,0.168553386,12.314229299499354,0.1434473688696917,-0.6577846036503661,0.5700164124656398,True
1797,1140,45.6,03/22/2026 12:54:05.840,12.28012725,0.0,12.316020041090738,0.05209487589665662,-1.2827168769914523,2.4409753546539172,True
1798,1141,45.64,03/22/2026 12:54:05.880,12.28012725,0.0,12.3170186989389,0.00034946319706613955,-1.2869106399122503,0.0002079711333291041,True
1799,1142,45.68,03/22/2026 12:54:05.920,12.28012725,0.0,12.317444265071178,-0.022738401282506728,-1.0141421388726615,0.4651144732947772,True
1800,1143,45.72,03/22/2026 12:54:05.960,12.28012725,0.0,12.317516447060543,-0.02815405646309392,-0.6764073803993291,0.713002486239457,True
1801,1144,45.76,03/22/2026 12:54:06.000,12.28012725,-0.168553386,12.312541372958462,-0.11814536893135084,-1.2811039254920786,2.2854423479185075,True
1802,1145,45.800000000000004,03/22/2026 12:54:06.040,12.28012725,-0.168553386,12.30678872388632,-0.1689253895183356,-1.2766425222990128,0.00017556335324818038,True
1803,1146,45.84,03/22/2026 12:54:06.080,12.28012725,-0.168553386,12.300477201344357,-0.19142989849097505,-1.0022165024722058,0.4707137612769655,True
1804,1147,45.88,03/22/2026 12:54:06.120,12.28012725,-0.337106772,12.288957726628752,-0.29014751168779573,-1.5655407008101756,1.9833453141914799,True
1805,1148,45.92,03/22/2026 12:54:06.160,12.28012725,-0.337106772,12.276555582188692,-0.3440724354731047,-1.4819803685606552,0.043640548101854554,True
1806,1149,45.96,03/22/2026 12:54:06.200,12.28012725,-0.337106772,12.263538014173822,-0.36656843552284674,-1.1285572022582526,0.7806958288027573,True
1807,1150,46.0,03/22/2026 12:54:06.240,12.28012725,-0.337106772,12.250158002222573,-0.3702859805994038,-0.7305377436104523,0.9901893591651076,True
1808,1151,46.04,03/22/2026 12:54:06.280,12.28012725,-0.505660158,12.231741160716009,-0.4584495648361242,-1.2968744545926572,2.00477008410346,True
1809,1152,46.08,03/22/2026 12:54:06.320,12.28012725,-0.505660158,12.212566364889437,-0.5077342455545637,-1.2719907496621028,0.004199102652719034,True
1810,1153,46.12,03/22/2026 12:54:06.360,12.28012725,-0.505660158,12.192854976927714,-0.5292103427426074,-0.9894786868841408,0.4993860399952107,True
1811,1154,46.160000000000004,03/22/2026 12:54:06.400,12.28012725,-0.505660158,12.172824109901217,-0.5337357418845431,-0.6526790171414436,0.709800407187598,True
1812,1155,46.2,03/22/2026 12:54:06.440,12.10469686,-0.505660158,12.152472119789135,-0.52975764233431,-0.36360739357243366,0.5224261245009482,True
1813,1156,46.24,03/22/2026 12:54:06.480,12.10469686,-0.505660158,12.132081181575572,-0.5228458471645655,-0.15744885923573526,0.26568605196354556,True
1814,1157,46.28,03/22/2026 12:54:06.520,12.10469686,-0.674213543,12.10684628832186,-0.6096952316023946,-0.9314113427241215,3.7438628828283678,True
1815,1158,46.32,03/22/2026 12:54:06.560,12.10469686,-0.674213543,12.080948449199372,-0.6620889798715371,-1.0768567096549717,0.13225451484986636,True
1816,1159,46.36,03/22/2026 12:54:06.600,12.10469686,-0.674213543,12.05454662029811,-0.6879778554312844,-0.9117376898120007,0.170584912766074,True
1817,1160,46.4,03/22/2026 12:54:06.640,12.10469686,-0.842766929,12.022957540816682,-0.7901450556044389,-1.5429867343766401,2.4909399292588277,True
1818,1161,46.44,03/22/2026 12:54:06.680,11.92926647,-0.842766929,11.990321135440421,-0.8468133115967383,-1.49444892845704,0.014992233026304938,True
1819,1162,46.480000000000004,03/22/2026 12:54:06.720,11.92926647,-0.842766929,11.957070857882231,-0.8711523129288788,-1.1539387477380239,0.7247233379913981,True
1820,1163,46.52,03/22/2026 12:54:06.760,11.92926647,-1.011320315,11.918594721619492,-0.9695100472997266,-1.6554947277166243,1.5722469838297708,True
1821,1164,46.56,03/22/2026 12:54:06.800,11.75383608,-1.011320315,11.879074323103728,-1.022176857584837,-1.5252649466767814,0.10712436423540433,True
1822,1165,46.6,03/22/2026 12:54:06.840,11.75383608,-1.011320315,11.838961969097166,-1.0432829524310683,-1.1418444761595354,0.9193344655727781,True
1823,1166,46.64,03/22/2026 12:54:06.880,11.75383608,-1.179873701,11.79365091508198,-1.1394394913516768,-1.6268954356346434,1.4705840083097215,True
1824,1167,46.68,03/22/2026 12:54:06.920,11.75383608,-1.179873701,11.747490169278976,-1.1908327776298775,-1.4954299539801212,0.1080229323895784,True
1825,1168,46.72,03/22/2026 12:54:06.960,11.75383608,-1.348427087,11.695890317597849,-1.304941389445476,-2.017082361183342,1.7009923754954874,True
1826,1169,46.76,03/22/2026 12:54:07.000,11.57840569,-1.348427087,11.64309178150111,-1.3649706839949785,-1.818627987832375,0.24644914539627882,True
1827,1170,46.800000000000004,03/22/2026 12:54:07.040,11.57840569,-1.516980473,11.584740935233963,-1.481728333681839,-2.2415133227051083,1.1177036032974978,True
1828,1171,46.84,03/22/2026 12:54:07.080,11.57840569,-1.516980473,11.525302293029851,-1.541177788058656,-1.9512397579343137,0.5268239021616381,True
1829,1172,46.88,03/22/2026 12:54:07.120,11.57840569,-1.516980473,11.465158406128145,-1.562453177022623,-1.405743781721878,1.8607249600244185,True
1830,1173,46.92,03/22/2026 12:54:07.160,11.57840569,-1.685533858,11.399775192179993,-1.6558016442406416,-1.762404013710651,0.7973235033491237,True
1831,1174,46.96,03/22/2026 12:54:07.200,11.05211452,-1.685533858,11.333041532221513,-1.7036646777407007,-1.5449186670587927,0.3012930310291696,True
1832,1175,47.0,03/22/2026 12:54:07.240,11.05211452,-1.854087244,11.260896986692048,-1.814672878865266,-2.0177428807498123,1.400429734557493,True
1833,1176,47.04,03/22/2026 12:54:07.280,11.05211452,-1.854087244,11.1877593086237,-1.872453644802562,-1.7974252066180827,0.30469215109316794,True
1834,1177,47.08,03/22/2026 12:54:07.320,11.05211452,-1.854087244,11.113972824304655,-1.8942313177044776,-1.315859126216443,1.4496803249529109,True
1835,1178,47.12,03/22/2026 12:54:07.360,11.05211452,-2.02264063,11.034977158598249,-1.988940387866546,-1.72012686802812,1.0214720772678434,True
1836,1179,47.160000000000004,03/22/2026 12:54:07.400,10.87668413,-2.02264063,10.954983113102784,-2.038253561682296,-1.5328373559520925,0.21967152187668573,True
1837,1180,47.2,03/22/2026 12:54:07.440,10.87668413,-2.191194016,10.869585173240672,-2.1504438012364653,-2.021677083768112,1.4935295971054119,True
1838,1181,47.24,03/22/2026 12:54:07.480,10.87668413,-2.191194016,10.7831989864285,-2.2090351077341746,-1.8076510961508077,0.28692865227115405,True
1839,1182,47.28,03/22/2026 12:54:07.520,10.70125374,-2.191194016,10.69600202777465,-2.2312860293507897,-1.3267066248119899,1.4456750359174058,True
1840,1183,47.32,03/22/2026 12:54:07.560,10.70125374,-2.359747402,10.603603372397226,-2.3262165606662566,-1.728938744573642,1.0118691144343404,True
1841,1184,47.36,03/22/2026 12:54:07.600,10.52582335,-2.359747402,10.5102161827581,-2.3755919445929363,-1.5388667569667998,0.22581425732142704,True
1842,1185,47.4,03/22/2026 12:54:07.640,10.17496257,-2.359747402,10.415968634517448,-2.394171183894846,-1.1259291228846822,1.0698934806451177,True
1843,1186,47.44,03/22/2026 12:54:07.680,10.17496257,-2.359747402,10.321458090474383,-2.395087628206089,-0.7019937179365568,1.1247884019679404,True
1844,1187,47.480000000000004,03/22/2026 12:54:07.720,9.999532186,-2.359747402,10.226709638501251,-2.38795398516571,-0.36363707068854295,0.7192309368824087,True
1845,1188,47.52,03/22/2026 12:54:07.760,9.999532186,-2.359747402,10.132010134504132,-2.378761646224055,-0.1355477221928178,0.3264113743322575,True
1846,1189,47.56,03/22/2026 12:54:07.800,9.824101796,-2.359747402,10.03725474164127,-2.370616245799247,-0.005174184061900594,0.10949812296690273,True
1847,1190,47.6,03/22/2026 12:54:07.840,9.648671407,-2.359747402,9.942466772244133,-2.364674786017462,0.05392204191562246,0.028039012364021065,True
1848,1191,47.64,03/22/2026 12:54:07.880,9.648671407,-2.359747402,9.847813795672554,-2.3609805905807475,0.0687067585254076,0.004221348007602505,True
1849,1192,47.68,03/22/2026 12:54:07.920,9.648671407,-2.191194016,9.758153534361872,-2.2654832072034776,0.9598759899943469,4.964481353752585,True
1850,1193,47.72,03/22/2026 12:54:07.960,9.648671407,-2.191194016,9.669319971095463,-2.2071576897508627,1.1513755055893813,0.2292301728179179,True
1851,1194,47.76,03/22/2026 12:54:08.000,9.648671407,-2.191194016,9.581149054128218,-2.1778108383556813,0.9908336810664908,0.16141123565985524,True
1852,1195,47.800000000000004,03/22/2026 12:54:08.040,9.648671407,-2.191194016,9.493444036568448,-2.167614637656612,0.7079819177138322,0.5017567573666407,True
1853,1196,47.84,03/22/2026 12:54:08.080,9.648671407,-2.02264063,9.410902701278443,-2.074520423606207,1.330342807048004,2.424938197766858,True
1854,1197,47.88,03/22/2026 12:54:08.120,9.473241018,-2.02264063,9.329084034573135,-2.022046633542921,1.3232234641124894,0.0018130537280014846,True
1855,1198,47.92,03/22/2026 12:54:08.160,9.297810629,-2.02264063,9.247761101016877,-1.9988365775695887,1.0376719512639856,0.5097999191146014,True
1856,1199,47.96,03/22/2026 12:54:08.200,9.12238024,-2.02264063,9.166708183282108,-1.9935944746307588,0.689232023844424,0.7589600964960378,True
1857,1200,48.0,03/22/2026 12:54:08.240,8.94694985,-2.02264063,9.085748316972511,-1.997462200160093,0.38718528277354936,0.5715987834200845,True
1858,1201,48.04,03/22/2026 12:54:08.280,8.771519461,-1.854087244,9.009631160456863,-1.9109651936100862,1.0694834915376894,2.9136121275749827,True
1859,1202,48.08,03/22/2026 12:54:08.320,8.771519461,-1.854087244,8.934302068554326,-1.8603583065860103,1.1447041768886417,0.037268737819710025,True
1860,1203,48.120000000000005,03/22/2026 12:54:08.360,8.771519461,-1.854087244,8.859578310526793,-1.8365128631633507,0.9338778915081642,0.2783611053681923,True
1861,1204,48.160000000000004,03/22/2026 12:54:08.400,8.771519461,-1.685533858,8.790131451808147,-1.7360670478787592,1.5400738002667915,2.2967315812943,True
1862,1205,48.2,03/22/2026 12:54:08.440,8.771519461,-1.685533858,8.721647835847012,-1.6806104322890227,1.4810144904985032,0.021978420642607056,True
1863,1206,48.24,03/22/2026 12:54:08.480,8.420658683,-1.685533858,8.653534557316933,-1.6569987663480037,1.1386971210198342,0.7363067016674105,True
1864,1207,48.28,03/22/2026 12:54:08.520,8.596089072,-1.685533858,8.586033789348027,-1.652586139823991,0.7434563582201346,0.9763517445140051,True
1865,1208,48.32,03/22/2026 12:54:08.560,8.596089072,-1.516980473,8.523653083440047,-1.5640635736669655,1.3082689022616822,1.9942202093201336,True
1866,1209,48.36,03/22/2026 12:54:08.600,8.420658683,-1.516980473,8.461946704623218,-1.5146468451576964,1.2802728877252187,0.005021639966198986,True
1867,1210,48.4,03/22/2026 12:54:08.640,8.420658683,-1.516980473,8.400856031127775,-1.49316696772132,0.9946066680073771,0.5100593406955295,True
1868,1211,48.44,03/22/2026 12:54:08.680,8.420658683,-1.516980473,8.340162369528803,-1.4886955788936047,0.6553042468536132,0.7199984678932767,True
1869,1212,48.480000000000004,03/22/2026 12:54:08.720,8.245228293,-1.348427087,8.28439865406446,-1.3991527038072737,1.2638076206207514,2.314332113560993,True
1870,1213,48.52,03/22/2026 12:54:08.760,8.245228293,-1.348427087,8.229463370197907,-1.348504083822892,1.2647319583258412,2.3240858187671372e-05,True
1871,1214,48.56,03/22/2026 12:54:08.800,8.245228293,-1.348427087,8.1751406489976,-1.3259618885628728,0.9952422210448951,0.454253752908708,True
1872,1215,48.6,03/22/2026 12:54:08.840,8.069797904,-1.179873701,8.12591763717087,-1.2271402964775067,1.5622504017268906,2.0095835170821954,True
1873,1216,48.64,03/22/2026 12:54:08.880,7.894367515,-1.179873701,8.077470609634934,-1.173104188196185,1.4810353177425246,0.043642182140528105,True
1874,1217,48.68,03/22/2026 12:54:08.920,7.894367515,-1.179873701,8.029696889128063,-1.1505167028884082,1.128862575147251,0.7764904530223812,True
1875,1218,48.72,03/22/2026 12:54:08.960,7.718937126,-1.011320315,7.987047027185824,-1.053145900398289,1.6305911541532248,1.5784667556022272,True
1876,1219,48.76,03/22/2026 12:54:09.000,7.718937126,-1.011320315,7.945338087263412,-1.0009154374862816,1.5057643185386833,0.10108374172409709,True
1877,1220,48.800000000000004,03/22/2026 12:54:09.040,7.718937126,-0.842766929,7.909158786856258,-0.886315944504998,2.028170558705324,1.7082588473711011,True
1878,1221,48.84,03/22/2026 12:54:09.080,7.543506737,-0.842766929,7.873934566803993,-0.8260562914442144,1.8276952481891615,0.25906790043910527,True
1879,1222,48.88,03/22/2026 12:54:09.120,7.718937126,-0.842766929,7.839645995611431,-0.8028216966173259,1.3485065614276985,1.4361993050542732,True
1880,1223,48.92,03/22/2026 12:54:09.160,7.718937126,-0.842766929,7.805817471217369,-0.8010127419550224,0.8476190996170764,1.5686055251493005,True
1881,1224,48.96,03/22/2026 12:54:09.200,7.718937126,-0.674213543,7.777085887971226,-0.715527719981875,1.3432219131241818,1.5353751100545492,True
1882,1225,49.0,03/22/2026 12:54:09.240,7.894367515,-0.505660158,7.7541825879692965,-0.5751005544016142,2.1762357633890344,4.338393559764124,True
1883,1226,49.04,03/22/2026 12:54:09.280,7.894367515,-0.505660158,7.732560958093675,-0.4978278743003293,2.082286609275418,0.05704701824673096,True
1884,1227,49.08,03/22/2026 12:54:09.320,7.894367515,-0.337106772,7.716716603711519,-0.37154190871450515,2.495378592960733,1.0688213453255029,True
1885,1228,49.120000000000005,03/22/2026 12:54:09.360,7.894367515,-0.337106772,7.702139955845486,-0.3080286657869812,2.146565630417825,0.7630855114298033,True
1886,1229,49.160000000000004,03/22/2026 12:54:09.400,7.894367515,-0.168553386,7.693272150853302,-0.19239603471408456,2.432591024279846,0.514241592943105,True
1887,1230,49.2,03/22/2026 12:54:09.440,7.543506737,-0.168553386,7.685267731682285,-0.13588307834295105,2.0406715046233304,0.9614660974461022,True
1888,1231,49.24,03/22/2026 12:54:09.480,7.543506737,0.0,7.6829039789905,-0.024130637278883833,2.330136862712795,0.5250784178101823,True
1889,1232,49.28,03/22/2026 12:54:09.520,7.718937126,0.0,7.681840736409383,0.030720538695919127,1.9616145414125692,0.8489002535493809,True
1890,1233,49.32,03/22/2026 12:54:09.560,7.718937126,0.168553386,7.686384889793159,0.14215011040634518,2.278349943000618,0.6270869970742544,True
1891,1234,49.36,03/22/2026 12:54:09.600,7.718937126,0.168553386,7.692047526115402,0.19734186971207007,1.9330041328997423,0.7454481842545942,True
1892,1235,49.4,03/22/2026 12:54:09.640,8.069797904,0.168553386,7.698763622617284,0.21574607961614034,1.3668961213189161,2.012852853076878,True
1893,1236,49.44,03/22/2026 12:54:09.680,8.245228293,0.168553386,7.706040640741671,0.21386120683106372,0.8234063490138214,1.8669977233646982,True
1894,1237,49.480000000000004,03/22/2026 12:54:09.720,8.245228293,0.337106772,7.7183503206466035,0.2969453443525657,1.3052061110095925,1.4708696231891345,True
1895,1238,49.52,03/22/2026 12:54:09.760,7.894367515,0.337106772,7.731074734273987,0.342465322663324,1.2409319504495526,0.027737444136521263,True
1896,1239,49.56,03/22/2026 12:54:09.800,7.894367515,0.337106772,7.7443148761198515,0.3615663990839004,0.9475204884122005,0.5396752115403236,True
1897,1240,49.6,03/22/2026 12:54:09.840,7.894367515,0.505660158,7.762726120273564,0.4584325902733426,1.514068625349922,2.0073706762307064,True
1898,1241,49.64,03/22/2026 12:54:09.880,8.245228293,0.505660158,7.782315471155111,0.5115932517482326,1.442915218357084,0.047065824485343674,True
1899,1242,49.68,03/22/2026 12:54:09.920,8.245228293,0.674213543,7.807368467150035,0.6275609513108237,2.0025792009789374,1.9715130146604256,True
1900,1243,49.72,03/22/2026 12:54:09.960,8.069797904,0.674213543,7.83332361306502,0.6890915829738475,1.8241123093877878,0.20308201455298347,True
1901,1244,49.76,03/22/2026 12:54:10.000,8.245228293,0.674213543,7.8601615558730495,0.7132826361054908,1.3554557085650685,1.3833784098193243,True
1902,1245,49.800000000000004,03/22/2026 12:54:10.040,8.245228293,0.842766929,7.892276823097389,0.8092949312993024,1.7570014590605005,1.016748190387205,True
1903,1246,49.84,03/22/2026 12:54:10.080,8.245228293,0.842766929,7.925284051523739,0.8591386106009935,1.5606204413208153,0.24839079006148215,True
1904,1247,49.88,03/22/2026 12:54:10.120,8.420658683,0.842766929,7.95904412299236,0.8778132869236943,1.1402239327925567,1.1198811240187942,True
1905,1248,49.92,03/22/2026 12:54:10.160,8.420658683,1.011320315,7.997996857939328,0.9722307207463708,1.6091614543784976,1.3873014376152542,True
1906,1249,49.96,03/22/2026 12:54:10.200,8.771519461,1.011320315,8.038114848526714,1.0225657610936951,1.4742927253761544,0.15239457936445933,True
1907,1250,50.0,03/22/2026 12:54:10.240,8.771519461,1.011320315,8.078801777409067,1.0425522964651306,1.099663530391041,0.9116620876936901,True
1908,1251,50.04,03/22/2026 12:54:10.280,8.245228293,1.011320315,8.119324790159704,1.0447736582733496,0.6983623013805749,1.0076462214858821,True
1909,1252,50.08,03/22/2026 12:54:10.320,8.245228293,1.011320315,8.15997811183401,1.0386223864941295,0.3708500369421583,0.6709184889941299,True
1910,1253,50.120000000000005,03/22/2026 12:54:10.360,8.245228293,1.179873701,8.205509821463673,1.123651066669035,1.0452991122201185,2.8431297870777583,True
1911,1254,50.160000000000004,03/22/2026 12:54:10.400,8.245228293,1.179873701,8.251702698995459,1.173464665465585,1.1221816942410878,0.03694622255840306,True
1912,1255,50.2,03/22/2026 12:54:10.440,8.245228293,1.179873701,8.29837837286112,1.1969862352276341,0.916897238587688,0.2635917037018623,True
1913,1256,50.24,03/22/2026 12:54:10.480,8.420658683,1.179873701,8.345505272538263,1.203795957408081,0.6299288366062514,0.5150944977250436,True
1914,1257,50.28,03/22/2026 12:54:10.520,8.420658683,1.179873701,8.39276679577092,1.2017192142910824,0.36787102124543936,0.4292686606343569,True
1915,1258,50.32,03/22/2026 12:54:10.560,8.420658683,1.179873701,8.44005548400022,1.1961334535154575,0.17281800670093117,0.23781349158333404,True
1916,1259,50.36,03/22/2026 12:54:10.600,8.596089072,1.179873701,8.487468259188056,1.1901799921329113,0.04918832720753771,0.09637327865783356,True
1917,1260,50.4,03/22/2026 12:54:10.640,8.596089072,1.179873701,8.534815836355687,1.185332680601407,-0.01629499947041406,0.027069814619092313,True
1918,1261,50.44,03/22/2026 12:54:10.680,8.245228293,1.179873701,8.581771001002693,1.182009896729783,-0.04193540519535685,0.01226694505051076,True
1919,1262,50.480000000000004,03/22/2026 12:54:10.720,8.245228293,1.179873701,8.628655976999646,1.180075745364154,-0.044375740182019174,0.010624150457186834,True
1920,1263,50.52,03/22/2026 12:54:10.760,8.245228293,1.179873701,8.67547801960622,1.1791718948167456,-0.03597550191742543,0.01377031203353419,True
1921,1264,50.56,03/22/2026 12:54:10.800,8.596089072,1.179873701,8.722563137118803,1.1789209323658127,-0.024551556962936698,0.001967173229386082,True
1922,1265,50.6,03/22/2026 12:54:10.840,8.771519461,1.179873701,8.769757854105604,1.179013213380919,-0.014229061485683394,0.0006661897715460394,True
1923,1266,50.64,03/22/2026 12:54:10.880,8.771519461,1.179873701,8.816907151433993,1.1792376424184812,-0.006600861567862455,0.0005119452835504019,True
1924,1267,50.68,03/22/2026 12:54:10.920,8.771519461,1.179873701,8.864013544340574,1.1794729127513528,-0.0017970076426503737,0.0007601823016506745,True
1925,1268,50.72,03/22/2026 12:54:10.960,9.12238024,1.179873701,8.91139583285639,1.179664583175155,0.0007207109990666279,0.003245226361863257,True
1926,1269,50.76,03/22/2026 12:54:11.000,9.297810629,1.179873701,8.958895074675505,1.179795280950978,0.0016761189969863974,0.008277112275271385,True
1927,1270,50.800000000000004,03/22/2026 12:54:11.040,9.297810629,1.348427087,9.011219566435624,1.2734610782294484,0.9009816184551191,5.060665894975695,True
1928,1271,50.84,03/22/2026 12:54:11.080,9.297810629,1.348427087,9.06421514852837,1.331116019665844,1.1086554954083176,0.27349365343556636,True
1929,1272,50.88,03/22/2026 12:54:11.120,9.473241018,1.348427087,9.117886511735762,1.3604525491033752,0.9644133087074847,0.13911727353338316,True
1930,1273,50.92,03/22/2026 12:54:11.160,9.473241018,1.348427087,9.171885827446452,1.37093338661873,0.6944405380965051,0.4620533138228109,True
1931,1274,50.96,03/22/2026 12:54:11.200,9.648671407,1.348427087,9.226206770714807,1.3707925562716987,0.42616241571271096,0.4626572594851772,True
1932,1275,51.0,03/22/2026 12:54:11.240,9.648671407,1.348427087,9.280572413196989,1.3659570798451734,0.21588836814515291,0.28608351315108616,True
1933,1276,51.04,03/22/2026 12:54:11.280,9.473241018,1.348427087,9.33475203247509,1.3600646647063084,0.07628985347010916,0.1231748966489849,True
1934,1277,51.08,03/22/2026 12:54:11.320,9.12238024,1.348427087,9.388551213006943,1.3549585661756165,-0.0020733733552300293,0.04348660259351518,True
1935,1278,51.120000000000005,03/22/2026 12:54:11.360,9.473241018,1.348427087,9.44258912422264,1.3512951721658562,-0.03647762764690246,0.0074652343964692345,True
1936,1279,51.160000000000004,03/22/2026 12:54:11.400,9.473241018,1.348427087,9.496550043293034,1.349053595675515,-0.043994242389956986,0.00039228713638618957,True
1937,1280,51.2,03/22/2026 12:54:11.440,9.824101796,1.348427087,9.550755663550586,1.3479245014416918,-0.037953380603989555,0.00560888238596912,True
1938,1281,51.24,03/22/2026 12:54:11.480,9.648671407,1.348427087,9.604740185429653,1.3475286199359542,-0.027173456740978912,0.0008653798545043534,True
1939,1282,51.28,03/22/2026 12:54:11.520,9.648671407,1.348427087,9.658667992099593,1.347544045785838,-0.01658091738031134,0.0007084326498622216,True
1940,1283,51.32,03/22/2026 12:54:11.560,9.824101796,1.348427087,9.712701229243919,1.3477399744179939,-0.008333481911830573,0.0013189877716221839,True
1941,1284,51.36,03/22/2026 12:54:11.600,10.17496257,1.348427087,9.766999833343778,1.3479753719971503,-0.0028970332253666136,0.012170022931305466,True
1942,1285,51.4,03/22/2026 12:54:11.640,10.17496257,1.348427087,9.82125023681924,1.3481764929606173,0.00012441629266936186,0.009066571680693171,True
1943,1286,51.44,03/22/2026 12:54:11.680,10.17496257,1.348427087,9.875453018407416,1.348319408115279,0.0014291062532298887,0.006470394626260802,True
1944,1287,51.480000000000004,03/22/2026 12:54:11.720,9.824101796,1.348427087,9.929294142746556,1.3484040742765155,0.0017006108905778515,0.0007972671797824428,True
1945,1288,51.52,03/22/2026 12:54:11.760,10.17496257,1.348427087,9.983401910380055,1.3484481013394438,0.0014568197902507245,0.0026427733029717147,True
1946,1289,51.56,03/22/2026 12:54:11.800,10.17496257,1.348427087,10.03746177145543,1.3484630639601092,0.0010311953922633862,0.0013625575218100625,True
1947,1290,51.6,03/22/2026 12:54:11.840,10.17496257,1.348427087,10.09147356679444,1.3484618659676082,0.0006176026860970239,0.0005029943587196135,True
1948,1291,51.64,03/22/2026 12:54:11.880,10.17496257,1.348427087,10.145437211231828,1.3484536949927721,0.00029969174193343644,6.340313832181482e-05,True
1949,1292,51.68,03/22/2026 12:54:11.920,10.17496257,1.348427087,10.199352691560815,1.3484441252443904,9.424435905061053e-05,4.31016059679429e-05,True
1950,1293,51.72,03/22/2026 12:54:11.960,10.17496257,1.348427087,10.25322005019759,1.3484359343376031,-1.527796766336778e-05,0.0004410770744909203,True
1951,1294,51.76,03/22/2026 12:54:12.000,10.17496257,1.348427087,10.307039365980787,1.348430063375251,-5.670322705271506e-05,0.0012561569921204314,True
1952,1295,51.800000000000004,03/22/2026 12:54:12.040,10.17496257,1.348427087,10.360810737794496,1.3484264358541,-5.6941678624798286e-05,0.0024871561998114373,True
1953,1296,51.84,03/22/2026 12:54:12.080,10.17496257,1.348427087,10.4145342729422,1.3484245390267453,-3.6752662930591766e-05,0.004132924367130842,True
1954,1297,51.88,03/22/2026 12:54:12.120,10.52582335,1.348427087,10.468522392008751,1.3484255978778656,-1.640728236080046e-05,0.0002364368033486075,True
1955,1298,51.92,03/22/2026 12:54:12.160,10.70125374,1.348427087,10.522618524840347,1.3484270614831217,-8.364038485115007e-06,0.002297841813584185,True
1956,1299,51.96,03/22/2026 12:54:12.200,10.70125374,1.348427087,10.576666482908168,1.3484275745249141,-8.81621484197472e-06,0.0011177195764228306,True
1957,1300,52.0,03/22/2026 12:54:12.240,10.70125374,1.348427087,10.630666356058558,1.348427513932989,-1.0880402404807199e-05,0.0003587893623134581,True
1958,1301,52.04,03/22/2026 12:54:12.280,10.70125374,1.348427087,10.68461823557035,1.3484271697957264,-1.1153099609161895e-05,1.9927697022756452e-05,True
1959,1302,52.08,03/22/2026 12:54:12.320,10.70125374,1.348427087,10.738522214429766,1.3484267316734968,-8.504777299454703e-06,0.00010001572280344551,True
1960,1303,52.120000000000005,03/22/2026 12:54:12.360,10.70125374,1.348427087,10.79237838702428,1.3484263039647695,-3.0582756621173014e-06,0.0005979384871651125,True
1961,1304,52.160000000000004,03/22/2026 12:54:12.400,10.70125374,1.348427087,10.846186848643598,1.3484259309139501,4.5328045622115925e-06,0.0015125849236828218,True
1962,1305,52.2,03/22/2026 12:54:12.440,10.87668413,1.348427087,10.90010314723458,1.3484265317355058,1.0179441601050261e-05,3.9493305551795606e-05,True
1963,1306,52.24,03/22/2026 12:54:12.480,10.87668413,1.348427087,10.953971712690926,1.3484266193611967,1.244177696941849e-05,0.00043013375966302923,True
1964,1307,52.28,03/22/2026 12:54:12.520,11.05211452,1.348427087,11.007947914159695,1.3484273299561418,1.1440203979503131e-05,0.00014046622577093567,True
1965,1308,52.32,03/22/2026 12:54:12.560,11.05211452,1.348427087,11.06187635301003,1.3484273478222275,7.888576703298992e-06,6.8620190708163005e-06,True
1966,1309,52.36,03/22/2026 12:54:12.600,11.05211452,1.348427087,11.115757118149766,1.3484270124875197,6.025970281640985e-06,0.00029166164537271905,True
1967,1310,52.4,03/22/2026 12:54:12.640,11.05211452,1.348427087,11.169590300452011,1.3484265503647292,7.375406454416512e-06,0.0009937563043765296,True
1968,1311,52.44,03/22/2026 12:54:12.680,11.05211452,1.348427087,11.223375992466462,1.3484260892421223,1.1926953432581516e-05,0.002112041035245926,True
1969,1312,52.480000000000004,03/22/2026 12:54:12.720,11.22754491,1.348427087,11.277269132489206,1.3484265969422764,1.5652071974460085e-05,0.00017804054220688488,True
1970,1313,52.52,03/22/2026 12:54:12.760,11.22754491,1.348427087,11.331114758662538,1.3484266090896717,1.6899356721966773e-05,0.0007724124408537076,True
1971,1314,52.56,03/22/2026 12:54:12.800,11.22754491,1.348427087,11.384912961084785,1.3484263570118533,1.8840519795675766e-05,0.0017832634003083878,True
1972,1315,52.6,03/22/2026 12:54:12.840,11.22754491,1.348427087,11.438663831001842,1.3484260000124635,2.2736261043841685e-05,0.003209493231940803,True
1973,1316,52.64,03/22/2026 12:54:12.880,11.22754491,1.348427087,11.492367460688374,1.3484256313670784,2.8728341417636174e-05,0.005050005667339789,True
1974,1317,52.68,03/22/2026 12:54:12.920,11.75383608,1.348427087,11.546487188669508,1.3484280285866685,2.6413510343311508e-05,0.0030958874382092344,True
1975,1318,52.72,03/22/2026 12:54:12.960,11.75383608,1.348427087,11.600559232740206,1.3484287724536965,1.2833323300884171e-05,0.0016917446543195133,True
1976,1319,52.76,03/22/2026 12:54:13.000,11.75383608,1.348427087,11.654583673299182,1.3484285808499963,-7.882310718172065e-07,0.0007093554682880132,True
1977,1320,52.800000000000004,03/22/2026 12:54:13.040,11.4029753,1.348427087,11.70825227576218,1.3484261503769044,-2.7742097693582676e-06,0.006710721514051928,True
1978,1321,52.84,03/22/2026 12:54:13.080,11.57840569,1.348427087,11.762027939101358,1.3484256665380152,6.31289991038843e-06,0.0024279040525137796,True
1979,1322,52.88,03/22/2026 12:54:13.120,11.57840569,1.348427087,11.81575647944511,1.3484253337051322,1.7065688252572596e-05,0.00405659879075689,True
1980,1323,52.92,03/22/2026 12:54:13.160,11.75383608,1.348427087,11.86959189580908,1.3484260090775566,2.4983037890839427e-05,0.0009648641980388475,True
1981,1324,52.96,03/22/2026 12:54:13.200,11.75383608,1.348427087,11.923380168883114,1.3484261706723053,2.8632323105051947e-05,0.0020698818495917745,True
1982,1325,53.0,03/22/2026 12:54:13.240,11.75383608,1.348427087,11.977121387498732,1.3484260280870786,3.166453754638647e-05,0.003590048668305782,True
1983,1326,53.04,03/22/2026 12:54:13.280,12.10469686,1.348427087,12.031122944555952,1.3484275618305825,2.9154954397806847e-05,0.00038978720491129946,True
1984,1327,53.08,03/22/2026 12:54:13.320,12.10469686,1.348427087,12.085077212540826,1.3484279188233974,2.0026117745941592e-05,2.7718487533690015e-05,True
1985,1328,53.120000000000005,03/22/2026 12:54:13.360,12.10469686,1.348427087,12.13898427387736,1.3484276349596669,1.1967803756787049e-05,8.465474564236424e-05,True
1986,1329,53.160000000000004,03/22/2026 12:54:13.400,12.10469686,1.348427087,12.192844213919878,1.3484270853705838,8.1697068486128e-06,0.0005594971953637034,True
1987,1330,53.2,03/22/2026 12:54:13.440,12.10469686,1.348427087,12.246657120769873,1.3484264936349442,9.139463830389524e-06,0.0014511509279845447,True
1988,1331,53.24,03/22/2026 12:54:13.480,12.10469686,1.348427087,12.300423084548314,1.3484259682173787,1.4083564642821256e-05,0.0027585244248035812,True
1989,1332,53.28,03/22/2026 12:54:13.520,12.10469686,1.348427087,12.354142196581284,1.3484255432397485,2.1799169003040877e-05,0.004480529814214878,True
1990,1333,53.32,03/22/2026 12:54:13.560,12.28012725,1.348427087,12.40796761480448,1.3484261236524708,2.7818801258523432e-05,0.0011768318505338167,True
1991,1334,53.36,03/22/2026 12:54:13.600,12.45555763,1.348427087,12.461899142782835,1.348427120480025,2.7142527625178932e-05,2.895773009419969e-06,True
1992,1335,53.4,03/22/2026 12:54:13.640,12.45555763,1.348427087,12.515783679884828,1.348427271661549,2.2318978928186558e-05,0.0002611843194957837,True
1993,1336,53.44,03/22/2026 12:54:13.680,12.45555763,1.348427087,12.569621310036368,1.3484269732159786,1.87439275221607e-05,0.0009368555184159036,True
1994,1337,53.480000000000004,03/22/2026 12:54:13.720,12.45555763,1.348427087,12.623412119362158,1.3484264972569833,1.8548863347773043e-05,0.002028819910619887,True
1995,1338,53.52,03/22/2026 12:54:13.760,12.45555763,1.348427087,12.677156195972154,1.3484260027223058,2.195865354362757e-05,0.003535991789450952,True
1996,1339,53.56,03/22/2026 12:54:13.800,12.45555763,1.348427087,12.730853629384129,1.3484255642977556,2.8302229526132697e-05,0.005457289000326616,True
1997,1340,53.6,03/22/2026 12:54:13.840,12.45555763,1.348427087,12.784504509907842,1.3484252032605895,3.665327654957451e-05,0.007791633080832221,True
1998,1341,53.64,03/22/2026 12:54:13.880,12.45555763,1.348427087,12.838108928143773,1.348424912594414,4.6169644643856204e-05,0.010537949340430211,True
1999,1342,53.68,03/22/2026 12:54:13.920,12.80641841,1.348427087,12.891971621899343,1.3484264965492898,4.9547500919088434e-05,0.0005270468176835899,True
2000,1343,53.72,03/22/2026 12:54:13.960,12.80641841,1.348427087,12.945787628855872,1.3484269813278322,4.477925955861092e-05,0.0013986536345073077,True
2001,1344,53.76,03/22/2026 12:54:14.000,12.80641841,1.516980473,13.004424419006018,1.4420177537091354,0.8992898289943282,5.056791269411626,True
2002,1345,53.800000000000004,03/22/2026 12:54:14.040,12.9818488,1.348427087,13.059012937615618,1.406048210456882,0.20806284103570072,2.9866587300466176,True
2003,1346,53.84,03/22/2026 12:54:14.080,12.9818488,1.348427087,13.113401301638417,1.3777541789076924,-0.14375098118546759,0.7748382415472752,True
2004,1347,53.88,03/22/2026 12:54:14.120,12.9818488,1.348427087,13.167554079355748,1.3589117809539772,-0.26953353054294704,0.10137164744928306,True
2005,1348,53.92,03/22/2026 12:54:14.160,13.15727919,1.348427087,13.221647738347796,1.3482948214652575,-0.26794965938306153,0.000314002524748217,True
2006,1349,53.96,03/22/2026 12:54:14.200,13.15727919,1.348427087,13.27557635039228,1.3436009305726802,-0.2100601557387276,0.02195101882437645,True
2007,1350,54.0,03/22/2026 12:54:14.240,13.15727919,1.348427087,13.329385749293422,1.3425429208311672,-0.1394810856851023,0.033263786634154136,True
2008,1351,54.04,03/22/2026 12:54:14.280,13.33270958,1.348427087,13.383263479761721,1.3433285869594649,-0.07832161114836886,0.02356130073680096,True
2009,1352,54.08,03/22/2026 12:54:14.320,13.33270958,1.516980473,13.441949053981721,1.4383566481823984,0.8648459461467851,5.560616422392953,True
2010,1353,54.120000000000005,03/22/2026 12:54:14.360,13.33270958,1.516980473,13.501302116622853,1.497397698427899,1.099753829150186,0.3469229732748286,True
2011,1354,54.160000000000004,03/22/2026 12:54:14.400,13.33270958,1.516980473,13.561175116843934,1.527834223856417,0.9695422172935299,0.10973474609666035,True
2012,1355,54.2,03/22/2026 12:54:14.440,13.68357036,1.516980473,13.62168294436334,1.5390556620715392,0.7047306807065805,0.43855408768228615,True
2013,1356,54.24,03/22/2026 12:54:14.480,13.68357036,1.516980473,13.682357237011356,1.5393350778046218,0.4365646421795937,0.44945644402272766,True
2014,1357,54.28,03/22/2026 12:54:14.520,13.68357036,1.348427087,13.73821036625487,1.4410975414079303,-0.6751135391636571,7.724157056502327,True
2015,1358,54.32,03/22/2026 12:54:14.560,13.68357036,1.348427087,13.793321702999666,1.377630777144044,-1.0254460881563583,0.76795712188174,True
2016,1359,54.36,03/22/2026 12:54:14.600,13.68357036,1.348427087,13.847806593120337,1.3431720061826837,-0.9624131920965369,0.026771974359921322,True
2017,1360,54.4,03/22/2026 12:54:14.640,13.68357036,1.348427087,13.901840193543098,1.3289678602359383,-0.7289895412780267,0.34395965446102317,True
2018,1361,54.44,03/22/2026 12:54:14.680,13.68357036,1.516980473,13.960454316048072,1.420393863277782,0.42965252596712555,8.395765729502777,True
2019,1362,54.480000000000004,03/22/2026 12:54:14.720,13.85900075,1.516980473,14.01977042175739,1.4816670518671244,0.8532657612305519,1.1233960444036102,True
2020,1363,54.52,03/22/2026 12:54:14.760,14.03443114,1.348427087,14.074847566944678,1.4228632820949756,-0.039673423975460476,4.98350380235222,True
2021,1364,54.56,03/22/2026 12:54:14.800,14.38529192,1.348427087,14.129844256764246,1.3808273968826983,-0.4283368436836075,0.9487954016001202,True
2022,1365,54.6,03/22/2026 12:54:14.840,14.38529192,1.348427087,14.184465844187171,1.355217904291411,-0.5097908672783203,0.04436744665363301,True
2023,1366,54.64,03/22/2026 12:54:14.880,14.38529192,1.348427087,14.23878553423254,1.3423790205355584,-0.4372318491292032,0.034453158915528734,True
2024,1367,54.68,03/22/2026 12:54:14.920,14.38529192,1.348427087,14.292890439265156,1.3379595696278677,-0.3116593912185216,0.09917032408996483,True
2025,1368,54.72,03/22/2026 12:54:14.960,14.38529192,1.179873701,14.341987859796989,1.2446367451953204,-1.0885557236007317,3.7724265809163042,True
2026,1369,54.76,03/22/2026 12:54:15.000,14.38529192,1.179873701,14.390284875058644,1.1893114212607243,-1.2017709383928115,0.08011246262910492,True
2027,1370,54.800000000000004,03/22/2026 12:54:15.040,14.38529192,1.179873701,14.437967400568626,1.1626917330608617,-0.995658138622515,0.2657127579571556,True
2028,1371,54.84,03/22/2026 12:54:15.080,14.38529192,1.011320315,14.480373251092944,1.060928389593935,-1.590761277914147,2.214087932116268,True
2029,1372,54.88,03/22/2026 12:54:15.120,14.38529192,1.011320315,14.521826269613596,1.00508329294375,-1.515947803854081,0.03632148268741048,True
2030,1373,54.92,03/22/2026 12:54:15.160,14.38529192,0.842766929,14.557730670138685,0.8879865112683814,-2.058409889807903,1.8413204203591678,True
2031,1374,54.96,03/22/2026 12:54:15.200,14.38529192,0.842766929,14.59249911044686,0.8262585188167993,-1.8603837886095498,0.24817141502407786,True
2032,1375,55.0,03/22/2026 12:54:15.240,14.38529192,0.842766929,14.6264830680051,0.8023282377868695,-1.3752912382909843,1.474878399365796,True
2033,1376,55.04,03/22/2026 12:54:15.280,14.56072231,0.842766929,14.660149833641682,0.8003158238046714,-0.8660516079501865,1.6214810894276768,True
2034,1377,55.08,03/22/2026 12:54:15.320,14.56072231,0.674213543,14.688717007861749,0.7148888979346341,-1.3539991668754743,1.4892747004314786,True
2035,1378,55.120000000000005,03/22/2026 12:54:15.360,14.73615269,0.674213543,14.716635744200788,0.6682164976974663,-1.2820576986728554,0.03237510618312905,True
2036,1379,55.160000000000004,03/22/2026 12:54:15.400,14.73615269,0.674213543,14.743987588776509,0.6487390804353798,-0.9764660980703892,0.5836677829946799,True
2037,1380,55.2,03/22/2026 12:54:15.440,14.91158308,0.674213543,14.771140773552172,0.6455138167419405,-0.632177776635582,0.742272092667093,True
2038,1381,55.24,03/22/2026 12:54:15.480,14.91158308,0.505660158,14.793245095815019,0.556613104128573,-1.243404767697489,2.335981425257343,True
2039,1382,55.28,03/22/2026 12:54:15.520,14.91158308,0.337106772,14.809694844995375,0.41261088108630156,-2.1491484985447187,5.128048852460917,True
2040,1383,55.32,03/22/2026 12:54:15.560,14.91158308,0.337106772,14.824856097577662,0.33245442777479683,-2.0933351690670383,0.020012299926714,True
2041,1384,55.36,03/22/2026 12:54:15.600,14.91158308,0.337106772,14.839095783268537,0.29779846642117236,-1.6217891534484021,1.3901093142752596,True
2042,1385,55.4,03/22/2026 12:54:15.640,14.91158308,0.337106772,14.852771302783614,0.29077411745065146,-1.0659795606761873,1.931033799067626,True
2043,1386,55.44,03/22/2026 12:54:15.680,14.91158308,0.168553386,14.861292100426654,0.20394674870246549,-1.4905565605079438,1.1268372454886448,True
2044,1387,55.480000000000004,03/22/2026 12:54:15.720,14.91158308,0.168553386,14.868993946509825,0.15777804557533853,-1.361293611064011,0.1045626093819522,True
2045,1388,55.52,03/22/2026 12:54:15.760,14.91158308,0.168553386,14.876131324007703,0.13954447398316272,-1.0133008404844792,0.7569620136332961,True
2046,1389,55.56,03/22/2026 12:54:15.800,14.91158308,0.168553386,14.88293664739374,0.13762589199669992,-0.6422930334888908,0.8603541032243485,True
2047,1390,55.6,03/22/2026 12:54:15.840,14.91158308,0.168553386,14.889582920431794,0.14337266828956013,-0.3402239074583433,0.5703224328345472,True
2048,1391,55.64,03/22/2026 12:54:15.880,14.91158308,0.168553386,14.896179807091464,0.15130214491601743,-0.13327715804328996,0.2676863336930632,True
2049,1392,55.68,03/22/2026 12:54:15.920,14.56072231,0.168553386,14.902488596458083,0.15850834416754656,-0.01279152313481513,0.09913068787428195,True
2050,1393,55.72,03/22/2026 12:54:15.960,14.73615269,0.168553386,14.908977562108104,0.16385749917976597,0.04353290395174037,0.021976135310558403,True
2051,1394,55.76,03/22/2026 12:54:16.000,14.91158308,0.168553386,14.915648643665373,0.16723934899202905,0.059295930644895425,0.0015541312669487405,True
2052,1395,55.800000000000004,03/22/2026 12:54:16.040,14.91158308,0.168553386,14.922345982927672,0.16902377616069217,0.053652658896901705,0.00020739633373979363,True
2053,1396,55.84,03/22/2026 12:54:16.080,14.91158308,0.168553386,14.92905946687122,0.16971695591488045,0.03969370428669938,0.0012398779705879571,True
2054,1397,55.88,03/22/2026 12:54:16.120,14.91158308,0.0,14.930912477980069,0.07618596040561891,-0.8742347720263728,5.220439149482822,True
2055,1398,55.92,03/22/2026 12:54:16.160,14.91158308,0.0,14.932051997934797,0.018330552358624776,-1.094129171005792,0.3022409171850816,True
2056,1399,55.96,03/22/2026 12:54:16.200,14.91158308,0.0,14.932627280858508,-0.011311900849702194,-0.9584323922838276,0.11511631011182638,True
2057,1400,56.0,03/22/2026 12:54:16.240,14.91158308,0.0,14.932825121655105,-0.022081096063431196,-0.6935482350277824,0.43855376892153064,True
2058,1401,56.04,03/22/2026 12:54:16.280,14.73615269,0.0,14.932661416977126,-0.02215931585548214,-0.42773334200657487,0.44437784296197336,True
2059,1402,56.08,03/22/2026 12:54:16.320,14.91158308,0.0,14.932550148246536,-0.017464449747221576,-0.218230514056103,0.27435208539936395,True
2060,1403,56.120000000000005,03/22/2026 12:54:16.360,14.91158308,0.0,14.932416501098857,-0.011649482272904858,-0.07848409564462122,0.1220871970421102,True
2061,1404,56.160000000000004,03/22/2026 12:54:16.400,14.91158308,0.0,14.932297733170103,-0.00657729968375715,0.0004163684335577039,0.03893852936042292,True
2062,1405,56.2,03/22/2026 12:54:16.440,14.91158308,0.0,14.932207244069934,-0.0029178887066129955,0.03541850112642906,0.007687639258840125,True
2063,1406,56.24,03/22/2026 12:54:16.480,14.91158308,0.0,14.932144963243122,-0.0006677278044883845,0.04342768098771276,0.00043132247824934956,True
2064,1407,56.28,03/22/2026 12:54:16.520,14.91158308,0.0,14.932104844458662,0.0004754891716781969,0.0377228188633084,0.0002337614568128251,True
2065,1408,56.32,03/22/2026 12:54:16.560,14.91158308,0.0,14.932079474144249,0.0008824364425921733,0.02713621379289407,0.0007307775476489909,True
2066,1409,56.36,03/22/2026 12:54:16.600,14.91158308,0.0,14.932062412693842,0.0008750907903490523,0.01663772798989506,0.0007191142054880525,True
2067,1410,56.4,03/22/2026 12:54:16.640,14.91158308,0.0,14.932049027892464,0.0006850600745799317,0.00841885337511327,0.0004523866741859969,True
2068,1411,56.44,03/22/2026 12:54:16.680,14.91158308,0.0,14.93203647986868,0.0004543353668739875,0.0029677554980031638,0.0002158647237574294,True
2069,1412,56.480000000000004,03/22/2026 12:54:16.720,14.91158308,0.0,14.932023331908635,0.0002547500601415601,-8.911422032702697e-05,8.85017201534696e-05,True
2070,1413,56.52,03/22/2026 12:54:16.760,14.91158308,0.0,14.932009077929662,0.00011160606263324946,-0.0014288263132560019,4.1266247281177334e-05,True
2071,1414,56.56,03/22/2026 12:54:16.800,14.91158308,0.0,14.931993733728213,2.4111330911099944e-05,-0.0017189499528423365,3.052440286763066e-05,True
2072,1415,56.6,03/22/2026 12:54:16.840,14.91158308,0.0,14.931977543820235,-1.996217932806758e-05,-0.0014803665645222138,3.030394143757585e-05,True
2073,1416,56.64,03/22/2026 12:54:16.880,14.91158308,0.0,14.931960802251634,-3.531904355319929e-05,-0.001057561333491394,3.101539984221982e-05,True
2074,1417,56.68,03/22/2026 12:54:16.920,14.73615269,0.0,14.931797199161155,-3.5538427734118535e-05,-0.0006397139030023124,0.0027571885047674074,True
2075,1418,56.72,03/22/2026 12:54:16.960,14.73615269,0.0,14.931633661919955,-2.8201807089318124e-05,-0.00030986956035144775,0.0027521745505249672,True
2076,1419,56.76,03/22/2026 12:54:17.000,14.73615269,0.0,14.931470305300666,-1.9070269369076963e-05,-8.956015886529709e-05,0.0027472051421710275,True
2077,1420,56.800000000000004,03/22/2026 12:54:17.040,14.56072231,0.0,14.93116084015364,-1.2000242066261708e-05,3.835394811594757e-05,0.009880935224812763,True
2078,1421,56.84,03/22/2026 12:54:17.080,14.91158308,0.0,14.93114436926699,-4.7563742021035685e-06,9.456441440718715e-05,2.7571700893065162e-05,True
2079,1422,56.88,03/22/2026 12:54:17.120,14.91158308,-0.168553386,14.926260477239973,-0.0935914558126614,-0.8991502301295524,5.054026318428033,True
2080,1423,56.92,03/22/2026 12:54:17.160,14.91158308,-0.168553386,14.920662861433655,-0.1512103857564911,-1.1071974495961423,0.27052917933207166,True
2081,1424,56.96,03/22/2026 12:54:17.200,14.91158308,-0.168553386,14.914505019779273,-0.18053687607889296,-0.9634434941417058,0.12915801694534898,True
2082,1425,57.0,03/22/2026 12:54:17.240,14.91158308,-0.168553386,14.907975968214567,-0.19102218101313917,-0.6939074198562141,0.45406177868114145,True
2083,1426,57.04,03/22/2026 12:54:17.280,14.91158308,-0.168553386,14.90124017999818,-0.19089044155540588,-0.4259514019162094,0.44876104930453814,True
2084,1427,57.08,03/22/2026 12:54:17.320,14.91158308,0.0,14.899283621839361,-0.09247406434423043,0.6833690482733046,7.691213518006817,True
2085,1428,57.120000000000005,03/22/2026 12:54:17.360,14.91158308,0.0,14.898025297568779,-0.028969985459428173,1.0308939072713577,0.7548489292935814,True
2086,1429,57.160000000000004,03/22/2026 12:54:17.400,14.91158308,0.0,14.897348538484877,0.005455153402790742,0.9654544419814937,0.02677889126950946,True
2087,1430,57.2,03/22/2026 12:54:17.440,14.91158308,0.0,14.897077345563286,0.01960125041966298,0.7303182492629864,0.34557078131336777,True
2088,1431,57.24,03/22/2026 12:54:17.480,14.91158308,0.0,14.897046892156435,0.021709607139240104,0.46989018690337425,0.42390667403067556,True
2089,1432,57.28,03/22/2026 12:54:17.520,15.08701347,0.0,14.897277991208762,0.018015277074898865,0.25378693603374725,0.29446121491176397,True
2090,1433,57.32,03/22/2026 12:54:17.560,15.08701347,-0.168553386,14.892677227222904,-0.08106305266914894,-0.7957396731145647,6.887084135255873,True
2091,1434,57.36,03/22/2026 12:54:17.600,14.91158308,-0.168553386,14.88720960971768,-0.14379869673319476,-1.0926961490130866,0.5511857470985927,True
2092,1435,57.4,03/22/2026 12:54:17.640,14.73615269,-0.168553386,14.881011225281135,-0.17698336669169176,-0.9915762782571728,0.0654151292813257,True
2093,1436,57.44,03/22/2026 12:54:17.680,14.73615269,-0.168553386,14.874414078038196,-0.18994300161702515,-0.7349921952702554,0.41283921030854526,True
2094,1437,57.480000000000004,03/22/2026 12:54:17.720,14.91158308,-0.168553386,14.867732594655156,-0.1911411948682413,-0.46402668685084003,0.45903071702152315,True
2095,1438,57.52,03/22/2026 12:54:17.760,14.91158308,-0.168553386,14.860946925594694,-0.18685367566938058,-0.24449401321525743,0.3014034957872357,True
2096,1439,57.56,03/22/2026 12:54:17.800,15.08701347,0.0,14.859148813701662,-0.08744957768132798,0.8045619725783274,6.882036177548764,True
2097,1440,57.6,03/22/2026 12:54:17.840,15.08701347,0.0,14.858081113764156,-0.024578301621531802,1.0994134687281987,0.5471486237428735,True
2098,1441,57.64,03/22/2026 12:54:17.880,15.08701347,-0.168553386,14.852738931588334,-0.08496255582628595,0.09666707263993257,6.2882732460311574,True
2099,1442,57.68,03/22/2026 12:54:17.920,14.91158308,-0.168553386,14.846943452262169,-0.12965719214302718,-0.3699293080771082,1.360994851990624,True
2100,1443,57.72,03/22/2026 12:54:17.960,14.73615269,-0.168553386,14.84067840324815,-0.15783612957306234,-0.4984981629608315,0.10410208588317707,True
2101,1444,57.76,03/22/2026 12:54:18.000,14.73615269,-0.168553386,14.834151836659407,-0.17265558610011328,-0.4492923677914876,0.01582293177819153,True
2102,1445,57.800000000000004,03/22/2026 12:54:18.040,14.73615269,-0.168553386,14.827448851759216,-0.17837100544699738,-0.3315240475014495,0.08728120275656491,True
2103,1446,57.84,03/22/2026 12:54:18.080,14.73615269,-0.168553386,14.820646146894008,-0.17881779441336645,-0.20839574716962556,0.09526518674264185,True
2104,1447,57.88,03/22/2026 12:54:18.120,14.91158308,-0.168553386,14.813944769497141,-0.17682514915718966,-0.10916335535660669,0.06223291472277758,True
2105,1448,57.92,03/22/2026 12:54:18.160,14.56072231,-0.168553386,14.80694688594312,-0.17417542284521634,-0.04173199968460273,0.03278007479672768,True
2106,1449,57.96,03/22/2026 12:54:18.200,14.73615269,-0.168553386,14.800104564282803,-0.17179645898392185,-0.0028308287820093814,0.009752024521883054,True
2107,1450,58.0,03/22/2026 12:54:18.240,14.73615269,-0.168553386,14.793280432803002,-0.17004636669580708,0.01507651080960264,0.0022389521121157527,True
2108,1451,58.04,03/22/2026 12:54:18.280,14.73615269,-0.168553386,14.78647496723134,-0.16894943076791402,0.019825289336069783,0.00032322408332621246,True
2109,1452,58.08,03/22/2026 12:54:18.320,14.56072231,-0.168553386,14.779541471995724,-0.16837797647371885,0.01771159975761762,0.0034757129476241148,True
2110,1453,58.120000000000005,03/22/2026 12:54:18.360,14.56072231,-0.168553386,14.772620843419425,-0.16816139358750345,0.013000079116069119,0.003372024508023848,True
2111,1454,58.160000000000004,03/22/2026 12:54:18.400,14.56072231,-0.168553386,14.76571005463676,-0.16814885065610485,0.00813839258086586,0.0031735635370432076,True
2112,1455,58.2,03/22/2026 12:54:18.440,14.73615269,-0.168553386,14.758950793469443,-0.16822881268685838,0.004243820301200752,0.00013224349346374023,True
2113,1456,58.24,03/22/2026 12:54:18.480,14.73615269,-0.168553386,14.752197582273167,-0.1683336227869915,0.0016068435788790985,6.200693119824352e-05,True
2114,1457,58.28,03/22/2026 12:54:18.520,14.56072231,-0.168553386,14.745305912455816,-0.16842802292916648,9.49943163205025e-05,0.0024676009311092877,True
2115,1458,58.32,03/22/2026 12:54:18.560,14.56072231,-0.168553386,14.738419450169632,-0.16849686584959997,-0.0005907163017400311,0.002276578378057892,True
2116,1459,58.36,03/22/2026 12:54:18.600,14.56072231,-0.168553386,14.731538175216473,-0.16853964579985664,-0.0007629401847258309,0.0021011217626919396,True
2117,1460,58.4,03/22/2026 12:54:18.640,14.56072231,-0.168553386,14.724662184281458,-0.16856169980676364,-0.0006703062123027938,0.0019352420652736806,True
2118,1461,58.44,03/22/2026 12:54:18.680,14.56072231,-0.168553386,14.717791603268724,-0.1685698244692102,-0.00047991119274590807,0.0017766052250686802,True
2119,1462,58.480000000000004,03/22/2026 12:54:18.720,14.56072231,-0.168553386,14.71092654208407,-0.16857001509307268,-0.0002869321822556876,0.0016247227347632503,True
2120,1463,58.52,03/22/2026 12:54:18.760,14.73615269,-0.168553386,14.704210450857158,-0.16856571998483252,-0.00013759047851616947,7.360630969195332e-05,True
2121,1464,58.56,03/22/2026 12:54:18.800,14.73615269,-0.168553386,14.697499828233205,-0.16856111816447353,-4.316169973614483e-05,0.00010763312690071923,True
2122,1465,58.6,03/22/2026 12:54:18.840,14.73615269,-0.168553386,14.690794687606573,-0.1685573568445172,6.436568102001359e-06,0.0001481523455335018,True
2123,1466,58.64,03/22/2026 12:54:18.880,14.73615269,-0.168553386,14.68409502607079,-0.16855476687416235,2.5255609860671384e-05,0.00019513208296498995,True
2124,1467,58.68,03/22/2026 12:54:18.920,14.73615269,-0.168553386,14.677400832072285,-0.1685532454284752,2.6113221842045285e-05,0.00024854038017985066,True
2125,1468,58.72,03/22/2026 12:54:18.960,14.56072231,-0.168553386,14.67056905019016,-0.16855342996312234,2.1884333343611946e-05,0.0008688164056617179,True
2126,1469,58.76,03/22/2026 12:54:19.000,14.38529192,-0.168553386,14.663599902753326,-0.16855446298811835,2.275341443549144e-05,0.005577052258958748,True
2127,1470,58.800000000000004,03/22/2026 12:54:19.040,14.38529192,-0.168553386,14.656636525602318,-0.16855487075667352,2.8815617961912565e-05,0.005301461337249264,True
2128,1471,58.84,03/22/2026 12:54:19.080,14.38529192,-0.168553386,14.649678913714078,-0.16855490809505397,3.562700877008073e-05,0.005033072952462255,True
2129,1472,58.88,03/22/2026 12:54:19.120,14.38529192,-0.168553386,14.642727060844653,-0.1685547673905067,4.1051531564032046e-05,0.0047718693697837876,True
2130,1473,58.92,03/22/2026 12:54:19.160,14.38529192,-0.168553386,14.63578095940138,-0.16855457220487682,4.443538066519188e-05,0.00451783307143984,True
2131,1474,58.96,03/22/2026 12:54:19.200,14.38529192,-0.168553386,14.628840600679736,-0.16855438912196147,4.592349075605557e-05,0.004270946495728012,True
2132,1475,59.0,03/22/2026 12:54:19.240,14.38529192,-0.168553386,14.621905975211812,-0.16855424517586168,4.59850983134929e-05,0.004031192064466039,True
2133,1476,59.04,03/22/2026 12:54:19.280,14.38529192,-0.168553386,14.614977073090047,-0.16855414404214314,4.513353237395221e-05,0.003798552239622239,True
2134,1477,59.08,03/22/2026 12:54:19.320,14.38529192,-0.168553386,14.608053884210848,-0.16855407822350546,4.379218471508752e-05,0.0035730095475035775,True
2135,1478,59.120000000000005,03/22/2026 12:54:19.360,14.38529192,-0.168553386,14.601136398430569,-0.1685540368535752,4.225409441871696e-05,0.0033545465798618147,True
2136,1479,59.160000000000004,03/22/2026 12:54:19.400,14.38529192,0.0,14.599092183491374,-0.0749630887632591,0.8992910541442246,5.057298183690291,True
2137,1480,59.2,03/22/2026 12:54:19.440,14.38529192,0.0,14.597767590602478,-0.017342162032907477,1.1073186254054639,0.2737118155610701,True
2138,1481,59.24,03/22/2026 12:54:19.480,14.38529192,0.0,14.59700909461831,0.011984902760710459,0.9635384298896468,0.13243939148831124,True
2139,1482,59.28,03/22/2026 12:54:19.520,14.38529192,0.0,14.5966276555589,0.022470032308710423,0.6939785187310898,0.4573703587839285,True
2140,1483,59.32,03/22/2026 12:54:19.560,14.38529192,0.0,14.596458780420944,0.02233782669455435,0.4260045549352867,0.45203700169930916,True
2141,1484,59.36,03/22/2026 12:54:19.600,14.38529192,0.0,14.596383996643471,0.01751187990197209,0.2159227064794546,0.27905891592754367,True
2142,1485,59.4,03/22/2026 12:54:19.640,14.38529192,0.0,14.596330581260261,0.011628316027370758,0.07642015886825951,0.12484484553811787,True
2143,1486,59.44,03/22/2026 12:54:19.680,14.38529192,0.0,14.596261677284538,0.006529965212542201,-0.0019225119381505312,0.041568504364243745,True
2144,1487,59.480000000000004,03/22/2026 12:54:19.720,14.38529192,0.168553386,14.601031831892525,0.09645976119801558,0.8629040822378479,4.677838464550477,True
2145,1488,59.52,03/22/2026 12:54:19.760,14.38529192,0.168553386,14.60648775051741,0.15184003442030153,1.0633880587674482,0.25472377820998493,True
2146,1489,59.56,03/22/2026 12:54:19.800,14.38529192,0.168553386,14.612482129120497,0.18003635823519312,0.9256283576545896,0.12233476584462408,True
2147,1490,59.6,03/22/2026 12:54:19.840,14.38529192,0.168553386,14.618833436864522,0.1901256691929987,0.6668368936542588,0.4225229571023992,True
2148,1491,59.64,03/22/2026 12:54:19.880,14.38529192,0.168553386,14.625383662217638,0.1900089586596779,0.40944520693258035,0.4182307774247169,True
2149,1492,59.68,03/22/2026 12:54:19.920,14.38529192,0.168553386,14.63201897583541,0.18537812276148014,0.2076047925347607,0.25901719841496185,True
2150,1493,59.72,03/22/2026 12:54:19.960,14.38529192,0.168553386,14.638669491500261,0.1797279094927339,0.07354411222375865,0.11695735515865752,True
2151,1494,59.76,03/22/2026 12:54:20.000,14.38529192,0.168553386,14.645299782145793,0.17483011286195024,-0.0017628315888451873,0.04031694892391629,True
2152,1495,59.800000000000004,03/22/2026 12:54:20.040,14.38529192,0.337106772,14.656764905800395,0.2649030728941108,0.8643818021944044,4.694041342126572,True
2153,1496,59.84,03/22/2026 12:54:20.080,14.38529192,0.337106772,14.668911560597257,0.3203704295188908,1.0651388751700817,0.2576746135544245,True
2154,1497,59.88,03/22/2026 12:54:20.120,14.38529192,0.337106772,14.681592200520775,0.34861030632910617,0.9271295187915054,0.1253722843479461,True
2155,1498,59.92,03/22/2026 12:54:20.160,14.38529192,0.337106772,14.694625006314535,0.35871451104731206,0.6679094445257332,0.42687788182493197,True
2156,1499,59.96,03/22/2026 12:54:20.200,14.38529192,0.337106772,14.70785172083114,0.3585967648530138,0.41010128227489584,0.4229178865679869,True
2157,1500,60.0,03/22/2026 12:54:20.240,14.38529192,0.337106772,14.721158342465806,0.35395802474140814,0.20793892254169902,0.2635736587840291,True
2158,1501,60.04,03/22/2026 12:54:20.280,14.56072231,0.337106772,14.734615796853197,0.3482994454382293,0.07366395683142932,0.11486889060970351,True
2159,1502,60.08,03/22/2026 12:54:20.320,14.56072231,0.337106772,14.748047533700953,0.34339408068872185,-0.0017667796264719676,0.038091217276107474,True
2160,1503,60.120000000000005,03/22/2026 12:54:20.360,14.56072231,0.337106772,14.761440999346428,0.3398705162026855,-0.03492937669978396,0.009775911662475543,True
2161,1504,60.160000000000004,03/22/2026 12:54:20.400,14.56072231,0.505660158,14.779664126752836,0.431304348300502,0.8570342745949485,4.975899822047476,True
2162,1505,60.2,03/22/2026 12:54:20.440,14.56072231,0.505660158,14.7985692940602,0.4878362141234886,1.0708402081315147,0.28976726684329374,True
2163,1506,60.24,03/22/2026 12:54:20.480,14.56072231,0.505660158,14.818010216610721,0.516781619684952,0.9374158887730434,0.11603734330206579,True
2164,1507,60.28,03/22/2026 12:54:20.520,14.56072231,0.505660158,14.837804108944507,0.5272811321233336,0.678038442935989,0.4260242003377465,True
2165,1508,60.32,03/22/2026 12:54:20.560,14.56072231,0.505660158,14.857790965124561,0.5273363603810708,0.4179976129534109,0.4290053286082777,True
2166,1509,60.36,03/22/2026 12:54:20.600,14.56072231,0.505660158,14.8778550618109,0.5227347955370133,0.21315633799118186,0.26950667420730523,True
2167,1510,60.4,03/22/2026 12:54:20.640,14.56072231,0.505660158,14.897925071429128,0.517044146405036,0.07657928518215079,0.12478113080582628,True
2168,1511,60.44,03/22/2026 12:54:20.680,14.56072231,0.505660158,14.917964638239996,0.5120835313566301,-0.0004910412434256523,0.046319623265298204,True
2169,1512,60.480000000000004,03/22/2026 12:54:20.720,14.73615269,0.505660158,14.938100952377162,0.5085071040953222,-0.034651782278717895,0.010231599075314173,True
2170,1513,60.52,03/22/2026 12:54:20.760,14.73615269,0.505660158,14.958193743077254,0.5063087132711565,-0.04244147215130575,0.003929532032916342,True
2171,1514,60.56,03/22/2026 12:54:20.800,14.73615269,0.505660158,14.978248957864675,0.5051923211156354,-0.03683977744948186,0.004415892866224237,True
2172,1515,60.6,03/22/2026 12:54:20.840,14.91158308,0.505660158,14.998413918496304,0.5047962758651293,-0.02648039706240026,0.00121338328400239,True
2173,1516,60.64,03/22/2026 12:54:20.880,14.91158308,0.505660158,15.01855474149807,0.504804323235509,-0.016218425032869382,0.001481830869562702,True
2174,1517,60.68,03/22/2026 12:54:20.920,14.91158308,0.505660158,15.03867597589411,0.5049903540201036,-0.008188951552151207,0.0015657328135401892,True
2175,1518,60.72,03/22/2026 12:54:20.960,14.91158308,0.505660158,15.058780419289949,0.5052158259829767,-0.0028651127096777753,0.001737034063374527,True
2176,1519,60.76,03/22/2026 12:54:21.000,14.91158308,0.505660158,15.078869499014921,0.5054107069346773,0.00012006227687180737,0.0020705385922281812,True
2177,1520,60.800000000000004,03/22/2026 12:54:21.040,14.91158308,0.505660158,15.098943734039134,0.5055503790178053,0.0014288602620296945,0.0025382115156294583,True
2178,1521,60.84,03/22/2026 12:54:21.080,14.91158308,0.505660158,15.119003134239131,0.5056356755047111,0.0017135721553913808,0.003098245010739127,True
2179,1522,60.88,03/22/2026 12:54:21.120,14.91158308,0.505660158,15.139047486595047,0.50567857098148,0.0014828416061943763,0.003725737159035605,True
2180,1523,60.92,03/22/2026 12:54:21.160,14.91158308,0.505660158,15.15907653002602,0.5056934395952285,0.0010728798442341194,0.004411417349554225,True
2181,1524,60.96,03/22/2026 12:54:21.200,15.26244386,0.505660158,15.179369034089799,0.5056944776144988,0.0006647781291064576,0.0004979496073705486,True
2182,1525,61.0,03/22/2026 12:54:21.240,15.26244386,0.505660158,15.199645537403153,0.5056875738920337,0.00033861566097696344,0.0002846092451831027,True
2183,1526,61.04,03/22/2026 12:54:21.280,15.26244386,0.505660158,15.219905949466137,0.5056785959092628,0.0001192759890379101,0.00013058417205855303,True
2184,1527,61.08,03/22/2026 12:54:21.320,15.26244386,0.505660158,15.240150236013807,0.5056705958387142,-4.97123207116238e-06,3.588120626827737e-05,True
2185,1528,61.120000000000005,03/22/2026 12:54:21.360,15.26244386,0.505660158,15.260378400778727,0.5056647224255291,-5.9636707536436384e-05,3.258190864373689e-07,True
2186,1529,61.160000000000004,03/22/2026 12:54:21.400,15.26244386,0.505660158,15.28059046925615,0.5056610327372529,-7.091572657601666e-05,2.371103205834681e-05,True
2187,1530,61.2,03/22/2026 12:54:21.440,14.91158308,0.505660158,15.300508208733376,0.5056572637027594,-5.303427201616884e-05,0.010891204143410663,True
2188,1531,61.24,03/22/2026 12:54:21.480,14.91158308,0.505660158,15.320410242934996,0.5056558021088272,-1.848115638968272e-05,0.012034370065972074,True
2189,1532,61.28,03/22/2026 12:54:21.520,15.08701347,0.505660158,15.340435631701636,0.5056565746138699,1.353326726753719e-05,0.00462416351160862,True
2190,1533,61.32,03/22/2026 12:54:21.560,15.08701347,0.505660158,15.360445242260836,0.5056573836850293,3.497576451987045e-05,0.005383212281015165,True
2191,1534,61.36,03/22/2026 12:54:21.600,15.26244386,0.505660158,15.380577999821408,0.5056589322546944,4.456521392708054e-05,0.0010048338644920902,True
2192,1535,61.4,03/22/2026 12:54:21.640,15.26244386,0.505660158,15.400694878184922,0.5056596869838408,4.4229974320264815e-05,0.0013761944997415943,True
2193,1536,61.44,03/22/2026 12:54:21.680,15.26244386,0.505660158,15.420795898213534,0.5056599121865186,4.0322940206513865e-05,0.001805470362895028,True
2194,1537,61.480000000000004,03/22/2026 12:54:21.720,15.26244386,0.505660158,15.440881081375341,0.5056598384291197,3.64311281225937e-05,0.002292523498123016,True
2195,1538,61.52,03/22/2026 12:54:21.760,15.26244386,0.505660158,15.460950450353918,0.5056596320652272,3.4145974156044445e-05,0.002837217156490965,True
2196,1539,61.56,03/22/2026 12:54:21.800,15.26244386,0.505660158,15.481004029045446,0.5056593953898302,3.383178151172336e-05,0.003439415053303286,True
2197,1540,61.6,03/22/2026 12:54:21.840,15.26244386,0.505660158,15.501041842284158,0.5056591803782855,3.522935534180039e-05,0.0040989812317772335,True
2198,1541,61.64,03/22/2026 12:54:21.880,15.26244386,0.505660158,15.521063915505595,0.5056590055350103,3.785752049449529e-05,0.0048157801013338775,True
2199,1542,61.68,03/22/2026 12:54:21.920,15.43787425,0.505660158,15.541208696118035,0.5056597817558773,3.789714555041613e-05,0.0007688335790350197,True
2200,1543,61.72,03/22/2026 12:54:21.960,15.43787425,0.505660158,15.561337631663127,0.505660023040419,3.417085562608239e-05,0.0010975350035731149,True
2201,1544,61.76,03/22/2026 12:54:22.000,15.43787425,0.505660158,15.581450743458788,0.5056599595055097,3.0335955783221763e-05,0.001484255171850305,True
2202,1545,61.800000000000004,03/22/2026 12:54:22.040,15.43787425,0.505660158,15.601548054009148,0.50565975855522,2.804156898302399e-05,0.001928857106551933,True
2203,1546,61.84,03/22/2026 12:54:22.080,15.43787425,0.505660158,15.621629587022829,0.5056595239779601,2.7691770214250875e-05,0.002431204309717915,True
2204,1547,61.88,03/22/2026 12:54:22.120,15.43787425,0.505660158,15.641695367149671,0.5056593091207964,2.9050681380579653e-05,0.0029911606127398724,True
2205,1548,61.92,03/22/2026 12:54:22.160,15.43787425,0.337106772,15.656877760175565,0.41206821239000957,-0.899218714217611,5.0575413567787075,True
2206,1549,61.96,03/22/2026 12:54:22.200,15.43787425,0.337106772,15.671330349334399,0.35444716972479434,-1.1072444279073175,0.2744026457634554,True
2207,1550,62.0,03/22/2026 12:54:22.240,15.43787425,0.337106772,15.685206676291534,0.3251200182251988,-0.9634619025876794,0.13360493569011167,True
2208,1551,62.04,03/22/2026 12:54:22.280,15.61330464,0.337106772,15.698833693757523,0.31463573465222744,-0.69390278831381,0.4546594513034358,True
2209,1552,62.08,03/22/2026 12:54:22.320,15.61330464,0.337106772,15.712237860109758,0.31476823352786804,-0.4259337123570659,0.4494948401086257,True
2210,1553,62.120000000000005,03/22/2026 12:54:22.360,15.61330464,0.337106772,15.7255376598599,0.31959415504507077,-0.21585702107646235,0.276727687931489,True
2211,1554,62.160000000000004,03/22/2026 12:54:22.400,15.61330464,0.337106772,15.738805829122366,0.32547754724017125,-0.07635814326535897,0.1227544972893899,True
2212,1555,62.2,03/22/2026 12:54:22.440,15.61330464,0.337106772,15.752079239275446,0.3305756877768198,0.001982808591474247,0.0397421936259568,True
2213,1556,62.24,03/22/2026 12:54:22.480,15.61330464,0.337106772,15.765370946299951,0.3342366202280913,0.03640659808562439,0.00906995447573828,True
2214,1557,62.28,03/22/2026 12:54:22.520,15.61330464,0.337106772,15.778680631901224,0.33647709978381246,0.04395299337654746,0.0023248056509898927,True
2215,1558,62.32,03/22/2026 12:54:22.560,15.61330464,0.337106772,15.792002101212768,0.3376077088666507,0.03793601265089973,0.0025257306791281013,True
2216,1559,62.36,03/22/2026 12:54:22.600,15.61330464,0.337106772,15.805327871401817,0.338003427033528,0.02717141543035736,0.003379615285383516,True
2217,1560,62.4,03/22/2026 12:54:22.640,15.61330464,0.337106772,15.818651487254396,0.33798785159058486,0.016593084586313908,0.003735996220560744,True
2218,1561,62.440000000000005,03/22/2026 12:54:22.680,15.61330464,0.337106772,15.831968331701344,0.33779267105114164,0.008355565174314574,0.003867182757248558,True
2219,1562,62.480000000000004,03/22/2026 12:54:22.720,15.61330464,0.337106772,15.845275594014566,0.3375592550865481,0.002917530201561407,0.004059544927693456,True
2220,1563,62.52,03/22/2026 12:54:22.760,15.61330464,0.337106772,15.858571870172565,0.3373586360674011,-0.00011445238181411171,0.004388931873206384,True
2221,1564,62.56,03/22/2026 12:54:22.800,15.61330464,0.337106772,15.871856684920623,0.3372154059360685,-0.0014288198227821029,0.004824089416338458,True
2222,1565,62.6,03/22/2026 12:54:22.840,15.61330464,0.337106772,15.885130080999893,0.33712825468941143,-0.0016982945577556766,0.005320561850145453,True
2223,1566,62.64,03/22/2026 12:54:22.880,15.61330464,0.337106772,15.898392325909493,0.3370846322510694,-0.0014450481773400472,0.005852266136467998,True
2224,1567,62.68,03/22/2026 12:54:22.920,15.61330464,0.337106772,15.911643733518472,0.33706966787339615,-0.001012862629452243,0.006409673314111418,True
2225,1568,62.72,03/22/2026 12:54:22.960,15.61330464,0.337106772,15.92488457482494,0.3370706321941991,-0.0005928183014898036,0.0069910745778628955,True
2226,1569,62.76,03/22/2026 12:54:23.000,15.61330464,0.337106772,15.938115047406896,0.3370784647114421,-0.0002673057049187413,0.00759686751341394,True
2227,1570,62.800000000000004,03/22/2026 12:54:23.040,15.61330464,0.337106772,15.95133527749499,0.3370876701620606,-5.279411904955206e-05,0.00822743611658987,True
2228,1571,62.84,03/22/2026 12:54:23.080,15.61330464,0.337106772,15.964545336111245,0.33709551160025475,6.707960637295333e-05,0.008882833879664657,True
2229,1572,62.88,03/22/2026 12:54:23.120,15.61330464,0.337106772,15.977745258019418,0.33710106289038405,0.00011978855367096347,0.009562951914315719,True
2230,1573,62.92,03/22/2026 12:54:23.160,15.61330464,0.337106772,15.990935057881789,0.3371044008779596,0.00013188396490961888,0.010267663673938783,True
2231,1574,62.96,03/22/2026 12:54:23.200,15.61330464,0.337106772,16.004114741725587,0.3371060320752436,0.00012384095508435297,0.010996872056836403,True
2232,1575,63.0,03/22/2026 12:54:23.240,15.61330464,0.337106772,16.01728431387652,0.33710654599263523,0.0001090628656087678,0.011750505713759966,True
2233,1576,63.04,03/22/2026 12:54:23.280,15.61330464,0.337106772,16.030443780396677,0.33710644324908506,9.494760705919441e-05,0.012528505377722684,True
2234,1577,63.08,03/22/2026 12:54:23.320,15.61330464,0.337106772,16.0435931502342,0.33710607809572,8.464348910864142e-05,0.01333081511560439,True
2235,1578,63.120000000000005,03/22/2026 12:54:23.360,15.61330464,0.337106772,16.056732435109932,0.33710566408931425,7.873699145079608e-05,0.014157379137991467,True
2236,1579,63.160000000000004,03/22/2026 12:54:23.400,15.61330464,0.337106772,16.069861648866567,0.337105306640284,7.65500886336035e-05,0.015008141341954153,True
2237,1580,63.2,03/22/2026 12:54:23.440,15.61330464,0.337106772,16.082980806717718,0.3371050405669801,7.69870732116396e-05,0.015883045567760115,True
2238,1581,63.24,03/22/2026 12:54:23.480,15.96416542,0.337106772,16.0963623188554,0.33710668433077146,7.231566976048348e-05,0.0012582856184337984,True
2239,1582,63.28,03/22/2026 12:54:23.520,15.96416542,0.337106772,16.109733507917937,0.3371072627683723,6.012646342459632e-05,0.0015257001991733816,True
2240,1583,63.32,03/22/2026 12:54:23.560,15.96416542,0.337106772,16.12309438112904,0.3371072337276812,4.770721873511726e-05,0.0018186233305854014,True
2241,1584,63.36,03/22/2026 12:54:23.600,15.96416542,0.337106772,16.136444948162087,0.3371069304783679,3.834779308690992e-05,0.0021369960859393944,True
2242,1585,63.4,03/22/2026 12:54:23.640,15.96416542,0.337106772,16.149785221179215,0.33710655976398757,3.285794532625861e-05,0.0024807599135587043,True
2243,1586,63.440000000000005,03/22/2026 12:54:23.680,15.96416542,0.337106772,16.16311521430875,0.3371062279368908,3.077162968602323e-05,0.0028498560633387505,True
2244,1587,63.480000000000004,03/22/2026 12:54:23.720,15.96416542,0.337106772,16.176434942984386,0.3371059740053777,3.115485572070557e-05,0.0032442257510426386,True
2245,1588,63.52,03/22/2026 12:54:23.760,15.96416542,0.337106772,16.189744423363948,0.3371057987025989,3.3064837393735924e-05,0.0036638103377060723,True
2246,1589,63.56,03/22/2026 12:54:23.800,15.96416542,0.337106772,16.20304367190759,0.33710568558274245,3.5756072097537895e-05,0.004108551391686409,True
2247,1590,63.6,03/22/2026 12:54:23.840,15.96416542,0.337106772,16.216332705116965,0.3371056140694171,3.87298911263511e-05,0.004578390683405376,True
2248,1591,63.64,03/22/2026 12:54:23.880,15.96416542,0.337106772,16.229611539401656,0.33710556614027476,4.170382134934786e-05,0.00507327016566016,True
2249,1592,63.68,03/22/2026 12:54:23.920,15.96416542,0.337106772,16.242880191030757,0.33710552875488664,4.4551822057257e-05,0.005593131960429966,True
2250,1593,63.72,03/22/2026 12:54:23.960,15.96416542,0.337106772,16.256138676132665,0.337105493871354,4.7244322545060136e-05,0.006137918353662433,True
2251,1594,63.76,03/22/2026 12:54:24.000,15.96416542,0.337106772,16.269387010716404,0.3371054573869881,4.980096730986422e-05,0.0067075717942334245,True
2252,1595,63.800000000000004,03/22/2026 12:54:24.040,15.96416542,0.337106772,16.28262521069798,0.3371054178265441,5.225909720923178e-05,0.007302034894099582,True
2253,1596,63.84,03/22/2026 12:54:24.080,15.96416542,0.168553386,16.290985580690172,0.24351445407531702,-0.8991957064215989,5.061803813062155,True
2254,1597,63.88,03/22/2026 12:54:24.120,15.96416542,0.168553386,16.29862164270543,0.18589350241725575,-1.1072224173163892,0.2785400698821305,True
2255,1598,63.92,03/22/2026 12:54:24.160,15.96416542,0.168553386,16.305686928959894,0.156566409058542,-0.9634412917613506,0.13759252026165006,True
2256,1599,63.96,03/22/2026 12:54:24.200,16.3150262,0.168553386,16.312640916761406,0.1460830730670976,-0.6938870614324884,0.45412234653301764,True
2257,1600,64.0,03/22/2026 12:54:24.240,16.3150262,0.168553386,16.319377382717597,0.14621594114776734,-0.4259270097249855,0.44876728262265264,True
2258,1601,64.04,03/22/2026 12:54:24.280,16.13959581,0.168553386,16.325879689780887,0.15104098972262409,-0.21585617112388567,0.27830019345408963,True
2259,1602,64.08,03/22/2026 12:54:24.320,16.13959581,0.337106772,16.337223532971237,0.2505148459987157,0.8228929931384429,6.746512289059312,True
2260,1603,64.12,03/22/2026 12:54:24.360,16.13959581,0.337106772,16.34929227700656,0.3132337238266807,1.1092652700034886,0.5157084950361092,True
2261,1604,64.16,03/22/2026 12:54:24.400,16.13959581,0.337106772,16.361945454567447,0.3462217029747038,0.9999128296499349,0.07830266654563947,True
2262,1605,64.2,03/22/2026 12:54:24.440,16.13959581,0.337106772,16.374993708590317,0.3589473739540603,0.7379025320186441,0.4330631239883526,True
2263,1606,64.24,03/22/2026 12:54:24.480,16.13959581,0.337106772,16.388266351745905,0.3599458615686214,0.4639137911457728,0.4736549670815114,True
2264,1607,64.28,03/22/2026 12:54:24.520,16.13959581,0.337106772,16.40163742863812,0.35551570894393564,0.24306863223414282,0.30978639984292927,True
2265,1608,64.32000000000001,03/22/2026 12:54:24.560,16.13959581,0.337106772,16.415027760714718,0.3496166256938523,0.09298836278111688,0.1462475274321688,True
2266,1609,64.36,03/22/2026 12:54:24.600,16.13959581,0.337106772,16.42839587333452,0.3443231294844532,0.006408354788137144,0.05286177162981996,True
2267,1610,64.4,03/22/2026 12:54:24.640,16.3150262,0.337106772,16.441860542779033,0.3404295178693621,-0.03345683281458842,0.011092173905465961,True
2268,1611,64.44,03/22/2026 12:54:24.680,16.49045659,0.337106772,16.45542050095607,0.3379895285316682,-0.04404487338420888,0.0007889598705872594,True
2269,1612,64.48,03/22/2026 12:54:24.720,16.49045659,0.337106772,16.468946758537804,0.33671594024001195,-0.03935552001944403,0.00017077420696295177,True
2270,1613,64.52,03/22/2026 12:54:24.760,16.49045659,0.337106772,16.482446849189817,0.33623287608322594,-0.028871908013064225,0.0006915525174502054,True
2271,1614,64.56,03/22/2026 12:54:24.800,16.49045659,0.337106772,16.49592750635593,0.33620446731528447,-0.018048087688514486,0.0007343602237762744,True
2272,1615,64.6,03/22/2026 12:54:24.840,16.49045659,0.337106772,16.509393674045302,0.33638431424877646,-0.00938229615744355,0.000495130663140977,True
2273,1616,64.64,03/22/2026 12:54:24.880,16.49045659,0.337106772,16.52284844875426,0.3366183904179716,-0.0035250674475735986,0.00028991897751324966,True
2274,1617,64.68,03/22/2026 12:54:24.920,16.49045659,0.337106772,16.536293447895265,0.33682662133681407,-0.0001663612199007689,0.00022174199911730152,True
2275,1618,64.72,03/22/2026 12:54:24.960,16.49045659,0.337106772,16.549729289286375,0.3369789101660951,0.0013649048600125318,0.00026758694214934595,True
2276,1619,64.76,03/22/2026 12:54:25.000,16.49045659,0.337106772,16.563156017708717,0.33707380992347985,0.0017571711410490011,0.0003814889604515141,True
2277,1620,64.8,03/22/2026 12:54:25.040,16.49045659,0.337106772,16.576573416893815,0.3371229241586339,0.0015596816689481066,0.0005342062517413808,True
2278,1621,64.84,03/22/2026 12:54:25.080,16.49045659,0.337106772,16.589981203977572,0.33714118426891326,0.001142563290807393,0.000714266040332609,True
2279,1622,64.88,03/22/2026 12:54:25.120,16.49045659,0.337106772,16.6033791301852,0.3371418152550096,0.0007172956072158923,0.0009192469460424297,True
2280,1623,64.92,03/22/2026 12:54:25.160,16.3150262,0.337106772,16.616633070897006,0.3371335497006534,0.00038301350328973755,0.006550302998999958,True
2281,1624,64.96000000000001,03/22/2026 12:54:25.200,16.3150262,0.337106772,16.62987701208287,0.3371238580864904,0.00016441880104183125,0.00713772322691182,True
2282,1625,65.0,03/22/2026 12:54:25.240,16.3150262,0.337106772,16.643110912077702,0.33711559033142624,4.443130674715602e-05,0.007750118195861407,True
2283,1626,65.04,03/22/2026 12:54:25.280,16.3150262,0.337106772,16.656334766904212,0.3371097100586871,-5.588808229775832e-06,0.008387374620234622,True
2284,1627,65.08,03/22/2026 12:54:25.320,16.3150262,0.337106772,16.669548593438094,0.33710613633887615,-1.3310543303567548e-05,0.009049360900909192,True
2285,1628,65.12,03/22/2026 12:54:25.360,16.49045659,0.337106772,16.68288610660505,0.33710525220213,-3.409217817909328e-06,0.002666083765475053,True
2286,1629,65.16,03/22/2026 12:54:25.400,16.49045659,0.337106772,16.6962135027654,0.3371049658521651,9.350238975023339e-06,0.003048170005292384,True
2287,1630,65.2,03/22/2026 12:54:25.440,16.49045659,0.337106772,16.709530802956582,0.3371049962594283,2.1168442236681314e-05,0.0034555142204885747,True
2288,1631,65.24,03/22/2026 12:54:25.480,16.3150262,0.337106772,16.722704491296078,0.33710423960533875,3.389893245434727e-05,0.011966445553467606,True
2289,1632,65.28,03/22/2026 12:54:25.520,16.3150262,0.337106772,16.73586826197773,0.3371040611324205,4.8200556322763247e-05,0.012751701932631929,True
2290,1633,65.32000000000001,03/22/2026 12:54:25.560,16.49045659,0.337106772,16.74915556870923,0.337105079045331,5.731036571933464e-05,0.004818581137804337,True
2291,1634,65.36,03/22/2026 12:54:25.600,16.49045659,0.337106772,16.76243285630388,0.33710562479279005,5.929863241086768e-05,0.005325883125127981,True
2292,1635,65.4,03/22/2026 12:54:25.640,16.84131737,0.337106772,16.775966798940228,0.33710765640114687,5.151831895893441e-05,0.0003074883288529208,True
2293,1636,65.44,03/22/2026 12:54:25.680,16.84131737,0.337106772,16.789490465749093,0.3371083512301141,3.4817398227255075e-05,0.0001933941623604294,True
2294,1637,65.48,03/22/2026 12:54:25.720,16.84131737,0.337106772,16.80300386075016,0.33710829289912164,1.8231231650331786e-05,0.00010569137651004104,True
2295,1638,65.52,03/22/2026 12:54:25.760,16.84131737,0.337106772,16.816506991190874,0.3371079017025402,5.753324337461423e-06,4.432050746408175e-05,True
2296,1639,65.56,03/22/2026 12:54:25.800,16.84131737,0.337106772,16.82999986752667,0.3371074356049153,-1.717364653324962e-06,9.222436416071833e-06,True
2297,1640,65.6,03/22/2026 12:54:25.840,16.84131737,0.337106772,16.84348250271938,0.3371070253254652,-4.8499860450682194e-06,3.3758171008388516e-07,True
2298,1641,65.64,03/22/2026 12:54:25.880,16.84131737,0.337106772,16.85695491138217,0.33710671709625956,-4.8682916251857815e-06,1.7606202448044298e-05,True
2299,1642,65.68,03/22/2026 12:54:25.920,16.84131737,0.337106772,16.870417109038765,0.33710650970841327,-2.9815320594626745e-06,6.096869154097861e-05,True
2300,1643,65.72,03/22/2026 12:54:25.960,16.84131737,0.337106772,16.883869111591537,0.3371063811121165,-1.3444893963744153e-07,0.00013036567224286106,True
2301,1644,65.76,03/22/2026 12:54:26.000,16.84131737,0.337106772,16.89731093499608,0.33710630469427644,3.0474664080805593e-06,0.00022573798785029004,True
2302,1645,65.8,03/22/2026 12:54:26.040,16.84131737,0.337106772,16.910742595097066,0.33710625749166123,6.21418915506926e-06,0.000347026670188728,True
2303,1646,65.84,03/22/2026 12:54:26.080,16.84131737,0.337106772,16.92416410757089,0.33710622306471844,9.212902845535996e-06,0.0004941729192461891,True
2304,1647,65.88,03/22/2026 12:54:26.120,16.84131737,0.337106772,16.93757548792805,0.3371061913834964,1.2011109761214712e-05,0.0006671180955349589,True
2305,1648,65.92,03/22/2026 12:54:26.160,16.84131737,0.337106772,16.95097675154167,0.3371061574090725,1.4636758485483714e-05,0.0008658037188917769,True
2306,1649,65.96000000000001,03/22/2026 12:54:26.200,16.84131737,0.337106772,16.964367913681496,0.3371061193975509,1.7138716730214862e-05,0.0010901714690316779,True
2307,1650,66.0,03/22/2026 12:54:26.240,16.84131737,0.337106772,16.977748989543183,0.3371060774426094,1.956472778558532e-05,0.0013401631859694045,True
2308,1651,66.04,03/22/2026 12:54:26.280,16.84131737,0.337106772,16.991119994269212,0.33710603243516557,2.1951846823931728e-05,0.001615720869977118,True
2309,1652,66.08,03/22/2026 12:54:26.320,17.01674775,0.505660158,17.009481186265266,0.4306978178007653,0.899271343867652,5.054064700556138,True
2310,1653,66.12,03/22/2026 12:54:26.360,17.01674775,0.505660158,17.02854651515356,0.48831902143922806,1.1072953026466645,0.27047174292718507,True
2311,1654,66.16,03/22/2026 12:54:26.400,17.01674775,0.505660158,17.04816247444556,0.5176460392081083,0.963511176769097,0.12928385350436228,True
2312,1655,66.2,03/22/2026 12:54:26.440,17.01674775,0.505660158,17.068140044003947,0.528130972090827,0.6939488131296656,0.45434265273282204,True
2313,1656,66.24,03/22/2026 12:54:26.480,16.84131737,0.505660158,17.08818247345581,0.5279976183830534,0.4259777004270029,0.4532068111942858,True
2314,1657,66.28,03/22/2026 12:54:26.520,16.84131737,0.505660158,17.108303728453812,0.5231711067224318,0.2159046049773157,0.2809625035459296,True
2315,1658,66.32000000000001,03/22/2026 12:54:26.560,16.84131737,0.505660158,17.128431113304245,0.5172873424354716,0.0764123409325227,0.12755781417867723,True
2316,1659,66.36,03/22/2026 12:54:26.600,17.01674775,0.505660158,17.14865992818493,0.5121898918523137,-0.001924130123299353,0.039609073424159945,True
2317,1660,66.4,03/22/2026 12:54:26.640,17.19217814,0.505660158,17.168976971344406,0.5085300831902013,-0.03635078070415928,0.00744603065726039,True
2318,1661,66.44,03/22/2026 12:54:26.680,17.19217814,0.505660158,17.189250377778404,0.5062898779561369,-0.043904781655098084,0.00035725521403983805,True
2319,1662,66.48,03/22/2026 12:54:26.720,17.19217814,0.505660158,17.20948637421646,0.5051590811319209,-0.03789460713644645,0.00024730802830410153,True
2320,1663,66.52,03/22/2026 12:54:26.760,17.19217814,0.505660158,17.229692477584916,0.5047629840807518,-0.027133722605862616,0.0008249586955836418,True
2321,1664,66.56,03/22/2026 12:54:26.800,17.19217814,0.505660158,17.24987517928491,0.5047781507958111,-0.0165556518207819,0.0009388825655084225,True
2322,1665,66.6,03/22/2026 12:54:26.840,17.19217814,0.505660158,17.27003913413773,0.5049729708883431,-0.008315517907596355,0.0008607022081547633,True
2323,1666,66.64,03/22/2026 12:54:26.880,17.19217814,0.505660158,17.290187191598626,0.5052060991482685,-0.002872865383720751,0.0008766181443699222,True
2324,1667,66.68,03/22/2026 12:54:26.920,17.19217814,0.505660158,17.310320794900075,0.5054064985798735,0.00016492177174794957,0.0010625277927242007,True
2325,1668,66.72,03/22/2026 12:54:26.960,17.19217814,0.505660158,17.330440458649125,0.5055495606667806,0.0014856635971026676,0.0013872220952591515,True
2326,1669,66.76,03/22/2026 12:54:27.000,17.19217814,0.505660158,17.350546179395202,0.5056365770609021,0.0017616854598864703,0.0018062272954045425,True
2327,1670,66.8,03/22/2026 12:54:27.040,17.19217814,0.505660158,17.37063772877024,0.505680082613173,0.00151494452450761,0.002293395861941466,True
2328,1671,66.84,03/22/2026 12:54:27.080,17.19217814,0.505660158,17.390714831846754,0.5056949374851238,0.001089135302149008,0.002839115791796158,True
2329,1672,66.88,03/22/2026 12:54:27.120,17.19217814,0.505660158,17.410777256385362,0.5056938647752115,0.0006753258816290848,0.0034415934052380356,True
2330,1673,66.92,03/22/2026 12:54:27.160,17.19217814,0.505660158,17.430824843405503,0.5056859219807506,0.0003559305188257618,0.004101145404128594,True
2331,1674,66.96000000000001,03/22/2026 12:54:27.200,17.19217814,0.505660158,17.450857505136366,0.5056766034506891,0.00014745320153637578,0.004818079256390928,True
2332,1675,67.0,03/22/2026 12:54:27.240,17.19217814,0.505660158,17.470875208897766,0.5056686463415335,3.356295868141056e-05,0.005592375041330808,True
2333,1676,67.04,03/22/2026 12:54:27.280,17.19217814,0.505660158,17.49087795816348,0.5056629774548898,-1.3189103480850657e-05,0.0064238523385549895,True
2334,1677,67.08,03/22/2026 12:54:27.320,17.19217814,0.505660158,17.510865776412658,0.5056595206715351,-1.9338752661634803e-05,0.007312314098626259,True
2335,1678,67.12,03/22/2026 12:54:27.360,17.19217814,0.505660158,17.530838695667445,0.5056577700773015,-5.352805907124015e-06,0.00825759323215892,True
2336,1679,67.16,03/22/2026 12:54:27.400,17.54303892,0.505660158,17.551059076499822,0.5056589590799563,8.682284288036401e-06,4.632364631445921e-06,True
2337,1680,67.2,03/22/2026 12:54:27.440,17.54303892,0.505660158,17.57126435508453,0.5056596325232644,1.3764117367556431e-05,5.735961992953783e-05,True
2338,1681,67.24,03/22/2026 12:54:27.480,17.19217814,0.505660158,17.59119241449015,0.505658094974797,2.1240116957484384e-05,0.011463064741098237,True
2339,1682,67.28,03/22/2026 12:54:27.520,17.19217814,0.505660158,17.611105678884947,0.5056574406461968,3.570348758879738e-05,0.01263576650913102,True
2340,1683,67.32000000000001,03/22/2026 12:54:27.560,17.19217814,0.505660158,17.631004177230736,0.5056573035001573,5.095074252217976e-05,0.013864634664687675,True
2341,1684,67.36,03/22/2026 12:54:27.600,17.19217814,0.505660158,17.65088793657962,0.5056574103875339,6.405509405512947e-05,0.015149544039232056,True
2342,1685,67.4,03/22/2026 12:54:27.640,17.54303892,0.505660158,17.67101873967868,0.5056594102682457,6.748507329767064e-05,0.0011792514007763037,True
2343,1686,67.44,03/22/2026 12:54:27.680,17.54303892,0.505660158,17.69113458512602,0.5056602561457957,5.9897155278144895e-05,0.0015790946906096472,True
2344,1687,67.48,03/22/2026 12:54:27.720,17.54303892,0.505660158,17.71123548595625,0.5056603928656344,4.979905272838748e-05,0.002036843503841275,True
2345,1688,67.52,03/22/2026 12:54:27.760,17.54303892,0.505660158,17.731321457064656,0.5056601696170875,4.150959864256294e-05,0.002552368017290017,True
2346,1689,67.56,03/22/2026 12:54:27.800,17.36760853,0.505660158,17.751261825088015,0.5056589072747821,3.9906315800331415e-05,0.010597436664591914,True
2347,1690,67.6,03/22/2026 12:54:27.840,17.36760853,0.674213543,17.776055234831116,0.5992491343276751,0.8992961170069381,5.066059823718935,True
2348,1691,67.64,03/22/2026 12:54:27.880,17.54303892,0.674213543,17.801678892446574,0.6568706440654001,1.1073305324031388,0.2752929739731189,True
2349,1692,67.68,03/22/2026 12:54:27.920,17.54303892,0.674213543,17.82784857588018,0.686197949920396,0.9635531236215599,0.13504966982009148,True
2350,1693,67.72,03/22/2026 12:54:27.960,17.54303892,0.674213543,17.854375272154957,0.6966830963773735,0.6939946316014676,0.46113497329136355,True
2351,1694,67.76,03/22/2026 12:54:28.000,17.54303892,0.674213543,17.881094515551617,0.6965507837577392,0.4260222066966029,0.45705732158521867,True
2352,1695,67.8,03/22/2026 12:54:28.040,17.71846931,0.674213543,17.908018271467995,0.6917255883393234,0.21593930868687986,0.2784389656499067,True
2353,1696,67.84,03/22/2026 12:54:28.080,17.8938997,0.674213543,17.935073666639706,0.6858431109739409,0.07642909800573885,0.12176779967087081,True
2354,1697,67.88,03/22/2026 12:54:28.120,17.8938997,0.674213543,17.962093372532127,0.6807449662365327,-0.0019248805515895279,0.03870700636041685,True
2355,1698,67.92,03/22/2026 12:54:28.160,17.8938997,0.674213543,17.9890643695612,0.6770835908804081,-0.03635812655682579,0.008063122884355418,True
2356,1699,67.96000000000001,03/22/2026 12:54:28.200,17.8938997,0.674213543,18.0159870157664,0.6748425369807255,-0.04390883010551148,0.0014297078986627877,True
2357,1700,68.0,03/22/2026 12:54:28.240,17.8938997,0.674213543,18.042867548497007,0.673711386840766,-0.03789140737658061,0.0018238373734887053,True
2358,1701,68.04,03/22/2026 12:54:28.280,17.8938997,0.674213543,18.069713494927015,0.6733152270834782,-0.027122809780388807,0.0029498148425133475,True
2359,1702,68.08,03/22/2026 12:54:28.320,18.06933009,0.674213543,18.096661441847647,0.6733313798883492,-0.016541554216470886,0.0007534824675920835,True
2360,1703,68.12,03/22/2026 12:54:28.360,18.42019087,0.674213543,18.123845915189424,0.6735284825610981,-0.008310733945444876,0.0067468981302415375,True
2361,1704,68.16,03/22/2026 12:54:28.400,18.42019087,0.674213543,18.151009424617733,0.6737624238219025,-0.002887451481292171,0.005401060533260696,True
2362,1705,68.2,03/22/2026 12:54:28.440,18.42019087,0.674213543,18.178153407446732,0.6739628038003245,0.00013089554530894753,0.004274917389218045,True
2363,1706,68.24,03/22/2026 12:54:28.480,18.42019087,0.674213543,18.20527837587269,0.674105474988279,0.0014365832605024358,0.003336125410871172,True
2364,1707,68.28,03/22/2026 12:54:28.520,18.42019087,0.674213543,18.232384327553596,0.6741920133385467,0.001702982643216511,0.0025399210400555033,True
2365,1708,68.32000000000001,03/22/2026 12:54:28.560,18.59562126,0.674213543,18.25960084916521,0.674236010000271,0.0014480130887304958,0.008129666141914288,True
2366,1709,68.36,03/22/2026 12:54:28.600,18.59562126,0.674213543,18.286797730011763,0.6742508998940895,0.0010132469534128675,0.006867744359013505,True
2367,1710,68.4,03/22/2026 12:54:28.640,18.59562126,0.674213543,18.313974740037512,0.6742496464365721,0.000592340924421756,0.005712304818895437,True
2368,1711,68.44,03/22/2026 12:54:28.680,18.42019087,0.674213543,18.341002049611777,0.6742405487965025,0.00027180680721220103,0.00045212614140917215,True
2369,1712,68.48,03/22/2026 12:54:28.720,18.42019087,0.674213543,18.368009380782862,0.674230660146455,6.872802108942613e-05,0.00019629909976166013,True
2370,1713,68.52,03/22/2026 12:54:28.760,18.42019087,0.674213543,18.394996711743758,0.6742225092901315,-3.7741158798345475e-05,4.577060019158643e-05,True
2371,1714,68.56,03/22/2026 12:54:28.800,18.42019087,0.674213543,18.421964056119396,0.6742168500505797,-7.748932767478694e-05,2.3626643400841603e-07,True
2372,1715,68.60000000000001,03/22/2026 12:54:28.840,18.42019087,0.674213543,18.448911446472657,0.6742134859767214,-7.80484528344456e-05,5.938904472123883e-05,True
2373,1716,68.64,03/22/2026 12:54:28.880,18.42019087,0.674213543,18.475838922913105,0.6742118399159586,-6.002697424888153e-05,0.00022295813084327286,True
2374,1717,68.68,03/22/2026 12:54:28.920,18.59562126,0.674213543,18.502875929586253,0.67421219982798,-3.989977224715879e-05,0.0006193069612260342,True
2375,1718,68.72,03/22/2026 12:54:28.960,18.59562126,0.674213543,18.52989297283985,0.6742125775087449,-2.5472672697930477e-05,0.00031104728789791493,True
2376,1719,68.76,03/22/2026 12:54:29.000,18.59562126,0.674213543,18.55689008349903,0.6742128617930666,-1.5624425534899728e-05,0.00010800496675006264,True
2377,1720,68.8,03/22/2026 12:54:29.040,18.77105165,0.674213543,18.58399655907426,0.6742139344469685,-1.2223546443487628e-05,0.0025191761628492984,True
2378,1721,68.84,03/22/2026 12:54:29.080,18.77105165,0.674213543,18.61108303066169,0.6742143311970539,-1.4754531376579636e-05,0.001842421119470246,True
2379,1722,68.88,03/22/2026 12:54:29.120,18.94648204,0.674213543,18.638278700353574,0.6742152331835529,-2.1689436252337008e-05,0.006839020100945966,True
2380,1723,68.92,03/22/2026 12:54:29.160,18.94648204,0.674213543,18.665454285271913,0.6742153696982716,-3.143827906518911e-05,0.005686139691147134,True
2381,1724,68.96000000000001,03/22/2026 12:54:29.200,18.94648204,0.674213543,18.692609806651763,0.674215115822523,-3.93170604165412e-05,0.0046403355950574605,True
2382,1725,69.0,03/22/2026 12:54:29.240,18.94648204,0.674213543,18.71974528815984,0.6742147216963456,-4.364246465668481e-05,0.0037013717766437087,True
2383,1726,69.04,03/22/2026 12:54:29.280,18.94648204,0.674213543,18.74686075557483,0.6742143285124103,-4.4424926133238445e-05,0.0028690126115987267,True
2384,1727,69.08,03/22/2026 12:54:29.320,18.94648204,0.842766929,18.7788240707935,0.7678049200013437,0.8992079364691913,5.056152462106176,True
2385,1728,69.12,03/22/2026 12:54:29.360,18.94648204,0.842766929,18.811481878417194,0.8254255748425552,1.1072408597208285,0.2718044726768582,True
2386,1729,69.16,03/22/2026 12:54:29.400,18.94648204,0.842766929,18.84468068947534,0.8547524374072882,0.9634669722843793,0.12993598032775863,True
2387,1730,69.2,03/22/2026 12:54:29.440,18.94648204,0.842766929,18.878231500208983,0.8652374128458313,0.6939137491406756,0.45444937861147544,True
2388,1731,69.24,03/22/2026 12:54:29.480,18.94648204,0.842766929,18.91196985371813,0.8651050814118494,0.42594651501862235,0.44887380597196697,True
2389,1732,69.28,03/22/2026 12:54:29.520,19.12191243,1.011320315,18.950773887347534,0.9538708546354273,1.1151182963423296,2.970622810250151,True
2390,1733,69.32000000000001,03/22/2026 12:54:29.560,19.12191243,1.011320315,18.990288672220668,1.0056084341453357,1.1836437806750193,0.030597883873095366,True
2391,1734,69.36,03/22/2026 12:54:29.600,19.12191243,1.011320315,19.030323864712273,1.0298370402601489,0.9615209002225332,0.3089651961062423,True
2392,1735,69.4,03/22/2026 12:54:29.640,19.12191243,1.011320315,19.07067742382593,1.0366607841902786,0.6575385640361096,0.5777181798231837,True
2393,1736,69.44,03/22/2026 12:54:29.680,19.12191243,1.011320315,19.111185231630326,1.0342876411168658,0.3820227255374396,0.47443870317359693,True
2394,1737,69.48,03/22/2026 12:54:29.720,19.12191243,1.011320315,19.151735068491664,1.0283306815867783,0.17796488549581319,0.2603130060390438,True
2395,1738,69.52,03/22/2026 12:54:29.760,19.12191243,1.011320315,19.192261753080867,1.0220510648267156,0.04923564468240435,0.10392858908038932,True
2396,1739,69.56,03/22/2026 12:54:29.800,19.12191243,1.011320315,19.23273494274438,1.016968015523824,-0.01851903127887189,0.02957788837757095,True
2397,1740,69.60000000000001,03/22/2026 12:54:29.840,19.12191243,1.179873701,19.278014118689985,1.1070927623388014,0.8545551720339455,4.765838099311965,True
2398,1741,69.64,03/22/2026 12:54:29.880,19.29734281,1.179873701,19.324077453613665,1.1627071605244874,1.0604840277700371,0.26509199042848797,True
2399,1742,69.68,03/22/2026 12:54:29.920,19.29734281,1.179873701,19.370650636626873,1.1911042603788942,0.9257589378952059,0.11383208681149497,True
2400,1743,69.72,03/22/2026 12:54:29.960,19.29734281,1.179873701,19.417552663768923,1.201336638213631,0.66828409814779,0.4153808666852818,True
2401,1744,69.76,03/22/2026 12:54:30.000,19.4727732,1.179873701,19.464753744639566,1.2013076780869556,0.4111622146791979,0.41320204517967324,True
2402,1745,69.8,03/22/2026 12:54:30.040,19.4727732,1.179873701,19.51201149943062,1.1967204568358925,0.20906664351265986,0.2553791234029493,True
2403,1746,69.84,03/22/2026 12:54:30.080,19.4727732,1.179873701,19.559255778198256,1.1910848905943139,0.07457334355114772,0.11359406046345114,True
2404,1747,69.88,03/22/2026 12:54:30.120,19.4727732,1.348427087,19.611318786289697,1.2797766222088214,0.8980990957335374,4.2400715636341095,True
2405,1748,69.92,03/22/2026 12:54:30.160,19.4727732,1.348427087,19.664034473288563,1.3338713074425834,1.0727021127660405,0.19316460371422914,True
2406,1749,69.96000000000001,03/22/2026 12:54:30.200,19.4727732,1.348427087,19.71724956723436,1.361035221382553,0.9214442088440434,0.14730546610622594,True
2407,1750,70.0,03/22/2026 12:54:30.240,19.4727732,1.348427087,19.770780989207587,1.3704250054288247,0.6575440327050897,0.4416833904736085,True
2408,1751,70.04,03/22/2026 12:54:30.280,19.4727732,1.348427087,19.824471485400757,1.369906060269996,0.3998668046316062,0.4239117969172415,True
2409,1752,70.08,03/22/2026 12:54:30.320,19.4727732,1.348427087,19.87820885771457,1.3650910100147156,0.19994864773059792,0.2616495385125639,True
2410,1753,70.12,03/22/2026 12:54:30.360,19.4727732,1.348427087,19.93192490126784,1.35939282078354,0.06838370803304411,0.12337621912867089,True
2411,1754,70.16,03/22/2026 12:54:30.400,19.64820359,1.516980473,19.990581182205926,1.4481096734652341,0.8945437757647026,4.2742502398905735,True
2412,1755,70.2,03/22/2026 12:54:30.440,19.82363398,1.516980473,20.05001256260725,1.5022632714866588,1.0710816924596913,0.1984653622454784,True
2413,1756,70.24,03/22/2026 12:54:30.480,19.82363398,1.516980473,20.10993852635215,1.5294877725117266,0.9210315943935852,0.14663082781788475,True
2414,1757,70.28,03/22/2026 12:54:30.520,19.99906437,1.516980473,20.170303932045545,1.5389268648496734,0.6577550187238497,0.435337905874192,True
2415,1758,70.32000000000001,03/22/2026 12:54:30.560,19.99906437,1.516980473,20.230823825711404,1.5384409071656147,0.4003053774125274,0.418133369147946,True
2416,1759,70.36,03/22/2026 12:54:30.600,19.99906437,1.516980473,20.291385975490112,1.5336445409622959,0.20039037778826327,0.255953779774342,True
2417,1760,70.4,03/22/2026 12:54:30.640,20.17449476,1.516980473,20.35204963080174,1.5279555932569797,0.06872502640773409,0.11062386914239053,True
2418,1761,70.44,03/22/2026 12:54:30.680,20.17449476,1.685533858,20.417520858836966,1.616673821821728,0.8947602771459784,4.268793510831639,True
2419,1762,70.48,03/22/2026 12:54:30.720,20.34992515,1.685533858,20.483762076056806,1.670825775909376,1.0711928027051238,0.19583673638060345,True
2420,1763,70.52,03/22/2026 12:54:30.760,20.34992515,1.685533858,20.550493029855108,1.6980476355711518,0.9210687048002637,0.14376122381744869,True
2421,1764,70.56,03/22/2026 12:54:30.800,20.34992515,1.685533858,20.617530909209272,1.7074832901479142,0.6577514867080034,0.43852246204097817,True
2422,1765,70.60000000000001,03/22/2026 12:54:30.840,20.52535554,1.685533858,20.684845851106054,1.706995957147295,0.40028500035381653,0.4161474016378478,True
2423,1766,70.64,03/22/2026 12:54:30.880,20.52535554,1.685533858,20.752198193930145,1.702198644322165,0.20036421748802818,0.2535176104834317,True
2424,1767,70.68,03/22/2026 12:54:30.920,20.52535554,1.685533858,20.819519667622696,1.6965082261975442,0.06870284068573962,0.1145813092705458,True
2425,1768,70.72,03/22/2026 12:54:30.960,20.52535554,1.685533858,20.88677613528202,1.6916349163629578,-0.004501167485344709,0.04290357175889965,True
2426,1769,70.76,03/22/2026 12:54:31.000,20.87621632,1.685533858,20.954210236956158,1.6881667635316067,-0.03608890769895151,0.006674707163768941,True
2427,1770,70.8,03/22/2026 12:54:31.040,20.87621632,1.685533858,21.02156827253851,1.6860620536478566,-0.04243143987861286,0.0017727362246768956,True
2428,1771,70.84,03/22/2026 12:54:31.080,20.87621632,1.685533858,21.088856468643524,1.685012823990665,-0.0361903136831543,0.00349853255892811,True
2429,1772,70.88,03/22/2026 12:54:31.120,20.87621632,1.685533858,21.15608213660512,1.6846568672453637,-0.025682036060971854,0.006328597360304992,True
2430,1773,70.92,03/22/2026 12:54:31.160,20.87621632,1.685533858,21.223251524151323,1.684685147938786,-0.015515921213614671,0.00931592891476894,True
2431,1774,70.96000000000001,03/22/2026 12:54:31.200,20.87621632,1.685533858,21.290369086903578,1.6848782277359489,-0.007668898797145916,0.012733159250334138,True
2432,1775,71.0,03/22/2026 12:54:31.240,20.87621632,1.685533858,21.35743754679433,1.685103344817956,-0.0025252863104594826,0.01683735629239161,True
2433,1776,71.04,03/22/2026 12:54:31.280,21.05164671,1.685533858,21.42458514600079,1.685295529093686,0.00031756821371602866,0.010063801273258456,True
2434,1777,71.08,03/22/2026 12:54:31.320,21.05164671,1.685533858,21.491685412765566,1.6854312255830766,0.0015297018716398608,0.013950093782753095,True
2435,1778,71.12,03/22/2026 12:54:31.360,21.05164671,1.685533858,21.558738366427928,1.6855127900636162,0.0017604849047488983,0.018513705135012725,True
2436,1779,71.16,03/22/2026 12:54:31.400,21.57793787,1.685533858,21.626124024316074,1.685555556087592,0.0014981087888126965,0.0001676030215312061,True
2437,1780,71.2,03/22/2026 12:54:31.440,21.57793787,1.685533858,21.693461596234496,1.6855695582482388,0.0010648480686870885,0.0009620347935844256,True
2438,1781,71.24,03/22/2026 12:54:31.480,21.57793787,1.685533858,21.760750890199727,1.6855677282491524,0.0006506276061279362,0.0024072653678670693,True
2439,1782,71.28,03/22/2026 12:54:31.520,21.57793787,1.685533858,21.82799179011372,1.685559196024928,0.00033584946964794064,0.004502375749856701,True
2440,1783,71.32000000000001,03/22/2026 12:54:31.560,21.57793787,1.685533858,21.89518425251202,1.6855494523440313,0.00013504840926175908,0.007246396967499756,True
2441,1784,71.36,03/22/2026 12:54:31.600,21.75336826,1.685533858,21.962454819003277,1.6855421090074403,2.7019505436615433e-05,0.0031475720994206466,True
2442,1785,71.4,03/22/2026 12:54:31.640,21.75336826,1.685533858,22.0296768878149,1.6855365719050877,-1.7495763438319298e-05,0.005496707794031091,True
2443,1786,71.44,03/22/2026 12:54:31.680,21.75336826,1.685533858,22.09685052251919,1.6855329682415041,-2.1688848673799147e-05,0.00849417296211869,True
2444,1787,71.48,03/22/2026 12:54:31.720,21.92879865,1.685533858,22.16410220337506,1.6855318532920633,-7.82477489057865e-06,0.0039862943451146595,True
2445,1788,71.52,03/22/2026 12:54:31.760,21.92879865,1.685533858,22.23130547853977,1.6855312547281447,1.0310994067571317e-05,0.006588440979686097,True
2446,1789,71.56,03/22/2026 12:54:31.800,21.92879865,1.685533858,22.298460418106067,1.6855309620646077,2.9050971420552127e-05,0.009838326741302366,True
2447,1790,71.60000000000001,03/22/2026 12:54:31.840,21.92879865,1.685533858,22.365567090986083,1.685530816446796,4.663328963917916e-05,0.013734553613410637,True
2448,1791,71.64,03/22/2026 12:54:31.880,22.27965943,1.685533858,22.43287805479999,1.6855325384225457,5.583136169542387e-05,0.0016901883894338747,True
2449,1792,71.68,03/22/2026 12:54:31.920,22.45508982,1.685533858,22.500266850848273,1.6855340295084795,5.1818597964024146e-05,0.0001469425724889376,True
2450,1793,71.72,03/22/2026 12:54:31.960,22.45508982,1.685533858,22.567607211262814,1.6855342712184735,4.19916667986165e-05,0.0009114890724761933,True
2451,1794,71.76,03/22/2026 12:54:32.000,22.45508982,1.516980473,22.63003130100277,1.5919429335338868,-0.8992161011016908,5.056398075903733,True
2452,1795,71.8,03/22/2026 12:54:32.040,22.45508982,1.516980473,22.691692507082863,1.5343213545787253,-1.1072477524347002,0.27452447052567763,True
2453,1796,71.84,03/22/2026 12:54:32.080,22.45508982,1.516980473,22.75274440835854,1.5049936137135411,-0.9634661364027381,0.13557577097439813,True
2454,1797,71.88,03/22/2026 12:54:32.120,22.63052021,1.516980473,22.81350210441639,1.4945088068369277,-0.6939036957349184,0.45654830000025454,True
2455,1798,71.92,03/22/2026 12:54:32.160,22.63052021,1.516980473,22.87400402316087,1.494640887330678,-0.4259283127712662,0.45307025794141004,True
2456,1799,71.96000000000001,03/22/2026 12:54:32.200,22.63052021,1.516980473,22.934368690874084,1.499466490323781,-0.2158435303394403,0.2824793800497224,True
2457,1800,72.0,03/22/2026 12:54:32.240,22.63052021,1.516980473,22.994668885723705,1.5053496403155069,-0.07633569135237228,0.13117515717205,True
2458,1801,72.04,03/22/2026 12:54:32.280,22.98138099,1.516980473,23.05519320835682,1.510449410782612,0.002007809874444988,0.03875152752525215,True
2459,1802,72.08,03/22/2026 12:54:32.320,23.15681138,1.348427087,23.11096074044508,1.4205208581833293,-0.8628278968684673,4.67477204668944,True
2460,1803,72.12,03/22/2026 12:54:32.360,23.15681138,1.348427087,23.16599859702811,1.3651406613750061,-1.0633245209790427,0.2512496257752875,True
2461,1804,72.16,03/22/2026 12:54:32.400,23.15681138,1.348427087,23.220454131520047,1.3369438323163627,-0.9255740229849879,0.11888452547215501,True
2462,1805,72.2,03/22/2026 12:54:32.440,23.15681138,1.348427087,23.274508928009986,1.3268538189317154,-0.6667859503293034,0.41956051099640485,True
2463,1806,72.24,03/22/2026 12:54:32.480,23.15681138,1.348427087,23.328321054568974,1.326969842959607,-0.40939203227260845,0.4161799812874522,True
2464,1807,72.28,03/22/2026 12:54:32.520,23.15681138,1.348427087,23.382004399374868,1.3316000996856716,-0.2075450495351476,0.25827901721591223,True
2465,1808,72.32000000000001,03/22/2026 12:54:32.560,23.15681138,1.348427087,23.43562890881202,1.3372498588981456,-0.0734749628773913,0.11793045246012021,True
2466,1809,72.36,03/22/2026 12:54:32.600,23.33224177,1.348427087,23.48935559734548,1.3421482191029044,0.001839607075423244,0.037226168196208866,True
2467,1810,72.4,03/22/2026 12:54:32.640,23.33224177,1.348427087,23.543071420893668,1.3456662529812926,0.034949478118718416,0.010050155819795703,True
2468,1811,72.44,03/22/2026 12:54:32.680,23.33224177,1.348427087,23.596776118265343,1.3478195957537655,0.04222550061767483,0.005368604187310421,True
2469,1812,72.48,03/22/2026 12:54:32.720,23.33224177,1.348427087,23.650463777184513,1.348906431965245,0.036461500033531144,0.007498803434281611,True
2470,1813,72.52,03/22/2026 12:54:32.760,23.33224177,1.179873701,23.699259341203252,1.2556960521948553,-0.8731201639000227,5.1806453194878275,True
2471,1814,72.56,03/22/2026 12:54:32.800,23.33224177,1.179873701,23.747309958065554,1.198060319010837,-1.091305002975514,0.30995412836712255,True
2472,1815,72.60000000000001,03/22/2026 12:54:32.840,23.50767216,1.179873701,23.79489003524795,1.1685466439832786,-0.9554379304634153,0.12130409414707251,True
2473,1816,72.64,03/22/2026 12:54:32.880,23.50767216,1.179873701,23.84206053074543,1.1578375068676188,-0.691105970046793,0.44472538974998943,True
2474,1817,72.68,03/22/2026 12:54:32.920,23.68310254,1.179873701,23.889109824420526,1.157777752416887,-0.4260516381107385,0.4421286815823781,True
2475,1818,72.72,03/22/2026 12:54:32.960,23.85853293,1.179873701,23.936155800425425,1.162467055553582,-0.21724468283661327,0.2729320962681422,True
2476,1819,72.76,03/22/2026 12:54:33.000,23.85853293,1.179873701,23.983145952598555,1.1682669246944992,-0.07801505687693938,0.12226940639353492,True
2477,1820,72.8,03/22/2026 12:54:33.040,23.85853293,1.011320315,24.02524950504138,1.0797320330113416,-0.898690012387352,4.211454991047597,True
2478,1821,72.84,03/22/2026 12:54:33.080,24.03396332,1.011320315,24.06675818995288,1.0257582374366385,-1.0718889119594297,0.18756541005179753,True
2479,1822,72.88,03/22/2026 12:54:33.120,24.20939371,1.011320315,24.107825321438106,0.9986734884826198,-0.9201730426497583,0.144607056987453,True
2480,1823,72.92,03/22/2026 12:54:33.160,24.20939371,1.011320315,24.14850879792636,0.9893265695467479,-0.6563331893054909,0.4353424082105546,True
2481,1824,72.96000000000001,03/22/2026 12:54:33.200,24.20939371,1.011320315,24.188965747686485,0.9898630160183174,-0.39893030487919284,0.41413284175251286,True
2482,1825,73.0,03/22/2026 12:54:33.240,24.20939371,1.011320315,24.22930825626069,0.9946804802955539,-0.19931952223538452,0.24905551620027494,True
2483,1826,73.04,03/22/2026 12:54:33.280,24.20939371,1.011320315,24.269604465491437,1.0003737863766076,-0.06800744751162213,0.10802700876524948,True
2484,1827,73.08,03/22/2026 12:54:33.320,24.20939371,1.011320315,24.30988844005795,1.0052416076371005,0.004908445031015743,0.03395490124657468,True
2485,1828,73.12,03/22/2026 12:54:33.360,24.20939371,0.842766929,24.34530391301001,0.9151125368116181,-0.8629561634716354,4.708789273156181,True
2486,1829,73.16,03/22/2026 12:54:33.400,24.20939371,0.842766929,24.38000338875526,0.8595893842876026,-1.064765910650147,0.2566486911516725,True
2487,1830,73.2,03/22/2026 12:54:33.440,24.20939371,0.842766929,24.414134228901204,0.8313057228146483,-0.9272860133819687,0.12114078060259417,True
2488,1831,73.24,03/22/2026 12:54:33.480,24.3848241,0.842766929,24.448002922742102,0.821173294555437,-0.6682512657389574,0.4196522400372906,True
2489,1832,73.28,03/22/2026 12:54:33.520,24.3848241,0.842766929,24.481643026926985,0.8212749480989322,-0.41043741109853693,0.41609384141439454,True
2490,1833,73.32000000000001,03/22/2026 12:54:33.560,24.3848241,0.674213543,24.51030074079885,0.7323154678621087,-1.1074341868956146,3.037432642491864,True
2491,1834,73.36,03/22/2026 12:54:33.600,24.3848241,0.674213543,24.53819946831871,0.6803521851223533,-1.1810800450573906,0.03559452917211772,True
2492,1835,73.4,03/22/2026 12:54:33.640,24.3848241,0.674213543,24.565528302897842,0.6559317601600443,-0.9617793930744643,0.3029213632855995,True
2493,1836,73.44,03/22/2026 12:54:33.680,24.3848241,0.674213543,24.592488911404583,0.6489721504735338,-0.6589923517455938,0.5760897743567893,True
2494,1837,73.48,03/22/2026 12:54:33.720,24.3848241,0.674213543,24.619245521378577,0.6512632551299543,-0.3836905857030859,0.47763518190644055,True
2495,1838,73.52,03/22/2026 12:54:33.760,24.3848241,0.674213543,24.64591066804108,0.6571795712287128,-0.17936216828519938,0.2658331073518417,True
2496,1839,73.56,03/22/2026 12:54:33.800,24.3848241,0.505660158,24.667681964051546,0.5698546559808402,-0.9494523312715542,3.712305214982017,True
2497,1840,73.60000000000001,03/22/2026 12:54:33.840,24.3848241,0.505660158,24.688743357761574,0.5173180630443845,-1.0893138451131543,0.12891794022446615,True
2498,1841,73.64,03/22/2026 12:54:33.880,24.3848241,0.505660158,24.70925696999753,0.49146474937618206,-0.9190396047790499,0.18877310115666196,True
2499,1842,73.68,03/22/2026 12:54:33.920,24.3848241,0.505660158,24.729408799447143,0.48299575177289417,-0.647172045951925,0.47047616249230856,True
2500,1843,73.72,03/22/2026 12:54:33.960,24.3848241,0.505660158,24.749355775249406,0.48406556131037065,-0.38813879767569576,0.4289084307059245,True
2501,1844,73.76,03/22/2026 12:54:34.000,24.56025449,0.505660158,24.769332594358158,0.4891502548104451,-0.1900948618920324,0.2482710835444534,True
2502,1845,73.8,03/22/2026 12:54:34.040,24.56025449,0.505660158,24.78928125378548,0.4949346406163168,-0.061441346759323,0.10721768070865179,True
2503,1846,73.84,03/22/2026 12:54:34.080,24.56025449,0.505660158,24.80923423078452,0.49979577964630734,0.008897026260574634,0.03538069656459986,True
2504,1847,73.88,03/22/2026 12:54:34.120,24.56025449,0.505660158,24.829202038983446,0.503208910646872,0.03829057715951771,0.010605644538886523,True
2505,1848,73.92,03/22/2026 12:54:34.160,24.73568488,0.505660158,24.849307216317893,0.5052505736351749,0.04319903828075303,0.0010799150185286778,True
2506,1849,73.96000000000001,03/22/2026 12:54:34.200,24.73568488,0.505660158,24.86941910524247,0.5062457979356664,0.03616790705243579,0.001596835521765592,True
2507,1850,74.0,03/22/2026 12:54:34.240,24.73568488,0.505660158,24.889530351377115,0.5065632284649999,0.025328005217799557,0.0024388184394664378,True
2508,1851,74.04,03/22/2026 12:54:34.280,24.73568488,0.505660158,24.909634801311228,0.5065114604893933,0.015108242496641291,0.0028316815837007557,True
2509,1852,74.08,03/22/2026 12:54:34.320,24.73568488,0.505660158,24.92972815284645,0.5063065272415215,0.007345991702256197,0.003087773767136063,True
2510,1853,74.12,03/22/2026 12:54:34.360,24.73568488,0.505660158,24.949807849120624,0.5060771934934555,0.0023339621023442704,0.003458159819878677,True
2511,1854,74.16,03/22/2026 12:54:34.400,24.73568488,0.505660158,24.969872659049788,0.5058859332826847,-0.00038457623958516353,0.0039948623678939255,True
2512,1855,74.2,03/22/2026 12:54:34.440,25.08654566,0.505660158,24.99016975289205,0.5057542288313894,-0.0015088799044065309,0.0006765921624657294,True
2513,1856,74.24,03/22/2026 12:54:34.480,25.08654566,0.505660158,25.010451449655346,0.505675548245885,-0.0016902081610781791,0.0004170801903154372,True
2514,1857,74.28,03/22/2026 12:54:34.520,25.26197605,0.505660158,25.03084172018303,0.5056381360112355,-0.0014160288059320014,0.003846708714642058,True
2515,1858,74.32000000000001,03/22/2026 12:54:34.560,24.91111527,0.505660158,25.05096973234526,0.5056244463601443,-0.0009936843686018785,0.0014092808528018942,True
2516,1859,74.36,03/22/2026 12:54:34.600,24.91111527,0.674213543,25.075951224563127,0.5992166873759556,0.8986623065354442,5.060551613934565,True
2517,1860,74.4,03/22/2026 12:54:34.640,24.91111527,0.674213543,25.101633106109535,0.6568452924999831,1.1070037897245706,0.2738923517483382,True
2518,1861,74.44,03/22/2026 12:54:34.680,24.91111527,0.674213543,25.12786198083409,0.6861812162650359,0.9634300658150445,0.13222354995400987,True
2519,1862,74.48,03/22/2026 12:54:34.720,24.91111527,0.674213543,25.15444888493526,0.6966738186130818,0.6939858152943272,0.4580298679762267,True
2520,1863,74.52,03/22/2026 12:54:34.760,24.91111527,0.674213543,25.18122936711366,0.6965468539208151,0.42606347562715613,0.45391005417676517,True
2521,1864,74.56,03/22/2026 12:54:34.800,24.91111527,0.674213543,25.20808497754091,0.6917240163591487,0.2159947874024249,0.2821695728361432,True
2522,1865,74.60000000000001,03/22/2026 12:54:34.840,24.91111527,0.674213543,25.234943007944157,0.6858419295082384,0.07648651692315994,0.12920151981106748,True
2523,1866,74.64,03/22/2026 12:54:34.880,24.91111527,0.674213543,25.26176661455702,0.680743993984831,-0.0018680224766954162,0.04723030929318771,True
2524,1867,74.68,03/22/2026 12:54:34.920,24.91111527,0.842766929,25.29341071440917,0.7706736238339603,0.8629475330638916,4.684855571631771,True
2525,1868,74.72,03/22/2026 12:54:34.960,24.91111527,0.842766929,25.325722383445626,0.8260534871954809,1.0634242254900217,0.26354927505513004,True
2526,1869,74.76,03/22/2026 12:54:35.000,24.91111527,0.842766929,25.35855433484771,0.8542493596417302,0.9256614935228251,0.1330443646814968,True
2527,1870,74.8,03/22/2026 12:54:35.040,24.91111527,0.842766929,25.391725057026076,0.8643382765286903,0.6668705653596658,0.4352392302641007,True
2528,1871,74.84,03/22/2026 12:54:35.080,24.91111527,0.842766929,25.425076558998146,0.8642212609514669,0.4094819139849598,0.43310531370358374,True
2529,1872,74.88,03/22/2026 12:54:35.120,25.26197605,0.842766929,25.45874133798902,0.8595920267250667,0.2076393363956432,0.2574245555340276,True
2530,1873,74.92,03/22/2026 12:54:35.160,25.43740644,0.842766929,25.492526118348554,0.8539432581747158,0.07356558021147469,0.11256907622587423,True
2531,1874,74.96000000000001,03/22/2026 12:54:35.200,25.43740644,0.842766929,25.526272257581567,0.8490457305009871,-0.0017588393155722193,0.036031205047088954,True
2532,1875,75.0,03/22/2026 12:54:35.240,25.43740644,0.842766929,25.55996722622382,0.8455274372831161,-0.03487923203739057,0.007938422499866425,True
2533,1876,75.04,03/22/2026 12:54:35.280,25.43740644,0.842766929,25.59361135542872,0.8433733379383284,-0.04216048081982291,0.0020883075885715025,True
2534,1877,75.08,03/22/2026 12:54:35.320,25.43740644,0.842766929,25.627210631735952,0.8422856185399373,-0.03639488956853002,0.0028011760801989485,True
2535,1878,75.12,03/22/2026 12:54:35.360,25.43740644,1.011320315,25.665640235988437,0.9354951804048829,0.8731944015540376,5.174655173905987,True
2536,1879,75.16,03/22/2026 12:54:35.400,25.43740644,1.011320315,25.704753146803984,0.993130232424613,1.0913912666748766,0.3026936021996599,True
2537,1880,75.2,03/22/2026 12:54:35.440,25.43740644,1.011320315,25.744400328676825,1.0226442769496111,0.95553560535247,0.12214991068138971,True
2538,1881,75.24,03/22/2026 12:54:35.480,25.43740644,1.011320315,25.784395496287743,1.0333533282914076,0.6912123125853868,0.4453577288981794,True
2539,1882,75.28,03/22/2026 12:54:35.520,25.43740644,1.011320315,25.824575559550425,1.0334136572779897,0.4261635737010182,0.4498842714365571,True
2540,1883,75.32000000000001,03/22/2026 12:54:35.560,25.61283683,1.011320315,25.864945315352237,1.0287260785993477,0.21735292666151354,0.27710027095606055,True
2541,1884,75.36,03/22/2026 12:54:35.600,25.61283683,1.011320315,25.905309183132104,1.0229264566351284,0.07811286316505703,0.12734190703998677,True
2542,1885,75.4,03/22/2026 12:54:35.640,25.61283683,1.011320315,25.94563009666387,1.017869897682643,-0.0004704071854969849,0.04657561179792572,True
2543,1886,75.44,03/22/2026 12:54:35.680,25.61283683,1.011320315,25.985894762460376,1.0142228690794346,-0.035305623900621794,0.017607147026817094,True
2544,1887,75.48,03/22/2026 12:54:35.720,25.9636976,1.011320315,26.026348539935682,1.0119827983619512,-0.0432554931918879,0.0006777123126653768,True
2545,1888,75.52,03/22/2026 12:54:35.760,26.13912799,1.011320315,26.066874628719322,1.0108458254730472,-0.03756038449021821,0.0005786661205429275,True
2546,1889,75.56,03/22/2026 12:54:35.800,26.13912799,1.011320315,26.107357756653172,1.010441271381153,-0.027013992380876893,0.0007679129120733148,True
2547,1890,75.60000000000001,03/22/2026 12:54:35.840,26.13912799,1.011320315,26.147804367393576,1.0104487558429383,-0.016559134411915567,0.0006885484863718993,True
2548,1891,75.64,03/22/2026 12:54:35.880,26.13912799,1.011320315,26.188219105237422,1.010637862157244,-0.00837454698975181,0.0005920794508396639,True
2549,1892,75.68,03/22/2026 12:54:35.920,26.31455838,1.011320315,26.228727272836046,1.0108682672075069,-0.002948061980191297,0.0007145390880268336,True
2550,1893,75.72,03/22/2026 12:54:35.960,26.31455838,1.011320315,26.269207783386904,1.0110670621396944,9.192486632637626e-05,0.0002058628491197997,True
2551,1894,75.76,03/22/2026 12:54:36.000,26.31455838,1.011320315,26.30966117085195,1.0112093440762258,0.0014233452590296522,1.2807438510821312e-05,True
2552,1895,75.8,03/22/2026 12:54:36.040,26.31455838,1.011320315,26.350087451363322,1.0112960978452639,0.0017123168967008177,9.13998021006799e-05,True
2553,1896,75.84,03/22/2026 12:54:36.080,26.31455838,1.011320315,26.3904864149156,1.0113396114088877,0.0014775509556871134,0.00041540453006508804,True
2554,1897,75.88,03/22/2026 12:54:36.120,26.31455838,1.011320315,26.43085780333574,1.0113545773823467,0.001061505845459815,0.000974865219369095,True
2555,1898,75.92,03/22/2026 12:54:36.160,26.31455838,1.011320315,26.471201399696668,1.0113536223597213,0.0006551712200447437,0.0017675896358178825,True
2556,1899,75.96000000000001,03/22/2026 12:54:36.200,26.31455838,1.011320315,26.511517059265078,1.0113457595235682,0.00034141450024708226,0.002793509297765432,True
2557,1900,76.0,03/22/2026 12:54:36.240,26.31455838,1.011320315,26.551804707842837,1.0113364715758415,0.00013733255567164432,0.004052564777242993,True
2558,1901,76.04,03/22/2026 12:54:36.280,26.48998877,1.011320315,26.59218645470826,1.0113294123251,2.3778062730405426e-05,0.0007520245242263463,True
2559,1902,76.08,03/22/2026 12:54:36.320,26.48998877,1.011320315,26.63254007937586,1.011324042938873,-2.7111618689294293e-05,0.0014630170970387501,True
2560,1903,76.12,03/22/2026 12:54:36.360,26.48998877,1.179873701,26.677733580862014,1.104911461153012,0.8992126368559246,5.056448360848624,True
2561,1904,76.16,03/22/2026 12:54:36.400,26.66541916,1.179873701,26.723735774256046,1.1625313228882608,1.107249476237049,0.2707377480511806,True
2562,1905,76.2,03/22/2026 12:54:36.440,26.66541916,1.179873701,26.770271052397437,1.1918578330701806,0.9634831551955836,0.12997482394862406,True
2563,1906,76.24,03/22/2026 12:54:36.480,26.66541916,1.179873701,26.817150421024014,1.2023427171110244,0.6939380182743566,0.4557583908989258,True
2564,1907,76.28,03/22/2026 12:54:36.520,26.66541916,1.179873701,26.864209431846238,1.2022104196384664,0.4259778867348076,0.45162422955914094,True
2565,1908,76.32000000000001,03/22/2026 12:54:36.560,26.84084955,1.179873701,26.91145154360098,1.1973853440204458,0.21590496432777148,0.2761788688907404,True
2566,1909,76.36,03/22/2026 12:54:36.600,26.84084955,1.179873701,26.958682080532952,1.1915020805921317,0.07640569226696167,0.12262882940354372,True
2567,1910,76.4,03/22/2026 12:54:36.640,26.84084955,1.179873701,27.005864222845325,1.1864036760488408,-0.0019351033757480929,0.0403214924195929,True
2568,1911,76.44,03/22/2026 12:54:36.680,26.84084955,1.179873701,27.052984967933657,1.1827423149254772,-0.036356208993052204,0.010646687565205764,True
2569,1912,76.48,03/22/2026 12:54:36.720,26.84084955,1.179873701,27.10004468916896,1.1805013786542597,-0.043897054467513595,0.005192628127706842,True
2570,1913,76.52,03/22/2026 12:54:36.760,26.84084955,1.179873701,27.14704963776158,1.1793703515913334,-0.03787212079073241,0.00697655167032223,True
2571,1914,76.56,03/22/2026 12:54:36.800,26.84084955,1.011320315,27.189139379292037,1.0853833545237208,-0.9263482502199978,4.942493790874771,True
2572,1915,76.60000000000001,03/22/2026 12:54:36.840,26.84084955,1.011320315,27.230473671080123,1.0277777224964622,-1.1237883577684742,0.2545888776165441,True
2573,1916,76.64,03/22/2026 12:54:36.880,27.19171033,1.011320315,27.27145393686132,0.9986474213890066,-0.971767634332728,0.14489430780104876,True
2574,1917,76.68,03/22/2026 12:54:36.920,27.19171033,1.011320315,27.31202863447572,0.9883961873075147,-0.6967747473330519,0.47366615355666414,True
2575,1918,76.72,03/22/2026 12:54:36.960,27.36714072,1.011320315,27.35248525018901,0.9887297685724092,-0.4257776636694418,0.45901279592633787,True
2576,1919,76.76,03/22/2026 12:54:37.000,27.36714072,1.011320315,27.392821121806737,0.9936988459936541,-0.214391434343433,0.27932205553681705,True
2577,1920,76.8,03/22/2026 12:54:37.040,27.36714072,1.011320315,27.433108971527606,0.999669061060066,-0.07462571574276475,0.12240146240898446,True
2578,1921,76.84,03/22/2026 12:54:37.080,27.19171033,1.011320315,27.473263987714535,1.0048095105431745,0.003465783071086373,0.04381621182307307,True
2579,1922,76.88,03/22/2026 12:54:37.120,27.19171033,1.011320315,27.513420497625148,1.0084846821606583,0.03746814392117233,0.01467465170463317,True
2580,1923,76.92,03/22/2026 12:54:37.160,27.19171033,1.011320315,27.55357795012638,1.0107238578385507,0.04460759023663827,0.009745517631006794,True
2581,1924,76.96000000000001,03/22/2026 12:54:37.200,27.36714072,1.011320315,27.59385133585287,1.0118474193941622,0.03827462865977197,0.003951363561246123,True
2582,1925,77.0,03/22/2026 12:54:37.240,27.36714072,1.011320315,27.63411163045603,1.0122342420615331,0.02729959567720128,0.0058848221803483244,True
2583,1926,77.04,03/22/2026 12:54:37.280,27.36714072,1.011320315,27.674352338433643,1.0122108269475298,0.016603709185830255,0.007510568551890258,True
2584,1927,77.08,03/22/2026 12:54:37.320,27.36714072,1.011320315,27.714568839153756,1.0120099286970912,0.00831605993996172,0.009120163169038563,True
2585,1928,77.12,03/22/2026 12:54:37.360,27.36714072,1.011320315,27.754758339193593,1.0117729383110174,0.0028696107764768133,0.011002894002241238,True
2586,1929,77.16,03/22/2026 12:54:37.400,27.7180015,1.011320315,27.795161818438554,1.0115722628487265,-0.00015609769912520131,0.00048590867214666093,True
2587,1930,77.2,03/22/2026 12:54:37.440,27.7180015,1.011320315,27.835536262005242,1.0114289784139086,-0.0014647117494152137,0.0010053018871574403,True
2588,1931,77.24,03/22/2026 12:54:37.480,27.7180015,1.011320315,27.875881730835392,1.011341764643277,-0.0017288544369083183,0.001794992591314155,True
2589,1932,77.28,03/22/2026 12:54:37.520,27.7180015,1.011320315,27.91619851044982,1.0112980686206274,-0.0014705639122895111,0.0028284955285058392,True
2590,1933,77.32000000000001,03/22/2026 12:54:37.560,27.7180015,1.011320315,27.95648693263187,1.0112830207090715,-0.0010335020089967842,0.004095875524692487,True
2591,1934,77.36,03/22/2026 12:54:37.600,27.7180015,1.011320315,27.996747286235166,1.0112838941771103,-0.00060866055856057,0.005595011488385327,True
2592,1935,77.4,03/22/2026 12:54:37.640,27.7180015,1.011320315,28.036979786662638,1.0112916312679638,-0.0002783744494742437,0.007325884607581797,True
2593,1936,77.44,03/22/2026 12:54:37.680,27.7180015,1.011320315,28.077184577952288,1.0113007389289108,-5.908385415178389e-05,0.00928846029523837,True
2594,1937,77.48,03/22/2026 12:54:37.720,27.7180015,1.011320315,28.11736174891948,1.011308481714887,6.558548094317529e-05,0.011482372482982825,True
2595,1938,77.52,03/22/2026 12:54:37.760,27.7180015,1.011320315,28.157511352105864,1.0113139343551196,0.00012310736567868976,0.013907092485456601,True
2596,1939,77.56,03/22/2026 12:54:37.800,27.7180015,1.011320315,28.19763341993286,1.0113171740926117,0.00014002900057803606,0.016562074232363597,True
2597,1940,77.60000000000001,03/22/2026 12:54:37.840,28.06886228,1.011320315,28.23796960680222,1.0113205301236157,0.00013013003074118008,0.0020588445423425565,True
2598,1941,77.64,03/22/2026 12:54:37.880,28.06886228,1.011320315,28.278278094838125,1.011321637055793,0.00010520789363956546,0.003157316137283082,True
2599,1942,77.68,03/22/2026 12:54:37.920,28.06886228,1.011320315,28.31855889850357,1.011321476611441,8.046725317129908e-05,0.00448873705604636,True
2600,1943,77.72,03/22/2026 12:54:37.960,28.06886228,1.011320315,28.35881203768417,1.0113207558865824,6.26304405098014e-05,0.00605262798662256,True
2601,1944,77.76,03/22/2026 12:54:38.000,28.06886228,1.011320315,28.39903753765649,1.0113199089425926,5.3212780579800915e-05,0.007848511372850643,True
2602,1945,77.8,03/22/2026 12:54:38.040,28.06886228,1.011320315,28.439235427908745,1.0113191557808179,5.109045839170332e-05,0.00987590909381713,True
2603,1946,77.84,03/22/2026 12:54:38.080,28.06886228,1.011320315,28.47940574070276,1.0113185742522772,5.42057558526025e-05,0.012134343285573706,True
2604,1947,77.88,03/22/2026 12:54:38.120,28.41972305,1.011320315,28.519789683775112,1.0113199849550656,5.383448537434507e-05,0.000720902471334449,True
2605,1948,77.92,03/22/2026 12:54:38.160,28.41972305,1.011320315,28.560145909580672,1.0113203959677848,4.678624647052804e-05,0.0014196250040278099,True
2606,1949,77.96000000000001,03/22/2026 12:54:38.200,28.41972305,1.011320315,28.600474443338868,1.0113202437416664,3.981885965998723e-05,0.00235212926835831,True
2607,1950,78.0,03/22/2026 12:54:38.240,28.41972305,0.842766929,28.635907315339793,0.9177289214810682,-0.8992144429438682,5.057525145662632,True
2608,1951,78.04,03/22/2026 12:54:38.280,28.41972305,0.842766929,28.670597777350594,0.860107557738542,-1.1072436774707306,0.2750196529244061,True
2609,1952,78.08,03/22/2026 12:54:38.320,28.41972305,0.842766929,28.704699380118544,0.8307800956763752,-0.9634618225101986,0.1350446251539147,True
2610,1953,78.12,03/22/2026 12:54:38.360,28.41972305,0.842766929,28.73840119047771,0.8202946457633035,-0.6938978507455107,0.46144554209919947,True
2611,1954,78.16,03/22/2026 12:54:38.400,28.41972305,0.842766929,28.77186772897004,0.8204266080482069,-0.4259183483198594,0.4577365424070152,True
2612,1955,78.2,03/22/2026 12:54:38.440,28.41972305,0.842766929,28.8052174959692,0.8252523721838171,-0.21583021005217873,0.28653586544051773,True
2613,1956,78.24,03/22/2026 12:54:38.480,28.41972305,0.842766929,28.838523242275265,0.8311357938658367,-0.07632110587598437,0.13425581968682876,True
2614,1957,78.28,03/22/2026 12:54:38.520,28.59515344,0.842766929,28.871942117164572,0.8362349366388567,0.0020247698263602537,0.04387341814236263,True
2615,1958,78.32000000000001,03/22/2026 12:54:38.560,28.59515344,0.842766929,28.90536682112137,0.8398962977654449,0.03644746974123938,0.014331380533170174,True
2616,1959,78.36,03/22/2026 12:54:38.600,28.77058383,0.842766929,28.93891724319762,0.8421377552910749,0.043987759894700204,0.002395082160680701,True
2617,1960,78.4,03/22/2026 12:54:38.640,28.94601422,0.842766929,28.972587061194297,0.8432694968528543,0.03795780031326586,0.0002781269805959938,True
2618,1961,78.44,03/22/2026 12:54:38.680,28.94601422,0.842766929,29.00624852467557,0.8436653820834704,0.027177340325612608,0.0009877262738140122,True
2619,1962,78.48,03/22/2026 12:54:38.720,28.94601422,0.842766929,29.039895179991962,0.843649493107618,0.016586028594003918,0.0013358659061161612,True
2620,1963,78.52,03/22/2026 12:54:38.760,28.94601422,0.842766929,29.07352241495815,0.8434538366279377,0.008340358961974428,0.0015956988261270149,True
2621,1964,78.56,03/22/2026 12:54:38.800,28.94601422,0.842766929,29.107127426556787,0.8432199584954319,0.0028988397712827376,0.002054055368876368,True
2622,1965,78.60000000000001,03/22/2026 12:54:38.840,29.12144461,0.842766929,29.14082883027696,0.8430198777979572,-0.0001363757202441098,8.464398037127726e-05,True
2623,1966,78.64,03/22/2026 12:54:38.880,29.12144461,0.842766929,29.17450604955583,0.8428767235665372,-0.0014557688359816661,0.00021359702709482424,True
2624,1967,78.68,03/22/2026 12:54:38.920,29.296875,0.842766929,29.208279080536222,0.8427903220285471,-0.0017325578426973874,0.0005655709900911677,True
2625,1968,78.72,03/22/2026 12:54:38.960,29.296875,0.842766929,29.242028150251798,0.8427467964056915,-0.0014886734949042392,0.00021694560724402277,True
2626,1969,78.76,03/22/2026 12:54:39.000,29.296875,0.842766929,29.275753577543963,0.8427316021134832,-0.0010639777288611878,3.324698776938059e-05,True
2627,1970,78.8,03/22/2026 12:54:39.040,29.296875,0.842766929,29.309455640596692,0.8427322245829537,-0.0006482075825599516,1.2473823971345258e-05,True
2628,1971,78.84,03/22/2026 12:54:39.080,29.296875,0.842766929,29.34313454606735,0.8427397227368177,-0.00032384283910707654,0.00015471714523580634,True
2629,1972,78.88,03/22/2026 12:54:39.120,29.296875,0.842766929,29.376790430610086,0.842748652836818,-0.00010806014207552335,0.0004600744838556985,True
2630,1973,78.92,03/22/2026 12:54:39.160,29.296875,0.842766929,29.410423376480413,0.8427562882685126,1.4672358954117946e-05,0.0009283253761182854,True
2631,1974,78.96000000000001,03/22/2026 12:54:39.200,29.296875,0.842766929,29.444033430072256,0.8427616927024761,7.111873072035108e-05,0.0015590896309370258,True
2632,1975,79.0,03/22/2026 12:54:39.240,29.296875,0.842766929,29.477620617803247,0.8427649258374698,8.732689180227223e-05,0.00235196820158264,True
2633,1976,79.04,03/22/2026 12:54:39.280,29.296875,0.842766929,29.511184957430817,0.8427664776059239,8.346752504834559e-05,0.0033065902388797423,True
2634,1977,79.08,03/22/2026 12:54:39.320,29.296875,0.842766929,29.544726464921236,0.8427669247287359,7.27929622299188e-05,0.004422610331390226,True
2635,1978,79.12,03/22/2026 12:54:39.360,29.47230539,1.011320315,29.583232773948243,0.9363585918660672,0.8993096676918286,5.054780723372852,True
2636,1979,79.16,03/22/2026 12:54:39.400,29.47230539,1.011320315,29.622430997046994,0.9939794155944199,1.1073247956043306,0.27205446941748074,True
2637,1980,79.2,03/22/2026 12:54:39.440,29.47230539,1.011320315,29.662167633568952,1.0233060027163334,0.963536134453878,0.13182159537511137,True
2638,1981,79.24,03/22/2026 12:54:39.480,29.64773578,1.011320315,29.702373179886784,1.0337914701620408,0.6939695395707475,0.4543818784665936,True
2639,1982,79.28,03/22/2026 12:54:39.520,29.64773578,1.011320315,29.74276356380315,1.0336590850900087,0.42598928961259475,0.44949005251215274,True
2640,1983,79.32000000000001,03/22/2026 12:54:39.560,29.64773578,1.179873701,29.788088357618317,1.1224236570889874,1.115154589768037,2.969825285068865,True
2641,1984,79.36,03/22/2026 12:54:39.600,29.64773578,1.179873701,29.83412166625101,1.1741605531880273,1.1836815094468753,0.031847613838453324,True
2642,1985,79.4,03/22/2026 12:54:39.640,29.64773578,1.179873701,29.880673145080625,1.1983888470277302,0.961563528802059,0.312271203448764,True
2643,1986,79.44,03/22/2026 12:54:39.680,29.64773578,1.179873701,29.92754075209199,1.2052125053846987,0.6575868374615832,0.5831681875846705,True
2644,1987,79.48,03/22/2026 12:54:39.720,29.82316617,1.179873701,29.97467969111062,1.2028403021220948,0.3820726749765344,0.4760880215464443,True
2645,1988,79.52,03/22/2026 12:54:39.760,29.82316617,1.348427087,30.02672633648635,1.2904746770467603,1.077261628561762,3.0234975337203456,True
2646,1989,79.56,03/22/2026 12:54:39.800,30.17402695,1.348427087,30.079700824296918,1.34181787539775,1.1565498873299542,0.03993376833136175,True
2647,1990,79.60000000000001,03/22/2026 12:54:39.840,30.17402695,1.348427087,30.133180561120753,1.366062480006106,0.944997281790227,0.279833719638819,True
2648,1991,79.64,03/22/2026 12:54:39.880,30.17402695,1.348427087,30.18696813345328,1.3730813102576105,0.649244381848994,0.5466990987216662,True
2649,1992,79.68,03/22/2026 12:54:39.920,30.17402695,1.516980473,30.24577026933728,1.4645321796076924,1.2784115955203896,2.474431012471813,True
2650,1993,79.72,03/22/2026 12:54:39.960,30.34945734,1.516980473,30.305442111051104,1.5163972786624813,1.28540950610452,0.00044561693777986523,True
2651,1994,79.76,03/22/2026 12:54:40.000,30.52488772,1.516980473,30.365765319280204,1.539588853259282,1.0142060077970052,0.4615084552132599,True
2652,1995,79.8,03/22/2026 12:54:40.040,30.52488772,1.685533858,30.431269302645987,1.6386690782525384,1.5764004848503181,1.9760350362472958,True
2653,1996,79.84,03/22/2026 12:54:40.080,30.52488772,1.685533858,30.49762775748488,1.6927348922640424,1.4900179763645416,0.046690049729443725,True
2654,1997,79.88,03/22/2026 12:54:40.120,30.52488772,1.685533858,30.56457160113513,1.7152430661368747,1.1336242635958544,0.7939697656355222,True
2655,1998,79.92,03/22/2026 12:54:40.160,30.52488772,1.685533858,30.631846500918538,1.7189129004141825,0.7332042662144518,1.0029349570411297,True
2656,1999,79.96000000000001,03/22/2026 12:54:40.200,30.52488772,1.516980473,30.701189580348075,1.7482410710627607,0.7332042662144518,9.516207879308467,False
2657,2000,80.0,03/22/2026 12:54:40.240,30.52488772,1.516980473,30.759838026835137,1.5898293415139255,-0.8124622558355559,7.597610855590912,True
2658,2001,80.04,03/22/2026 12:54:40.280,30.70031811,1.516980473,30.82120265754751,1.5333500895022891,-1.0200110084218716,0.26527315051658007,True
2659,2002,80.08,03/22/2026 12:54:40.320,30.70031811,1.348427087,30.876993452629744,1.41181204190362,-1.77063287654298,3.656386625257879,True
2660,2003,80.12,03/22/2026 12:54:40.360,30.8757485,1.348427087,30.93222580619114,1.345117773665776,-1.7309240315910015,0.010077757829523425,True
2661,2004,80.16,03/22/2026 12:54:40.400,31.22660928,1.179873701,30.982178745741493,1.2224729981234685,-2.247497844681656,1.6401892352245313,True
2662,2005,80.2,03/22/2026 12:54:40.440,31.57747006,1.179873701,31.030932429105135,1.1589129450600266,-1.9934264006439069,0.41813780914358406,True
2663,2006,80.24,03/22/2026 12:54:40.480,31.75290045,1.011320315,31.074298385713004,1.0414232509250996,-2.3566651021085123,0.8501232781976803,True
2664,2007,80.28,03/22/2026 12:54:40.520,31.22660928,1.011320315,31.11592853765592,0.9828229388535099,-2.0139880361986435,0.7322946139340114,True
2665,2008,80.32000000000001,03/22/2026 12:54:40.560,31.22660928,1.011320315,31.156756140964657,0.9628430216019024,-1.4320773451423277,2.1150800497630438,True
2666,2009,80.36,03/22/2026 12:54:40.600,31.22660928,0.842766929,31.19235384932964,0.8706901000243051,-1.7670663405506204,0.7014319172668708,True
2667,2010,80.4,03/22/2026 12:54:40.640,31.22660928,0.674213543,31.22215008843418,0.7301582764556228,-2.438166486111356,2.815002828432959,True
2668,2011,80.44,03/22/2026 12:54:40.680,31.57747006,0.674213543,31.250829071115188,0.6557220942419397,-2.216328226301761,0.31527356694503295,True
2669,2012,80.48,03/22/2026 12:54:40.720,31.57747006,0.505660158,31.273712249026197,0.5329725916331758,-2.54396080345407,0.6774934791729452,True
2670,2013,80.52,03/22/2026 12:54:40.760,31.40203967,0.505660158,31.29522500271729,0.47255177833994977,-2.1467812791046503,0.9867525273752329,True
2671,2014,80.56,03/22/2026 12:54:40.800,31.40203967,0.505660158,31.315913625849266,0.4527458135075085,-1.512010686215017,2.5188470454364777,True
2672,2015,80.60000000000001,03/22/2026 12:54:40.840,31.40203967,0.337106772,31.33126526797688,0.36163833440498966,-1.8062895759804778,0.5416032805899696,True
2673,2016,80.64,03/22/2026 12:54:40.880,31.40203967,0.337106772,31.345704256064238,0.31588407731804646,-1.5516992063358126,0.40533305006171916,True
2674,2017,80.68,03/22/2026 12:54:40.920,31.40203967,0.168553386,31.354665038514693,0.20647337201264057,-2.0065857799968234,1.293417682793018,True
2675,2018,80.72,03/22/2026 12:54:40.960,31.40203967,0.168553386,31.36256933704457,0.14972176613155644,-1.7806797554256462,0.31907390016450227,True
2676,2019,80.76,03/22/2026 12:54:41.000,31.40203967,0.168553386,31.369758227764358,0.12850079503742762,-1.3002070251444517,1.4429165417163767,True
2677,2020,80.8,03/22/2026 12:54:41.040,31.22660928,0.0,31.37154963092389,0.034018530152149166,-1.7082999761028144,1.0424006246939659,True
2678,2021,80.84,03/22/2026 12:54:41.080,31.22660928,0.0,31.37243680214086,-0.015261331347384548,-1.5252311768342737,0.21098827137558285,True
2679,2022,80.88,03/22/2026 12:54:41.120,31.22660928,0.0,31.37271158246206,-0.03392133926177185,-1.1183167240794798,1.036393660672863,True
2680,2023,80.92,03/22/2026 12:54:41.160,31.22660928,-0.168553386,31.367766741758818,-0.12857226700399962,-1.5979367880619915,1.4391719710611959,True
2681,2024,80.96000000000001,03/22/2026 12:54:41.200,31.22660928,-0.168553386,31.361945890752246,-0.17919954383556919,-1.4702312147357288,0.10324396941099519,True
2682,2025,81.0,03/22/2026 12:54:41.240,31.40203967,-0.337106772,31.35077236615707,-0.2930336661557367,-1.9989304704633737,1.7472009563452746,True
2683,2026,81.04,03/22/2026 12:54:41.280,31.22660928,-0.337106772,31.33841350604119,-0.3530664549985523,-1.8074827716945623,0.22997121505427612,True
2684,2027,81.08,03/22/2026 12:54:41.320,31.40203967,-0.337106772,31.325447286028588,-0.376358682293032,-1.336613099155938,1.3861700407470874,True
2685,2028,81.12,03/22/2026 12:54:41.360,31.40203967,-0.505660158,31.30719586027964,-0.4719319360619479,-1.7412131251515206,1.0237708651164348,True
2686,2029,81.16,03/22/2026 12:54:41.400,31.40203967,-0.505660158,31.288040606678322,-0.5216347624242339,-1.549576657292294,0.2304691766950985,True
2687,2030,81.2,03/22/2026 12:54:41.440,31.40203967,-0.505660158,31.268278767294333,-0.5403303602538738,-1.1336667321253988,1.0824330685456316,True
2688,2031,81.24,03/22/2026 12:54:41.480,31.40203967,-0.674213543,31.243306815719215,-0.6348369853737222,-1.6060214919926898,1.3962899793642845,True
2689,2032,81.28,03/22/2026 12:54:41.520,31.40203967,-0.674213543,31.217471473725965,-0.6852707342669486,-1.4733713140582902,0.11243375983552113,True
2690,2033,81.32000000000001,03/22/2026 12:54:41.560,31.05117889,-0.842766929,31.18594266966297,-0.7989334542972192,-1.999204002061709,1.7294495464217938,True
2691,2034,81.36,03/22/2026 12:54:41.600,31.05117889,-0.842766929,31.153361475205347,-0.8588380015690311,-1.806419656287502,0.233033284596466,True
2692,2035,81.4,03/22/2026 12:54:41.640,31.05117889,-0.842766929,31.12006918034216,-0.8820502225363883,-1.3351798056390332,1.3882527006492436,True
2693,2036,81.44,03/22/2026 12:54:41.680,31.05117889,-0.842766929,31.086374163059237,-0.8839902822635988,-0.8406655185490379,1.5284874509041857,True
2694,2037,81.48,03/22/2026 12:54:41.720,31.05117889,-1.011320315,31.04763630355811,-0.9696466374189228,-1.340583270943886,1.5619865251749796,True
2695,2038,81.52,03/22/2026 12:54:41.760,30.8757485,-1.011320315,31.008034326845916,-1.016635491904375,-1.2768280733795327,0.026662369145475383,True
2696,2039,81.56,03/22/2026 12:54:41.800,30.8757485,-1.011320315,30.96791511707125,-1.0363989288023019,-0.9759887280676631,0.5662569110305754,True
2697,2040,81.60000000000001,03/22/2026 12:54:41.840,30.8757485,-1.179873701,30.922628587539286,-1.1334274194378415,-1.5331608735371867,1.9404195127210795,True
2698,2041,81.64,03/22/2026 12:54:41.880,30.70031811,-1.179873701,30.876376648781335,-1.1864924161820616,-1.4537703102899289,0.04162109506573788,True
2699,2042,81.68,03/22/2026 12:54:41.920,30.70031811,-1.179873701,30.82953897253418,-1.2086799749793704,-1.108215514954873,0.7474922440655523,True
2700,2043,81.72,03/22/2026 12:54:41.960,30.70031811,-1.348427087,30.777495674925703,-1.3059910645212447,-1.617281858352447,1.6201166289119062,True
2701,2044,81.76,03/22/2026 12:54:42.000,30.70031811,-1.348427087,30.724589095384474,-1.3583250147567933,-1.498547255770464,0.0881536366584222,True
2702,2045,81.8,03/22/2026 12:54:42.040,30.70031811,-1.348427087,30.67109530707219,-1.3794874985169086,-1.1259449447710224,0.8677671184808341,True
2703,2046,81.84,03/22/2026 12:54:42.080,30.52488772,-1.348427087,30.617152394120886,-1.3822714872303679,-0.7199511309513661,1.0307975628182087,True
2704,2047,81.88,03/22/2026 12:54:42.120,30.52488772,-1.348427087,30.56307035527115,-1.3762868891605742,-0.3857462826890256,0.6981824414486552,True
2705,2048,81.92,03/22/2026 12:54:42.160,30.52488772,-1.516980473,30.504104015920678,-1.4612705675897708,-1.0540420361574139,2.79139796133445,True
2706,2049,81.96000000000001,03/22/2026 12:54:42.200,30.34945734,-1.516980473,30.444354731942813,-1.5109555286273852,-1.126321443219683,0.03330192609277005,True
2707,2050,82.0,03/22/2026 12:54:42.240,30.34945734,-1.516980473,30.384120137118437,-1.5343379289158867,-0.9181027064945516,0.2710538016963281,True
2708,2051,82.04,03/22/2026 12:54:42.280,30.17402695,-1.516980473,30.323474907673678,-1.541033486848081,-0.6295689484904526,0.5219209816133339,True
2709,2052,82.08,03/22/2026 12:54:42.320,30.17402695,-1.516980473,30.262693413402566,-1.5388780529983153,-0.36688916902764607,0.4318146139861864,True
2710,2053,82.12,03/22/2026 12:54:42.360,30.17402695,-1.685533858,30.19701504380481,-1.6268370811066466,-1.0710173605905333,3.098770192629644,True
2711,2054,82.16,03/22/2026 12:54:42.400,30.17402695,-1.685533858,30.130655560239006,-1.678481797802947,-1.1556120773455896,0.04486121371925497,True
2712,2055,82.2,03/22/2026 12:54:42.440,29.82316617,-1.685533858,30.06356284345566,-1.7029566525287565,-0.946618440578085,0.2771381647814114,True
2713,2056,82.24,03/22/2026 12:54:42.480,29.82316617,-1.685533858,29.996169247786465,-1.7101233365363266,-0.6516502654065397,0.5459315004668208,True
2714,2057,82.28,03/22/2026 12:54:42.520,29.82316617,-1.854087244,29.92376828668729,-1.8016538516249967,-1.2806461843091272,2.4734679611727612,True
2715,2058,82.32000000000001,03/22/2026 12:54:42.560,29.82316617,-1.854087244,29.850624332858455,-1.853550343119076,-1.2870880415161625,0.00031368086647603105,True
2716,2059,82.36,03/22/2026 12:54:42.600,29.82316617,-1.854087244,29.77695597470959,-1.8767450059386985,-1.0152832744288958,0.46189318961247355,True
2717,2060,82.4,03/22/2026 12:54:42.640,29.64773578,-1.854087244,29.702865577815526,-1.8822258294648193,-0.6777348718444647,0.7123326665545584,True
2718,2061,82.44,03/22/2026 12:54:42.680,29.64773578,-1.854087244,29.628643836965164,-1.8786581337240162,-0.3829813757772102,0.5430252477133025,True
2719,2062,82.48,03/22/2026 12:54:42.720,29.47230539,-2.02264063,29.549421083858757,-1.9654193358448913,-1.0694120020318714,2.9453596295473616,True
2720,2063,82.52,03/22/2026 12:54:42.760,29.47230539,-2.02264063,29.469533169061,-2.0162164284056017,-1.146476676762062,0.03711902905978289,True
2721,2064,82.56,03/22/2026 12:54:42.800,29.47230539,-2.02264063,29.389162613084952,-2.040178461447768,-0.9360890553541108,0.2771452935764395,True
2722,2065,82.60000000000001,03/22/2026 12:54:42.840,29.47230539,-2.02264063,29.308505090449255,-2.0470922057405323,-0.6427605892723952,0.539703017682488,True
2723,2066,82.64,03/22/2026 12:54:42.880,29.296875,-2.02264063,29.22760320238264,-2.0449493194784183,-0.37514230142533844,0.44797207514716386,True
2724,2067,82.68,03/22/2026 12:54:42.920,29.296875,-2.191194016,29.14181580721131,-2.132825969930795,-1.07531932975047,3.0657543404013343,True
2725,2068,82.72,03/22/2026 12:54:42.960,29.296875,-2.191194016,29.055360049540187,-2.184363655902366,-1.1572459554631949,0.04614441021369861,True
2726,2069,82.76,03/22/2026 12:54:43.000,29.296875,-2.191194016,28.96841944703607,-2.2087415185065025,-0.946731704644378,0.28475987034124556,True
2727,2070,82.8,03/22/2026 12:54:43.040,28.94601422,-2.191194016,28.880957418089015,-2.2158397346209187,-0.6510785712796794,0.5466266526273466,True
2728,2071,82.84,03/22/2026 12:54:43.080,28.94601422,-2.191194016,28.793369793573454,-2.2137365887942364,-0.3806510088153762,0.4587564831455913,True
2729,2072,82.88,03/22/2026 12:54:43.120,28.94601422,-2.191194016,28.705767665171926,-2.2079899816737445,-0.17915601935094624,0.25791830775097774,True
2730,2073,82.92,03/22/2026 12:54:43.160,28.77058383,-2.191194016,28.618098994779352,-2.201850176008532,-0.051318005472444556,0.10381958881165194,True
2731,2074,82.96000000000001,03/22/2026 12:54:43.200,28.77058383,-2.359747402,28.525643287755365,-2.2904358370879514,-0.8827697197630949,4.324970529113136,True
2732,2075,83.0,03/22/2026 12:54:43.240,28.77058383,-2.359747402,28.432562393711418,-2.344624138397392,-1.0641739333253826,0.21388296663465955,True
2733,2076,83.04,03/22/2026 12:54:43.280,28.77058383,-2.359747402,28.339006950591973,-2.3719504680419274,-0.9177671403073369,0.14739277738111858,True
2734,2077,83.08,03/22/2026 12:54:43.320,28.59515344,-2.359747402,28.245041714343056,-2.3814994859215237,-0.656813746434534,0.43445076113028913,True
2735,2078,83.12,03/22/2026 12:54:43.360,28.06886228,-2.359747402,28.15058976997,-2.3811063043619383,-0.40059564963518574,0.41077409153146494,True
2736,2079,83.16,03/22/2026 12:54:43.400,28.06886228,-2.528300788,28.051245853076747,-2.4699638529414085,-1.1004054174298972,3.060855192284351,True
2737,2080,83.2,03/22/2026 12:54:43.440,28.06886228,-2.528300788,27.951231443273723,-2.521931179686908,-1.1768102203618591,0.03747960801833797,True
2738,2081,83.24,03/22/2026 12:54:43.480,27.7180015,-2.528300788,27.850500857421274,-2.546403641858776,-0.9596539150848477,0.29598743538148514,True
2739,2082,83.28,03/22/2026 12:54:43.520,27.7180015,-2.528300788,27.749488598485872,-2.5534238764272326,-0.6582784258274993,0.5677390399143818,True
2740,2083,83.32000000000001,03/22/2026 12:54:43.560,27.7180015,-2.528300788,27.648358436667458,-2.5511841802575326,-0.38376598093648456,0.4713355163421902,True
2741,2084,83.36,03/22/2026 12:54:43.600,27.7180015,-2.528300788,27.547222687102547,-2.5453041049518177,-0.17978660929814405,0.2621554137079588,True
2742,2085,83.4,03/22/2026 12:54:43.640,27.36714072,-2.696854174,27.44104546305346,-2.6326525065986206,-0.949953732649848,3.7076406501056316,True
2743,2086,83.44,03/22/2026 12:54:43.680,27.36714072,-2.696854174,27.334243980042086,-2.6852002493214617,-1.0897529208606418,0.12222564824153825,True
2744,2087,83.48,03/22/2026 12:54:43.720,27.36714072,-2.696854174,27.226980346822014,-2.7110567487933106,-0.9193726086393003,0.18285406021217637,True
2745,2088,83.52,03/22/2026 12:54:43.760,27.36714072,-2.696854174,27.11944053563503,-2.719524612514826,-0.6474070543753572,0.4667161115693639,True
2746,2089,83.56,03/22/2026 12:54:43.800,27.36714072,-2.696854174,27.011781427334686,-2.7184518920801493,-0.3883052079196074,0.4286992632893944,True
2747,2090,83.60000000000001,03/22/2026 12:54:43.840,27.36714072,-2.865407559,26.899245394465023,-2.8069558526266287,-1.0894722892828472,3.088403358416749,True
2748,2091,83.64,03/22/2026 12:54:43.880,26.84084955,-2.865407559,26.785702384659697,-2.8587927360928043,-1.1688213930690055,0.039569653558563976,True
2749,2092,83.68,03/22/2026 12:54:43.920,26.84084955,-2.865407559,26.671687990307106,-2.883257669981668,-0.9546839407293904,0.2886615667083886,True
2750,2093,83.72,03/22/2026 12:54:43.960,26.31455838,-2.865407559,26.5570524323957,-2.8903309255285783,-0.6557134482619862,0.5628620977924064,True
2751,2094,83.76,03/22/2026 12:54:44.000,26.31455838,-2.865407559,26.44230813850183,-2.888157523077799,-0.38281015087919734,0.4666429267569882,True
2752,2095,83.8,03/22/2026 12:54:44.040,26.31455838,-3.033960945,26.32269890704047,-2.975926407735337,-1.0789934658875766,3.0292012692131873,True
2753,2096,83.84,03/22/2026 12:54:44.080,26.13912799,-3.033960945,26.202326826734808,-3.027345854983747,-1.1583508949608483,0.03964875222602255,True
2754,2097,83.88,03/22/2026 12:54:44.120,26.13912799,-3.033960945,26.081492453266684,-3.051625250925065,-0.946447188117453,0.2808869522854606,True
2755,2098,83.92,03/22/2026 12:54:44.160,26.13912799,-3.033960945,25.960393464531826,-3.0586529584308857,-0.6502337827165029,0.5507024070684488,True
2756,2099,83.96000000000001,03/22/2026 12:54:44.200,25.9636976,-3.202514331,25.834207024184458,-3.15010014528212,-1.2789893417339058,2.4720225172240857,True
2757,2100,84.0,03/22/2026 12:54:44.240,25.78826722,-3.202514331,25.70719731473472,-3.201955933375744,-1.285684377898315,0.0007531757542185868,True
2758,2101,84.04,03/22/2026 12:54:44.280,25.43740644,-3.202514331,25.579466517473076,-3.2251385405138087,-1.0142902528876236,0.46178602087368015,True
2759,2102,84.08,03/22/2026 12:54:44.320,24.91111527,-3.202514331,25.451118102884816,-3.2306228493335425,-0.6771235171002365,0.7314586056331576,True
2760,2103,84.12,03/22/2026 12:54:44.360,24.91111527,-3.202514331,25.32267395367082,-3.227063211488095,-0.3826526790134509,0.5541219405294753,True
2761,2104,84.16,03/22/2026 12:54:44.400,24.91111527,-3.202514331,25.19424960048025,-3.220240911556561,-0.17001667062760228,0.28834487367268025,True
2762,2105,84.2,03/22/2026 12:54:44.440,24.91111527,-3.202514331,25.06591029697484,-3.213423384617896,-0.03915823875367097,0.10874477488586945,True
2763,2106,84.24,03/22/2026 12:54:44.480,24.91111527,-3.371067717,24.93281690878574,-3.301653692639202,-0.8718505959570497,4.333641864667635,True
2764,2107,84.28,03/22/2026 12:54:44.520,24.91111527,-3.371067717,24.799129176736006,-3.3557058136796645,-1.0561273154324562,0.2131348653648079,True
2765,2108,84.32000000000001,03/22/2026 12:54:44.560,24.91111527,-3.371067717,24.664995857201696,-3.383022468313337,-0.9127073340816996,0.13292741647611875,True
2766,2109,84.36,03/22/2026 12:54:44.600,24.91111527,-3.371067717,24.53059716262502,-3.3926191954288636,-0.6541590905415051,0.4282425151272495,True
2767,2110,84.4,03/22/2026 12:54:44.640,24.91111527,-3.371067717,24.396088816031376,-3.3922870747917053,-0.39958914955835867,0.4241640226025577,True
2768,2111,84.44,03/22/2026 12:54:44.680,24.56025449,-3.371067717,24.261350520179782,-3.3876117930531384,-0.20111329289511173,0.25265037681834424,True
2769,2112,84.48,03/22/2026 12:54:44.720,24.3848241,-3.371067717,24.126566535566262,-3.3820019129381347,-0.06993538011424058,0.11235753710537494,True
2770,2113,84.52,03/22/2026 12:54:44.760,23.68310254,-3.539621103,23.98655547259117,-3.4707672380978782,-0.8959202498731771,4.270758032956921,True
2771,2114,84.56,03/22/2026 12:54:44.800,23.68310254,-3.539621103,23.845946214395987,-3.524937943173602,-1.0720666469961704,0.1958381539941949,True
2772,2115,84.60000000000001,03/22/2026 12:54:44.840,23.68310254,-3.539621103,23.70489163110183,-3.5521626657029466,-0.9216188623785373,0.1414992511608224,True
2773,2116,84.64,03/22/2026 12:54:44.880,23.50767216,-3.539621103,23.563458853270276,-3.5615943604562452,-0.6580298323737659,0.4344654114599128,True
2774,2117,84.68,03/22/2026 12:54:44.920,23.50767216,-3.539621103,23.421921027919726,-3.561099133196872,-0.4003754296432166,0.41544585725142513,True
2775,2118,84.72,03/22/2026 12:54:44.960,23.50767216,-3.539621103,23.28039040358472,-3.556294580940202,-0.20035036571568746,0.25379242280737163,True
2776,2119,84.76,03/22/2026 12:54:45.000,23.33224177,-3.539621103,23.13881950737004,-3.550599613990529,-0.06864365461087438,0.11111607929662866,True
2777,2120,84.8,03/22/2026 12:54:45.040,23.15681138,-3.708174489,22.99237447021586,-3.6393149213426907,-0.8946766885284488,4.266480446279287,True
2778,2121,84.84,03/22/2026 12:54:45.080,22.98138099,-3.708174489,22.845220158216254,-3.6934651162055956,-1.0711245984398254,0.19591565006792797,True
2779,2122,84.88,03/22/2026 12:54:45.120,22.8059506,-3.708174489,22.697509327907326,-3.720686958124095,-0.9210201855159543,0.14167132364104973,True
2780,2123,84.92,03/22/2026 12:54:45.160,22.63052021,-3.708174489,22.549424860074733,-3.730123445623743,-0.6577167455380506,0.4337829459913498,True
2781,2124,84.96000000000001,03/22/2026 12:54:45.200,22.63052021,-3.708174489,22.401239609958953,-3.7296353958694817,-0.40026154379158124,0.4180685783954796,True
2782,2125,85.0,03/22/2026 12:54:45.240,22.27965943,-3.708174489,22.25283461548088,-3.7248393675277347,-0.2003483125174176,0.24983621600220807,True
2783,2126,85.04,03/22/2026 12:54:45.280,22.27965943,-3.708174489,22.104509435809902,-3.719149233943772,-0.06868756964575676,0.1105549922940139,True
2784,2127,85.08,03/22/2026 12:54:45.320,22.10422904,-3.708174489,21.956182652865,-3.7142765524357544,0.004519258165764942,0.035075740032479596,True
2785,2128,85.12,03/22/2026 12:54:45.360,22.10422904,-3.708174489,21.80798150344715,-3.710806385200428,0.0361043335217758,0.0125555597260915,True
2786,2129,85.16,03/22/2026 12:54:45.400,21.75336826,-3.708174489,21.659674169510254,-3.7087022298780843,0.042439173262392584,0.000882944525256826,True
2787,2130,85.2,03/22/2026 12:54:45.440,21.75336826,-3.708174489,21.511485504873473,-3.7076529631783726,0.036193410096212464,0.004455513756195614,True
2788,2131,85.24,03/22/2026 12:54:45.480,21.57793787,-3.708174489,21.363292742589483,-3.707297563487694,0.02568308963721188,0.004006739963609002,True
2789,2132,85.28,03/22/2026 12:54:45.520,21.40250749,-3.708174489,21.215089714202918,-3.707326618959879,0.01552014079586387,0.003173834410831352,True
2790,2133,85.32000000000001,03/22/2026 12:54:45.560,21.05164671,-3.708174489,21.066756676452727,-3.7075213886668914,0.007684888023667846,0.0004001597703376505,True
2791,2134,85.36,03/22/2026 12:54:45.600,20.87621632,-3.708174489,20.918406451846945,-3.7077475373453,0.0025613455674096527,0.000292264859261677,True
2792,2135,85.4,03/22/2026 12:54:45.640,20.70078593,-3.708174489,20.77003774666372,-3.7079394011664775,-0.00026176730538216486,0.0003951196913171512,True
2793,2136,85.44,03/22/2026 12:54:45.680,20.52535554,-3.708174489,20.621650142686605,-3.7080750933148723,-0.0014582857949740921,0.0006765328826187493,True
2794,2137,85.48,03/22/2026 12:54:45.720,20.34992515,-3.708174489,20.473243704465716,-3.708156867107352,-0.0016750142899150358,0.0010951171242476537,True
2795,2138,85.52,03/22/2026 12:54:45.760,20.17449476,-3.708174489,20.324818701618984,-3.7081972310779268,-0.0014087046755254168,0.0016272593090094472,True
2796,2139,85.56,03/22/2026 12:54:45.800,19.99906437,-3.708174489,20.176375441558413,-3.708210585292234,-0.0009833655008450162,0.002264486784471717,True
2797,2140,85.60000000000001,03/22/2026 12:54:45.840,19.82363398,-3.708174489,20.02791418702375,-3.7082090980204,-0.0005770346207820214,0.003005269526326677,True
2798,2141,85.64,03/22/2026 12:54:45.880,19.64820359,-3.708174489,19.879435128932087,-3.7082013482028615,-0.0002648368323898213,0.0038498643092097174,True
2799,2142,85.68,03/22/2026 12:54:45.920,19.64820359,-3.708174489,19.731053531937935,-3.7081915763687667,-6.34415231037715e-05,0.0004944109627050547,True
2800,2143,85.72,03/22/2026 12:54:45.960,19.64820359,-3.708174489,19.58276935135956,-3.708182876901357,4.0011206993581516e-05,0.0003083124010086781,True
2801,2144,85.76,03/22/2026 12:54:46.000,19.64820359,-3.708174489,19.434582503771516,-3.7081763972238284,7.21457630325266e-05,0.003285289329718429,True
2802,2145,85.8,03/22/2026 12:54:46.040,19.64820359,-3.708174489,19.286492883728307,-3.70817217400311,6.002641162594673e-05,0.009419047231184115,True
2803,2146,85.84,03/22/2026 12:54:46.080,19.4727732,-3.708174489,19.13838533394209,-3.7081706533937018,2.848353302138249e-05,0.008049805936662118,True
2804,2147,85.88,03/22/2026 12:54:46.120,19.12191243,-3.539621103,18.99501293642987,-3.6145806703763452,0.8992497891441306,5.054930183725537,True
2805,2148,85.92,03/22/2026 12:54:46.160,18.77105165,-3.539621103,18.852222690726407,-3.5569617504289717,1.1072648787347819,0.2709095507725566,True
2806,2149,85.96000000000001,03/22/2026 12:54:46.200,18.77105165,-3.539621103,18.71009113891714,-3.527635065302058,0.9634828732758101,0.12947335513348546,True
2807,2150,86.0,03/22/2026 12:54:46.240,18.59562126,-3.539621103,18.56831421246112,-3.5171503137228988,0.6939242135716565,0.4541886346813908,True
2808,2151,86.04,03/22/2026 12:54:46.280,18.24476048,-3.539621103,18.426612524537894,-3.5172837532840653,0.42595724597422835,0.451181774010875,True
2809,2152,86.08,03/22/2026 12:54:46.320,18.24476048,-3.539621103,18.28509752555344,-3.522109389179694,0.21588478433268427,0.27593441144231257,True
2810,2153,86.12,03/22/2026 12:54:46.360,18.06933009,-3.539621103,18.14358154067071,-3.5279928243672254,0.07638860999131361,0.12201927808391508,True
2811,2154,86.16,03/22/2026 12:54:46.400,18.06933009,-3.539621103,18.002142579357713,-3.533090269713593,-0.0019524324614658695,0.03868197187652182,True
2812,2155,86.2,03/22/2026 12:54:46.440,18.06933009,-3.539621103,17.860767511099368,-3.5367502288077706,-0.03638244707120603,0.010538727761904725,True
2813,2156,86.24,03/22/2026 12:54:46.480,17.71846931,-3.539621103,17.719226988867483,-3.538991543474536,-0.04393468301516787,0.0003565193788447015,True
2814,2157,86.28,03/22/2026 12:54:46.520,17.71846931,-3.539621103,17.577756890433424,-3.540121961738523,-0.037920287302311256,0.0016517210374031159,True
2815,2158,86.32000000000001,03/22/2026 12:54:46.560,17.54303892,-3.539621103,17.436249881102363,-3.540517886636334,-0.02715783992699853,0.0015452014377305037,True
2816,2159,86.36,03/22/2026 12:54:46.600,17.19217814,-3.539621103,17.29459773276168,-3.540503598131348,-0.016575850093724295,0.0014547853907744888,True
2817,2160,86.4,03/22/2026 12:54:46.640,17.19217814,-3.539621103,17.153034603350786,-3.5403082582161205,-0.008331034638078919,0.0005352402455468626,True
2818,2161,86.44,03/22/2026 12:54:46.680,16.84131737,-3.539621103,17.011333893890082,-3.5400757979909416,-0.002883865023552191,0.002266195548712049,True
2819,2162,86.48,03/22/2026 12:54:46.720,16.84131737,-3.371067717,16.874594561415257,-3.4462838534304696,0.89940831495742,5.088392581819295,True
2820,2163,86.52,03/22/2026 12:54:46.760,16.66588698,-3.371067717,16.738549280911204,-3.3885196066195187,1.1087582353226293,0.2742976647208596,True
2821,2164,86.56,03/22/2026 12:54:46.800,16.66588698,-3.371067717,16.603159125133047,-3.359104577752915,0.9652509963878788,0.12899567623135894,True
2822,2165,86.60000000000001,03/22/2026 12:54:46.840,16.66588698,-3.371067717,16.468234718034555,-3.34857477190093,0.6954339260076385,0.45780757400946637,True
2823,2166,86.64,03/22/2026 12:54:46.880,16.49045659,-3.371067717,16.333496631744392,-3.348691895335352,0.42702010890935677,0.45205094074863966,True
2824,2167,86.68,03/22/2026 12:54:46.920,16.3150262,-3.371067717,16.198826159197445,-3.3535191715574504,0.21651258806745824,0.277925090171972,True
2825,2168,86.72,03/22/2026 12:54:46.960,15.96416542,-3.371067717,16.064035919648454,-3.359412022662308,0.07668642611691498,0.12291736218454997,True
2826,2169,86.76,03/22/2026 12:54:47.000,15.96416542,-3.371067717,15.929318034332043,-3.364519560929616,-0.0018638200243143443,0.03865015294590117,True
2827,2170,86.8,03/22/2026 12:54:47.040,15.96416542,-3.371067717,15.79465932812142,-3.3681877653130137,-0.036404418408246875,0.00952367384444245,True
2828,2171,86.84,03/22/2026 12:54:47.080,15.96416542,-3.371067717,15.660060032294812,-3.3704329264971338,-0.04400621386051351,0.007018421368840323,True
2829,2172,86.88,03/22/2026 12:54:47.120,15.96416542,-3.202514331,15.53039438531763,-3.277975052040378,0.861240214922391,5.135333972939299,True
2830,2173,86.92,03/22/2026 12:54:47.160,15.61330464,-3.202514331,15.40128794283577,-3.22075251268728,1.0800348217886873,0.30244143254202843,True
2831,2174,86.96000000000001,03/22/2026 12:54:47.200,15.43787425,-3.202514331,15.272708152681322,-3.191411332915693,0.9468502783877449,0.11282194373324583,True
2832,2175,87.0,03/22/2026 12:54:47.240,15.08701347,-3.202514331,15.144356320254174,-3.180732592052087,0.6855538114040449,0.4269643345111617,True
2833,2176,87.04,03/22/2026 12:54:47.280,15.08701347,-3.202514331,15.016299544268865,-3.1806310228067116,0.42304445958171993,0.4310503249373942,True
2834,2177,87.08,03/22/2026 12:54:47.320,15.08701347,-3.202514331,14.888420704892576,-3.1852551229493073,0.2160113984251095,0.27072128754003427,True
2835,2178,87.12,03/22/2026 12:54:47.360,14.91158308,-3.033960945,14.765401354111468,-3.0974040071154594,0.9770814114345634,3.621737334855373,True
2836,2179,87.16,03/22/2026 12:54:47.400,14.91158308,-3.033960945,14.643165769183044,-3.0447933306707196,1.107038446263432,0.11075036362351069,True
2837,2180,87.2,03/22/2026 12:54:47.440,14.91158308,-3.033960945,14.521547057109798,-3.0190827402816955,0.9285762115515369,0.20999015950847588,True
2838,2181,87.24,03/22/2026 12:54:47.480,14.38529192,-3.033960945,14.40001357608784,-3.010825087322491,0.6510375652416286,0.48143971882491965,True
2839,2182,87.28,03/22/2026 12:54:47.520,14.38529192,-3.033960945,14.278749527183082,-3.012089250016372,0.3886690758826984,0.43104319281046577,True
2840,2183,87.32000000000001,03/22/2026 12:54:47.560,14.20986153,-3.033960945,14.157529548143494,-3.0173191864692925,0.18903661746641232,0.24927666449916597,True
2841,2184,87.36,03/22/2026 12:54:47.600,14.20986153,-3.033960945,14.036401429647377,-3.023195900876095,0.05990653241769511,0.10637688991365553,True
2842,2185,87.4,03/22/2026 12:54:47.640,14.20986153,-2.865407559,13.920200941006527,-2.9345151333907245,0.8889343067113824,4.301641825804397,True
2843,2186,87.44,03/22/2026 12:54:47.680,13.68357036,-2.865407559,13.80442247211003,-2.8803293054251027,1.0679305157126624,0.20129406683890563,True
2844,2187,87.48,03/22/2026 12:54:47.720,13.68357036,-2.865407559,13.689256640496794,-2.853045828258468,0.9196388084480394,0.1374427235651734,True
2845,2188,87.52,03/22/2026 12:54:47.760,13.33270958,-2.865407559,13.574293016641615,-2.8435510501519516,0.6574374289473963,0.4339015103197584,True
2846,2189,87.56,03/22/2026 12:54:47.800,13.33270958,-2.865407559,13.459602736920447,-2.84399220406412,0.40053309932383196,0.4136659561070296,True
2847,2190,87.60000000000001,03/22/2026 12:54:47.840,13.15727919,-2.865407559,13.344959524009056,-2.8487589445207577,0.2008080116966948,0.2518579665940376,True
2848,2191,87.64,03/22/2026 12:54:47.880,13.15727919,-2.865407559,13.23040898828172,-2.854431339149698,0.06913399045825924,0.10875010850281025,True
2849,2192,87.68,03/22/2026 12:54:47.920,12.9818488,-2.696854174,13.120670979081142,-2.765705904144144,0.8950741141076497,4.264966969149408,True
2850,2193,87.72,03/22/2026 12:54:47.960,12.9818488,-2.696854174,13.011694539378157,-2.7115524384559784,1.0713933686863046,0.19436587543626316,True
2851,2194,87.76,03/22/2026 12:54:48.000,12.9818488,-2.696854174,12.90332679461767,-2.6843310113799435,0.9211687664153476,0.14148751305159982,True
2852,2195,87.8,03/22/2026 12:54:48.040,12.63098802,-2.696854174,12.795157055970595,-2.6748982501802763,0.6577781534936085,0.4355419512373902,True
2853,2196,87.84,03/22/2026 12:54:48.080,12.45555763,-2.696854174,12.687142038518147,-2.675389088088177,0.4002727206414383,0.4183067913065714,True
2854,2197,87.88,03/22/2026 12:54:48.120,12.45555763,-2.696854174,12.579283298891271,-2.6801877417539255,0.20033665817755514,0.25094814036191676,True
2855,2198,87.92,03/22/2026 12:54:48.160,12.45555763,-2.696854174,12.471512440844869,-2.6858781178647337,0.06866707478985454,0.10837432545097817,True
2856,2199,87.96000000000001,03/22/2026 12:54:48.200,12.45555763,-2.528300788,12.368663325403933,-2.5971597243441025,0.8947034106647229,4.2651610170001515,True
2857,2200,88.0,03/22/2026 12:54:48.240,12.28012725,-2.528300788,12.26645733186191,-2.543008625809017,1.0711393901810196,0.19457437733755314,True
2858,2201,88.04,03/22/2026 12:54:48.280,12.10469686,-2.528300788,12.164741755774795,-2.515787121495711,0.9210227077517802,0.14110557693558362,True
2859,2202,88.08,03/22/2026 12:54:48.320,11.92926647,-2.528300788,12.063333773481478,-2.5063515293362943,0.6577133526166967,0.4346262666150705,True
2860,2203,88.12,03/22/2026 12:54:48.360,11.57840569,-2.528300788,11.961962524196599,-2.5068406091004953,0.40026020868469303,0.424877911838933,True
2861,2204,88.16,03/22/2026 12:54:48.400,11.57840569,-2.528300788,11.860743169180854,-2.5116375851626556,0.20035602329560992,0.25551275163193593,True
2862,2205,88.2,03/22/2026 12:54:48.440,11.57840569,-2.528300788,11.759607323452409,-2.5173266825851544,0.06870269071906818,0.11069821339190485,True
2863,2206,88.24,03/22/2026 12:54:48.480,11.92926647,-2.359747402,11.663616054258107,-2.4286056431210055,0.8947384212591936,4.269726860682624,True
2864,2207,88.28,03/22/2026 12:54:48.520,11.75383608,-2.359747402,11.56826354206897,-2.3744534142226708,1.0711599390556332,0.19701544667521678,True
2865,2208,88.32000000000001,03/22/2026 12:54:48.560,11.22754491,-2.359747402,11.473169970327247,-2.3472335226935854,0.9210326740150196,0.14521588609039587,True
2866,2209,88.36,03/22/2026 12:54:48.600,11.22754491,-2.359747402,11.378493315042931,-2.33779795914839,0.6577203789562849,0.4349833803407839,True
2867,2210,88.4,03/22/2026 12:54:48.640,11.05211452,-2.359747402,11.283962776794523,-2.338286227591017,0.4002618571972653,0.41816461627704815,True
2868,2211,88.44,03/22/2026 12:54:48.680,11.05211452,-2.359747402,11.18957960482712,-2.343082974030778,0.20034924361435433,0.25114854181474805,True
2869,2212,88.48,03/22/2026 12:54:48.720,10.87668413,-2.359747402,11.095161953547505,-2.3487730660931185,0.06869153318757287,0.11177915200536916,True
2870,2213,88.52,03/22/2026 12:54:48.760,10.87668413,-2.359747402,11.00078911001496,-2.3536453255166996,-0.0045144149102781805,0.034605425329936865,True
2871,2214,88.56,03/22/2026 12:54:48.800,10.87668413,-2.191194016,10.911317428819963,-2.2635231075066895,0.8631446830073802,4.705281268842071,True
2872,2215,88.60000000000001,03/22/2026 12:54:48.840,10.70125374,-2.191194016,10.822481148328709,-2.208007289155845,1.0648316518225511,0.25528737345538133,True
2873,2216,88.64,03/22/2026 12:54:48.880,10.70125374,-2.191194016,10.73424633198199,-2.1797287924267357,0.9272932731429743,0.11830948483542553,True
2874,2217,88.68,03/22/2026 12:54:48.920,10.52582335,-2.191194016,10.646317791243101,-2.1695994204733924,0.6682390483228644,0.42048451741910603,True
2875,2218,88.72,03/22/2026 12:54:48.960,10.52582335,-2.191194016,10.558650592846865,-2.1697024989346123,0.4104251471278042,0.4155046601022329,True
2876,2219,88.76,03/22/2026 12:54:49.000,10.52582335,-2.191194016,10.471130602463566,-2.174334293701085,0.2081780949951964,0.25586190420383387,True
2877,2220,88.8,03/22/2026 12:54:49.040,10.17496257,-2.191194016,10.383461142960423,-2.179993500864689,0.07380756782553868,0.11598275879517794,True
2878,2221,88.84,03/22/2026 12:54:49.080,10.17496257,-2.191194016,10.295833342574978,-2.1849003195278125,-0.0016969158546867313,0.036684746581584944,True
2879,2222,88.88,03/22/2026 12:54:49.120,9.824101796,-2.02264063,10.212876225672478,-2.0948362191020578,0.8643453625478517,4.698483645254565,True
2880,2223,88.92,03/22/2026 12:54:49.160,9.824101796,-2.02264063,10.130663582385017,-2.039374133067652,1.0650673893644726,0.25855939731824806,True
2881,2224,88.96000000000001,03/22/2026 12:54:49.200,9.999532186,-2.02264063,10.049160996863536,-2.0111358222743396,0.9270534389288384,0.11922801952664604,True
2882,2225,89.0,03/22/2026 12:54:49.240,9.824101796,-2.02264063,9.967960160549051,-2.0010328178188987,0.6678396560737251,0.42144744315951804,True
2883,2226,89.04,03/22/2026 12:54:49.280,9.999532186,-2.02264063,9.887129145972752,-2.001149585066059,0.4100377024685919,0.4162892134423789,True
2884,2227,89.08,03/22/2026 12:54:49.320,9.824101796,-2.02264063,9.806327546776679,-2.0057882020692257,0.20787655624282483,0.2554539509885525,True
2885,2228,89.12,03/22/2026 12:54:49.360,9.648671407,-2.02264063,9.725485413930373,-2.011448038706237,0.07360678138566629,0.11310456843745481,True
2886,2229,89.16,03/22/2026 12:54:49.400,9.648671407,-2.02264063,9.644680389289883,-2.016353380443553,-0.0018149624305078965,0.03555382249656966,True
2887,2230,89.2,03/22/2026 12:54:49.440,9.648671407,-2.02264063,9.563899859722214,-2.019876285190269,-0.034972405980816995,0.007388024023671012,True
2888,2231,89.24,03/22/2026 12:54:49.480,9.473241018,-2.02264063,9.48303105645392,-2.0220334112382328,-0.04225703268559938,0.00033857817343152546,True
2889,2232,89.28,03/22/2026 12:54:49.520,9.473241018,-1.854087244,9.40706115307998,-1.9295310208434477,0.8627702276462912,5.119544395094486,True
2890,2233,89.32000000000001,03/22/2026 12:54:49.560,9.297810629,-1.854087244,9.331731251643625,-1.8722919500176805,1.0811526184115676,0.29814900430405783,True
2891,2234,89.36,03/22/2026 12:54:49.600,9.297810629,-1.854087244,9.257007077564223,-1.842950119239771,0.947553309834174,0.1116734083464391,True
2892,2235,89.4,03/22/2026 12:54:49.640,8.771519461,-1.854087244,9.182365187634902,-1.8322796584467074,0.6859314913144563,0.4399646954297431,True
2893,2236,89.44,03/22/2026 12:54:49.680,8.94694985,-1.685533858,9.112963897991978,-1.7385960061218462,1.3224584347629897,2.534249925243019,True
2894,2237,89.48,03/22/2026 12:54:49.720,8.94694985,-1.685533858,9.044419992831111,-1.6856072178508186,1.3233342430021577,0.0006887200500515933,True
2895,2238,89.52,03/22/2026 12:54:49.760,8.94694985,-1.685533858,8.976507660562817,-1.6620250487590562,1.0413210236233281,0.4971365000997659,True
2896,2239,89.56,03/22/2026 12:54:49.800,8.94694985,-1.516980473,8.913869082577481,-1.562962745284084,1.5929263112481782,1.9017606549647823,True
2897,2240,89.60000000000001,03/22/2026 12:54:49.840,8.94694985,-1.516980473,8.852173365063472,-1.509092613508059,1.4983075607325056,0.056598952553688124,True
2898,2241,89.64,03/22/2026 12:54:49.880,8.94694985,-1.516980473,8.791148519297426,-1.4868173216267597,1.1364767983192112,0.8199934690607545,True
2899,2242,89.68,03/22/2026 12:54:49.920,8.94694985,-1.516980473,8.730538708908707,-1.483347117481267,0.7330200503538997,1.0207092345901558,True
2900,2243,89.72,03/22/2026 12:54:49.960,8.771519461,-1.348427087,8.674905252081555,-1.395390789845694,1.2964013390169056,1.9844255142756564,True
2901,2244,89.76,03/22/2026 12:54:50.000,8.771519461,-1.348427087,8.620082733980427,-1.346250475565784,1.2702972361043743,0.005908934688500302,True
2902,2245,89.8,03/22/2026 12:54:50.040,8.771519461,-1.348427087,8.565849792067766,-1.3248599099266427,0.9875940133820494,0.5025383151320998,True
2903,2246,89.84,03/22/2026 12:54:50.080,8.771519461,-1.348427087,8.511989519221347,-1.320375566644398,0.6510988885540534,0.7125092539501993,True
2904,2247,89.88,03/22/2026 12:54:50.120,8.771519461,-1.348427087,8.45833327114515,-1.3243670349311654,0.36248778384672886,0.5276420417492693,True
2905,2248,89.92,03/22/2026 12:54:50.160,8.771519461,-1.348427087,8.404769849801072,-1.3312761988334965,0.15676140471152936,0.2741860706148205,True
2906,2249,89.96000000000001,03/22/2026 12:54:50.200,8.596089072,-1.179873701,8.35599284566968,-1.2444184829125335,0.931051724056406,3.751228850486474,True
2907,2250,90.0,03/22/2026 12:54:50.240,8.245228293,-1.179873701,8.307709876711863,-1.192016635425636,1.076715798761494,0.13289152329595913,True
2908,2251,90.04,03/22/2026 12:54:50.280,8.069797904,-1.179873701,8.259874750692587,-1.1661207930946071,0.9117275363878672,0.17274050742783542,True
2909,2252,90.08,03/22/2026 12:54:50.320,8.069797904,-1.179873701,8.21241629004662,-1.1575387039096494,0.6437904889100556,0.450162562580416,True
2910,2253,90.12,03/22/2026 12:54:50.360,8.069797904,-1.011320315,8.170046968675509,-1.064897231883763,1.2864954497971182,2.582393625435719,True
2911,2254,90.16,03/22/2026 12:54:50.400,8.069797904,-1.011320315,8.128503782523744,-1.012262178804029,1.2977915185245879,0.001045457305749715,True
2912,2255,90.2,03/22/2026 12:54:50.440,8.069797904,-1.011320315,8.087567074359574,-0.9886520978549245,1.0258625614764856,0.4621823837382249,True
2913,2256,90.24,03/22/2026 12:54:50.480,8.069797904,-1.011320315,8.047015257680933,-0.9829890465306975,0.6860013315394495,0.7219458897199117,True
2914,2257,90.28,03/22/2026 12:54:50.520,8.069797904,-1.011320315,8.006673169797944,-0.986516247033278,0.38845418407387194,0.553621806419026,True
2915,2258,90.32000000000001,03/22/2026 12:54:50.560,8.069797904,-0.842766929,7.971291821435458,-0.8997870491891802,1.0724724502926961,2.924970908399927,True
2916,2259,90.36,03/22/2026 12:54:50.600,7.894367515,-0.842766929,7.93653938700651,-0.8490474211246644,1.1478114798857786,0.03560208508907314,True
2917,2260,90.4,03/22/2026 12:54:50.640,7.894367515,-0.842766929,7.902345242151172,-0.8251410478623304,0.9363708660362817,0.2794245755340569,True
2918,2261,90.44,03/22/2026 12:54:50.680,7.894367515,-0.842766929,7.8685134091084015,-0.8182701948880204,0.642508886335664,0.5397642199068504,True
2919,2262,90.48,03/22/2026 12:54:50.720,7.718937126,-0.842766929,7.834771658400598,-0.8204428755151563,0.3747042773786906,0.44921904243110017,True
2920,2263,90.52,03/22/2026 12:54:50.760,7.718937126,-0.842766929,7.801122708893086,-0.8261731159692264,0.17564115336862343,0.2481534676265936,True
2921,2264,90.56,03/22/2026 12:54:50.800,7.543506737,-0.674213543,7.772258421966518,-0.7386726524409428,0.9488834587774861,3.7406228958546066,True
2922,2265,90.60000000000001,03/22/2026 12:54:50.840,7.543506737,-0.674213543,7.744108116758727,-0.6860018739506754,1.0902877301150544,0.12786001322157597,True
2923,2266,90.64,03/22/2026 12:54:50.880,7.543506737,-0.674213543,7.716509786448082,-0.660061400727764,0.9205109865844059,0.18231259581172968,True
2924,2267,90.68,03/22/2026 12:54:50.920,7.543506737,-0.674213543,7.689277282739483,-0.6515447527067625,0.6485696157462031,0.4637398928943514,True
2925,2268,90.72,03/22/2026 12:54:50.960,7.543506737,-0.674213543,7.662253441725364,-0.6525946464976679,0.38922395190749803,0.4213985720220298,True
2926,2269,90.76,03/22/2026 12:54:51.000,7.543506737,-0.674213543,7.63532752570013,-0.6576750923731802,0.19082453903864788,0.24662585729415334,True
2927,2270,90.8,03/22/2026 12:54:51.040,7.543506737,-0.674213543,7.608433072691017,-0.6634638767832647,0.06186861281684333,0.10424066644843467,True
2928,2271,90.84,03/22/2026 12:54:51.080,7.543506737,-0.505660158,7.5864056488427405,-0.5747413951693054,0.8905660559292001,4.292245715332009,True
2929,2272,90.88,03/22/2026 12:54:51.120,7.368076347,-0.505660158,7.56496948033803,-0.5205415583060042,1.0690749825717016,0.20194146083403755,True
2930,2273,90.92,03/22/2026 12:54:51.160,7.368076347,-0.505660158,7.544084731629262,-0.49326100946463347,0.9203270416483915,0.14052363769673004,True
2931,2274,90.96000000000001,03/22/2026 12:54:51.200,7.368076347,-0.505660158,7.523568879846287,-0.4837743170535418,0.6577775193710753,0.4325769155759824,True
2932,2275,91.0,03/22/2026 12:54:51.240,7.543506737,-0.505660158,7.5033768680553425,-0.48422483962878743,0.40064093504826687,0.4133586289913439,True
2933,2276,91.04,03/22/2026 12:54:51.280,7.543506737,-0.505660158,7.483284237961114,-0.4889994580017461,0.20078159586408267,0.24990670001976373,True
2934,2277,91.08,03/22/2026 12:54:51.320,7.543506737,-0.337106772,7.468090737568068,-0.4010873145800856,0.968296168401527,3.6821647498863186,True
2935,2278,91.12,03/22/2026 12:54:51.360,7.543506737,-0.337106772,7.453609015060516,-0.3483354106941811,1.10299893429092,0.11398991313226482,True
2936,2279,91.16,03/22/2026 12:54:51.400,7.543506737,-0.337106772,7.439673748292341,-0.3224781458935473,0.927518263305579,0.19323097317565552,True
2937,2280,91.2,03/22/2026 12:54:51.440,7.543506737,-0.337106772,7.426096618156829,-0.31410004556848525,0.6515343938897236,0.4770290362743592,True
2938,2281,91.24,03/22/2026 12:54:51.480,7.543506737,-0.337106772,7.412719264135516,-0.31528354244210793,0.3897483450996137,0.42954786708011494,True
2939,2282,91.28,03/22/2026 12:54:51.520,7.543506737,-0.337106772,7.39943044246607,-0.320466891320921,0.19014238281412088,0.2505034034624547,True
2940,2283,91.32000000000001,03/22/2026 12:54:51.560,7.543506737,-0.337106772,7.3861636021536246,-0.32632297568789054,0.060786648575453184,0.10635807300922993,True
2941,2284,91.36,03/22/2026 12:54:51.600,7.543506737,-0.337106772,7.372886269301661,-0.3312285288397108,-0.009721440327023725,0.033164067540931666,True
2942,2285,91.4,03/22/2026 12:54:51.640,7.543506737,-0.168553386,7.364456216812947,-0.24107354530667385,0.8602389546116324,4.732539578565844,True
2943,2286,91.44,03/22/2026 12:54:51.680,7.543506737,-0.168553386,7.3567220345848785,-0.18550172533037904,1.06355950576627,0.2608910094324301,True
2944,2287,91.48,03/22/2026 12:54:51.720,7.543506737,-0.168553386,7.349536849201703,-0.15716968296186282,0.9270088684043261,0.1192402618330459,True
2945,2288,91.52,03/22/2026 12:54:51.760,7.543506737,-0.168553386,7.3427190758057055,-0.14699843531101536,0.6684441246313186,0.4207382698685646,True
2946,2289,91.56,03/22/2026 12:54:51.800,7.192645958,-0.168553386,7.335886886510102,-0.147076426295369,0.4108000764779457,0.41636376805414305,True
2947,2290,91.60000000000001,03/22/2026 12:54:51.840,7.192645958,-0.168553386,7.329149868999803,-0.15169446195689357,0.20855432763317952,0.2569939134689253,True
2948,2291,91.64,03/22/2026 12:54:51.880,7.192645958,-0.168553386,7.322437890424986,-0.15734612372508336,0.07410626743204196,0.11419367340098793,True
2949,2292,91.68,03/22/2026 12:54:51.920,7.368076347,-0.168553386,7.31582706142751,-0.16225047516225533,-0.001501261306482246,0.0359237070344489,True
2950,2293,91.72,03/22/2026 12:54:51.960,7.368076347,-0.168553386,7.309192934351899,-0.16577662994330106,-0.034808710534311026,0.007182805739116944,True
2951,2294,91.76,03/22/2026 12:54:52.000,7.368076347,0.0,7.307403926800239,-0.07434642268632685,0.8570544385848454,4.971652306652688,True
2952,2295,91.8,03/22/2026 12:54:52.040,7.368076347,0.0,7.3063129225161045,-0.01781785292179194,1.0708002752545007,0.2858233000505583,True
2953,2296,91.84,03/22/2026 12:54:52.080,7.368076347,0.0,7.3057735992085355,0.011125121515446253,0.9373458878849898,0.11159041995430134,True
2954,2297,91.88,03/22/2026 12:54:52.120,7.368076347,0.0,7.305603143502951,0.02162312161920181,0.6779573803915322,0.4207921050408973,True
2955,2298,91.92,03/22/2026 12:54:52.160,7.368076347,0.0,7.305641526139799,0.021677584197768596,0.4179155375300963,0.42291276643841086,True
2956,2299,91.96000000000001,03/22/2026 12:54:52.200,7.368076347,0.0,7.305773001804088,0.0170757644234373,0.21307717082816516,0.2625186372485058,True
2957,2300,92.0,03/22/2026 12:54:52.240,7.368076347,0.0,7.305926220578644,0.011385157184860866,0.07650338603054532,0.1168535435912317,True
2958,2301,92.04,03/22/2026 12:54:52.280,7.368076347,0.0,7.306064803344463,0.006424722356866147,-0.0005649726917559689,0.037397769990974966,True
2959,2302,92.08,03/22/2026 12:54:52.320,7.368076347,0.0,7.30617568736586,0.0028476024017869243,-0.03472216493792396,0.0075673024017111025,True
2960,2303,92.12,03/22/2026 12:54:52.360,7.368076347,0.0,7.306258967289284,0.0006490706568424273,-0.042505749211278164,0.0006536401395889437,True
2961,2304,92.16,03/22/2026 12:54:52.400,7.368076347,0.0,7.306320569186742,-0.0004671716219468582,-0.03689888120115191,0.00047111942811848943,True
2962,2305,92.2,03/22/2026 12:54:52.440,7.368076347,0.0,7.306367747958127,-0.0008638655544847883,-0.026533270350368544,0.0009458258292900078,True
2963,2306,92.24,03/22/2026 12:54:52.480,7.368076347,0.0,7.306406801267991,-0.0008558913455535835,-0.01626331989074572,0.0009331398825914955,True
2964,2307,92.28,03/22/2026 12:54:52.520,7.368076347,0.0,7.306442257119672,-0.0006696467528845613,-0.0082275631980469,0.0006771765616250513,True
2965,2308,92.32000000000001,03/22/2026 12:54:52.560,7.368076347,0.0,7.306476890190193,-0.00044386359538567735,-0.002900305305744621,0.000450618711170909,True
2966,2309,92.36,03/22/2026 12:54:52.600,7.368076347,0.0,7.306512103262345,-0.00024867917256710315,8.55165269691453e-05,0.00032861860941738106,True
2967,2310,92.4,03/22/2026 12:54:52.640,7.368076347,0.0,7.306548389630899,-0.0001087564524423794,0.0013928222616616359,0.00028323433313455325,True
2968,2311,92.44,03/22/2026 12:54:52.680,7.368076347,0.0,7.306585732841789,-2.3270962298507747e-05,0.0016746414766597246,0.0002727033613370779,True
2969,2312,92.48,03/22/2026 12:54:52.720,7.368076347,0.0,7.30662389325472,1.9761111159703305e-05,0.0014402458013798732,0.0002722050056458036,True
2970,2313,92.52,03/22/2026 12:54:52.760,7.368076347,0.0,7.306662583117923,3.472919041461696e-05,0.0010262912035028434,0.0002725877325327191,True
2971,2314,92.56,03/22/2026 12:54:52.800,7.368076347,0.0,7.3067015546980985,3.402180461605657e-05,0.0006208207261981203,0.00027219988551139364,True
2972,2315,92.60000000000001,03/22/2026 12:54:52.840,7.368076347,0.0,7.30674063093521,2.649384044880258e-05,0.00030565409988091407,0.00027144925412348343,True
2973,2316,92.64,03/22/2026 12:54:52.880,7.368076347,0.0,7.306779703993906,1.7538961534702544e-05,9.790861006836834e-05,0.00027075477252183806,True
2974,2317,92.68,03/22/2026 12:54:52.920,7.368076347,0.0,7.306818719846426,9.860456017252616e-06,-1.7727130404911182e-05,0.0002702256974094649,True
2975,2318,92.72,03/22/2026 12:54:52.960,7.368076347,0.0,7.306857659933215,4.38820099166047e-06,-6.771932400987711e-05,0.00026981533457190633,True
2976,2319,92.76,03/22/2026 12:54:53.000,7.368076347,0.0,7.306896525437586,1.0649268305140042e-06,-7.784716617314767e-05,0.0002694584430773183,True
2977,2320,92.8,03/22/2026 12:54:53.040,7.368076347,0.0,7.306935326078802,-5.934382289273303e-07,-6.808292242328464e-05,0.0002691169818933472,True
2978,2321,92.84,03/22/2026 12:54:53.080,7.368076347,0.0,7.306974073306294,-1.157478987663115e-06,-5.155411708418457e-05,0.0002687771725603921,True
2979,2322,92.88,03/22/2026 12:54:53.120,7.368076347,0.0,7.307012776903613,-1.114490831107846e-06,-3.554267397056065e-05,0.00026843664002284363,True
2980,2323,92.92,03/22/2026 12:54:53.160,7.368076347,0.0,7.307051443833565,-8.107360879328288e-07,-2.3176750403233637e-05,0.0002680960585671156,True
2981,2324,92.96000000000001,03/22/2026 12:54:53.200,7.368076347,0.0,7.307090078326546,-4.558601743488953e-07,-1.5069595111684642e-05,0.00026775607008993,True
2982,2325,93.0,03/22/2026 12:54:53.240,7.368076347,0.0,7.307128682502913,-1.5401026266778954e-07,-1.0585106264942137e-05,0.000267416831846189,True
2983,2326,93.04,03/22/2026 12:54:53.280,7.368076347,0.0,7.307167257100067,5.981122387468994e-08,-8.667292600530817e-06,0.0002670782654979514,True
2984,2327,93.08,03/22/2026 12:54:53.320,7.368076347,0.0,7.3072058020909205,1.888229701593126e-07,-8.298774234896664e-06,0.00026674026837270607,True
2985,2328,93.12,03/22/2026 12:54:53.360,7.368076347,0.0,7.307244317122094,2.525552388546822e-07,-8.696456520171251e-06,0.0002664027813565963,True
2986,2329,93.16,03/22/2026 12:54:53.400,7.368076347,0.0,7.3072828017784115,2.7362486370243526e-07,-9.348556582858401e-06,0.0002660657828786183,True
2987,2330,93.2,03/22/2026 12:54:53.440,7.368076347,0.0,7.307321255713715,2.71194871455151e-07,-9.97317141927464e-06,0.0002657292686965115,True
2988,2331,93.24,03/22/2026 12:54:53.480,7.368076347,0.0,7.307359678694293,2.5880277072695936e-07,-1.0450794121457864e-05,0.0002653932390773924,True
2989,2332,93.28,03/22/2026 12:54:53.520,7.368076347,0.0,7.3073980705941874,2.4459521456986324e-07,-1.0759645117781762e-05,0.0002650576941656154,True
2990,2333,93.32000000000001,03/22/2026 12:54:53.560,7.368076347,0.0,7.307436431370101,2.3258279591222323e-07,-1.0926055952699009e-05,0.00026472263335011894,True
2991,2334,93.36,03/22/2026 12:54:53.600,7.368076347,0.0,7.30747476103258,2.2408075827219076e-07,-1.0992135847184732e-05,0.00026438805566619177,True
2992,2335,93.4,03/22/2026 12:54:53.640,7.368076347,0.0,7.307513059621696,2.189249366315745e-07,-1.0998024698547407e-05,0.000264053960119951,True
2993,2336,93.44,03/22/2026 12:54:53.680,7.368076347,0.0,7.307551327189919,2.1632824718004408e-07,-1.0974420540117966e-05,0.00026372034578885746,True
2994,2337,93.48,03/22/2026 12:54:53.720,7.368076347,0.0,7.307589563791834,2.153945361663337e-07,-1.0941271137101365e-05,0.0002633872118101942,True
2995,2338,93.52,03/22/2026 12:54:53.760,7.368076347,0.0,7.3076277694791125,2.153703850713883e-07,-1.0909486239903779e-05,0.0002630545573493152,True
2996,2339,93.56,03/22/2026 12:54:53.800,7.368076347,0.0,7.307665944298877,2.15726638155023e-07,-1.088362784275736e-05,0.0002627223815799833,True
2997,2340,93.60000000000001,03/22/2026 12:54:53.840,7.368076347,0.0,7.307704088293939,2.1614680238994827e-07,-1.086446128783295e-05,0.0002623906836774004,True
2998,2341,93.64,03/22/2026 12:54:53.880,7.368076347,0.0,7.307742201503799,2.1647650531695212e-07,-1.0850900065257918e-05,0.0002620594628173428,True
2999,2342,93.68,03/22/2026 12:54:53.920,7.368076347,0.0,7.3077802839658,2.1666641970599365e-07,-1.0841265936774948e-05,0.00026172871817680494,True
3000,2343,93.72,03/22/2026 12:54:53.960,7.368076347,0.0,7.307818335716079,2.167244627648878e-07,-1.0833975640611264e-05,0.00026139844893446104,True
3001,2344,93.76,03/22/2026 12:54:54.000,7.368076347,0.0,7.307856356790234,2.166823210039965e-07,-1.0827826028276378e-05,0.00026106865427085786,True
3002,2345,93.8,03/22/2026 12:54:54.040,7.368076347,0.0,7.307894347223727,2.1657549003108923e-07,-1.0822039758531652e-05,0.0002607393333683385,True
3003,2346,93.84,03/22/2026 12:54:54.080,7.368076347,0.0,7.307932307052078,2.16433584570412e-07,-1.081619475024773e-05,0.0002604104854110161,True
3004,2347,93.88,03/22/2026 12:54:54.120,7.368076347,0.0,7.307970236310922,2.1627728394542802e-07,-1.0810116993241131e-05,0.00026008210958474294,True
3005,2348,93.92,03/22/2026 12:54:54.160,7.368076347,0.0,7.308008135036002,2.1611888046525706e-07,-1.0803779937560302e-05,0.0002597542050770945,True
3006,2349,93.96000000000001,03/22/2026 12:54:54.200,7.368076347,0.0,7.308046003263129,2.1596431313880155e-07,-1.0797228279227547e-05,0.00025942677107734986,True
3007,2350,94.0,03/22/2026 12:54:54.240,7.368076347,0.0,7.308083841028134,2.158154279703658e-07,-1.0790528860510723e-05,0.0002590998067764853,True
3008,2351,94.04,03/22/2026 12:54:54.280,7.368076347,0.0,7.308121648366834,2.1567185666843368e-07,-1.0783744107204857e-05,0.0002587733113671953,True
3009,2352,94.08,03/22/2026 12:54:54.320,7.368076347,0.0,7.308159425315,2.1553232472298527e-07,-1.077692115762296e-05,0.0002584472840438689,True
3010,2353,94.12,03/22/2026 12:54:54.360,7.368076347,0.0,7.308197171908349,2.1539542655086784e-07,-1.0770090290238683e-05,0.00025812172400260325,True
3011,2354,94.16,03/22/2026 12:54:54.400,7.368076347,0.0,7.308234888182532,2.1525999820560468e-07,-1.0763267822359927e-05,0.0002577966304411613,True
3012,2355,94.2,03/22/2026 12:54:54.440,7.368076347,0.0,7.308272574173132,2.1512523157016883e-07,-1.0756460378659831e-05,0.0002574720025590279,True
3013,2356,94.24,03/22/2026 12:54:54.480,7.368076347,0.0,7.308310229915669,2.1499064920757153e-07,-1.0749668858015538e-05,0.0002571478395573358,True
3014,2357,94.28,03/22/2026 12:54:54.520,7.368076347,0.0,7.3083478554455965,2.1485602260745362e-07,-1.0742891419631939e-05,0.0002568241406389151,True
3015,2358,94.32000000000001,03/22/2026 12:54:54.560,7.368076347,0.0,7.308385450798305,2.1472128270509415e-07,-1.0736125395750656e-05,0.00025650090500826305,True
3016,2359,94.36,03/22/2026 12:54:54.600,7.368076347,0.0,7.308423016009124,2.1458644605930161e-07,-1.0729368318788175e-05,0.0002561781318715577,True
3017,2360,94.4,03/22/2026 12:54:54.640,7.368076347,0.0,7.308460551113323,2.1445156374837322e-07,-1.0722618335429423e-05,0.0002558558204366356,True
3018,2361,94.44,03/22/2026 12:54:54.680,7.368076347,0.0,7.308498056146115,2.143166912755193e-07,-1.0715874259706538e-05,0.00025553396991299243,True
3019,2362,94.48,03/22/2026 12:54:54.720,7.368076347,0.0,7.308535531142651,2.141818742403502e-07,-1.0709135454192612e-05,0.000255212579511781,True
3020,2363,94.52,03/22/2026 12:54:54.760,7.368076347,0.0,7.3085729761380245,2.1404714407993776e-07,-1.0702401660105089e-05,0.00025489164844582317,True
3021,2364,94.56,03/22/2026 12:54:54.800,7.368076347,0.0,7.308610391167272,2.1391251919705927e-07,-1.0695672840943834e-05,0.0002545711759295597,True
3022,2365,94.60000000000001,03/22/2026 12:54:54.840,7.368076347,0.0,7.308647776265369,2.1377800824362785e-07,-1.0688949065516942e-05,0.00025425116117911144,True
3023,2366,94.64,03/22/2026 12:54:54.880,7.368076347,0.0,7.308685131467237,2.1364361366184428e-07,-1.068223043344662e-05,0.00025393160341219976,True
3024,2367,94.68,03/22/2026 12:54:54.920,7.368076347,0.0,7.308722456807733,2.1350933458436158e-07,-1.0675517035465052e-05,0.00025361250184822873,True
3025,2368,94.72,03/22/2026 12:54:54.960,7.368076347,0.0,7.308759752321663,2.133751688303753e-07,-1.0668808937655797e-05,0.00025329385570819997,True
3026,2369,94.76,03/22/2026 12:54:55.000,7.368076347,0.0,7.308797018043769,2.1324111407373648e-07,-1.06621061797076e-05,0.0002529756642147623,True
3027,2370,94.8,03/22/2026 12:54:55.040,7.368076347,0.0,7.30883425400874,2.1310716839349448e-07,-1.0655408779772775e-05,0.00025265792659216356,True
3028,2371,94.84,03/22/2026 12:54:55.080,7.368076347,0.0,7.308871460251204,2.1297333043234935e-07,-1.0648716741226098e-05,0.0002523406420663012,True
3029,2372,94.88,03/22/2026 12:54:55.120,7.368076347,0.0,7.308908636805731,2.1283959934685633e-07,-1.0642030058826588e-05,0.00025202380986467314,True
3030,2373,94.92,03/22/2026 12:54:55.160,7.368076347,0.0,7.308945783706835,2.127059746756824e-07,-1.0635348723298734e-05,0.00025170742921640525,True
3031,2374,94.96000000000001,03/22/2026 12:54:55.200,7.368076347,0.0,7.308982900988973,2.1257245619949364e-07,-1.062867272423313e-05,0.00025139149935221063,True
3032,2375,95.0,03/22/2026 12:54:55.240,7.368076347,0.0,7.3090199886865435,2.124390438270494e-07,-1.0622002051620607e-05,0.0002510760195044015,True
3033,2376,95.04,03/22/2026 12:54:55.280,7.368076347,0.0,7.309057046833889,2.1230573751727007e-07,-1.061533669645135e-05,0.0002507609889069161,True
3034,2377,95.08,03/22/2026 12:54:55.320,7.368076347,0.0,7.3090940754652935,2.121725372338929e-07,-1.0608676650770282e-05,0.00025044640679527117,True
3035,2378,95.12,03/22/2026 12:54:55.360,7.368076347,0.0,7.309131074614986,2.1203944292432912e-07,-1.060202190747875e-05,0.0002501322724065734,True
3036,2379,95.16,03/22/2026 12:54:55.400,7.368076347,0.0,7.309168044317137,2.1190645451379692e-07,-1.0595372460065754e-05,0.00024981858497953135,True
3037,2380,95.2,03/22/2026 12:54:55.440,7.368076347,0.0,7.309204984605859,2.1177357190748202e-07,-1.0588728302365198e-05,0.00024950534375443086,True
3038,2381,95.24,03/22/2026 12:54:55.480,7.368076347,0.0,7.309241895515212,2.11640794995819e-07,-1.0582089428376472e-05,0.0002491925479731385,True
3039,2382,95.28,03/22/2026 12:54:55.520,7.368076347,0.0,7.309278777079197,2.115081236600244e-07,-1.057545583215148e-05,0.0002488801968790843,True
3040,2383,95.32000000000001,03/22/2026 12:54:55.560,7.368076347,0.0,7.309315629331759,2.113755577765802e-07,-1.0568827507735338e-05,0.00024856828971728115,True
3041,2384,95.36,03/22/2026 12:54:55.600,7.368076347,0.0,7.309352452306786,2.11243097220279e-07,-1.056220444914363e-05,0.00024825682573431434,True
3042,2385,95.4,03/22/2026 12:54:55.640,7.368076347,0.0,7.309389246038112,2.1111074186597282e-07,-1.0555586650360734e-05,0.0002479458041783239,True
3043,2386,95.44,03/22/2026 12:54:55.680,7.368076347,0.0,7.309426010559514,2.109784915893855e-07,-1.0548974105347855e-05,0.00024763522429900836,True
3044,2387,95.48,03/22/2026 12:54:55.720,7.368076347,0.0,7.309462745904713,2.1084634626733616e-07,-1.0542366808053687e-05,0.00024732508534763066,True
3045,2388,95.52,03/22/2026 12:54:55.760,7.368076347,0.0,7.309499452107373,2.1071430577764825e-07,-1.0535764752423997e-05,0.000247015386577014,True
3046,2389,95.56,03/22/2026 12:54:55.800,7.368076347,0.0,7.3095361292011045,2.1058236999891648e-07,-1.0529167932408588e-05,0.0002467061272415022,True
3047,2390,95.60000000000001,03/22/2026 12:54:55.840,7.368076347,0.0,7.309572777219462,2.1045053881031034e-07,-1.0522576341965667e-05,0.0002463973065970091,True
3048,2391,95.64,03/22/2026 12:54:55.880,7.368076347,0.0,7.3096093961959445,2.1031881209138646e-07,-1.051598997506413e-05,0.00024608892390097796,True
3049,2392,95.68,03/22/2026 12:54:55.920,7.368076347,0.0,7.309645986163995,2.101871897219795e-07,-1.050940882568441e-05,0.0002457809784124019,True
3050,2393,95.72,03/22/2026 12:54:55.960,7.368076347,0.0,7.309682547157001,2.1005567158211353e-07,-1.0502832887818495e-05,0.0002454734693917824,True
3051,2394,95.76,03/22/2026 12:54:56.000,7.368076347,0.0,7.309719079208298,2.0992425755199133e-07,-1.0496262155469553e-05,0.0002451663961011723,True
3052,2395,95.8,03/22/2026 12:54:56.040,7.368076347,0.0,7.309755582351164,2.0979294751196778e-07,-1.0489696622651485e-05,0.0002448597578041279,True
3053,2396,95.84,03/22/2026 12:54:56.080,7.368076347,0.0,7.3097920566188215,2.0966174134258414e-07,-1.0483136283388567e-05,0.0002445535537657655,True
3054,2397,95.88,03/22/2026 12:54:56.120,7.368076347,0.0,7.30982850204444,2.0953063892453703e-07,-1.0476581131715167e-05,0.0002442477832526768,True
3055,2398,95.92,03/22/2026 12:54:56.160,7.368076347,0.0,7.309864918661137,2.0939964013870863e-07,-1.0470031161675487e-05,0.00024394244553298608,True
3056,2399,95.96000000000001,03/22/2026 12:54:56.200,7.368076347,0.0,7.309901306501968,2.0926874486617355e-07,-1.0463486367323492e-05,0.0002436375398763316,True
3057,2400,96.0,03/22/2026 12:54:56.240,7.368076347,0.0,7.309937665599941,2.0913795298820021e-07,-1.0456946742722873e-05,0.0002433330655538562,True
3058,2401,96.04,03/22/2026 12:54:56.280,7.368076347,0.0,7.309973995988009,2.0900726438624167e-07,-1.0450412281946989e-05,0.0002430290218381892,True
3059,2402,96.08,03/22/2026 12:54:56.320,7.368076347,0.0,7.310010297699066,2.0887667894196104e-07,-1.0443882979078876e-05,0.00024272540800348842,True
3060,2403,96.12,03/22/2026 12:54:56.360,7.368076347,0.0,7.31004657076596,2.0874619653720516e-07,-1.0437358828211255e-05,0.0002424222233253779,True
3061,2404,96.16,03/22/2026 12:54:56.400,7.368076347,0.0,7.310082815221477,2.0861581705402095e-07,-1.0430839823446498e-05,0.00024211946708098945,True
3062,2405,96.2,03/22/2026 12:54:56.440,7.368076347,0.0,7.310119031098355,2.084855403746489e-07,-1.0424325958896641e-05,0.00024181713854893813,True
3063,2406,96.24000000000001,03/22/2026 12:54:56.480,7.368076347,0.0,7.310155218429275,2.0835536638152494e-07,-1.0417817228683372e-05,0.00024151523700932645,True
3064,2407,96.28,03/22/2026 12:54:56.520,7.368076347,0.0,7.310191377246865,2.0822529495728136e-07,-1.0411313626938028e-05,0.0002412137617437419,True
3065,2408,96.32000000000001,03/22/2026 12:54:56.560,7.368076347,0.0,7.310227507583702,2.0809532598473335e-07,-1.040481514780156e-05,0.0002409127120352318,True
3066,2409,96.36,03/22/2026 12:54:56.600,7.368076347,0.0,7.310263609472307,2.0796545934689265e-07,-1.0398321785424495e-05,0.0002406120871683306,True
3067,2410,96.4,03/22/2026 12:54:56.640,7.368076347,0.0,7.310299682945149,2.0783569492696417e-07,-1.0391833533966932e-05,0.00024031188642904155,True
3068,2411,96.44,03/22/2026 12:54:56.680,7.368076347,0.0,7.3103357280346435,2.0770603260834042e-07,-1.0385350387598528e-05,0.00024001210910482753,True
3069,2412,96.48,03/22/2026 12:54:56.720,7.368076347,0.0,7.310371744773153,2.075764722746039e-07,-1.037887234049846e-05,0.00023971275448461508,True
3070,2413,96.52,03/22/2026 12:54:56.760,7.368076347,0.0,7.310407733192989,2.0744701380952901e-07,-1.0372399386855397e-05,0.0002394138218587922,True
3071,2414,96.56,03/22/2026 12:54:56.800,7.368076347,0.0,7.310443693326406,2.0731765709707853e-07,-1.03659315208675e-05,0.00023911531051919763,True
3072,2415,96.60000000000001,03/22/2026 12:54:56.840,7.368076347,0.0,7.310479625205611,2.07188402021406e-07,-1.0359468736742395e-05,0.00023881721975912618,True
3073,2416,96.64,03/22/2026 12:54:56.880,7.368076347,0.0,7.310515528862754,2.0705924846685468e-07,-1.0353011028697164e-05,0.0002385195488733184,True
3074,2417,96.68,03/22/2026 12:54:56.920,7.368076347,0.0,7.310551404329937,2.0693019631795003e-07,-1.03465583909583e-05,0.00023822229715795055,True
3075,2418,96.72,03/22/2026 12:54:56.960,7.368076347,0.0,7.3105872516392045,2.0680124545941343e-07,-1.0340110817761694e-05,0.0002379254639106542,True
3076,2419,96.76,03/22/2026 12:54:57.000,7.368076347,0.0,7.310623070822552,2.0667239577616185e-07,-1.0333668303352681e-05,0.00023762904843050578,True
3077,2420,96.8,03/22/2026 12:54:57.040,7.368076347,0.0,7.310658861911923,2.0654364715328537e-07,-1.0327230841985981e-05,0.00023733305001798772,True
3078,2421,96.84,03/22/2026 12:54:57.080,7.368076347,0.0,7.310694624939209,2.0641499947606037e-07,-1.0320798427925626e-05,0.00023703746797502242,True
3079,2422,96.88,03/22/2026 12:54:57.120,7.368076347,0.0,7.310730359936248,2.0628645262995656e-07,-1.031437105544497e-05,0.000236742301604969,True
3080,2423,96.92,03/22/2026 12:54:57.160,7.368076347,0.0,7.3107660669348284,2.0615800650062287e-07,-1.0307948718826665e-05,0.0002364475502125925,True
3081,2424,96.96000000000001,03/22/2026 12:54:57.200,7.368076347,0.0,7.310801745966685,2.0602966097390288e-07,-1.0301531412362652e-05,0.00023615321310409677,True
3082,2425,97.0,03/22/2026 12:54:57.240,7.368076347,0.0,7.310837397063502,2.0590141593582033e-07,-1.0295119130354155e-05,0.00023585928958708605,True
3083,2426,97.04,03/22/2026 12:54:57.280,7.368076347,0.0,7.3108730202569125,2.057732712725895e-07,-1.0288711867111664e-05,0.00023556577897059113,True
3084,2427,97.08,03/22/2026 12:54:57.320,7.368076347,0.0,7.310908615578498,2.0564522687060372e-07,-1.0282309616954908e-05,0.0002352726805650377,True
3085,2428,97.12,03/22/2026 12:54:57.360,7.368076347,0.0,7.310944183059789,2.0551728261643375e-07,-1.0275912374212794e-05,0.00023497999368225124,True
3086,2429,97.16,03/22/2026 12:54:57.400,7.368076347,0.0,7.310979722732263,2.0538943839684734e-07,-1.026952013322341e-05,0.0002346877176354835,True
3087,2430,97.2,03/22/2026 12:54:57.440,7.368076347,0.0,7.311015234627349,2.0526169409879454e-07,-1.026313288833406e-05,0.00023439585173937319,True
3088,2431,97.24000000000001,03/22/2026 12:54:57.480,7.368076347,0.0,7.311050718776424,2.0513404960940538e-07,-1.0256750633901212e-05,0.00023410439530995118,True
3089,2432,97.28,03/22/2026 12:54:57.520,7.368076347,0.0,7.311086175210813,2.05006504815994e-07,-1.0250373364290485e-05,0.00023381334766464488,True
3090,2433,97.32000000000001,03/22/2026 12:54:57.560,7.368076347,0.0,7.3111216039617934,2.0487905960605186e-07,-1.0244001073876603e-05,0.00023352270812226127,True
3091,2434,97.36,03/22/2026 12:54:57.600,7.368076347,0.0,7.31115700506059,2.047517138672506e-07,-1.0237633757043354e-05,0.00023323247600299168,True
3092,2435,97.4,03/22/2026 12:54:57.640,7.368076347,0.0,7.311192378538375,2.0462446748745607e-07,-1.0231271408183628e-05,0.00023294265062843097,True
3093,2436,97.44,03/22/2026 12:54:57.680,7.368076347,0.0,7.311227724426275,2.044973203547044e-07,-1.0224914021699379e-05,0.00023265323132152415,True
3094,2437,97.48,03/22/2026 12:54:57.720,7.368076347,0.0,7.311263042755363,2.043702723572168e-07,-1.0218561592001605e-05,0.00023236421740660746,True
3095,2438,97.52,03/22/2026 12:54:57.760,7.368076347,0.0,7.311298333556663,2.0424332338339445e-07,-1.021221411351033e-05,0.000232075608209384,True
3096,2439,97.56,03/22/2026 12:54:57.800,7.368076347,0.0,7.311333596861148,2.0411647332181672e-07,-1.020587158065457e-05,0.0002317874030569214,True
3097,2440,97.60000000000001,03/22/2026 12:54:57.840,7.368076347,0.0,7.311368832699742,2.0398972206124433e-07,-1.0199533987872332e-05,0.00023149960127765657,True
3098,2441,97.64,03/22/2026 12:54:57.880,7.368076347,0.0,7.3114040411033185,2.0386306949062164e-07,-1.0193201329610603e-05,0.00023121220220139282,True
3099,2442,97.68,03/22/2026 12:54:57.920,7.368076347,0.0,7.311439222102701,2.037365154990683e-07,-1.0186873600325338e-05,0.00023092520515928335,True
3100,2443,97.72,03/22/2026 12:54:57.960,7.368076347,0.0,7.311474375728665,2.0361005997587615e-07,-1.0180550794481397e-05,0.00023063860948382853,True
3101,2444,97.76,03/22/2026 12:54:58.000,7.368076347,0.0,7.311509502011934,2.034837028105224e-07,-1.017423290655254e-05,0.00023035241450889535,True
3102,2445,97.8,03/22/2026 12:54:58.040,7.368076347,0.0,7.311544600983185,2.0335744389266198e-07,-1.0167919931021426e-05,0.00023006661956969285,True
3103,2446,97.84,03/22/2026 12:54:58.080,7.368076347,0.0,7.311579672673042,2.0323128311212836e-07,-1.0161611862379607e-05,0.0002297812240027774,True
3104,2447,97.88,03/22/2026 12:54:58.120,7.368076347,0.0,7.311614717112083,2.0310522035893015e-07,-1.0155308695127496e-05,0.0002294962271460426,True
3105,2448,97.92,03/22/2026 12:54:58.160,7.368076347,0.0,7.311649734330835,2.0297925552324966e-07,-1.0149010423774337e-05,0.0002292116283387171,True
3106,2449,97.96000000000001,03/22/2026 12:54:58.200,7.368076347,0.0,7.311684724359777,2.0285338849545146e-07,-1.0142717042838192e-05,0.00022892742692137645,True
3107,2450,98.0,03/22/2026 12:54:58.240,7.368076347,0.0,7.311719687229338,2.0272761916607413e-07,-1.0136428546845936e-05,0.00022864362223591912,True
3108,2451,98.04,03/22/2026 12:54:58.280,7.368076347,0.0,7.3117546229699,2.026019474258299e-07,-1.013014493033323e-05,0.00022836021362557124,True
3109,2452,98.08,03/22/2026 12:54:58.320,7.368076347,0.0,7.311789531611796,2.0247637316560087e-07,-1.0123866187844467e-05,0.0002280772004348771,True
3110,2453,98.12,03/22/2026 12:54:58.360,7.368076347,0.0,7.311824413185305,2.0235089627645647e-07,-1.0117592313932788e-05,0.0002277945820097252,True
3111,2454,98.16,03/22/2026 12:54:58.400,7.368076347,0.0,7.311859267720665,2.0222551664963874e-07,-1.0111323303160104e-05,0.00022751235769731033,True
3112,2455,98.2,03/22/2026 12:54:58.440,7.368076347,0.0,7.311894095248063,2.0210023417655432e-07,-1.0105059150097025e-05,0.00022723052684613085,True
3113,2456,98.24000000000001,03/22/2026 12:54:58.480,7.368076347,0.0,7.311928895797635,2.0197504874879536e-07,-1.0098799849322855e-05,0.00022694908880602235,True
3114,2457,98.28,03/22/2026 12:54:58.520,7.368076347,0.0,7.311963669399473,2.018499602581174e-07,-1.0092545395425578e-05,0.00022666804292810486,True
3115,2458,98.32000000000001,03/22/2026 12:54:58.560,7.368076347,0.0,7.3119984160836164,2.0172496859645702e-07,-1.008629578300183e-05,0.00022638738856482388,True
3116,2459,98.36,03/22/2026 12:54:58.600,7.368076347,0.0,7.31203313588006,2.0160007365592154e-07,-1.0080051006656908e-05,0.00022610712506991883,True
3117,2460,98.4,03/22/2026 12:54:58.640,7.368076347,0.0,7.312067828818749,2.0147527532878885e-07,-1.0073811061004728e-05,0.00022582725179842828,True
3118,2461,98.44,03/22/2026 12:54:58.680,7.368076347,0.0,7.312102494929583,2.0135057350750392e-07,-1.0067575940667786e-05,0.0002255477681066802,True
3119,2462,98.48,03/22/2026 12:54:58.720,7.368076347,0.0,7.312137134242411,2.012259680846864e-07,-1.0061345640277144e-05,0.000225268673352304,True
3120,2463,98.52,03/22/2026 12:54:58.760,7.368076347,0.0,7.312171746787035,2.01101458953136e-07,-1.005512015447244e-05,0.00022498996689422838,True
3121,2464,98.56,03/22/2026 12:54:58.800,7.368076347,0.0,7.3122063325932105,2.0097704600581832e-07,-1.00488994779019e-05,0.00022471164809265693,True
3122,2465,98.60000000000001,03/22/2026 12:54:58.840,7.368076347,0.0,7.312240891690643,2.0085272913587383e-07,-1.0042683605222301e-05,0.00022443371630908787,True
3123,2466,98.64,03/22/2026 12:54:58.880,7.368076347,0.0,7.312275424108996,2.0072850823660427e-07,-1.0036472531098938e-05,0.000224156170906283,True
3124,2467,98.68,03/22/2026 12:54:58.920,7.368076347,0.0,7.312309929877879,2.0060438320148894e-07,-1.0030266250205599e-05,0.00022387901124830097,True
3125,2468,98.72,03/22/2026 12:54:58.960,7.368076347,0.0,7.312344409026859,2.0048035392417077e-07,-1.0024064757224555e-05,0.00022360223670045914,True
3126,2469,98.76,03/22/2026 12:54:59.000,7.368076347,0.0,7.312378861585455,2.0035642029846282e-07,-1.0017868046846524e-05,0.00022332584662935304,True
3127,2470,98.8,03/22/2026 12:54:59.040,7.368076347,0.0,7.312413287583141,2.002325822183437e-07,-1.0011676113770647e-05,0.0002230498404028397,True
3128,2471,98.84,03/22/2026 12:54:59.080,7.368076347,0.0,7.312447687049338,2.0010883957796463e-07,-1.0005488952704473e-05,0.0002227742173900493,True
3129,2472,98.88,03/22/2026 12:54:59.120,7.368076347,0.0,7.3124820600134255,1.999851922716527e-07,-9.99930655836399e-06,0.00022249897696138344,True
3130,2473,98.92,03/22/2026 12:54:59.160,7.368076347,0.0,7.312516406504734,1.9986164019390324e-07,-9.993128925473639e-06,0.0002222241184884981,True
3131,2474,98.96000000000001,03/22/2026 12:54:59.200,7.368076347,0.0,7.3125507265525505,1.9973818323936155e-07,-9.986956048766212e-06,0.0002219496413442803,True
3132,2475,99.0,03/22/2026 12:54:59.240,7.368076347,0.0,7.312585020186111,1.996148213028536e-07,-9.980787922982836e-06,0.00022167554490290262,True
3133,2476,99.04,03/22/2026 12:54:59.280,7.368076347,0.0,7.312619287434607,1.9949155427937727e-07,-9.974624542873023e-06,0.00022140182853978542,True
3134,2477,99.08,03/22/2026 12:54:59.320,7.368076347,0.0,7.3126535283271865,1.9936838206407958e-07,-9.968465903194598e-06,0.00022112849163156628,True
3135,2478,99.12,03/22/2026 12:54:59.360,7.368076347,0.0,7.3126877428929475,1.992453045522878e-07,-9.962311998713678e-06,0.00022085553355616152,True
3136,2479,99.16,03/22/2026 12:54:59.400,7.368076347,0.0,7.312721931160943,1.9912232163948822e-07,-9.956162824204682e-06,0.0002205829536927073,True
3137,2480,99.2,03/22/2026 12:54:59.440,7.368076347,0.0,7.31275609316018,1.989994332213392e-07,-9.950018374450305e-06,0.00022031075142159263,True
3138,2481,99.24000000000001,03/22/2026 12:54:59.480,7.368076347,0.0,7.312790228919621,1.9887663919365876e-07,-9.943878644241516e-06,0.0002200389261244291,True
3139,2482,99.28,03/22/2026 12:54:59.520,7.368076347,0.0,7.31282433846818,1.9875393945243235e-07,-9.937743628377523e-06,0.00021976747718406963,True
3140,2483,99.32000000000001,03/22/2026 12:54:59.560,7.368076347,0.0,7.312858421834727,1.9863133389380946e-07,-9.931613321665765e-06,0.00021949640398459218,True
3141,2484,99.36,03/22/2026 12:54:59.600,7.368076347,0.0,7.312892479048086,1.9850882241410537e-07,-9.925487718921892e-06,0.00021922570591130486,True
3142,2485,99.4,03/22/2026 12:54:59.640,7.368076347,0.0,7.312926510137037,1.9838640490979303e-07,-9.919366814969744e-06,0.00021895538235072907,True
3143,2486,99.44,03/22/2026 12:54:59.680,7.368076347,0.0,7.312960515130311,1.9826408127751498e-07,-9.913250604641325e-06,0.00021868543269061902,True
3144,2487,99.48,03/22/2026 12:54:59.720,7.368076347,0.0,7.312994494056597,1.9814185141407364e-07,-9.907139082776802e-06,0.0002184158563199382,True
3145,2488,99.52,03/22/2026 12:54:59.760,7.368076347,0.0,7.3130284469445375,1.9801971521643777e-07,-9.901032244224484e-06,0.000218146652628871,True
3146,2489,99.56,03/22/2026 12:54:59.800,7.368076347,0.0,7.31306237382273,1.9789767258173497e-07,-9.894930083840815e-06,0.00021787782100880676,True
3147,2490,99.60000000000001,03/22/2026 12:54:59.840,7.368076347,0.0,7.313096274719725,1.9777572340725422e-07,-9.888832596490326e-06,0.0002176093608523446,True
3148,2491,99.64,03/22/2026 12:54:59.880,7.368076347,0.0,7.3131301496640315,1.9765386759045208e-07,-9.88273977704565e-06,0.00021734127155329823,True
3149,2492,99.68,03/22/2026 12:54:59.920,7.368076347,0.0,7.313163998684111,1.9753210502894114e-07,-9.876651620387504e-06,0.00021707355250667255,True
3150,2493,99.72,03/22/2026 12:54:59.960,7.368076347,0.0,7.31319782180838,1.9741043562050013e-07,-9.870568121404662e-06,0.00021680620310868314,True
3151,2494,99.76,03/22/2026 12:55:00.000,7.368076347,0.0,7.313231619065214,1.9728885926306297e-07,-9.864489274993946e-06,0.00021653922275673205,True
3152,2495,99.8,03/22/2026 12:55:00.040,7.368076347,0.0,7.313265390482938,1.9716737585472974e-07,-9.858415076060204e-06,0.00021627261084942754,True
3153,2496,99.84,03/22/2026 12:55:00.080,7.368076347,0.0,7.313299136089837,1.970459852937625e-07,-9.85234551951632e-06,0.00021600636678656792,True
3154,2497,99.88,03/22/2026 12:55:00.120,7.368076347,0.0,7.313332855914149,1.969246874785725e-07,-9.846280600283164e-06,0.0002157404899691245,True
3155,2498,99.92,03/22/2026 12:55:00.160,7.368076347,0.0,7.31336654998407,1.9680348230774083e-07,-9.840220313289573e-06,0.00021547497979927576,True
3156,2499,99.96000000000001,03/22/2026 12:55:00.200,7.368076347,0.0,7.31340021832775,1.9668236968000321e-07,-9.834164653472363e-06,0.0002152098356803693,True
3157,2500,100.0,03/22/2026 12:55:00.240,7.368076347,0.0,7.313433860973296,1.9656134949425196e-07,-9.828113615776273e-06,0.00021494505701693381,True
3158,2501,100.04,03/22/2026 12:55:00.280,7.368076347,0.0,7.313467477948769,1.9644042164953964e-07,-9.822067195153965e-06,0.00021468064321467748,True
3159,2502,100.08,03/22/2026 12:55:00.320,7.368076347,0.0,7.313501069282188,1.9631958604508352e-07,-9.816025386566027e-06,0.0002144165936804923,True
3160,2503,100.12,03/22/2026 12:55:00.360,7.368076347,0.0,7.313534635001526,1.9619884258025024e-07,-9.80998818498095e-06,0.0002141529078224245,True
3161,2504,100.16,03/22/2026 12:55:00.400,7.368076347,0.0,7.313568175134715,1.9607819115457136e-07,-9.80395558537511e-06,0.00021388958504970677,True
3162,2505,100.2,03/22/2026 12:55:00.440,7.368076347,0.0,7.313601689709642,1.9595763166772412e-07,-9.797927582732734e-06,0.00021362662477271524,True
3163,2506,100.24000000000001,03/22/2026 12:55:00.480,7.368076347,0.0,7.313635178754147,1.9583716401955952e-07,-9.791904172045901e-06,0.00021336402640302195,True
3164,2507,100.28,03/22/2026 12:55:00.520,7.368076347,0.0,7.313668642296033,1.9571678811007358e-07,-9.785885348314554e-06,0.00021310178935333128,True
3165,2508,100.32000000000001,03/22/2026 12:55:00.560,7.368076347,0.0,7.313702080363054,1.955965038394222e-07,-9.779871106546438e-06,0.00021283991303751868,True
3166,2509,100.36,03/22/2026 12:55:00.600,7.368076347,0.0,7.313735492982922,1.9547631110792382e-07,-9.773861441757135e-06,0.00021257839687062227,True
3167,2510,100.4,03/22/2026 12:55:00.640,7.368076347,0.0,7.313768880183308,1.953562098160419e-07,-9.767856348970017e-06,0.00021231724026881275,True
3168,2511,100.44,03/22/2026 12:55:00.680,7.368076347,0.0,7.313802241991838,1.9523619986439188e-07,-9.761855823216189e-06,0.00021205644264941223,True
3169,2512,100.48,03/22/2026 12:55:00.720,7.368076347,0.0,7.313835578436095,1.9511628115375353e-07,-9.75585985953449e-06,0.0002117960034309059,True
3170,2513,100.52,03/22/2026 12:55:00.760,7.368076347,0.0,7.313868889543618,1.949964535850601e-07,-9.749868452971511e-06,0.00021153592203291256,True
3171,2514,100.56,03/22/2026 12:55:00.800,7.368076347,0.0,7.313902175341903,1.948767170593997e-07,-9.743881598581582e-06,0.00021127619787619616,True
3172,2515,100.60000000000001,03/22/2026 12:55:00.840,7.368076347,0.0,7.313935435858407,1.947570714780183e-07,-9.73789929142676e-06,0.00021101683038266377,True
3173,2516,100.64,03/22/2026 12:55:00.880,7.368076347,0.0,7.313968671120539,1.946375167423064e-07,-9.731921526576798e-06,0.0002107578189753431,True
3174,2517,100.68,03/22/2026 12:55:00.920,7.368076347,0.0,7.314001881155668,1.945180527538219e-07,-9.725948299109137e-06,0.00021049916307842162,True
3175,2518,100.72,03/22/2026 12:55:00.960,7.368076347,0.0,7.314035065991121,1.943986794142534e-07,-9.719979604108866e-06,0.00021024086211717555,True
3176,2519,100.76,03/22/2026 12:55:01.000,7.368076347,0.0,7.3140682256541805,1.9427939662546106e-07,-9.71401543666869e-06,0.0002099829155180509,True
3177,2520,100.8,03/22/2026 12:55:01.040,7.368076347,0.0,7.314101360172089,1.9416020428945256e-07,-9.708055791888968e-06,0.00020972532270859904,True
3178,2521,100.84,03/22/2026 12:55:01.080,7.368076347,0.0,7.314134469572043,1.9404110230838724e-07,-9.702100664877672e-06,0.0002094680831174956,True
3179,2522,100.88,03/22/2026 12:55:01.120,7.368076347,0.0,7.3141675538812,1.9392209058458158e-07,-9.696150050750396e-06,0.00020921119617454536,True
3180,2523,100.92,03/22/2026 12:55:01.160,7.368076347,0.0,7.314200613126674,1.9380316902049842e-07,-9.690203944630329e-06,0.0002089546613106596,True
3181,2524,100.96000000000001,03/22/2026 12:55:01.200,7.368076347,0.0,7.314233647335539,1.9368433751875223e-07,-9.684262341648223e-06,0.00020869847795786757,True
3182,2525,101.0,03/22/2026 12:55:01.240,7.368076347,0.0,7.314266656534823,1.935655959821069e-07,-9.67832523694237e-06,0.00020844264554930816,True
3183,2526,101.04,03/22/2026 12:55:01.280,7.368076347,0.0,7.314299640751515,1.9344694431347975e-07,-9.672392625658598e-06,0.00020818716351923448,True
3184,2527,101.08,03/22/2026 12:55:01.320,7.368076347,0.0,7.314332600012562,1.9332838241593908e-07,-9.666464502950266e-06,0.00020793203130300508,True
3185,2528,101.12,03/22/2026 12:55:01.360,7.368076347,0.0,7.314365534344867,1.9320991019270305e-07,-9.660540863978242e-06,0.00020767724833708196,True
3186,2529,101.16,03/22/2026 12:55:01.400,7.368076347,0.0,7.314398443775294,1.9309152754714366e-07,-9.654621703910917e-06,0.00020742281405903545,True
3187,2530,101.2,03/22/2026 12:55:01.440,7.368076347,0.0,7.314431328330664,1.929732343827754e-07,-9.648707017924156e-06,0.00020716872790752183,True
3188,2531,101.24000000000001,03/22/2026 12:55:01.480,7.368076347,0.0,7.314464188037757,1.9285503060326456e-07,-9.642796801201278e-06,0.0002069149893223019,True
3189,2532,101.28,03/22/2026 12:55:01.520,7.368076347,0.0,7.3144970229233115,1.9273691611242864e-07,-9.636891048933057e-06,0.00020666159774423184,True
3190,2533,101.32000000000001,03/22/2026 12:55:01.560,7.368076347,0.0,7.314529833014025,1.9261889081423195e-07,-9.63098975631771e-06,0.00020640855261525514,True
3191,2534,101.36,03/22/2026 12:55:01.600,7.368076347,0.0,7.314562618336554,1.9250095461277892e-07,-9.62509291856084e-06,0.00020615585337839315,True
3192,2535,101.4,03/22/2026 12:55:01.640,7.368076347,0.0,7.31459537891751,1.9238310741234038e-07,-9.619200530875463e-06,0.00020590349947778442,True
3193,2536,101.44,03/22/2026 12:55:01.680,7.368076347,0.0,7.31462811478347,1.9226534911732714e-07,-9.613312588482037e-06,0.0002056514903586283,True
3194,2537,101.48,03/22/2026 12:55:01.720,7.368076347,0.0,7.3146608259609645,1.921476796322874e-07,-9.607429086608363e-06,0.0002053998254671964,True
3195,2538,101.52,03/22/2026 12:55:01.760,7.368076347,0.0,7.3146935124764845,1.9203009886193505e-07,-9.601550020489615e-06,0.0002051485042508718,True
3196,2539,101.56,03/22/2026 12:55:01.800,7.368076347,0.168553386,7.319594424776149,0.0935911130334681,0.8992407667984815,5.054249930824372,True
3197,2540,101.60000000000001,03/22/2026 12:55:01.840,7.368076347,0.168553386,7.3252105928757825,0.151212019537967,1.1072698486924673,0.270610032540737,True
3198,2541,101.64,03/22/2026 12:55:01.880,7.368076347,0.168553386,7.331388495873132,0.1805390661539575,0.9634910817618902,0.12929772832935024,True
3199,2542,101.68,03/22/2026 12:55:01.920,7.368076347,0.168553386,7.337939097980116,0.19102417699831986,0.6939325236398852,0.45419981119983244,True
3200,2543,101.72,03/22/2026 12:55:01.960,7.368076347,0.168553386,7.3446979103478265,0.19089195112524027,0.42595985617778764,0.4488463052378819,True
3201,2544,101.76,03/22/2026 12:55:02.000,7.368076347,0.337106772,7.356414716422365,0.2796569035167831,1.115129630142377,2.9684804105253377,True
3202,2545,101.8,03/22/2026 12:55:02.040,7.368076347,0.337106772,7.368863828792069,0.3313942229564217,1.1836573987484007,0.029350376879844195,True
3203,2546,101.84,03/22/2026 12:55:02.080,7.368076347,0.337106772,7.381854873636351,0.35562289462868407,0.9615371870327886,0.3083730849419885,True
3204,2547,101.88,03/22/2026 12:55:02.120,7.368076347,0.505660158,7.400054031377426,0.45603777678449514,1.5568064476232433,2.214728469451399,True
3205,2548,101.92,03/22/2026 12:55:02.160,7.368076347,0.505660158,7.419144183862036,0.5112857992073709,1.4893189830171882,0.02865455142611355,True
3206,2549,101.96000000000001,03/22/2026 12:55:02.200,7.368076347,0.674213543,7.443727810326291,0.6282470498673329,2.040730279557116,1.9007422182658442,True
3207,2550,102.0,03/22/2026 12:55:02.240,7.543506737,0.674213543,7.469504843651201,0.690074566305068,1.8504644668192876,0.2266476241225912,True
3208,2551,102.04,03/22/2026 12:55:02.280,7.543506737,0.674213543,7.496019676530862,0.7141868475879081,1.3709463091122747,1.4372673442079311,True
3209,2552,102.08,03/22/2026 12:55:02.320,7.894367515,0.842766929,7.528038897695307,0.8099727113230083,1.7643619619760158,0.9770443001685727,True
3210,2553,102.12,03/22/2026 12:55:02.360,7.894367515,1.011320315,7.565829373071001,0.9531619778707352,2.462044242590127,3.0500786026318014,True
3211,2554,102.16,03/22/2026 12:55:02.400,7.894367515,1.011320315,7.6049369224454075,1.0292552644763522,2.246908908064178,0.2952857245386799,True
3212,2555,102.2,03/22/2026 12:55:02.440,7.894367515,1.011320315,7.644941224564284,1.0592696159461985,1.6717193445372212,2.072213454953148,True
3213,2556,102.24000000000001,03/22/2026 12:55:02.480,7.894367515,1.179873701,7.690326944135909,1.155976517146523,1.9583990584735127,0.5166689161155971,True
3214,2557,102.28,03/22/2026 12:55:02.520,7.894367515,1.179873701,7.736655725569154,1.204085625295858,1.667959364849498,0.528999757674777,True
3215,2558,102.32000000000001,03/22/2026 12:55:02.560,7.894367515,1.348427087,7.788461495115406,1.3139055426649786,2.08208478127697,1.0726920613714532,True
3216,2559,102.36,03/22/2026 12:55:02.600,7.894367515,1.348427087,7.841306545423704,1.370113708544574,1.8219341204771793,0.4231891900412737,True
3217,2560,102.4,03/22/2026 12:55:02.640,7.894367515,1.516980473,7.89970369324546,1.48407439673393,2.216675551172614,0.9738815598704803,True
3218,2561,102.44,03/22/2026 12:55:02.680,8.245228293,1.685533858,7.964271182026142,1.6353720045371674,2.8184298651525723,2.2688995765315596,True
3219,2562,102.48,03/22/2026 12:55:02.720,8.245228293,1.685533858,8.03026352519308,1.7133647350985277,2.4845796498161494,0.6999092689356764,True
3220,2563,102.52,03/22/2026 12:55:02.760,8.245228293,1.854087244,8.102067829474857,1.835702736045015,2.7051266077546443,0.3054889514063197,True
3221,2564,102.56,03/22/2026 12:55:02.800,8.245228293,1.854087244,8.175106980065474,1.8940344062891779,2.2259230325534434,1.4355714091886835,True
3222,2565,102.60000000000001,03/22/2026 12:55:02.840,8.420658683,2.02264063,8.253894363529225,2.0050434437263482,2.4370262918814887,0.2805391032524627,True
3223,2566,102.64,03/22/2026 12:55:02.880,8.596089072,2.02264063,8.33389694884364,2.0581695463534415,2.010832354070129,1.1401801586348048,True
3224,2567,102.68,03/22/2026 12:55:02.920,8.596089072,2.02264063,8.414591728327505,2.0742146115351847,1.3921581425780154,2.3945807991692276,True
3225,2568,102.72,03/22/2026 12:55:02.960,8.94694985,2.02264063,8.495849203153226,2.0703459281367205,0.8199043642946997,2.06130246808281,True
3226,2569,102.76,03/22/2026 12:55:03.000,9.12238024,2.02264063,8.577324696196758,2.0584456913886378,0.39041002475978626,1.1742396200026977,True
3227,2570,102.8,03/22/2026 12:55:03.040,9.12238024,2.191194016,8.663639576807995,2.1391031441989825,1.0153125556868847,2.455862832406577,True
3228,2571,102.84,03/22/2026 12:55:03.080,9.12238024,2.191194016,8.750574253600643,2.186091058125289,1.0765437808972185,0.033390012979223144,True
3229,2572,102.88,03/22/2026 12:55:03.120,9.297810629,2.359747402,8.842930500633177,2.3016691221787524,1.7732711588504761,3.0489028249825565,True
3230,2573,102.92,03/22/2026 12:55:03.160,9.297810629,2.528300788,8.941132962058916,2.45905625340254,2.60394480644147,4.32184609752161,True
3231,2574,102.96000000000001,03/22/2026 12:55:03.200,9.297810629,2.696854174,9.045594228304411,2.6374203690549134,3.3169243114099296,3.1817460300238274,True
3232,2575,103.0,03/22/2026 12:55:03.240,9.473241018,2.528300788,9.153744582515735,2.7700973415113106,3.3169243114099296,10.408456628211145,False
3233,2576,103.04,03/22/2026 12:55:03.280,9.473241018,2.696854174,9.25808147101178,2.7544233982379005,2.0955179625052027,4.745054487778529,True
3234,2577,103.08,03/22/2026 12:55:03.320,9.648671407,2.696854174,9.36486401605107,2.754218928494585,1.368237099657283,3.250011113152639,True
3235,2578,103.12,03/22/2026 12:55:03.360,9.824101796,2.696854174,9.47275810669499,2.7461559152685013,0.7844094760691782,2.2193723268664605,True
3236,2579,103.16,03/22/2026 12:55:03.400,9.999532186,2.865407559,9.586019707455895,2.8263281259086535,1.2533591693168615,1.3860311717961193,True
3237,2580,103.2,03/22/2026 12:55:03.440,10.17496257,2.865407559,9.70006175542659,2.870314945083728,1.1938635382996603,0.03792562333505019,True
3238,2581,103.24000000000001,03/22/2026 12:55:03.480,10.17496257,2.865407559,9.81462172362879,2.888748844691684,0.9109683327508709,0.5009892370258466,True
3239,2582,103.28,03/22/2026 12:55:03.520,10.17496257,3.033960945,9.934022360202675,2.985712084509934,1.4932136509490752,2.1035070717440845,True
3240,2583,103.32000000000001,03/22/2026 12:55:03.560,10.35039296,3.202514331,10.05918869539673,3.132752393151383,2.332092238989235,4.389302387845225,True
3241,2584,103.36,03/22/2026 12:55:03.600,10.52582335,3.202514331,10.1859075231552,3.2129718759589103,2.2065768980587093,0.10669343490421283,True
3242,2585,103.4,03/22/2026 12:55:03.640,10.87668413,3.202514331,10.313714795472215,3.2464166300670434,1.679911149984081,1.7563263498288066,True
3243,2586,103.44,03/22/2026 12:55:03.680,11.05211452,3.202514331,10.44208913359366,3.2519267763217368,1.0871972451670504,2.2225131080244642,True
3244,2587,103.48,03/22/2026 12:55:03.720,11.05211452,3.371067717,10.575512858325006,3.337424254769251,1.4908060524370126,1.0345193492489433,True
3245,2588,103.52,03/22/2026 12:55:03.760,11.4029753,3.371067717,10.709871778519027,3.382629534056987,1.352138358373375,0.15473624912996997,True
3246,2589,103.56,03/22/2026 12:55:03.800,11.57840569,3.371067717,10.844803382482377,3.400267386300317,1.0018852484970928,0.8053942628117057,True
3247,2590,103.60000000000001,03/22/2026 12:55:03.840,11.57840569,3.539621103,10.984851862873764,3.495471334006429,1.5315370384526312,1.7787305108761033,True
3248,2591,103.64,03/22/2026 12:55:03.880,11.57840569,3.539621103,11.125676153555048,3.547233707899782,1.440235473149393,0.06684481593579131,True
3249,2592,103.68,03/22/2026 12:55:03.920,11.75383608,3.539621103,11.267127178057459,3.5686304586733746,1.09225967316838,0.7738065401961917,True
3250,2593,103.72,03/22/2026 12:55:03.960,11.75383608,3.708174489,11.41372451772191,3.665546312626426,1.6036425265463397,1.642821559186905,True
3251,2594,103.76,03/22/2026 12:55:04.000,11.75383608,3.708174489,11.56112453801434,3.7177451954462635,1.4888405622315917,0.08504003320437588,True
3252,2595,103.8,03/22/2026 12:55:04.040,11.92926647,3.708174489,11.70916158542573,3.738917989891696,1.1200506949959808,0.8535054810943966,True
3253,2596,103.84,03/22/2026 12:55:04.080,12.10469686,3.708174489,11.857581499903546,3.7417738946309607,0.7170025207223951,1.0196711835727625,True
3254,2597,103.88,03/22/2026 12:55:04.120,12.28012725,3.708174489,12.00619288152129,3.7358741027242717,0.3847294804036668,0.6954138608886827,True
3255,2598,103.92,03/22/2026 12:55:04.160,12.45555763,3.708174489,12.154873236691,3.727339363206651,0.15484043509269435,0.33679814316098716,True
3256,2599,103.96000000000001,03/22/2026 12:55:04.200,12.63098802,3.708174489,12.303556873642533,3.7194541274331194,0.01954392784397105,0.12211455465586069,True
3257,2600,104.0,03/22/2026 12:55:04.240,12.63098802,3.708174489,12.45211081667087,3.713539604307012,-0.04480831785057689,0.028183245349371205,True
3258,2601,104.04,03/22/2026 12:55:04.280,12.80641841,3.539621103,12.595770159730113,3.6161735969644955,-0.9631237849763901,5.273793928696737,True
3259,2602,104.08,03/22/2026 12:55:04.320,12.80641841,3.539621103,12.738588818335533,3.5565338263671697,-1.1660060705292006,0.25758556850763736,True
3260,2603,104.12,03/22/2026 12:55:04.360,12.9818488,3.539621103,12.88083785945119,3.5264006098786727,-1.0074085161346145,0.1579457437006264,True
3261,2604,104.16,03/22/2026 12:55:04.400,13.33270958,3.371067717,13.017954549742399,3.4222307139169543,-1.6211467864031388,2.3613025727230137,True
3262,2605,104.2,03/22/2026 12:55:04.440,13.33270958,3.371067717,13.154050801834929,3.364983323514352,-1.5481506044237834,0.035603676996159336,True
3263,2606,104.24000000000001,03/22/2026 12:55:04.480,13.33270958,3.371067717,13.28940343066282,3.3408209862599634,-1.1853086082387598,0.8229782488922179,True
3264,2607,104.28,03/22/2026 12:55:04.520,13.33270958,3.202514331,13.419408516150563,3.242938219781707,-1.6702377841675367,1.4702781076208566,True
3265,2608,104.32000000000001,03/22/2026 12:55:04.560,13.68357036,3.202514331,13.548634320708832,3.190780289569406,-1.5294702534324567,0.12516214492290284,True
3266,2609,104.36,03/22/2026 12:55:04.600,13.68357036,3.202514331,13.677153047023802,3.17008709985979,-1.140472545783139,0.9457486938508524,True
3267,2610,104.4,03/22/2026 12:55:04.640,13.68357036,3.033960945,13.800357597518994,3.074212537235907,-1.623336152041357,1.4582282638523547,True
3268,2611,104.44,03/22/2026 12:55:04.680,13.85900075,3.033960945,13.922702084115024,3.0229836052196735,-1.4916546161996747,0.10866528834563413,True
3269,2612,104.48,03/22/2026 12:55:04.720,14.03443114,2.865407559,14.039595359510868,2.90895196787425,-2.0140140589613305,1.7053737892208252,True
3270,2613,104.52,03/22/2026 12:55:04.760,14.03443114,2.865407559,14.155338649259805,2.8489443649493618,-1.8165266283209713,0.24480471339637438,True
3271,2614,104.56,03/22/2026 12:55:04.800,14.38529192,2.865407559,14.270488547209627,2.825771029189077,-1.3410414036721765,1.4140006104771203,True
3272,2615,104.60000000000001,03/22/2026 12:55:04.840,14.38529192,2.865407559,14.385142401372919,2.823923015655316,-0.8433923479493843,1.547841209999929,True
3273,2616,104.64,03/22/2026 12:55:04.880,15.08701347,2.865407559,14.499954495239148,2.8319571592534936,-0.44209557877633704,1.0313605762890508,True
3274,2617,104.68,03/22/2026 12:55:04.920,14.91158308,2.865407559,14.6145370064562,2.842667666738438,-0.16929472441946358,0.47149826487755,True
3275,2618,104.72,03/22/2026 12:55:04.960,14.91158308,2.865407559,14.72907182089331,2.8522834814167504,-0.011850246201293962,0.1573345961948111,True
3276,2619,104.76,03/22/2026 12:55:05.000,14.91158308,2.696854174,14.838719614613856,2.7657693779328336,-0.8385546566802795,4.271869089871043,True
3277,2620,104.8,03/22/2026 12:55:05.040,14.91158308,2.696854174,14.947635408142087,2.7125857838778797,-1.0272727856538544,0.22268602560061096,True
3278,2621,104.84,03/22/2026 12:55:05.080,14.91158308,2.696854174,15.05596241110102,2.6855751267341508,-0.8919754536520861,0.11590451751384649,True
3279,2622,104.88,03/22/2026 12:55:05.120,14.91158308,2.528300788,15.15900778341893,2.582377809576657,-1.5406947175523955,2.634674719816926,True
3280,2623,104.92,03/22/2026 12:55:05.160,15.26244386,2.528300788,15.26128925799919,2.5249426655308693,-1.5004105926363884,0.01014267439223354,True
3281,2624,104.96000000000001,03/22/2026 12:55:05.200,15.26244386,2.359747402,15.357989069627834,2.4065241467470524,-2.061549082939608,1.9686475656987852,True
3282,2625,105.0,03/22/2026 12:55:05.240,15.61330464,2.359747402,15.453728762188327,2.34387758595963,-1.8711676874945518,0.2283721264335052,True
3283,2626,105.04,03/22/2026 12:55:05.280,16.13959581,2.359747402,15.548966359412114,2.3194052018388134,-1.3871966485344323,1.4891057075964884,True
3284,2627,105.08,03/22/2026 12:55:05.320,16.13959581,2.528300788,15.640632810166839,2.2639173358974363,-1.3871966485344323,12.452040973101823,False
3285,2628,105.12,03/22/2026 12:55:05.360,16.13959581,2.528300788,15.730079746283907,2.208429469956059,-1.3871966485344323,11.45288630905338,False
3286,2629,105.16,03/22/2026 12:55:05.400,16.13959581,2.528300788,15.817307167763323,2.152941604014682,-1.3871966485344323,9.81526203603974,False
3287,2630,105.2,03/22/2026 12:55:05.440,15.96416542,2.528300788,15.936975253202753,2.4802105962239382,0.8893492439275632,8.287927893911853,True
3288,2631,105.24000000000001,03/22/2026 12:55:05.480,15.96416542,2.359747402,16.02927524105476,2.420064675255534,0.1547136521672593,3.7650351919026948,True
3289,2632,105.28,03/22/2026 12:55:05.520,15.96416542,2.359747402,16.124000684642798,2.388959729075432,-0.19203391573821083,0.7789792035403688,True
3290,2633,105.32000000000001,03/22/2026 12:55:05.560,15.96416542,2.359747402,16.218752129185606,2.369240913040419,-0.3103193618093479,0.0864368257256152,True
3291,2634,105.36,03/22/2026 12:55:05.600,15.96416542,2.359747402,16.313121612134236,2.358466460931755,-0.2942233607133926,0.010260321581326204,True
3292,2635,105.4,03/22/2026 12:55:05.640,16.13959581,2.359747402,16.40734096569478,2.354014224370208,-0.2233209379943576,0.03508220491122357,True
3293,2636,105.44,03/22/2026 12:55:05.680,16.3150262,2.528300788,16.50547742786253,2.447396586670577,0.7609258599796349,5.931840359018627,True
3294,2637,105.48,03/22/2026 12:55:05.720,16.3150262,2.528300788,16.605085283751855,2.505922882420126,1.0305953468938278,0.45776979732589507,True
3295,2638,105.52,03/22/2026 12:55:05.760,16.49045659,2.528300788,16.705506955504706,2.5366734074717523,0.930058304808607,0.06645295083224931,True
3296,2639,105.56,03/22/2026 12:55:05.800,16.66588698,2.528300788,16.806349824004165,2.5485653415033545,0.6869551950584774,0.3708557010102533,True
3297,2640,105.60000000000001,03/22/2026 12:55:05.840,16.66588698,2.359747402,16.902466828357053,2.4559400399285396,-0.46696953231014104,8.326574054155994,True
3298,2641,105.64,03/22/2026 12:55:05.880,16.84131737,2.359747402,16.997978260237513,2.394219633544207,-0.880530792995332,1.0706224759023415,True
3299,2642,105.68,03/22/2026 12:55:05.920,17.36760853,2.359747402,17.093231122511828,2.3594157407840926,-0.8765394298125238,0.005519302842551995,True
3300,2643,105.72,03/22/2026 12:55:05.960,17.36760853,2.359747402,17.18804860419549,2.3440078532671635,-0.6877107885104489,0.22516382100788201,True
3301,2644,105.76,03/22/2026 12:55:06.000,17.36760853,2.359747402,17.282569531287148,2.340513948920405,-0.4569773997637245,0.33325149737831855,True
3302,2645,105.8,03/22/2026 12:55:06.040,17.19217814,2.359747402,17.376801665092202,2.343063182180884,-0.25683999776727273,0.25278636525327297,True
3303,2646,105.84,03/22/2026 12:55:06.080,17.19217814,2.359747402,17.4709305679334,2.347756744469367,-0.11301183792958577,0.13487484236732497,True
3304,2647,105.88,03/22/2026 12:55:06.120,17.36760853,2.191194016,17.560235155406946,2.258812273893855,-0.9241695536780421,4.115065049525592,True
3305,2648,105.92,03/22/2026 12:55:06.160,17.54303892,2.191194016,17.648898155054844,2.2048254038761894,-1.0876964030065053,0.16794232433795636,True
3306,2649,105.96000000000001,03/22/2026 12:55:06.200,17.54303892,2.191194016,17.736966521761136,2.1779057468911556,-0.9282985310210821,0.16149791177599754,True
3307,2650,106.0,03/22/2026 12:55:06.240,17.54303892,2.191194016,17.824625820781705,2.1687686673669098,-0.6592959243314858,0.4579548579835093,True
3308,2651,106.04,03/22/2026 12:55:06.280,17.54303892,2.191194016,17.912035014789534,2.169490037069345,-0.39895067186286515,0.4334016190348642,True
3309,2652,106.08,03/22/2026 12:55:06.320,17.54303892,2.191194016,17.999306869478122,2.174441843311481,-0.19801113652099525,0.26731903047866795,True
3310,2653,106.12,03/22/2026 12:55:06.360,17.54303892,2.191194016,18.0865094956002,2.1802182904358776,-0.06636971043587842,0.12955459421920767,True
3311,2654,106.16,03/22/2026 12:55:06.400,17.71846931,2.02264063,18.168915157934443,2.0915386928903534,-0.8928911354099227,4.284305946232388,True
3312,2655,106.2,03/22/2026 12:55:06.440,17.71846931,2.02264063,18.250580872427278,2.0373954138228245,-1.0699127090988578,0.2162594588423731,True
3313,2656,106.24000000000001,03/22/2026 12:55:06.480,18.06933009,2.02264063,18.331872028711732,2.010167987616538,-0.9203021095378486,0.1448484884479157,True
3314,2657,106.28,03/22/2026 12:55:06.520,18.42019087,2.02264063,18.41297123713618,2.0007217761933873,-0.6573629799674316,0.4321103804329604,True
3315,2658,106.32000000000001,03/22/2026 12:55:06.560,18.42019087,1.854087244,18.48895464214631,1.9076069087052943,-1.2993884557997748,2.5765804582186034,True
3316,2659,106.36,03/22/2026 12:55:06.600,18.42019087,1.854087244,18.564087593714195,1.8547732308764968,-1.3076237875914691,0.0019147726422942286,True
3317,2660,106.4,03/22/2026 12:55:06.640,18.42019087,1.854087244,18.63859192431839,1.8311290883550948,-1.032226942460147,0.4774408235978588,True
3318,2661,106.44,03/22/2026 12:55:06.680,18.77105165,1.685533858,18.708034992027212,1.7319233080337437,-1.5887125813971301,1.935754228833165,True
3319,2662,106.48,03/22/2026 12:55:06.720,18.77105165,1.685533858,18.776533535384253,1.6779025114943955,-1.4971670999084872,0.05238064008537284,True
3320,2663,106.52,03/22/2026 12:55:06.760,18.77105165,1.685533858,18.844358793079603,1.6555055053831265,-1.1369498150269806,0.8113586608242683,True
3321,2664,106.56,03/22/2026 12:55:06.800,18.77105165,1.685533858,18.91176639514975,1.6519524315926069,-0.7341127330537931,1.0156476339465446,True
3322,2665,106.60000000000001,03/22/2026 12:55:06.840,18.77105165,1.685533858,18.978950480591614,1.6575381993816702,-0.3982854908530123,0.7079694362560199,True
3323,2666,106.64,03/22/2026 12:55:06.880,18.94648204,1.516980473,19.0412742793672,1.572406288871579,-1.0631783031963797,2.7636773113344715,True
3324,2667,106.68,03/22/2026 12:55:06.920,18.94648204,1.516980473,19.102852567408227,1.522716221300018,-1.1319911691818523,0.03135787502608487,True
3325,2668,106.72,03/22/2026 12:55:06.960,18.94648204,1.516980473,19.163866887463268,1.4993925880530548,-0.9210161075691886,0.2815814336405438,True
3326,2669,106.76,03/22/2026 12:55:07.000,18.94648204,1.348427087,19.219642258373785,1.3991815604197109,-1.5298791596586,2.3223751380420157,True
3327,2670,106.8,03/22/2026 12:55:07.040,19.12191243,1.348427087,19.274594976205584,1.3437828991462677,-1.4741740350814758,0.021070289857931412,True
3328,2671,106.84,03/22/2026 12:55:07.080,19.12191243,1.348427087,19.32888011780526,1.3201355861308675,-1.134797825641909,0.7229182438674625,True
3329,2672,106.88,03/22/2026 12:55:07.120,19.4727732,1.179873701,19.378093216097064,1.2220666683064245,-1.6409410407532465,1.6017649010984318,True
3330,2673,106.92,03/22/2026 12:55:07.160,19.4727732,1.179873701,19.426368750420565,1.1694471568236868,-1.5158620918566508,0.09793605271052684,True
3331,2674,106.96000000000001,03/22/2026 12:55:07.200,19.4727732,1.179873701,19.473986887964056,1.1482700103469605,-1.1367439152971412,0.8983162233883689,True
3332,2675,107.0,03/22/2026 12:55:07.240,19.4727732,1.011320315,19.516338167168872,1.0520048801283628,-1.624798301527094,1.4888735235188053,True
3333,2676,107.04,03/22/2026 12:55:07.280,19.4727732,1.011320315,19.55776962402536,1.0005094138517439,-1.4951142866165699,0.10562959222096462,True
3334,2677,107.08,03/22/2026 12:55:07.320,19.4727732,1.011320315,19.598558670727336,0.979914133072142,-1.1183708160619361,0.8882254807981759,True
3335,2678,107.12,03/22/2026 12:55:07.360,19.64820359,1.011320315,19.63906654902507,0.9774574046552487,-0.7121505668484518,1.0313499964764343,True
3336,2679,107.16,03/22/2026 12:55:07.400,19.64820359,0.842766929,19.674509901864663,0.8900001648893164,-1.2787621346618878,2.006607618536718,True
3337,2680,107.2,03/22/2026 12:55:07.440,19.64820359,0.842766929,19.709163272281483,0.8410244544325614,-1.257862027303799,0.0029973008583038473,True
3338,2681,107.24000000000001,03/22/2026 12:55:07.480,19.64820359,0.842766929,19.743244992257413,0.8196146224468112,-0.9801308086895133,0.4827354115566881,True
3339,2682,107.28,03/22/2026 12:55:07.520,19.82363398,0.674213543,19.772207463590888,0.7214433555671469,-1.5466979474880334,2.0064230127201776,True
3340,2683,107.32000000000001,03/22/2026 12:55:07.560,19.82363398,0.674213543,19.80026499846434,0.6677035129268349,-1.4686025424339342,0.03815782706932642,True
3341,2684,107.36,03/22/2026 12:55:07.600,19.82363398,0.674213543,19.82768166651756,0.6451923968086523,-1.120464720928795,0.7575005093396244,True
3342,2685,107.4,03/22/2026 12:55:07.640,19.64820359,0.505660158,19.84973405260143,0.547782062881433,-1.6257682847647783,1.59877119717772,True
3343,2686,107.44,03/22/2026 12:55:07.680,19.64820359,0.505660158,19.870872341764123,0.49547052814943454,-1.5035430031671115,0.09693165351587715,True
3344,2687,107.48,03/22/2026 12:55:07.720,19.82363398,0.505660158,19.891479954752665,0.47438063795619606,-1.128316463464406,0.8802937943840441,True
3345,2688,107.52,03/22/2026 12:55:07.760,19.82363398,0.337106772,19.90683940604208,0.3780852237359744,-1.6198980316254337,1.5108359336895545,True
3346,2689,107.56,03/22/2026 12:55:07.800,19.82363398,0.337106772,19.921296278950532,0.32651368200494396,-1.4928274296843478,0.10160202093177542,True
3347,2690,107.60000000000001,03/22/2026 12:55:07.840,19.82363398,0.337106772,19.935127138006937,0.3058382159789335,-1.1177343027365618,0.8802277482012022,True
3348,2691,107.64,03/22/2026 12:55:07.880,19.99906437,0.168553386,19.94382436778014,0.20972568594355967,-1.6116352869007506,1.524826843630063,True
3349,2692,107.68,03/22/2026 12:55:07.920,20.34992515,0.168553386,19.95183744365938,0.15819607592768908,-1.4873716569755597,0.10792911451478734,True
3350,2693,107.72,03/22/2026 12:55:07.960,20.34992515,0.168553386,19.95922981981974,0.13748935716792662,-1.114710315369337,0.8790012322616727,True
3351,2694,107.76,03/22/2026 12:55:08.000,20.34992515,0.0,19.961387136805946,0.04131878939922433,-1.6103541699346757,1.5462142385331157,True
3352,2695,107.8,03/22/2026 12:55:08.040,20.34992515,0.0,19.962652633522797,-0.010269426003468559,-1.4871452661799656,0.10568589055029697,True
3353,2696,107.84,03/22/2026 12:55:08.080,19.99906437,-0.168553386,19.95822148950012,-0.12461368083770846,-2.014244697356042,1.736576317549562,True
3354,2697,107.88,03/22/2026 12:55:08.120,19.99906437,-0.168553386,19.952712109648314,-0.18484400950609725,-1.8188201890385791,0.2388489538517168,True
3355,2698,107.92,03/22/2026 12:55:08.160,19.82363398,-0.337106772,19.941494388007335,-0.3017461241329484,-2.2430120178990385,1.12562888469243,True
3356,2699,107.96000000000001,03/22/2026 12:55:08.200,19.82363398,-0.337106772,19.92913754166193,-0.3612833146281568,-1.9529945043702384,0.5264825020269241,True
3357,2700,108.0,03/22/2026 12:55:08.240,19.64820359,-0.505660158,19.911050548402976,-0.47619435537405214,-2.306477975546556,0.7859367837077973,True
3358,2701,108.04,03/22/2026 12:55:08.280,19.64820359,-0.505660158,19.891825506552372,-0.5335881263793331,-1.9714642915536948,0.7057167083454549,True
3359,2702,108.08,03/22/2026 12:55:08.320,19.82363398,-0.505660158,19.871961834221953,-0.5531526592626301,-1.4017458021408684,2.0287813589168304,True
3360,2703,108.12,03/22/2026 12:55:08.360,19.82363398,-0.674213543,19.84682210988779,-0.6453095406438483,-1.7484795431220952,0.7514424446976975,True
3361,2704,108.16,03/22/2026 12:55:08.400,19.82363398,-0.674213543,19.820798575043987,-0.692463515561197,-1.529552544044583,0.29955717967864676,True
3362,2705,108.2,03/22/2026 12:55:08.440,19.82363398,-0.674213543,19.794189726076052,-0.7095400138320866,-1.1057745282381664,1.122489216695909,True
3363,2706,108.24000000000001,03/22/2026 12:55:08.480,19.82363398,-0.842766929,19.762388398547213,-0.8031865554099156,-1.580578486139765,1.4092556228490836,True
3364,2707,108.28,03/22/2026 12:55:08.520,19.82363398,-0.842766929,19.729736298562436,-0.8532813255407637,-1.4544436047216367,0.10007508496388869,True
3365,2708,108.32000000000001,03/22/2026 12:55:08.560,19.64820359,-0.842766929,19.69639768344909,-0.8733173249066878,-1.0879627962078542,0.8395891592813263,True
3366,2709,108.36,03/22/2026 12:55:08.600,19.64820359,-0.842766929,19.662726477872248,-0.8757084134626866,-0.6927970058031835,0.9759888563097812,True
3367,2710,108.4,03/22/2026 12:55:08.640,19.4727732,-1.011320315,19.62393458215387,-0.963333640987897,-1.2684522271246124,2.0727840827513346,True
3368,2711,108.44,03/22/2026 12:55:08.680,19.4727732,-1.011320315,19.5843988025162,-1.0125445596823004,-1.253771003120381,0.0022437148548998145,True
3369,2712,108.48,03/22/2026 12:55:08.720,19.4727732,-1.011320315,19.544335681217305,-1.0341692442386368,-0.9796780864360359,0.46990729120226793,True
3370,2713,108.52,03/22/2026 12:55:08.760,19.4727732,-1.179873701,19.49909096717653,-1.1325013147630303,-1.5479589038702684,2.018447791067775,True
3371,2714,108.56,03/22/2026 12:55:08.800,19.4727732,-1.179873701,19.452984834265322,-1.1863427733775012,-1.4703549827041933,0.03766836040834808,True
3372,2715,108.60000000000001,03/22/2026 12:55:08.840,19.4727732,-1.179873701,19.40628153649988,-1.208907440212446,-1.1220630436011199,0.7584942888557892,True
3373,2716,108.64,03/22/2026 12:55:08.880,19.4727732,-1.179873701,19.35923207717781,-1.2127466316384456,-0.7277140855206714,0.9728831379329604,True
3374,2717,108.68,03/22/2026 12:55:08.920,19.64820359,-1.179873701,19.3121334478195,-1.207437606222057,-0.3970426294091788,0.6915546780424963,True
3375,2718,108.72,03/22/2026 12:55:08.960,19.64820359,-1.179873701,19.26500434535395,-1.1991937116090785,-0.1652629871098096,0.34635332127604596,True
3376,2719,108.76,03/22/2026 12:55:09.000,19.29734281,-1.179873701,19.217701671609923,-1.1914056320047954,-0.02692236756014832,0.12007252677773717,True
3377,2720,108.8,03/22/2026 12:55:09.040,19.29734281,-1.179873701,19.170464589672306,-1.1854806911278652,0.04034463798963574,0.02944122016283443,True
3378,2721,108.84,03/22/2026 12:55:09.080,18.94648204,-1.179873701,19.12308687250635,-1.1816505569735554,0.061652182249047845,0.0050819273817098295,True
3379,2722,108.88,03/22/2026 12:55:09.120,18.94648204,-1.179873701,19.075772537175634,-1.1795678442932416,0.05797752857904493,0.001287861871661557,True
3380,2723,108.92,03/22/2026 12:55:09.160,18.94648204,-1.179873701,19.02851104258624,-1.17870670353116,0.04397466518362004,0.0017101652812726588,True
3381,2724,108.96000000000001,03/22/2026 12:55:09.200,18.94648204,-1.179873701,18.981292473594916,-1.1785725796716895,0.028364893157538547,0.0016102685422665747,True
3382,2725,109.0,03/22/2026 12:55:09.240,18.94648204,-1.179873701,18.934109304273534,-1.178790375786661,0.015369846945659873,0.001066427073834535,True
3383,2726,109.04,03/22/2026 12:55:09.280,18.77105165,-1.179873701,18.886851336567027,-1.1791190813785581,0.006312411921361512,0.001478310449551746,True
3384,2727,109.08,03/22/2026 12:55:09.320,18.77105165,-1.179873701,18.83962132566552,-1.179426152573882,0.0009406496069946334,0.0005189100792527929,True
3385,2728,109.12,03/22/2026 12:55:09.360,18.77105165,-1.348427087,18.78754988755468,-1.2732489566980911,-0.9008977620377578,5.083226561364972,True
3386,2729,109.16,03/22/2026 12:55:09.400,18.77105165,-1.348427087,18.734789774506016,-1.3310187861144758,-1.1097263668480863,0.27265152351749183,True
3387,2730,109.2,03/22/2026 12:55:09.440,18.77105165,-1.348427087,18.681494768800846,-1.3604260429902821,-0.9657828813645684,0.13007874988177215,True
3388,2731,109.24000000000001,03/22/2026 12:55:09.480,18.77105165,-1.348427087,18.627854302687194,-1.3709436514968807,-0.695667725257895,0.45749912979735313,True
3389,2732,109.28,03/22/2026 12:55:09.520,18.77105165,-1.348427087,18.57403323193695,-1.3708157323480425,-0.42708476038454896,0.4536620049196586,True
3390,2733,109.32000000000001,03/22/2026 12:55:09.560,18.59562126,-1.179873701,18.524913339338063,-1.2723905677824832,0.6827516745169178,7.698734588059539,True
3391,2734,109.36,03/22/2026 12:55:09.600,18.59562126,-1.179873701,18.476519889095464,-1.208873156637028,1.0306346233598371,0.757421985930154,True
3392,2735,109.4,03/22/2026 12:55:09.640,18.59562126,-1.179873701,18.428736295348468,-1.1744354732462103,0.9654048014652221,0.028595620123363807,True
3393,2736,109.44,03/22/2026 12:55:09.680,18.59562126,-1.179873701,18.381386579364506,-1.1602798229870952,0.730365687971173,0.3485631424381598,True
3394,2737,109.48,03/22/2026 12:55:09.720,18.59562126,-1.179873701,18.334305897582997,-1.1581652459889265,0.4699621217094705,0.42871212814122445,True
3395,2738,109.52,03/22/2026 12:55:09.760,18.42019087,-1.179873701,18.287264348978788,-1.1618579519955223,0.2538507441573951,0.2931659373682115,True
3396,2739,109.56,03/22/2026 12:55:09.800,18.06933009,-1.179873701,18.240076577911825,-1.1673463600178815,0.10356523408623394,0.14326573284288827,True
3397,2740,109.60000000000001,03/22/2026 12:55:09.840,18.06933009,-1.011320315,18.197777982758005,-1.0788696278720877,0.9138819955006671,4.104995841350216,True
3398,2741,109.64,03/22/2026 12:55:09.880,18.06933009,-1.011320315,18.15619793832131,-1.025105054030391,1.0792401222591572,0.1714354873597239,True
3399,2742,109.68,03/22/2026 12:55:09.920,18.06933009,-1.011320315,18.115180408528815,-0.9982519269235031,0.9224696081930852,0.15375927031711062,True
3400,2743,109.72,03/22/2026 12:55:09.960,18.06933009,-1.011320315,18.074541125929738,-0.9890979398505818,0.6558895201526298,0.44415819633999176,True
3401,2744,109.76,03/22/2026 12:55:10.000,18.06933009,-0.842766929,18.038990879465747,-0.896178017616329,1.29661085330824,2.565844900972982,True
3402,2745,109.8,03/22/2026 12:55:10.040,18.06933009,-0.842766929,18.00426474793655,-0.8434544499649455,1.304861177287293,0.0007303128985136038,True
3403,2746,109.84,03/22/2026 12:55:10.080,18.06933009,-0.842766929,17.970141352556542,-0.8198592210459068,1.0300643455553384,0.4726598721909841,True
3404,2747,109.88,03/22/2026 12:55:10.120,18.06933009,-0.842766929,17.936397905438763,-0.8142538287550036,0.6880266245072693,0.7324475323250117,True
3405,2748,109.92,03/22/2026 12:55:10.160,18.06933009,-0.674213543,17.907726826158953,-0.7242545056908214,1.2883255676001677,2.254145866820018,True
3406,2749,109.96000000000001,03/22/2026 12:55:10.200,18.06933009,-0.674213543,17.87985770675416,-0.6735489792875148,1.2803616504213597,0.002980389293042258,True
3407,2750,110.0,03/22/2026 12:55:10.240,17.8938997,-0.674213543,17.85246554946219,-0.6511406458849338,1.003580709177775,0.478918924739894,True
3408,2751,110.04,03/22/2026 12:55:10.280,17.8938997,-0.674213543,17.825436844796744,-0.6460984449742397,0.6663146382774592,0.7112594460277584,True
3409,2752,110.08,03/22/2026 12:55:10.320,17.8938997,-0.674213543,17.798600244599438,-0.6498556658737109,0.37412139256251775,0.5342527433726271,True
3410,2753,110.12,03/22/2026 12:55:10.360,17.8938997,-0.674213543,17.771841979374365,-0.656724514782763,0.1643280932964413,0.27614905561392467,True
3411,2754,110.16,03/22/2026 12:55:10.400,17.54303892,-0.674213543,17.744888197562787,-0.6635131898063562,0.03595780383924102,0.10593251913611082,True
3412,2755,110.2,03/22/2026 12:55:10.440,17.54303892,-0.505660158,17.722789218071284,-0.5752249809683755,0.8704504277509597,4.354652394437331,True
3413,2756,110.24000000000001,03/22/2026 12:55:10.480,17.54303892,-0.505660158,17.701385971422926,-0.5211142769078806,1.0558313621466828,0.21658607594601775,True
3414,2757,110.28,03/22/2026 12:55:10.520,17.54303892,-0.505660158,17.680529846834176,-0.49375111886287776,0.9129644466490733,0.12893400545207398,True
3415,2758,110.32000000000001,03/22/2026 12:55:10.560,17.54303892,-0.505660158,17.660040584377413,-0.4841230658716046,0.6546001853835566,0.4181932701916073,True
3416,2759,110.36,03/22/2026 12:55:10.600,17.54303892,-0.505660158,17.639762314560848,-0.4844371770674557,0.40000488280139385,0.4057966674577376,True
3417,2760,110.4,03/22/2026 12:55:10.640,17.54303892,-0.337106772,17.62445157306259,-0.39551499787989963,1.1006670964674594,3.068760728470282,True
3418,2761,110.44,03/22/2026 12:55:10.680,17.54303892,-0.337106772,17.60988713983609,-0.343503167047754,1.1773954316574191,0.037115701624672384,True
3419,2762,110.48,03/22/2026 12:55:10.720,17.8938997,-0.337106772,17.596090868959703,-0.3190045613298816,0.9602539917544369,0.30105921151523657,True
3420,2763,110.52,03/22/2026 12:55:10.760,17.8938997,-0.337106772,17.582651851203366,-0.31197184029878056,0.6587485325120266,0.5751110910726951,True
3421,2764,110.56,03/22/2026 12:55:10.800,17.8938997,-0.168553386,17.574274431077544,-0.22061677969224983,1.283315416670226,2.445425729558856,True
3422,2765,110.60000000000001,03/22/2026 12:55:10.840,17.8938997,-0.168553386,17.56669320632614,-0.16887669097483204,1.2872079417226672,0.007802311373348735,True
3423,2766,110.64,03/22/2026 12:55:10.880,17.8938997,-0.168553386,17.559689071088386,-0.14579651898935272,1.0142307666518078,0.4737474042684562,True
3424,2767,110.68,03/22/2026 12:55:10.920,17.54303892,-0.168553386,17.552832609242802,-0.14038978571587418,0.6763794767287759,0.7134045553332115,True
3425,2768,110.72,03/22/2026 12:55:10.960,17.54303892,-0.168553386,17.54616042736177,-0.14399540010635878,0.3817814662864217,0.5424258615888685,True
3426,2769,110.76,03/22/2026 12:55:11.000,17.54303892,0.0,17.544425347665246,-0.057248786982003086,1.0685384998077656,2.947720148740826,True
3427,2770,110.8,03/22/2026 12:55:11.040,17.36760853,0.0,17.543304480004462,-0.00645286687382274,1.145939562927658,0.039662229338604485,True
3428,2771,110.84,03/22/2026 12:55:11.080,17.36760853,0.0,17.542720248560773,0.01751504976156735,0.9358212533859137,0.278151882779397,True
3429,2772,110.88,03/22/2026 12:55:11.120,17.19217814,0.0,17.542372257003308,0.024435710860723592,0.6426750413067972,0.5459446930047063,True
3430,2773,110.92,03/22/2026 12:55:11.160,17.19217814,0.0,17.542205569124867,0.022298652499492914,0.37516501261651397,0.45610234489571194,True
3431,2774,110.96000000000001,03/22/2026 12:55:11.200,17.19217814,0.0,17.542110475664803,0.01658932074278759,0.17614419610881243,0.2563897567405544,True
3432,2775,111.0,03/22/2026 12:55:11.240,17.8938997,0.0,17.54244184107245,0.010513297122835684,0.05004176940066038,0.10826792851569936,True
3433,2776,111.04,03/22/2026 12:55:11.280,17.8938997,0.0,17.542750447558948,0.005567732602769928,-0.01673362297155989,0.036739367357818874,True
3434,2777,111.08,03/22/2026 12:55:11.320,17.54303892,0.168553386,17.54768663853501,0.09576943140006308,0.8563833152030358,4.764583160530373,True
3435,2778,111.12,03/22/2026 12:55:11.360,17.54303892,0.168553386,17.553309870106247,0.15141811173880648,1.061937813936477,0.2640861732580162,True
3436,2779,111.16,03/22/2026 12:55:11.400,17.54303892,0.168553386,17.559473939428997,0.1798240086351866,0.9267345868751741,0.11426943241583694,True
3437,2780,111.2,03/22/2026 12:55:11.440,17.54303892,0.168553386,17.565997551228275,0.1900520028948458,0.6688359432552087,0.41573756101500753,True
3438,2781,111.24000000000001,03/22/2026 12:55:11.480,17.19217814,0.168553386,17.572513185934653,0.1900110296959626,0.41141335458047285,0.42460168189577074,True
3439,2782,111.28,03/22/2026 12:55:11.520,17.19217814,0.168553386,17.57911609434516,0.18541332765999888,0.20914456568326453,0.26650090568155504,True
3440,2783,111.32000000000001,03/22/2026 12:55:11.560,17.54303892,0.168553386,17.585945312142822,0.17977205259136125,0.07456345876573359,0.11333437293820348,True
3441,2784,111.36,03/22/2026 12:55:11.600,17.54303892,0.168553386,17.59275576272076,0.17486897201963647,-0.0012005330016449517,0.03605497722212461,True
3442,2785,111.4,03/22/2026 12:55:11.640,17.54303892,0.337106772,17.604403023114198,0.26493145042709065,0.8646127829920783,4.685462903295751,True
3443,2786,111.44,03/22/2026 12:55:11.680,17.54303892,0.337106772,17.61673438457323,0.3203882504863842,1.0651651673481266,0.2517703147391299,True
3444,2787,111.48,03/22/2026 12:55:11.720,17.54303892,0.337106772,17.62960224387465,0.3486197900713525,0.9270511281788476,0.11976407527434006,True
3445,2788,111.52,03/22/2026 12:55:11.760,17.19217814,0.337106772,17.642615619643905,0.3587166009485929,0.6677998909250422,0.43470377809662264,True
3446,2789,111.56,03/22/2026 12:55:11.800,17.36760853,0.337106772,17.65593007422393,0.3585959234798067,0.4100033150287776,0.4213712581227147,True
3447,2790,111.60000000000001,03/22/2026 12:55:11.840,17.36760853,0.337106772,17.66932699675222,0.3539560853645561,0.20786570988473815,0.2619404664254953,True
3448,2791,111.64,03/22/2026 12:55:11.880,17.36760853,0.337106772,17.682736404472017,0.3482965464136723,0.07361941766350666,0.11979679814577289,True
3449,2792,111.68,03/22/2026 12:55:11.920,17.36760853,0.337106772,17.69612282473823,0.34339126520026714,-0.0017836449550710648,0.043310078344405645,True
3450,2793,111.72,03/22/2026 12:55:11.960,17.54303892,0.337106772,17.709578214964814,0.339869141746613,-0.03492826797329758,0.008863957738381896,True
3451,2794,111.76,03/22/2026 12:55:12.000,17.54303892,0.337106772,17.72299832199516,0.33771301302591356,-0.0422085271171285,0.0026629246024042806,True
3452,2795,111.8,03/22/2026 12:55:12.040,17.54303892,0.337106772,17.736389119724784,0.3366245137378782,-0.03643171581856093,0.0028995137569290457,True
3453,2796,111.84,03/22/2026 12:55:12.080,17.54303892,0.337106772,17.74975782534868,0.3362431122019555,-0.026080185720809543,0.0037454300412073783,True
3454,2797,111.88,03/22/2026 12:55:12.120,17.54303892,0.337106772,17.76311067021401,0.3362575678556019,-0.015902643442508788,0.0041333303837509305,True
3455,2798,111.92,03/22/2026 12:55:12.160,17.54303892,0.337106772,17.776452118811257,0.33644498193668737,-0.007973899734138545,0.0043144750993822905,True
3456,2799,111.96000000000001,03/22/2026 12:55:12.200,17.54303892,0.505660158,17.794653204196464,0.43026023349077075,0.8965135592849972,5.1176131292468785,True
3457,2800,112.0,03/22/2026 12:55:12.240,17.54303892,0.337106772,17.808694079563708,0.3944830843119405,0.20821517838160586,2.9660907314484364,True
3458,2801,112.04,03/22/2026 12:55:12.280,17.54303892,0.337106772,17.822574618762435,0.366326927447308,-0.14232222807912925,0.7736265005842946,True
3459,2802,112.08,03/22/2026 12:55:12.320,17.54303892,0.337106772,17.83625928872231,0.3475687651915575,-0.26783710081267864,0.10466054888325316,True
3460,2803,112.12,03/22/2026 12:55:12.360,17.54303892,0.337106772,17.849772401704573,0.3369933295455382,-0.26648951297942136,0.006784237336101615,True
3461,2804,112.16,03/22/2026 12:55:12.400,17.54303892,0.337106772,17.86315969862191,0.33231391334015425,-0.20900817476007658,0.028023357158348895,True
3462,2805,112.2,03/22/2026 12:55:12.440,17.54303892,0.337106772,17.87646669063336,0.3312552905269493,-0.13882816099828316,0.03878028611965462,True
3463,2806,112.24000000000001,03/22/2026 12:55:12.480,17.54303892,0.337106772,17.889729075811957,0.3320328841210109,-0.0779767424691273,0.0317905423795734,True
3464,2807,112.28,03/22/2026 12:55:12.520,17.54303892,0.337106772,17.9029705712053,0.3334611647888974,-0.0342595677356858,0.021267241152490977,True
3465,2808,112.32000000000001,03/22/2026 12:55:12.560,17.54303892,0.337106772,17.916204505466148,0.334874020720499,-0.0074916011603346315,0.014500347544890824,True
3466,2809,112.36,03/22/2026 12:55:12.600,17.54303892,0.337106772,17.929436744085034,0.3359784970027556,0.006026483077779034,0.011888852783287331,True
3467,2810,112.4,03/22/2026 12:55:12.640,17.71846931,0.337106772,17.94277289461633,0.3367110257307373,0.010764156545853006,0.003761877516278748,True
3468,2811,112.44,03/22/2026 12:55:12.680,17.71846931,0.337106772,17.956107571682438,0.3371210225957803,0.010582926155446336,0.004065494174193627,True
3469,2812,112.48,03/22/2026 12:55:12.720,17.71846931,0.337106772,17.96943895005167,0.33730007130457573,0.008253248733362008,0.004568253029665972,True
3470,2813,112.52,03/22/2026 12:55:12.760,17.71846931,0.337106772,17.982765235837316,0.3373381881309547,0.005465744949167203,0.005077239549384944,True
3471,2814,112.56,03/22/2026 12:55:12.800,17.71846931,0.337106772,17.996085033287095,0.3373054823915106,0.0030700033812270434,0.005584148173549609,True
3472,2815,112.60000000000001,03/22/2026 12:55:12.840,17.71846931,0.337106772,18.009397422943707,0.33724824835358624,0.0013602660951703407,0.006111356044170598,True
3473,2816,112.64,03/22/2026 12:55:12.880,17.8938997,0.337106772,18.022806137053877,0.3371932207324608,0.000317649722408246,0.0012030339883129732,True
3474,2817,112.68,03/22/2026 12:55:12.920,17.8938997,0.337106772,18.03620665343621,0.3371501303600132,-0.00020863375259687952,0.0014595882639505133,True
3475,2818,112.72,03/22/2026 12:55:12.960,17.8938997,0.337106772,18.049598927423986,0.33712153435939984,-0.00039245862076183163,0.0017453581264560494,True
3476,2819,112.76,03/22/2026 12:55:13.000,17.8938997,0.337106772,18.06298300460232,0.33710547683107633,-0.00038423618200933906,0.002058063768045875,True
3477,2820,112.8,03/22/2026 12:55:13.040,17.8938997,0.337106772,18.076358962342116,0.3370984121506998,-0.0002918443900546302,0.0023966140080651935,True
3478,2821,112.84,03/22/2026 12:55:13.080,17.8938997,0.337106772,18.089726877012858,0.3370968443309459,-0.00018122329859521122,0.002760669655965837,True
3479,2822,112.88,03/22/2026 12:55:13.120,17.8938997,0.337106772,18.103086809612723,0.3370980455186724,-8.55896069471942e-05,0.003150172450156296,True
3480,2823,112.92,03/22/2026 12:55:13.160,17.8938997,0.337106772,18.116438802656212,0.33710021161629683,-1.6518041345529627e-05,0.0035651112824252587,True
3481,2824,112.96000000000001,03/22/2026 12:55:13.200,17.8938997,0.337106772,18.129782882732673,0.3371023343594824,2.651182116505727e-05,0.004005457813167041,True
3482,2825,113.0,03/22/2026 12:55:13.240,17.8938997,0.337106772,18.143119065040853,0.33710397459074604,4.928854099580346e-05,0.0044711674750432286,True
3483,2826,113.04,03/22/2026 12:55:13.280,17.8938997,0.337106772,18.156447357834637,0.3371050399753118,5.870832721131197e-05,0.004962190683815052,True
3484,2827,113.08,03/22/2026 12:55:13.320,17.8938997,0.337106772,18.16976776588049,0.3371056121289948,6.068832443308503e-05,0.005478478719586955,True
3485,2828,113.12,03/22/2026 12:55:13.360,17.8938997,0.168553386,18.17821198058982,0.2435149114926033,-0.8991909149805627,5.059964226653674,True
3486,2829,113.16,03/22/2026 12:55:13.400,17.8938997,0.168553386,18.185932914163814,0.18589401169803002,-1.1072218892950048,0.27663438787509725,True
3487,2830,113.2,03/22/2026 12:55:13.440,17.8938997,0.168553386,18.193084092210526,0.1565668651157921,-0.9634443922129327,0.13563323417860432,True
3488,2831,113.24000000000001,03/22/2026 12:55:13.480,17.8938997,0.168553386,18.199854555946846,0.14608161797899033,-0.6938860452509692,0.46085459949595325,True
3489,2832,113.28,03/22/2026 12:55:13.520,17.8938997,0.168553386,18.206408800267,0.14621371027919952,-0.42591256253758847,0.4558216326155092,True
3490,2833,113.32000000000001,03/22/2026 12:55:13.560,17.8938997,0.337106772,18.217733613317687,0.24463048606682902,0.6834199964174937,7.698830742898303,True
3491,2834,113.36,03/22/2026 12:55:13.600,17.8938997,0.337106772,18.229748813193776,0.3081348886286522,1.0309525071523917,0.7629597504182323,True
3492,2835,113.4,03/22/2026 12:55:13.640,17.8938997,0.337106772,18.242337738260314,0.342560238609105,0.9655175871665758,0.03550617942642663,True
3493,2836,113.44,03/22/2026 12:55:13.680,17.8938997,0.168553386,18.250456081768974,0.2631155203426999,-0.16886626587618014,8.051915784921736,True
3494,2837,113.48,03/22/2026 12:55:13.720,17.8938997,0.168553386,18.25809192970687,0.20760299670770532,-0.6373215904056899,1.3811538399460932,True
3495,2838,113.52,03/22/2026 12:55:13.760,17.8938997,0.168553386,18.265274126053896,0.17458068382738645,-0.7096411883442774,0.0426231238768072,True
3496,2839,113.56,03/22/2026 12:55:13.800,17.8938997,0.168553386,18.272111491114522,0.15860776671253882,-0.5903497884248801,0.09922685541548376,True
3497,2840,113.60000000000001,03/22/2026 12:55:13.840,17.8938997,0.168553386,18.278725191809546,0.1536260830205834,-0.41129834092015716,0.21101560729084423,True
3498,2841,113.64,03/22/2026 12:55:13.880,17.8938997,0.168553386,18.28521602921237,0.15459574899295664,-0.24387929812541112,0.18618979301674468,True
3499,2842,113.68,03/22/2026 12:55:13.920,17.8938997,0.168553386,18.29165423616299,0.1580052828793445,-0.11736134074340035,0.1114194870401734,True
3500,2843,113.72,03/22/2026 12:55:13.960,17.8938997,0.168553386,18.29808146324857,0.16177230976170406,-0.03603295830554652,0.05309164137236339,True
3501,2844,113.76,03/22/2026 12:55:14.000,17.8938997,0.168553386,18.30451776162251,0.16489442351200945,0.007842233992421677,0.024164751019122833,True
3502,2845,113.8,03/22/2026 12:55:14.040,17.8938997,0.0,18.306100982137682,0.07347252003983624,-0.8735527754204889,4.867675520659699,True
3503,2846,113.84,03/22/2026 12:55:14.080,18.06933009,0.0,18.307086609188858,0.017134779773913717,-1.0791120716994667,0.2681723929507566,True
3504,2847,113.88,03/22/2026 12:55:14.120,18.06933009,0.0,18.307519827935344,-0.01157768930108115,-0.9402362842701479,0.12461679399374198,True
3505,2848,113.92,03/22/2026 12:55:14.160,18.06933009,0.0,18.30758487611856,-0.021876729345868214,-0.677813099264491,0.43448352898142817,True
3506,2849,113.96000000000001,03/22/2026 12:55:14.200,18.06933009,0.0,18.307442281800373,-0.02178872017433078,-0.4164456671007673,0.4310224986877317,True
3507,2850,114.0,03/22/2026 12:55:14.240,18.06933009,-0.168553386,18.302339454122304,-0.11069087638768779,-1.1105750639181444,3.0152947636490293,True
3508,2851,114.04,03/22/2026 12:55:14.280,18.06933009,-0.168553386,18.296500401265774,-0.16257747993465685,-1.1822719275321472,0.035846647267880526,True
3509,2852,114.08,03/22/2026 12:55:14.320,18.06933009,-0.168553386,18.290114729905174,-0.18692895549956035,-0.9618479397303961,0.30716456970279427,True
3510,2853,114.12,03/22/2026 12:55:14.360,18.06933009,-0.168553386,18.28338428645557,-0.1938377417999413,-0.6585457824934438,0.5782341661176139,True
3511,2854,114.16,03/22/2026 12:55:14.400,18.06933009,-0.168553386,18.27647328524724,-0.19151469523212306,-0.38311061908669,0.4772285598433097,True
3512,2855,114.2,03/22/2026 12:55:14.440,18.06933009,-0.168553386,18.26949415937414,-0.18558162531193875,-0.17884832736224082,0.2636437437438363,True
3513,2856,114.24000000000001,03/22/2026 12:55:14.480,18.06933009,-0.168553386,18.26251231833677,-0.17930917047972889,-0.04983017243035112,0.10671610427177297,True
3514,2857,114.28,03/22/2026 12:55:14.520,18.06933009,-0.168553386,18.2555582989931,-0.17422434094814507,0.018190610989225364,0.03141123574135842,True
3515,2858,114.32000000000001,03/22/2026 12:55:14.560,18.06933009,-0.168553386,18.248640611545184,-0.17075281506572498,0.044567230072569575,0.0066617155259884675,True
3516,2859,114.36,03/22/2026 12:55:14.600,18.06933009,-0.168553386,18.24175615324762,-0.16873962317687138,0.04679387439583369,0.0021711335021483767,True
3517,2860,114.4,03/22/2026 12:55:14.640,18.06933009,-0.168553386,18.234897318054617,-0.16780462936863833,0.03780461917057926,0.0024787510996473004,True
3518,2861,114.44,03/22/2026 12:55:14.680,18.06933009,-0.168553386,18.228056119589425,-0.16754867989361416,0.025745287103759076,0.0027230246471334875,True
3519,2862,114.48,03/22/2026 12:55:14.720,18.06933009,-0.168553386,18.221226105959303,-0.16764934412426036,0.0148938197415586,0.0023972789536170704,True
3520,2863,114.52,03/22/2026 12:55:14.760,18.06933009,-0.168553386,18.21440288388592,-0.16788712135194697,0.006895025846990924,0.0019152103177444736,True
3521,2864,114.56,03/22/2026 12:55:14.800,18.06933009,-0.337106772,18.20271559266001,-0.2617260514376381,-0.8973787172133134,5.112003495644215,True
3522,2865,114.60000000000001,03/22/2026 12:55:14.840,18.06933009,-0.337106772,18.19031595771482,-0.31954658608562403,-1.1080361389412,0.27841324631586833,True
3523,2866,114.64,03/22/2026 12:55:14.880,17.8938997,-0.337106772,18.177253498759477,-0.3490100485528959,-0.9652565568612453,0.13318272077268756,True
3524,2867,114.68,03/22/2026 12:55:14.920,17.8938997,-0.337106772,18.163821126962617,-0.35957356831741344,-0.6957562916262315,0.4591674277062886,True
3525,2868,114.72,03/22/2026 12:55:14.960,17.8938997,-0.337106772,18.150183637811697,-0.3594772152825486,-0.42741128853946064,0.45476833386753984,True
3526,2869,114.76,03/22/2026 12:55:15.000,17.8938997,-0.337106772,18.136459816119352,-0.35466054120074914,-0.21684656831617474,0.2813326037276085,True
3527,2870,114.8,03/22/2026 12:55:15.040,17.8938997,-0.337106772,18.122722633343283,-0.3487724394915803,-0.07691498826537108,0.12614190572790207,True
3528,2871,114.84,03/22/2026 12:55:15.080,17.8938997,-0.337106772,18.10900911210953,-0.3436643665623759,0.0017406846199145704,0.04199393122111839,True
3529,2872,114.88,03/22/2026 12:55:15.120,17.8938997,-0.337106772,18.095332384997274,-0.33999327783027455,0.0363585273626078,0.010409198523417092,True
3530,2873,114.92,03/22/2026 12:55:15.160,17.8938997,-0.337106772,18.08169215580356,-0.3377446891496563,0.044002865024439314,0.0029035861819650855,True
3531,2874,114.96000000000001,03/22/2026 12:55:15.200,17.71846931,-0.337106772,18.067978620580526,-0.336609502616112,0.038022496591436264,0.009017763309389856,True
3532,2875,115.0,03/22/2026 12:55:15.240,17.71846931,-0.337106772,18.05428792506011,-0.3362109569194365,0.027261761736594368,0.008842876172258868,True
3533,2876,115.04,03/22/2026 12:55:15.280,17.71846931,-0.337106772,18.040613583008405,-0.3362250657968512,0.016670868671179888,0.008172477816441707,True
3534,2877,115.08,03/22/2026 12:55:15.320,17.71846931,-0.337106772,18.026950944899205,-0.3364196773289843,0.008415128767807858,0.007276966387157078,True
3535,2878,115.12,03/22/2026 12:55:15.360,17.71846931,-0.337106772,18.013297168914715,-0.33665302422060756,0.0029592114515755875,0.006443811436746509,True
3536,2879,115.16,03/22/2026 12:55:15.400,17.71846931,-0.337106772,17.999650822277488,-0.3368537905878297,-8.771993691173308e-05,0.005749760879137501,True
3537,2880,115.2,03/22/2026 12:55:15.440,17.71846931,-0.337106772,17.986011403253297,-0.3369972122274688,-0.0014135736956633822,0.005163831578746555,True
3538,2881,115.24000000000001,03/22/2026 12:55:15.480,17.71846931,-0.337106772,17.972378929879802,-0.3370845131214629,-0.0016915752223523248,0.004641525503863836,True
3539,2882,115.28,03/22/2026 12:55:15.520,17.54303892,-0.337106772,17.958650134414583,-0.33712912538830286,-0.001441402469963208,0.012434918389201246,True
3540,2883,115.32000000000001,03/22/2026 12:55:15.560,17.54303892,-0.337106772,17.94492888001756,-0.33714444445270053,-0.0010068684823153933,0.01162819851422161,True
3541,2884,115.36,03/22/2026 12:55:15.600,17.54303892,-0.337106772,17.931215419915258,-0.3371434559846767,-0.0005835989395019704,0.01084819080565135,True
3542,2885,115.4,03/22/2026 12:55:15.640,17.54303892,-0.337106772,17.917509932735616,-0.33713541533546887,-0.0002561922316448089,0.010095306856071016,True
3543,2886,115.44,03/22/2026 12:55:15.680,17.54303892,-0.337106772,17.90381252443145,-0.33712594370255916,-4.1814805133319894e-05,0.009369954727678605,True
3544,2887,115.48,03/22/2026 12:55:15.720,17.54303892,-0.505660158,17.88525492007584,-0.43070876756263343,-0.8991743425124387,5.0612498049647545,True
3545,2888,115.52,03/22/2026 12:55:15.760,17.54303892,-0.505660158,17.865990028516013,-0.4883239056591874,-1.107154191252416,0.27787173386377806,True
3546,2889,115.56,03/22/2026 12:55:15.800,17.54303892,-0.505660158,17.84617136331707,-0.5176474400903324,-0.9633677333219137,0.13582036312924387,True
3547,2890,115.60000000000001,03/22/2026 12:55:15.840,17.54303892,-0.505660158,17.825987944112306,-0.5281307812422709,-0.6938221237392603,0.45983783902327907,True
3548,2891,115.64,03/22/2026 12:55:15.880,17.54303892,-0.505660158,17.80560424187066,-0.5279979278433046,-0.4258693432562838,0.4536878864501865,True
3549,2892,115.68,03/22/2026 12:55:15.920,17.54303892,-0.337106772,17.790007034526706,-0.4295810419079078,0.6834423567453934,7.695403377422454,True
3550,2893,115.72,03/22/2026 12:55:15.960,17.54303892,-0.337106772,17.775116132628288,-0.366076821573057,1.0309573584475618,0.7586497182912256,True
3551,2894,115.76,03/22/2026 12:55:16.000,17.54303892,-0.337106772,17.760814857364963,-0.33165172433923695,0.9655091246158558,0.030189189973558725,True
3552,2895,115.8,03/22/2026 12:55:16.040,17.36760853,-0.337106772,17.746823826450754,-0.31750664239877774,0.7303693448835424,0.3559403365345369,True
3553,2896,115.84,03/22/2026 12:55:16.080,17.36760853,-0.337106772,17.733081639995298,-0.3153987296620379,0.4699436146866912,0.4335228623633881,True
3554,2897,115.88,03/22/2026 12:55:16.120,17.36760853,-0.337106772,17.719463612641572,-0.3190940556641823,0.25384764593441955,0.30078949120697257,True
3555,2898,115.92,03/22/2026 12:55:16.160,17.36760853,-0.337106772,17.705889519572597,-0.3245817057270526,0.10358217634741793,0.14937311857652835,True
3556,2899,115.96000000000001,03/22/2026 12:55:16.200,17.36760853,-0.337106772,17.69231602830707,-0.32969537571452395,0.014660936702294028,0.05701552773155367,True
3557,2900,116.0,03/22/2026 12:55:16.240,17.36760853,-0.505660158,17.67385713264153,-0.4271423534099716,-0.9272527794138231,5.551829637032921,True
3558,2901,116.04,03/22/2026 12:55:16.280,17.36760853,-0.505660158,17.654663227710422,-0.4872370961027035,-1.148268454970232,0.31124648177971426,True
3559,2902,116.08,03/22/2026 12:55:16.320,17.36760853,-0.505660158,17.634892619741123,-0.5178953123955267,-1.0015069672915486,0.13975179940218352,True
3560,2903,116.12,03/22/2026 12:55:16.360,17.36760853,-0.505660158,17.614741346538217,-0.5289193155847531,-0.7225005414651597,0.49090880555249566,True
3561,2904,116.16,03/22/2026 12:55:16.400,17.36760853,-0.505660158,17.59438038932221,-0.5288586122082921,-0.444221433242946,0.4876823131638104,True
3562,2905,116.2,03/22/2026 12:55:16.440,17.36760853,-0.505660158,17.57393309550182,-0.5238810342358627,-0.22565252192832105,0.3016310314227672,True
3563,2906,116.24000000000001,03/22/2026 12:55:16.480,17.36760853,-0.505660158,17.553475302937034,-0.5177789458196922,-0.08028344701736018,0.13455650507756792,True
3564,2907,116.28,03/22/2026 12:55:16.520,17.36760853,-0.505660158,17.53304553394694,-0.5124789386556483,0.0015075660125432738,0.04377807781512532,True
3565,2908,116.32000000000001,03/22/2026 12:55:16.560,17.36760853,-0.505660158,17.512657492291808,-0.5086666777468749,0.03756753619235453,0.009640312791923573,True
3566,2909,116.36,03/22/2026 12:55:16.600,17.19217814,-0.505660158,17.492207688570787,-0.5063305257675058,0.04559629672132241,0.0068824252715754455,True
3567,2910,116.4,03/22/2026 12:55:16.640,17.19217814,-0.505660158,17.471792994037997,-0.5051486108766434,0.039447676013671995,0.00586497094830585,True
3568,2911,116.44,03/22/2026 12:55:16.680,17.19217814,-0.505660158,17.451405625331642,-0.5047322415400755,0.02830516597945204,0.005614116972859966,True
3569,2912,116.48,03/22/2026 12:55:16.720,17.19217814,-0.505660158,17.431038848202967,-0.5047451803722073,0.01731875135499695,0.004862194800698187,True
3570,2913,116.52,03/22/2026 12:55:16.760,17.54303892,-0.505660158,17.41089420560801,-0.5049444502370614,0.008738829315944736,0.0017168789062745801,True
3571,2914,116.56,03/22/2026 12:55:16.800,17.54303892,-0.505660158,17.390762245208577,-0.5051856022732046,0.0030526406903002186,0.0018711236555862942,True
3572,2915,116.60000000000001,03/22/2026 12:55:16.840,17.54303892,-0.505660158,17.370641463019968,-0.5053939026814547,-0.0001339035041598739,0.0022028524326902256,True
3573,2916,116.64,03/22/2026 12:55:16.880,17.54303892,-0.505660158,17.350531325217965,-0.5055431250322082,-0.0015295047715074726,0.0026798919213986048,True
3574,2917,116.68,03/22/2026 12:55:16.920,17.36760853,-0.505660158,17.330328694576217,-0.5056351242527315,-0.0018281972274372526,0.00010060163314719097,True
3575,2918,116.72,03/22/2026 12:55:16.960,17.36760853,-0.505660158,17.310137024697386,-0.5056812486529612,-0.0015727074041236326,0.00023818300008753585,True
3576,2919,116.76,03/22/2026 12:55:17.000,17.36760853,-0.505660158,17.289956618530127,-0.505697112060393,-0.001126046999704094,0.00043532439443555156,True
3577,2920,116.8,03/22/2026 12:55:17.040,17.19217814,-0.505660158,17.26968461856596,-0.5056970277573799,-0.0006871097625830171,0.0004336408222321367,True
3578,2921,116.84,03/22/2026 12:55:17.080,17.01674775,-0.505660158,17.249321276307295,-0.5056899877862332,-0.00033933201150254677,0.0038945504243674696,True
3579,2922,116.88,03/22/2026 12:55:17.120,17.01674775,-0.505660158,17.228969868894968,-0.5056805642146769,-0.00010371916450483337,0.003242505836238678,True
3580,2923,116.92,03/22/2026 12:55:17.160,17.01674775,-0.505660158,17.208630453294134,-0.5056720759918728,3.0948713407890857e-05,0.002650597547966747,True
3581,2924,116.96000000000001,03/22/2026 12:55:17.200,16.84131737,-0.505660158,17.188199970018637,-0.5056667109426748,9.455239870210005e-05,0.00866204796097964,True
3582,2925,117.0,03/22/2026 12:55:17.240,16.84131737,-0.505660158,17.16778154658402,-0.5056630872710289,0.00011556974410120968,0.007672301345201033,True
3583,2926,117.04,03/22/2026 12:55:17.280,16.84131737,-0.505660158,17.147375169361183,-0.5056609957163445,0.00011237952040882171,0.006743128260087371,True
3584,2927,117.08,03/22/2026 12:55:17.320,16.84131737,-0.505660158,17.126980820517698,-0.5056600162609554,9.832196254497075e-05,0.005874406441726223,True
3585,2928,117.12,03/22/2026 12:55:17.360,17.19217814,-0.505660158,17.10680455254327,-0.5056579020815646,7.495303686060638e-05,0.0005246913953624715,True
3586,2929,117.16,03/22/2026 12:55:17.400,17.19217814,-0.505660158,17.08664016036132,-0.5056572727304887,4.490668033170045e-05,0.0008018158224847498,True
3587,2930,117.2,03/22/2026 12:55:17.440,17.19217814,-0.505660158,17.06648762059303,-0.5056574225924634,1.7529828363049163e-05,0.0011372630157922801,True
3588,2931,117.24000000000001,03/22/2026 12:55:17.480,16.84131737,-0.505660158,17.046140904370787,-0.5056596942810562,3.106784679375457e-06,0.0030200516763372984,True
3589,2932,117.28,03/22/2026 12:55:17.520,16.84131737,-0.505660158,17.025806125340555,-0.5056608554717108,3.493041890175064e-06,0.0024501583220667587,True
3590,2933,117.32000000000001,03/22/2026 12:55:17.560,16.84131737,-0.505660158,17.005483281205027,-0.5056612593899472,9.60383483470781e-06,0.001940082892587921,True
3591,2934,117.36,03/22/2026 12:55:17.600,16.84131737,-0.505660158,16.985172368988195,-0.5056612247436342,1.6177621667534817e-05,0.0014897185617445924,True
3592,2935,117.4,03/22/2026 12:55:17.640,16.84131737,-0.505660158,16.964873384058368,-0.5056609868756312,2.0776036336827728e-05,0.00109896042257659,True
3593,2936,117.44,03/22/2026 12:55:17.680,16.84131737,-0.505660158,16.944586320049485,-0.5056606938298583,2.2736649600304863e-05,0.000767703921913851,True
3594,2937,117.48,03/22/2026 12:55:17.720,16.84131737,-0.505660158,16.924311169198706,-0.5056604232316864,2.232822737497686e-05,0.0004958445277972151,True
3595,2938,117.52,03/22/2026 12:55:17.760,16.84131737,-0.505660158,16.904047922797098,-0.5056602048229419,2.0176319242708547e-05,0.00028327778874733905,True
3596,2939,117.56,03/22/2026 12:55:17.800,16.84131737,-0.505660158,16.883796571594424,-0.5056600407026803,1.693165547762992e-05,0.00012989941549394637,True
3597,2940,117.60000000000001,03/22/2026 12:55:17.840,16.84131737,-0.505660158,16.86355710609715,-0.5056599202281538,1.311729624347453e-05,3.5605309595636375e-05,True
3598,2941,117.64,03/22/2026 12:55:17.880,16.84131737,-0.505660158,16.843329516755343,-0.5056598293610246,9.08789806147063e-06,2.915597005386782e-07,True
3599,2942,117.68,03/22/2026 12:55:17.920,16.84131737,-0.505660158,16.82311379406027,-0.5056597555486344,5.047536032935432e-06,2.3854430886068147e-05,True
3600,2943,117.72,03/22/2026 12:55:17.960,16.84131737,-0.505660158,16.802909928581467,-0.5056596895778495,1.0897648137793418e-06,0.00010619035756085583,True
3601,2944,117.76,03/22/2026 12:55:18.000,16.84131737,-0.505660158,16.782717910968955,-0.5056596256868718,-2.760979129564231e-06,0.00024719594070967847,True
3602,2945,117.8,03/22/2026 12:55:18.040,16.84131737,-0.505660158,16.762537731939478,-0.5056595608784358,-6.516214158829214e-06,0.00044676794747617964,True
3603,2946,117.84,03/22/2026 12:55:18.080,16.84131737,-0.505660158,16.742369382258566,-0.5056594940243965,-1.0200991475335335e-05,0.0007048033114489234,True
3604,2947,117.88,03/22/2026 12:55:18.120,16.84131737,-0.505660158,16.722212852724585,-0.5056594250686257,-1.384103519561847e-05,0.0010211991329175808,True
3605,2948,117.92,03/22/2026 12:55:18.160,16.84131737,-0.505660158,16.702068134157052,-0.5056593544437351,-1.7456879424335837e-05,0.0013958526789249184,True
3606,2949,117.96000000000001,03/22/2026 12:55:18.200,16.66588698,-0.505660158,16.681832391309023,-0.5056601940616814,-1.771404750626957e-05,1.8303132194499255e-05,True
3607,2950,118.0,03/22/2026 12:55:18.240,16.49045659,-0.505660158,16.661505683646965,-0.5056613782786886,-1.0474787147703277e-05,0.0021061799185854075,True
3608,2951,118.04,03/22/2026 12:55:18.280,16.49045659,-0.505660158,16.641190881791097,-0.5056616705673088,1.1495470208039864e-06,0.0016356038529851042,True
3609,2952,118.08,03/22/2026 12:55:18.320,16.49045659,-0.505660158,16.620887984815564,-0.5056614882328321,1.1464855591806717e-05,0.0012246676811099534,True
3610,2953,118.12,03/22/2026 12:55:18.360,16.49045659,-0.505660158,16.6005969891976,-0.5056611181633712,1.8218552344857888e-05,0.0008732672627410638,True
3611,2954,118.16,03/22/2026 12:55:18.400,16.49045659,-0.505660158,16.580317889041346,-0.5056607280221377,2.116934108835174e-05,0.0005812984805123496,True
3612,2955,118.2,03/22/2026 12:55:18.440,16.49045659,-0.505660158,16.560050676686263,-0.5056603966681981,2.102192021349219e-05,0.000348657063391965,True
3613,2956,118.24000000000001,03/22/2026 12:55:18.480,16.49045659,-0.505660158,16.539795343356708,-0.5056601466369876,1.87513238268605e-05,0.00017523879213206643,True
3614,2957,118.28,03/22/2026 12:55:18.520,16.3150262,-0.505660158,16.519449131929715,-0.5056608819599923,1.8593073296453714e-05,0.0030082433386065606,True
3615,2958,118.32000000000001,03/22/2026 12:55:18.560,16.3150262,-0.505660158,16.499114839191833,-0.5056611061049434,2.2003286380310253e-05,0.002439538484975026,True
3616,2959,118.36,03/22/2026 12:55:18.600,16.3150262,-0.505660158,16.478792460295338,-0.5056610394889328,2.5493475530491186e-05,0.0019306455065094391,True
3617,2960,118.4,03/22/2026 12:55:18.640,16.49045659,-0.505660158,16.45858470777805,-0.5056599308443407,2.4147219681067284e-05,7.312554144282588e-05,True
3618,2961,118.44,03/22/2026 12:55:18.680,16.3150262,-0.674213543,16.433417749439872,-0.5992511886765651,-0.8992302209833651,5.0551497012834234,True
3619,2962,118.48,03/22/2026 12:55:18.720,16.3150262,-0.674213543,16.407547221571605,-0.6568722108561147,-1.1072610389665725,0.27110095406881846,True
3620,2963,118.52,03/22/2026 12:55:18.760,16.3150262,-0.674213543,16.3811266381776,-0.686199234580433,-0.9634834071133913,0.12951231187160628,True
3621,2964,118.56,03/22/2026 12:55:18.800,16.3150262,-0.674213543,16.354345027832043,-0.6966842502758671,-0.6939262503610314,0.4542404036149482,True
3622,2965,118.60000000000001,03/22/2026 12:55:18.840,16.3150262,-0.674213543,16.32736687175164,-0.6965519019160324,-0.4259555790105932,0.4488119422205277,True
3623,2966,118.64,03/22/2026 12:55:18.880,16.3150262,-0.674213543,16.300310630362972,-0.6917258091825547,-0.2158776000621259,0.2758460680844195,True
3624,2967,118.68,03/22/2026 12:55:18.920,16.3150262,-0.674213543,16.273249014242424,-0.6858421082948604,-0.07637939261471097,0.12175047297330363,True
3625,2968,118.72,03/22/2026 12:55:18.960,15.78873503,-0.674213543,16.245910944035668,-0.6807463669582833,0.0019686608092848445,0.05340252851760512,True
3626,2969,118.76,03/22/2026 12:55:19.000,16.3150262,-0.674213543,16.218925441550162,-0.6770834301623495,0.036400016629958246,0.008075103880129197,True
3627,2970,118.8,03/22/2026 12:55:19.040,16.3150262,-0.674213543,16.191984104092118,-0.6748417153630801,0.043940901885661396,0.0014454627366406016,True
3628,2971,118.84,03/22/2026 12:55:19.080,16.3150262,-0.674213543,16.165080703922314,-0.6737104458459876,0.0379122290480126,0.0018454679429292331,True
3629,2972,118.88,03/22/2026 12:55:19.120,15.96416542,-0.674213543,16.138002519343146,-0.6733162557082714,0.027140840807647934,0.0029009854785172562,True
3630,2973,118.92,03/22/2026 12:55:19.160,15.96416542,-0.674213543,16.110948385147015,-0.6733324216485189,0.016564549667862402,0.002250457242822246,True
3631,2974,118.96000000000001,03/22/2026 12:55:19.200,15.78873503,-0.674213543,16.083811078848118,-0.6735285301235526,0.008334363200004198,0.006691817882964242,True
3632,2975,119.0,03/22/2026 12:55:19.240,15.78873503,-0.674213543,16.05669040850044,-0.6737620181792991,0.002906275257049497,0.005353161657752261,True
3633,2976,119.04,03/22/2026 12:55:19.280,15.78873503,-0.674213543,16.029584949775405,-0.6739622822939656,-0.00011826959098982116,0.004233211610413983,True
3634,2977,119.08,03/22/2026 12:55:19.320,15.78873503,-0.674213543,16.002494204229663,-0.6741050123941886,-0.001429450666438839,0.0033001065871716717,True
3635,2978,119.12,03/22/2026 12:55:19.360,15.96416542,-0.674213543,15.97552073459601,-0.6741907634769126,-0.0017032052853609924,9.751341063497684e-06,True
3636,2979,119.16,03/22/2026 12:55:19.400,15.96416542,-0.674213543,15.948562177237001,-0.6742336302716849,-0.001461563189668058,1.7891848730478766e-05,True
3637,2980,119.2,03/22/2026 12:55:19.440,15.78873503,-0.674213543,15.921516286242527,-0.6742491674386873,-0.0010399558144771432,0.001270287865182037,True
3638,2981,119.24000000000001,03/22/2026 12:55:19.480,15.78873503,-0.674213543,15.894485885007605,-0.6742484367075129,-0.0006259450285707944,0.0008061072812351642,True
3639,2982,119.28,03/22/2026 12:55:19.520,15.78873503,-0.674213543,15.867471144724616,-0.6742406062123654,-0.0003047003585247487,0.0004469124545892826,True
3640,2983,119.32000000000001,03/22/2026 12:55:19.560,15.43787425,-0.674213543,15.840267168619976,-0.6742330912330583,-8.760605690149892e-05,0.011656387469131767,True
3641,2984,119.36,03/22/2026 12:55:19.600,15.43787425,-0.674213543,15.813079113251128,-0.6742257456760146,4.254695134726328e-05,0.010134306868736847,True
3642,2985,119.4,03/22/2026 12:55:19.640,15.43787425,-0.674213543,15.785906995419662,-0.6742200222016537,0.0001052164984064758,0.008719553567769253,True
3643,2986,119.44,03/22/2026 12:55:19.680,15.43787425,-0.674213543,15.75875080888701,-0.6742162207191134,0.00012345813012816704,0.00741189181690182,True
3644,2987,119.48,03/22/2026 12:55:19.720,15.43787425,-0.674213543,15.731610535895939,-0.6742140644609281,0.0001170072874986617,0.006211096453183173,True
3645,2988,119.52,03/22/2026 12:55:19.760,15.43787425,-0.674213543,15.704486154755921,-0.6742130792517793,9.9911199981073e-05,0.005116963565738225,True
3646,2989,119.56,03/22/2026 12:55:19.800,15.43787425,-0.674213543,15.677377644059167,-0.6742128043121901,8.068958217125218e-05,0.004129302335207539,True
3647,2990,119.60000000000001,03/22/2026 12:55:19.840,15.43787425,-0.674213543,15.650284984498487,-0.6742128831526489,6.358569730639258e-05,0.0032479268342756767,True
3648,2991,119.64,03/22/2026 12:55:19.880,15.43787425,-0.674213543,15.623208159230627,-0.6742130817419464,5.003536832881906e-05,0.002472652077873697,True
3649,2992,119.68,03/22/2026 12:55:19.920,15.26244386,-0.674213543,15.596044739902409,-0.6742141818100333,4.326782076055161e-05,0.008011379942459306,True
3650,2993,119.72,03/22/2026 12:55:19.960,15.26244386,-0.674213543,15.56889718471098,-0.6742146503331642,4.329501861724392e-05,0.006760542706826012,True
3651,2994,119.76,03/22/2026 12:55:20.000,15.26244386,-0.674213543,15.541765486073224,-0.6742147171895793,4.52978770146847e-05,0.00561645104436589,True
3652,2995,119.8,03/22/2026 12:55:20.040,15.26244386,-0.674213543,15.514649635582488,-0.6742145703448927,4.671214905837221e-05,0.004578918235294044,True
3653,2996,119.84,03/22/2026 12:55:20.080,15.26244386,-0.674213543,15.487549623671761,-0.6742143390118203,4.652362546144699e-05,0.003647758245307544,True
3654,2997,119.88,03/22/2026 12:55:20.120,15.26244386,-0.505660158,15.465333785234456,-0.5806231781334945,0.8992949810527899,5.05696856862654,True
3655,2998,119.92,03/22/2026 12:55:20.160,15.61330464,-0.505660158,15.444053948929065,-0.5230002353595244,1.1073140657207599,0.2725201545872349,True
3656,2999,119.96000000000001,03/22/2026 12:55:20.200,15.61330464,-0.505660158,15.42335175046647,-0.4936723212564391,0.9635160579751227,0.13182758652983834,True
3657,3000,120.0,03/22/2026 12:55:20.240,15.26244386,-0.505660158,15.402833453422227,-0.48318884996374695,0.6939439207683675,0.4556099606803367,True
3658,3001,120.04,03/22/2026 12:55:20.280,15.26244386,-0.505660158,15.382539342641977,-0.48332190595606495,0.4259688026150885,0.4498626064903039,True
3659,3002,120.08,03/22/2026 12:55:20.320,15.26244386,-0.505660158,15.362350941960537,-0.4881481469309257,0.21589019885749122,0.2765549231836304,True
3660,3003,120.12,03/22/2026 12:55:20.360,15.26244386,-0.505660158,15.34219552439641,-0.4940316794281541,0.07639138908024254,0.12208500621961528,True
3661,3004,120.16,03/22/2026 12:55:20.400,15.26244386,-0.505660158,15.322036227785762,-0.49912984536385907,-0.001948892667768709,0.03861425710664968,True
3662,3005,120.2,03/22/2026 12:55:20.440,15.26244386,-0.505660158,15.301860005105814,-0.5027907414086281,-0.03637215145604314,0.0075181697695776,True
3663,3006,120.24000000000001,03/22/2026 12:55:20.480,15.26244386,-0.505660158,15.281667183250187,-0.5050311595575192,-0.043918455406357824,0.00038255324583308256,True
3664,3007,120.28,03/22/2026 12:55:20.520,15.26244386,-0.505660158,15.261463965349229,-0.5061617039382131,-0.03790186229447011,0.00022631674002330574,True
3665,3008,120.32000000000001,03/22/2026 12:55:20.560,15.26244386,-0.505660158,15.24125784223962,-0.5065573644650361,-0.02713804698396742,0.0007564887726880792,True
3666,3009,120.36,03/22/2026 12:55:20.600,15.26244386,-0.505660158,15.221055276961245,-0.5065417415444883,-0.016560770496552055,0.0008226612478927414,True
3667,3010,120.4,03/22/2026 12:55:20.640,15.08701347,-0.505660158,15.200758647284683,-0.5063474342575207,-0.008321117075438353,0.001355462504636904,True
3668,3011,120.44,03/22/2026 12:55:20.680,15.08701347,-0.505660158,15.180473076043125,-0.5061143324309502,-0.0028768782922775427,0.0008139092716697393,True
3669,3012,120.48,03/22/2026 12:55:20.720,14.91158308,-0.505660158,15.160097750905917,-0.5059146178532831,0.00016487491277052862,0.004503513686223694,True
3670,3013,120.52,03/22/2026 12:55:20.760,14.91158308,-0.505660158,15.13973544430294,-0.5057715793630826,0.0014916175976898644,0.003758090470698706,True
3671,3014,120.56,03/22/2026 12:55:20.800,14.91158308,-0.505660158,15.119386127961157,-0.5056842564196657,0.0017717135269774429,0.003109014811715402,True
3672,3015,120.60000000000001,03/22/2026 12:55:20.840,14.91158308,-0.505660158,15.09904954648752,-0.5056403319057184,0.001525770198138546,0.002530267011218273,True
3673,3016,120.64,03/22/2026 12:55:20.880,14.91158308,-0.505660158,15.078725396056617,-0.5056250665044552,0.0010975821116373365,0.002012223753310455,True
3674,3017,120.68,03/22/2026 12:55:20.920,14.91158308,-0.505660158,15.05841341421821,-0.5056257890829893,0.0006789407264535336,0.0015530821652154187,True
3675,3018,120.72,03/22/2026 12:55:20.960,14.91158308,-0.505660158,15.038113411010906,-0.5056334523865479,0.00035310653962063003,0.0011531751700237477,True
3676,3019,120.76,03/22/2026 12:55:21.000,14.91158308,-0.505660158,15.01782526733252,-0.5056425515669954,0.00013730383308216824,0.0008128394417828963,True
3677,3020,120.8,03/22/2026 12:55:21.040,14.91158308,-0.505660158,14.99754891909594,-0.5056503319845074,1.571220119088485e-05,0.0005320856523814762,True
3678,3021,120.84,03/22/2026 12:55:21.080,14.91158308,-0.505660158,14.977284338444438,-0.5056558499790271,-3.8808917159879834e-05,0.0003107611961615281,True
3679,3022,120.88,03/22/2026 12:55:21.120,14.91158308,-0.505660158,14.957031517667932,-0.5056591686868729,-5.264269876140699e-05,0.00014869421587820938,True
3680,3023,120.92,03/22/2026 12:55:21.160,14.56072231,-0.505660158,14.936586200059978,-0.5056626082470884,-3.950830675831375e-05,0.010169823319223174,True
3681,3024,120.96000000000001,03/22/2026 12:55:21.200,14.56072231,-0.505660158,14.916152760378997,-0.5056637980885252,-1.1216667876663217e-05,0.009094138612880378,True
3682,3025,121.0,03/22/2026 12:55:21.240,14.56072231,-0.505660158,14.895731209154468,-0.5056637178103597,1.6995334184401718e-05,0.008079137374547882,True
3683,3026,121.04,03/22/2026 12:55:21.280,14.56072231,-0.505660158,14.87532155146914,-0.5056630741376852,3.836869768752667e-05,0.007124715964777854,True
3684,3027,121.08,03/22/2026 12:55:21.320,14.56072231,-0.505660158,14.854923786973009,-0.5056623016193939,5.135727431848958e-05,0.0062307714586431456,True
3685,3028,121.12,03/22/2026 12:55:21.360,14.56072231,-0.505660158,14.834537911051171,-0.505661621022116,5.70632349441579e-05,0.005397199318926499,True
3686,3029,121.16,03/22/2026 12:55:21.400,14.56072231,-0.505660158,14.814163916255668,-0.505661110922392,5.7531355820879585e-05,0.004623894242824538,True
3687,3030,121.2,03/22/2026 12:55:21.440,14.56072231,-0.505660158,14.793801793549143,-0.5056607698905535,5.478926327946236e-05,0.003910750994329752,True
3688,3031,121.24000000000001,03/22/2026 12:55:21.480,14.56072231,-0.505660158,14.773451533199415,-0.505660561220055,5.042425193566042e-05,0.0032576646839732716,True
3689,3032,121.28,03/22/2026 12:55:21.520,14.73615269,-0.505660158,14.753215173407115,-0.5056595289915776,4.214058687118587e-05,2.095781846834055e-05,True
3690,3033,121.32000000000001,03/22/2026 12:55:21.560,14.38529192,-0.505660158,14.732786521048062,-0.5056609348681961,3.642831333699954e-05,0.008692568832502506,True
3691,3034,121.36,03/22/2026 12:55:21.600,14.38529192,-0.505660158,14.712369754083968,-0.5056615556104646,3.9045643256374676e-05,0.007701125073473487,True
3692,3035,121.4,03/22/2026 12:55:21.640,14.38529192,-0.505660158,14.6919648692557,-0.505661679053491,4.4026454957864474e-05,0.00677022128172731,True
3693,3036,121.44,03/22/2026 12:55:21.680,14.38529192,-0.505660158,14.671571862241047,-0.505661539343978,4.82134534375676e-05,0.005899751838948714,True
3694,3037,121.48,03/22/2026 12:55:21.720,14.38529192,-0.505660158,14.651190727251551,-0.5056612967833289,5.037232138792536e-05,0.005089611847295973,True
3695,3038,121.52,03/22/2026 12:55:21.760,14.38529192,-0.505660158,14.630821457168397,-0.5056610446219729,5.038737500451317e-05,0.004339696538881524,True
3696,3039,121.56,03/22/2026 12:55:21.800,14.38529192,-0.505660158,14.610464043888992,-0.505660826390036,4.8665118717675124e-05,0.003649901222220472,True
3697,3040,121.60000000000001,03/22/2026 12:55:21.840,14.20986153,-0.505660158,14.59001650169192,-0.5056615655728763,4.91060184301473e-05,0.010403349173463802,True
3698,3041,121.64,03/22/2026 12:55:21.880,14.20986153,-0.505660158,14.569580855349242,-0.5056617802491011,5.300616439677975e-05,0.009314924410817202,True
3699,3042,121.68,03/22/2026 12:55:21.920,14.20986153,-0.505660158,14.549157100454662,-0.5056617001794353,5.6829266831354796e-05,0.008287206339059817,True
3700,3043,121.72,03/22/2026 12:55:21.960,14.20986153,-0.674213543,14.523876877796507,-0.5992524110220604,-0.8991913376642175,5.061211268907379,True
3701,3044,121.76,03/22/2026 12:55:22.000,14.20986153,-0.674213543,14.497893047761623,-0.6568730790265029,-1.1072201981822443,0.27646152005511015,True
3702,3045,121.8,03/22/2026 12:55:22.040,14.20986153,-0.674213543,14.471359124065879,-0.686199909823473,-0.9634429183390629,0.13411295797422026,True
3703,3046,121.84,03/22/2026 12:55:22.080,14.20986153,-0.674213543,14.444464134656315,-0.696684845389335,-0.6938870699467572,0.45807416507872467,True
3704,3047,121.88,03/22/2026 12:55:22.120,14.20986153,-0.674213543,14.417372560178148,-0.6965524840784968,-0.42591785742980076,0.45188340981502045,True
3705,3048,121.92,03/22/2026 12:55:22.160,14.20986153,-0.674213543,14.390202860705388,-0.6917264109476705,-0.21584109727245887,0.2781587164076134,True
3706,3049,121.96000000000001,03/22/2026 12:55:22.200,14.20986153,-0.674213543,14.363027746706448,-0.6858427398700763,-0.07634374612336667,0.12330564429302825,True
3707,3050,122.0,03/22/2026 12:55:22.240,14.20986153,-0.674213543,14.33588406271747,-0.680744292369523,0.0019937455324773035,0.039495678568094404,True
3708,3051,122.04,03/22/2026 12:55:22.280,14.20986153,-0.674213543,14.308784836954032,-0.6770830749983155,0.03641240459225879,0.008107660815091483,True
3709,3052,122.08,03/22/2026 12:55:22.320,14.20986153,-0.674213543,14.28172972276392,-0.6748423501751413,0.04395247375420023,0.0007270130445352731,True
3710,3053,122.12,03/22/2026 12:55:22.360,14.03443114,-0.842766929,14.249742278489526,-0.7673033673447996,-0.8613185755807512,5.125356866729554,True
3711,3054,122.16,03/22/2026 12:55:22.400,13.85900075,-0.842766929,14.216967923478506,-0.8245296366088174,-1.0801088250706767,0.3084254354802458,True
3712,3055,122.2,03/22/2026 12:55:22.440,13.85900075,-0.842766929,14.183655610914663,-0.8538724680826039,-0.9469006966901155,0.11847965429554735,True
3713,3056,122.24000000000001,03/22/2026 12:55:22.480,13.85900075,-0.842766929,14.149989739855425,-0.8645525055887042,-0.6855732618025704,0.43290246951053374,True
3714,3057,122.28,03/22/2026 12:55:22.520,13.68357036,-0.842766929,14.116030138133361,-0.8646541703076552,-0.42303237537779903,0.4442341728298845,True
3715,3058,122.32000000000001,03/22/2026 12:55:22.560,13.68357036,-0.842766929,14.08199573030981,-0.8600287099983072,-0.21597709070137927,0.2793569791503553,True
3716,3059,122.36,03/22/2026 12:55:22.600,13.68357036,-0.842766929,14.047958738612364,-0.8542879746518647,-0.07778625956974783,0.12890068923887227,True
3717,3060,122.4,03/22/2026 12:55:22.640,13.50813997,-0.842766929,14.013854232807432,-0.8492772145694425,0.00028932386726705783,0.056499644318208586,True
3718,3061,122.44,03/22/2026 12:55:22.680,13.85900075,-0.842766929,13.980000936952882,-0.8456577956649568,0.03496295886195073,0.008567088029238766,True
3719,3062,122.48,03/22/2026 12:55:22.720,14.03443114,-0.842766929,13.946296889543015,-0.8434301779249657,0.04292311284190868,0.0009553588520098941,True
3720,3063,122.52,03/22/2026 12:55:22.760,13.68357036,-0.842766929,13.91243071889987,-0.842299506892977,0.037306012217510266,0.003967949642848844,True
3721,3064,122.56,03/22/2026 12:55:22.800,13.68357036,-0.842766929,13.878598747103279,-0.8418964023369544,0.026854728262507583,0.0034212552389363713,True
3722,3065,122.60000000000001,03/22/2026 12:55:22.840,13.50813997,-0.842766929,13.844692840520546,-0.8419037854225373,0.016485889995326946,0.008826547439934359,True
3723,3066,122.64,03/22/2026 12:55:22.880,13.50813997,-0.842766929,13.810810223248517,-0.8420913503561436,0.008368548439619627,0.007007041510130817,True
3724,3067,122.68,03/22/2026 12:55:22.920,13.50813997,-0.842766929,13.776948078514229,-0.8423189962489368,0.0029835143470945446,0.005383175079249219,True
3725,3068,122.72,03/22/2026 12:55:22.960,13.33270958,-0.842766929,13.743003240994902,-0.8425167725451472,-3.5113269898317916e-05,0.012175522351656686,True
3726,3069,122.76,03/22/2026 12:55:23.000,13.33270958,-0.842766929,13.70907698664413,-0.8426582554169332,-0.0013550432207483367,0.010208073106887237,True
3727,3070,122.8,03/22/2026 12:55:23.040,13.33270958,-0.674213543,13.68003767952618,-0.7491535621703698,0.8976112466061541,5.059487282397445,True
3728,3071,122.84,03/22/2026 12:55:23.080,13.33270958,-0.674213543,13.651732687081168,-0.6915758819230287,1.1058762600069696,0.27840010195026826,True
3729,3072,122.88,03/22/2026 12:55:23.120,13.33270958,-0.674213543,13.624008765414986,-0.6622636864048249,0.9625130450430928,0.13457472627255002,True
3730,3073,122.92,03/22/2026 12:55:23.160,13.33270958,-0.674213543,13.596677114445786,-0.651777611814067,0.6933599434513915,0.4578041141850332,True
3731,3074,122.96000000000001,03/22/2026 12:55:23.200,13.33270958,-0.674213543,13.56957340906427,-0.6519020201427042,0.42570041799023245,0.45181404937665504,True
3732,3075,123.0,03/22/2026 12:55:23.240,13.33270958,-0.674213543,13.542579274336408,-0.6567187655109343,0.2158237919015706,0.278482429004213,True
3733,3076,123.04,03/22/2026 12:55:23.280,13.33270958,-0.674213543,13.515622030426334,-0.6625944464736607,0.07643306690873139,0.1238506292303461,True
3734,3077,123.08,03/22/2026 12:55:23.320,13.33270958,-0.674213543,13.488664827627275,-0.6676871623969526,-0.001864214423021246,0.040069176374472305,True
3735,3078,123.12,03/22/2026 12:55:23.360,13.33270958,-0.674213543,13.461694612714805,-0.6713448343276619,-0.036282855430851545,0.008602727147364288,True
3736,3079,123.16,03/22/2026 12:55:23.400,12.9818488,-0.505660158,13.43937677877502,-0.5799946032926361,0.8554141964875452,4.984494527664382,True
3737,3080,123.2,03/22/2026 12:55:23.440,13.15727919,-0.505660158,13.41786967573191,-0.5235035389494603,1.0694523230796147,0.2912021063222893,True
3738,3081,123.24000000000001,03/22/2026 12:55:23.480,13.15727919,-0.505660158,13.396925582275834,-0.4945719388895407,0.9364275554364807,0.11473925606225512,True
3739,3082,123.28,03/22/2026 12:55:23.520,13.15727919,-0.505660158,13.376361917504973,-0.48407124865914014,0.677437279024939,0.42269348192006295,True
3740,3083,123.32000000000001,03/22/2026 12:55:23.560,13.15727919,-0.505660158,13.356018810669758,-0.4840083993582788,0.41769394166807033,0.4245218764443162,True
3741,3084,123.36,03/22/2026 12:55:23.600,12.9818488,-0.505660158,13.335679008726173,-0.48860198440454833,0.21304859357889,0.2707779405796916,True
3742,3085,123.4,03/22/2026 12:55:23.640,12.9818488,-0.505660158,13.315372853652436,-0.49428538925779325,0.076582312506033,0.12441255820740002,True
3743,3086,123.44,03/22/2026 12:55:23.680,12.9818488,-0.505660158,13.295063976415788,-0.4992406021623215,-0.0004403002523622329,0.04414592041916117,True
3744,3087,123.48,03/22/2026 12:55:23.720,12.9818488,-0.505660158,13.274739305395446,-0.5028144796924684,-0.03458975872409497,0.013466395174417924,True
3745,3088,123.52,03/22/2026 12:55:23.760,12.9818488,-0.505660158,13.254398917925283,-0.5050113256582384,-0.04238494838701559,0.005727699213099977,True
3746,3089,123.56,03/22/2026 12:55:23.800,12.9818488,-0.505660158,13.234048720827174,-0.5061269185582667,-0.03679659277316338,0.004773533326381481,True
3747,3090,123.60000000000001,03/22/2026 12:55:23.840,12.9818488,-0.505660158,13.213695951115323,-0.5065235469753046,-0.026449397808077243,0.004538075090117501,True
3748,3091,123.64,03/22/2026 12:55:23.880,12.9818488,-0.337106772,13.198215252570831,-0.4129248441424186,0.8830556903729064,5.173320098469412,True
3749,3092,123.68,03/22/2026 12:55:23.920,12.9818488,-0.337106772,13.183458280883558,-0.35511794346664394,1.0991091852398056,0.29466005296315606,True
3750,3093,123.72,03/22/2026 12:55:23.960,12.9818488,-0.337106772,13.169274278179982,-0.32556532084428236,0.9606496997964957,0.12235389307084003,True
3751,3094,123.76,03/22/2026 12:55:24.000,12.80641841,-0.337106772,13.155374087045997,-0.3148860650026745,0.6940747537525959,0.4529267765231608,True
3752,3095,123.8,03/22/2026 12:55:24.040,12.80641841,-0.337106772,13.141695272169658,-0.31487876331670683,0.42741280830232065,0.45254210181795446,True
3753,3096,123.84,03/22/2026 12:55:24.080,12.80641841,-0.337106772,13.128119344176843,-0.31961925516471207,0.21761844370823266,0.2825515755146565,True
3754,3097,123.88000000000001,03/22/2026 12:55:24.120,12.80641841,-0.337106772,13.114573338887233,-0.32545962944623047,0.07788586073739284,0.12887854300772106,True
3755,3098,123.92,03/22/2026 12:55:24.160,12.80641841,-0.337106772,13.101020108611433,-0.3305427942657932,-0.0008684335328356108,0.045017246350419704,True
3756,3099,123.96000000000001,03/22/2026 12:55:24.200,12.80641841,-0.337106772,13.08744636091105,-0.3342044181511755,-0.03569725927403209,0.013269131923771143,True
3757,3100,124.0,03/22/2026 12:55:24.240,12.80641841,-0.337106772,13.073852248144885,-0.33645240917464175,-0.043558571340406464,0.0055352836383835684,True
3758,3101,124.04,03/22/2026 12:55:24.280,12.80641841,-0.168553386,13.06511223139801,-0.24400103854437938,0.8615011282563165,5.12434340063164,True
3759,3102,124.08,03/22/2026 12:55:24.320,12.63098802,-0.168553386,13.056979444540792,-0.1867844304488014,1.0801825159449858,0.3119257328943364,True
3760,3103,124.12,03/22/2026 12:55:24.360,12.63098802,-0.168553386,13.049408316864133,-0.15744761977935037,0.9469395198927857,0.12357697274168417,True
3761,3104,124.16,03/22/2026 12:55:24.400,12.63098802,-0.168553386,13.042214445562356,-0.14677066785901166,0.6856159995223223,0.43901147528548945,True
3762,3105,124.2,03/22/2026 12:55:24.440,12.63098802,-0.168553386,13.035236175646395,-0.14667100487800572,0.42309722276755796,0.44251479547679906,True
3763,3106,124.24000000000001,03/22/2026 12:55:24.480,12.63098802,-0.168553386,13.028356466214477,-0.1512967494465208,0.21606922755667282,0.27926511400099585,True
3764,3107,124.28,03/22/2026 12:55:24.520,12.63098802,-0.168553386,13.021503094423332,-0.15703691319753021,0.07790059781644204,0.1303070198732456,True
3765,3108,124.32000000000001,03/22/2026 12:55:24.560,12.63098802,-0.168553386,13.01463918183815,-0.16204772304796122,-0.00015800360417614345,0.04868485670757064,True
3766,3109,124.36,03/22/2026 12:55:24.600,12.63098802,-0.168553386,13.007751438473768,-0.16566482643671074,-0.03482549408769496,0.017733102642896625,True
3767,3110,124.4,03/22/2026 12:55:24.640,12.63098802,-0.168553386,13.00083990057345,-0.1678901820587847,-0.04279729449084008,0.010244936055475252,True
3768,3111,124.44,03/22/2026 12:55:24.680,12.63098802,0.0,12.99877888733957,-0.07543074482013487,0.8620548607345346,5.126892210737064,True
3769,3112,124.48,03/22/2026 12:55:24.720,12.63098802,0.0,12.997422857751411,-0.018213364651460263,1.0805267376123242,0.30795908749416867,True
3770,3113,124.52,03/22/2026 12:55:24.760,12.63098802,0.0,12.996624648813489,0.011120027070342854,0.9471149515108308,0.12087742194107558,True
3771,3114,124.56,03/22/2026 12:55:24.800,12.80641841,0.0,12.996301149447284,0.02179333191430371,0.685673682750073,0.42980447276286304,True
3772,3115,124.60000000000001,03/22/2026 12:55:24.840,12.80641841,0.0,12.996189270352026,0.02188924250597364,0.423081874292358,0.4335697156281115,True
3773,3116,124.64,03/22/2026 12:55:24.880,12.80641841,0.0,12.996171956503593,0.017260494224053707,0.21601658311389976,0.2705765767195725,True
3774,3117,124.68,03/22/2026 12:55:24.920,12.45555763,0.0,12.995974332527462,0.011516472751655535,0.07784146982265808,0.140368724525015,True
3775,3118,124.72,03/22/2026 12:55:24.960,12.80641841,0.0,12.995964921720901,0.006505620021378925,-0.00020822031748089775,0.04066331359143117,True
3776,3119,124.76,03/22/2026 12:55:25.000,12.80641841,0.0,12.995927705711882,0.0028886204813445802,-0.0348683416216118,0.010095144977687322,True
3777,3120,124.8,03/22/2026 12:55:25.040,12.80641841,0.0,12.995862725865278,0.0006634065513211276,-0.042834768743723384,0.0029805388986572008,True
3778,3121,124.84,03/22/2026 12:55:25.080,12.80641841,0.0,12.995775940828846,-0.00046795429360688015,-0.03722937467071678,0.0027772865804419236,True
3779,3122,124.88000000000001,03/22/2026 12:55:25.120,12.80641841,0.0,12.995674669289247,-0.0008713975069299499,-0.02678426688405542,0.0032598067470922614,True
3780,3123,124.92,03/22/2026 12:55:25.160,12.80641841,0.168553386,13.000433639435245,0.09272591113752728,0.8828345833209748,5.173958063877556,True
3781,3124,124.96000000000001,03/22/2026 12:55:25.200,12.80641841,0.168553386,13.005904575236794,0.15053411039836945,1.0989853873831956,0.29486170508513626,True
3782,3125,125.0,03/22/2026 12:55:25.240,12.80641841,0.168553386,13.011936763246288,0.18008893656162897,0.9605959029533158,0.12274514649255099,True
3783,3126,125.04,03/22/2026 12:55:25.280,12.80641841,0.168553386,13.01834258855655,0.1907712240323404,0.6940613006078286,0.44725087800036256,True
3784,3127,125.08,03/22/2026 12:55:25.320,12.80641841,0.168553386,13.024958063119344,0.19078048621382082,0.42741530287015855,0.44782751335840504,True
3785,3128,125.12,03/22/2026 12:55:25.360,12.63098802,0.168553386,13.031563465914212,0.18604013319136953,0.21762675920507144,0.2866412528606076,True
3786,3129,125.16,03/22/2026 12:55:25.400,12.63098802,0.168553386,13.038187128357714,0.18019981936128696,0.07789839952036512,0.13397480995776243,True
3787,3130,125.2,03/22/2026 12:55:25.440,12.63098802,0.337106772,13.049660278644893,0.2687075728966458,0.8983978522441142,4.220157298329954,True
3788,3131,125.24000000000001,03/22/2026 12:55:25.480,12.63098802,0.337106772,13.061816779124207,0.3226668098901281,1.0716011643495442,0.20083998778590037,True
3789,3132,125.28,03/22/2026 12:55:25.520,12.63098802,0.337106772,13.074503268629849,0.3497457950619247,0.9199641165471187,0.1578873976855354,True
3790,3133,125.32000000000001,03/22/2026 12:55:25.560,12.63098802,0.337106772,13.087536816873955,0.3590912735866781,0.6562180393150433,0.4497958145468967,True
3791,3134,125.36,03/22/2026 12:55:25.600,12.80641841,0.337106772,13.100861571656976,0.35855648706670196,0.3988942792752519,0.4201060662967901,True
3792,3135,125.4,03/22/2026 12:55:25.640,12.80641841,0.337106772,13.114264275322226,0.353740889251662,0.19933790512089752,0.255728914849731,True
3793,3136,125.44,03/22/2026 12:55:25.680,12.80641841,0.337106772,13.127676840994901,0.34804910197981503,0.06805969501896889,0.11515186313379477,True
3794,3137,125.48,03/22/2026 12:55:25.720,13.33270958,0.337106772,13.141368748091189,0.3431850137161485,-0.004846684404665638,0.03585305949174885,True
3795,3138,125.52,03/22/2026 12:55:25.760,13.33270958,0.337106772,13.155024730218438,0.3397247124821045,-0.0362438419542007,0.008432547116400504,True
3796,3139,125.56,03/22/2026 12:55:25.800,13.33270958,0.337106772,13.168645613889987,0.3376271642490223,-0.04247937646095315,0.0021804214170367668,True
3797,3140,125.60000000000001,03/22/2026 12:55:25.840,13.15727919,0.337106772,13.182136444303756,0.33658239087873715,-0.036189969852319294,0.0002916707640093094,True
3798,3141,125.64,03/22/2026 12:55:25.880,12.80641841,0.505660158,13.200271771469355,0.42981865275307224,0.87358854480748,5.1841870759526625,True
3799,3142,125.68,03/22/2026 12:55:25.920,12.80641841,0.505660158,13.21910730557267,0.48746905095701404,1.0917914184824475,0.3098167350219349,True
3800,3143,125.72,03/22/2026 12:55:25.960,12.9818488,0.505660158,13.23859504091746,0.5169910441170477,0.9558548751461331,0.12024572153929713,True
3801,3144,125.76,03/22/2026 12:55:26.000,12.9818488,0.505660158,13.258447428874623,0.5277022963862361,0.6914251702008782,0.44254409515535226,True
3802,3145,125.8,03/22/2026 12:55:26.040,12.9818488,0.505660158,13.278501297154873,0.5277618158067985,0.4262806021663391,0.44573904062096914,True
3803,3146,125.84,03/22/2026 12:55:26.080,13.33270958,0.505660158,13.298840808372344,0.5230731882956003,0.21739515962823558,0.27278794527592465,True
3804,3147,125.88000000000001,03/22/2026 12:55:26.120,13.33270958,0.505660158,13.319190903367408,0.5172718733307554,0.07810147648959395,0.12127977361582705,True
3805,3148,125.92,03/22/2026 12:55:26.160,13.33270958,0.505660158,13.339514473897381,0.5122137115149297,-0.0005153196485244149,0.03863221635013271,True
3806,3149,125.96000000000001,03/22/2026 12:55:26.200,13.33270958,0.505660158,13.359798193064627,0.5085654775124523,-0.03536873699251273,0.007645303027261054,True
3807,3150,126.0,03/22/2026 12:55:26.240,13.33270958,0.505660158,13.380042156318599,0.5063228281410651,-0.0433201828896041,0.0005565252296725308,True
3808,3151,126.04,03/22/2026 12:55:26.280,13.33270958,0.505660158,13.400252410005988,0.5051838740633988,-0.03760959705697244,0.0005321290719353908,True
3809,3152,126.08,03/22/2026 12:55:26.320,13.33270958,0.674213543,13.425304729432465,0.5983697402776655,0.8722095094149792,5.174164792046517,True
3810,3153,126.12,03/22/2026 12:55:26.360,13.33270958,0.674213543,13.451052694622431,0.6559984116951413,1.0907133106722733,0.2994014548110405,True
3811,3154,126.16,03/22/2026 12:55:26.400,13.33270958,0.674213543,13.477347410166898,0.685515148196389,0.9551328709765234,0.11639849248148253,True
3812,3155,126.2,03/22/2026 12:55:26.440,13.33270958,0.674213543,13.504002678095638,0.6962303621995155,0.691011450402262,0.43812376654002144,True
3813,3156,126.24000000000001,03/22/2026 12:55:26.480,13.33270958,0.674213543,13.530855448338263,0.6962970924772863,0.42608837112197234,0.4414903412760143,True
3814,3157,126.28,03/22/2026 12:55:26.520,13.33270958,0.674213543,13.557787763604164,0.6916137540783058,0.21734550704695565,0.2759929570926619,True
3815,3158,126.32000000000001,03/22/2026 12:55:26.560,13.33270958,0.674213543,13.584726896155972,0.6858172935577566,0.07813588339143265,0.1257011669720632,True
3816,3159,126.36,03/22/2026 12:55:26.600,13.33270958,0.674213543,13.61163575645582,0.6807627518621407,-0.00044056511568592305,0.04419486249233683,True
3817,3160,126.4,03/22/2026 12:55:26.640,13.33270958,0.674213543,13.638501022159316,0.6771168114295547,-0.035281433206216885,0.014320648600733534,True
3818,3161,126.44,03/22/2026 12:55:26.680,13.33270958,0.674213543,13.665322786580115,0.6748753711554255,-0.04323511871936331,0.008359960034121887,True
3819,3162,126.48,03/22/2026 12:55:26.720,13.33270958,0.674213543,13.692107091985806,0.6737368807980092,-0.037532619659031305,0.009500963827496564,True
3820,3163,126.52,03/22/2026 12:55:26.760,13.33270958,0.674213543,13.71886133932047,0.6733318546692864,-0.026972579873850273,0.011430084702183754,True
3821,3164,126.56,03/22/2026 12:55:26.800,13.33270958,0.674213543,13.74559195677428,0.6733394432877345,-0.01650472949607841,0.012955440080895485,True
3822,3165,126.60000000000001,03/22/2026 12:55:26.840,13.33270958,0.674213543,13.772303570490116,0.673528898291159,-0.00831073890601478,0.01432959562985595,True
3823,3166,126.64,03/22/2026 12:55:26.880,13.33270958,0.674213543,13.798999020305502,0.6737587855821872,-0.0028756335815874143,0.0158356828144294,True
3824,3167,126.68,03/22/2026 12:55:26.920,13.50813997,0.505660158,13.820912307418798,0.5803675661332015,-0.8990800723159457,5.026999215319284,True
3825,3168,126.72,03/22/2026 12:55:26.960,13.50813997,0.505660158,13.842095807403899,0.5228895214753755,-1.1057781562043887,0.2750704685598461,True
3826,3169,126.76,03/22/2026 12:55:27.000,13.50813997,0.505660158,13.862703032171126,0.49364954993771726,-0.961714103545963,0.13875287136356873,True
3827,3170,126.8,03/22/2026 12:55:27.040,13.50813997,0.505660158,13.882922782092667,0.48320810083413807,-0.6923951844478651,0.46341650329354944,True
3828,3171,126.84,03/22/2026 12:55:27.080,13.68357036,0.505660158,13.903020164779145,0.483356254035855,-0.4248467937562733,0.45084110673336186,True
3829,3172,126.88000000000001,03/22/2026 12:55:27.120,13.68357036,0.505660158,13.92301245066911,0.4881816190523858,-0.2151844009387054,0.27885466583511503,True
3830,3173,126.92,03/22/2026 12:55:27.160,13.68357036,0.505660158,13.942972184934119,0.4940573587665216,-0.07600831129082128,0.12589768437689627,True
3831,3174,126.96000000000001,03/22/2026 12:55:27.200,13.68357036,0.505660158,13.962936118980831,0.4991463188928205,0.0021196918040972956,0.04376287332415793,True
3832,3175,127.0,03/22/2026 12:55:27.240,13.68357036,0.505660158,13.982917244166474,0.5027993454072877,0.03642508338480771,0.013803500020995152,True
3833,3176,127.04,03/22/2026 12:55:27.280,13.68357036,0.505660158,14.002915214168452,0.5050341678634221,0.0439206545815643,0.007691807407833451,True
3834,3177,127.08,03/22/2026 12:55:27.320,13.68357036,0.505660158,14.022923826545735,0.5061613221118677,0.037894005230676535,0.00851747426686451,True
3835,3178,127.12,03/22/2026 12:55:27.360,14.03443114,0.505660158,14.043137297976415,0.506557119748014,0.0271336654058928,0.0007291344444208467,True
3836,3179,127.16,03/22/2026 12:55:27.400,14.03443114,0.505660158,14.063347369902916,0.5065416195942185,0.016558391397347716,0.0007592417659772545,True
3837,3180,127.2,03/22/2026 12:55:27.440,14.03443114,0.505660158,14.083549417343901,0.506346491133866,0.008323006741272974,0.0005976555164411057,True
3838,3181,127.24000000000001,03/22/2026 12:55:27.480,14.03443114,0.337106772,14.098872246232316,0.4125221794086223,-0.896363857473127,5.115677528442304,True
3839,3182,127.28,03/22/2026 12:55:27.520,14.03443114,0.337106772,14.113467290109512,0.354700656551641,-1.1074237135063831,0.2788678108711298,True
3840,3183,127.32000000000001,03/22/2026 12:55:27.560,14.03443114,0.337106772,14.12748758721117,0.325230366556195,-0.9649582452558494,0.12747276343674577,True
3841,3184,127.36,03/22/2026 12:55:27.600,14.03443114,0.337106772,14.141122208691987,0.3146580816622858,-0.6956681181060631,0.45404490087375277,True
3842,3185,127.4,03/22/2026 12:55:27.640,14.03443114,0.337106772,14.154535903586407,0.3147466576081615,-0.42744112921974786,0.45069146908666635,True
3843,3186,127.44,03/22/2026 12:55:27.680,14.03443114,0.337106772,14.167847446946242,0.31955763295153805,-0.21692723054415075,0.27825028493410536,True
3844,3187,127.48,03/22/2026 12:55:27.720,14.03443114,0.337106772,14.18112982143233,0.32544215566069296,-0.07700470710978863,0.12390873474805808,True
3845,3188,127.52,03/22/2026 12:55:27.760,13.85900075,0.337106772,14.194319296245405,0.33054742402428805,0.0016668006346561154,0.04677025637154411,True
3846,3189,127.56,03/22/2026 12:55:27.800,13.85900075,0.337106772,14.20752985517349,0.3342174073893943,0.03631257516209365,0.01624351590203657,True
3847,3190,127.60000000000001,03/22/2026 12:55:27.840,13.85900075,0.337106772,14.220761228510847,0.33646586168569054,0.04398529429409988,0.009788149554417671,True
3848,3191,127.64,03/22/2026 12:55:27.880,13.85900075,0.337106772,14.234007232117207,0.3376022651024571,0.038025132275143037,0.01034595440967502,True
3849,3192,127.68,03/22/2026 12:55:27.920,13.85900075,0.337106772,14.24726037235496,0.3380015714057194,0.027274314073069315,0.011574958470519772,True
3850,3193,127.72,03/22/2026 12:55:27.960,13.85900075,0.337106772,14.260514173540344,0.3379878372412232,0.016687677763255755,0.012306595472353417,True
3851,3194,127.76,03/22/2026 12:55:28.000,14.03443114,0.168553386,14.268996348358117,0.24420331843529833,-0.8908199101453061,5.1513243586835165,True
3852,3195,127.8,03/22/2026 12:55:28.040,14.03443114,0.168553386,14.27675612527907,0.1863493490618023,-1.1043109654282308,0.2891046771778979,True
3853,3196,127.84,03/22/2026 12:55:28.080,14.03443114,0.168553386,14.28394559884556,0.15682141424186194,-0.963584892988825,0.1282472152262982,True
3854,3197,127.88000000000001,03/22/2026 12:55:28.120,14.03443114,0.168553386,14.29075331137615,0.146192584714167,-0.6953555562811957,0.45438176975094796,True
3855,3198,127.92,03/22/2026 12:55:28.160,14.03443114,0.168553386,14.297343779818766,0.146237177425122,-0.42766143930974276,0.45283498747598244,True
3856,3199,127.96000000000001,03/22/2026 12:55:28.200,14.03443114,0.168553386,14.303835728034196,0.15101914753200138,-0.21733217041669844,0.28170115620922764,True
3857,3200,128.0,03/22/2026 12:55:28.240,14.03443114,0.168553386,14.310302178259574,0.15688752138997905,-0.07740026013458848,0.12785014925904428,True
3858,3201,128.04,03/22/2026 12:55:28.280,14.03443114,0.168553386,14.31678024470675,0.16198672147251003,0.0013613083085395605,0.044504650761701035,True
3859,3202,128.08,03/22/2026 12:55:28.320,14.03443114,0.168553386,14.323283152093305,0.1656556430403143,0.03611017101175872,0.013550569938335645,True
3860,3203,128.12,03/22/2026 12:55:28.360,14.03443114,0.168553386,14.329810678884451,0.16790549385694348,0.04386951562591425,0.006656468635136781,True
3861,3204,128.16,03/22/2026 12:55:28.400,14.03443114,0.168553386,14.336356671308362,0.16904409422162758,0.037969914291148155,0.006780139800941922,True
3862,3205,128.2,03/22/2026 12:55:28.440,14.03443114,0.168553386,14.342913651104055,0.16944548975261498,0.027254884021278902,0.007568664022956797,True
3863,3206,128.24,03/22/2026 12:55:28.480,14.38529192,0.337106772,14.354544808806626,0.2630261000356712,0.9159287893441215,4.935957921866194,True
3864,3207,128.28,03/22/2026 12:55:28.520,14.38529192,0.337106772,14.366891270624881,0.32045423490301317,1.1156936078670734,0.24943765079854124,True
3865,3208,128.32,03/22/2026 12:55:28.560,14.38529192,0.337106772,14.379796668580697,0.3495484953316451,0.9664427923360586,0.13922576952291152,True
3866,3209,128.36,03/22/2026 12:55:28.600,14.03443114,0.337106772,14.3928692919773,0.35983087360183175,0.6938287090969251,0.47376220329968133,True
3867,3210,128.4,03/22/2026 12:55:28.640,14.03443114,0.505660158,14.411013875984404,0.4531450151047043,1.3237846654969472,2.4904302821068858,True
3868,3211,128.44,03/22/2026 12:55:28.680,14.03443114,0.505660158,14.429959141366071,0.5058521171011544,1.3214648131629092,0.011295527413011697,True
3869,3212,128.48,03/22/2026 12:55:28.720,14.03443114,0.505660158,14.449479104245333,0.5292517050199298,1.0384423962352725,0.5130642790238724,True
3870,3213,128.52,03/22/2026 12:55:28.760,14.03443114,0.505660158,14.469348177843067,0.534623479362548,0.6909792543403198,0.7682189376239437,True
3871,3214,128.56,03/22/2026 12:55:28.800,14.03443114,0.505660158,14.489389094912363,0.5308311874640568,0.3890076218986123,0.5848508942844491,True
3872,3215,128.6,03/22/2026 12:55:28.840,14.03443114,0.505660158,14.50948390916981,0.5237725439306588,0.17171068758399627,0.3113823517121673,True
3873,3216,128.64000000000001,03/22/2026 12:55:28.880,14.03443114,0.505660158,14.529566228724299,0.5167675522506878,0.03844484369917639,0.12866242445683962,True
3874,3217,128.68,03/22/2026 12:55:28.920,14.03443114,0.505660158,14.549606760042268,0.5112813015349591,-0.029008741662305756,0.04755123381742274,True
3875,3218,128.72,03/22/2026 12:55:28.960,14.38529192,0.505660158,14.569800070475845,0.5076430925707013,-0.052804028106496856,0.005990535576904888,True
3876,3219,128.76,03/22/2026 12:55:29.000,14.38529192,0.674213543,14.594818300007299,0.599192542532649,0.8471396753717392,5.064982107061597,True
3877,3220,128.8,03/22/2026 12:55:29.040,14.38529192,0.674213543,14.620517635677352,0.6559177548893184,1.0666059808235389,0.30500487402849985,True
3878,3221,128.84,03/22/2026 12:55:29.080,14.38529192,0.674213543,14.646753465398819,0.6850498098443982,0.9366026920449413,0.11055958218310266,True
3879,3222,128.88,03/22/2026 12:55:29.120,14.38529192,0.674213543,14.673343710191816,0.6956931561923484,0.678920550416005,0.4209912294428683,True
3880,3223,128.92000000000002,03/22/2026 12:55:29.160,14.38529192,0.674213543,14.700128486817977,0.6958424766068052,0.4194460008266508,0.4279489324352232,True
3881,3224,128.96,03/22/2026 12:55:29.200,14.38529192,0.674213543,14.72699190547702,0.6912927968791747,0.2145482985101269,0.27081590905779274,True
3882,3225,129.0,03/22/2026 12:55:29.240,14.38529192,0.674213543,14.7538623757262,0.6856241839741742,0.077650178161323,0.12692277825991957,True
3883,3226,129.04,03/22/2026 12:55:29.280,14.38529192,0.674213543,14.780703288860481,0.6806676223083759,0.00020986637304236389,0.04874359861707236,True
3884,3227,129.08,03/22/2026 12:55:29.320,14.38529192,0.674213543,14.807501408738835,0.6770854692868626,-0.03426005658162634,0.02026186098544152,True
3885,3228,129.12,03/22/2026 12:55:29.360,14.56072231,0.842766929,14.839225585397413,0.7684708296233158,0.8569847416341749,4.970007490253424,True
3886,3229,129.16,03/22/2026 12:55:29.400,14.56072231,0.842766929,14.871628314623653,0.8249682798504422,1.0704840889390288,0.2918298330548927,True
3887,3230,129.2,03/22/2026 12:55:29.440,14.56072231,0.842766929,14.90456330793404,0.8538928552367308,0.9370024794847924,0.1198799997912587,True
3888,3231,129.24,03/22/2026 12:55:29.480,14.56072231,0.842766929,14.937847828856553,0.8643820143772758,0.6776913590955471,0.4305255811113668,True
3889,3232,129.28,03/22/2026 12:55:29.520,14.56072231,0.842766929,14.971321930694659,0.8644337479128497,0.4177581946969528,0.4344445741871295,True
3890,3233,129.32,03/22/2026 12:55:29.560,14.91158308,0.842766929,15.005070832963845,0.8598342967973918,0.2130138144985405,0.26263536555614325,True
3891,3234,129.36,03/22/2026 12:55:29.600,14.91158308,0.842766929,15.038822237537985,0.8541462403357793,0.07650196375424573,0.11764137345645584,True
3892,3235,129.4,03/22/2026 12:55:29.640,14.91158308,0.842766929,15.072539792424195,0.8491878671795136,-0.0005306452214339785,0.03895554984640735,True
3893,3236,129.44,03/22/2026 12:55:29.680,14.91158308,0.842766929,15.106210452456219,0.8456121256628828,-0.034670075122739646,0.01001278173179742,True
3894,3237,129.48,03/22/2026 12:55:29.720,14.91158308,0.842766929,15.139834324762976,0.8434143486062003,-0.04244640110844994,0.004128740459072611,True
3895,3238,129.52,03/22/2026 12:55:29.760,14.91158308,0.842766929,15.173417345882276,0.8422983968456635,-0.03683720984941318,0.0051314496053412526,True
3896,3239,129.56,03/22/2026 12:55:29.800,14.91158308,1.011320315,15.211835164207596,0.9354926204240132,0.8727796808984676,5.177692639093759,True
3897,3240,129.6,03/22/2026 12:55:29.840,15.26244386,1.011320315,15.251142046230177,0.9931231646496775,1.0910733903398253,0.29783569067481497,True
3898,3241,129.64000000000001,03/22/2026 12:55:29.880,15.26244386,1.011320315,15.29098810768946,1.0226369261744388,0.9553179605278749,0.11524418562975221,True
3899,3242,129.68,03/22/2026 12:55:29.920,15.26244386,1.011320315,15.331187089485878,1.0333476336820557,0.6910750239868713,0.43674658927877386,True
3900,3243,129.72,03/22/2026 12:55:29.960,15.26244386,1.011320315,15.371575910705703,1.033410127660133,0.42608066194885186,0.43975183160046155,True
3901,3244,129.76,03/22/2026 12:55:30.000,15.26244386,1.011320315,15.412036604371432,1.0287235667970152,0.2173045866743933,0.27403992627874074,True
3902,3245,129.8,03/22/2026 12:55:30.040,15.26244386,1.011320315,15.452496445638996,1.0229250120233155,0.07808628967790399,0.12374229165550571,True
3903,3246,129.84,03/22/2026 12:55:30.080,15.26244386,1.011320315,15.492918353944084,1.017869314393696,-0.0004855500672484997,0.04241269792200839,True
3904,3247,129.88,03/22/2026 12:55:30.120,15.61330464,1.011320315,15.533489715668328,1.0142246943847295,-0.03532306546159582,0.008043245330863496,True
3905,3248,129.92000000000002,03/22/2026 12:55:30.160,15.61330464,1.011320315,15.57400983063723,1.0119838297952686,-0.04328089671025491,0.0005068718167631071,True
3906,3249,129.96,03/22/2026 12:55:30.200,15.43787425,1.011320315,15.614384405765533,1.0108445391901693,-0.03758111973714263,0.002445588909819248,True
3907,3250,130.0,03/22/2026 12:55:30.240,15.43787425,1.011320315,15.654721230823574,1.0104390381324984,-0.02701869228876818,0.004081701143961879,True
3908,3251,130.04,03/22/2026 12:55:30.280,15.43787425,1.011320315,15.695026740998358,1.0104463874446374,-0.01654617069665773,0.005445061557222719,True
3909,3252,130.08,03/22/2026 12:55:30.320,15.43787425,1.011320315,15.735305569433944,1.010635748595951,-0.008346969879052583,0.0067878505297261395,True
3910,3253,130.12,03/22/2026 12:55:30.360,15.43787425,1.011320315,15.775560562583278,1.0108656163528813,-0.002907006501629686,0.008393223155314294,True
3911,3254,130.16,03/22/2026 12:55:30.400,15.43787425,1.011320315,15.815793168319567,1.011064413400832,0.00014644497945892447,0.010339223601739644,True
3912,3255,130.2,03/22/2026 12:55:30.440,15.43787425,1.011320315,15.85600390700411,1.0112069370782917,0.0014884414969222213,0.012596596724267226,True
3913,3256,130.24,03/22/2026 12:55:30.480,15.43787425,1.011320315,15.896192778920339,1.0112939877464604,0.0017844388414913852,0.015121583357866654,True
3914,3257,130.28,03/22/2026 12:55:30.520,15.43787425,1.011320315,15.936359556459193,1.011337759552583,0.0015536116860304745,0.017887971659056045,True
3915,3258,130.32,03/22/2026 12:55:30.560,15.43787425,1.011320315,15.976503962695196,1.0113529116342121,0.0011392835361773502,0.02088582519302991,True
3916,3259,130.36,03/22/2026 12:55:30.600,15.43787425,1.011320315,16.01662576132702,1.0113520710863735,0.0007333031336325151,0.02411301018894788,True
3917,3260,130.4,03/22/2026 12:55:30.640,15.61330464,1.011320315,16.056825047051593,1.0113451779608884,0.0004158621983912105,0.014161039460043288,True
3918,3261,130.44,03/22/2026 12:55:30.680,15.61330464,1.011320315,16.097001414145744,1.011336256328063,0.00020370743650046497,0.016842316445908338,True
3919,3262,130.48,03/22/2026 12:55:30.720,15.96416542,1.011320315,16.13735530953586,1.0113301283824316,7.849462457729656e-05,0.0021593018596552903,True
3920,3263,130.52,03/22/2026 12:55:30.760,15.96416542,1.011320315,16.177686130596573,1.0113249659145906,1.3466318226726135e-05,0.00328194629113393,True
3921,3264,130.56,03/22/2026 12:55:30.800,15.96416542,1.011320315,16.217993882946,1.0113213036116724,-9.372479452760274e-06,0.004637976876894839,True
3922,3265,130.6,03/22/2026 12:55:30.840,15.96416542,1.011320315,16.258278584525137,1.0113190591465342,-7.029168813935588e-06,0.006226964737546278,True
3923,3266,130.64000000000001,03/22/2026 12:55:30.880,15.96416542,1.011320315,16.298540258394446,1.0113178933500033,7.557526008851406e-06,0.008048494626555913,True
3924,3267,130.68,03/22/2026 12:55:30.920,15.96416542,0.842766929,16.333910541459876,0.9177265040847267,-0.8992243429345623,5.063783405884145,True
3925,3268,130.72,03/22/2026 12:55:30.960,16.13959581,0.842766929,16.368642494825437,0.8601064200170118,-1.1072389799422857,0.2742259932353047,True
3926,3269,130.76,03/22/2026 12:55:31.000,16.13959581,0.842766929,16.402789403941025,0.8307797865321497,-0.9634524683558187,0.13419350021449483,True
3927,3270,130.8,03/22/2026 12:55:31.040,16.13959581,0.842766929,16.436540319681537,0.820294787710963,-0.6938892527055975,0.4604803800407518,True
3928,3271,130.84,03/22/2026 12:55:31.080,16.13959581,0.842766929,16.470059745878842,0.8204269368946957,-0.42591275003775686,0.4566614797626015,True
3929,3272,130.88,03/22/2026 12:55:31.120,16.13959581,0.842766929,16.503466166369666,0.8252527304987897,-0.21582796680012667,0.285360408228711,True
3930,3273,130.92000000000002,03/22/2026 12:55:31.160,16.13959581,0.842766929,16.536832315973346,0.8311361052940526,-0.07632165713229125,0.13298348372902602,True
3931,3274,130.96,03/22/2026 12:55:31.200,15.96416542,0.842766929,16.57009490030738,0.8362333545186404,0.0020289663823910425,0.06478594833701609,True
3932,3275,131.0,03/22/2026 12:55:31.240,16.13959581,1.011320315,16.60833573406452,0.9334857912527416,0.9357125145877181,5.464243263908733,True
3933,3276,131.04,03/22/2026 12:55:31.280,16.13959581,1.011320315,16.64730145796291,0.9933474996095191,1.1512926495927487,0.3089967855586128,True
3934,3277,131.08,03/22/2026 12:55:31.320,16.13959581,0.842766929,16.681963962341964,0.9302143562683345,0.10224886687080947,6.899392017861648,True
3935,3278,131.12,03/22/2026 12:55:31.360,16.13959581,0.842766929,16.716279555622283,0.8834742702821043,-0.38610180219573537,1.5145470544772388,True
3936,3279,131.16,03/22/2026 12:55:31.400,16.13959581,0.842766929,16.750230810130887,0.8539993422719167,-0.5208723714041101,0.14038080460002988,True
3937,3280,131.2,03/22/2026 12:55:31.440,16.3150262,0.842766929,16.783983795367178,0.838493883325045,-0.4696331521577362,0.03223459353694595,True
3938,3281,131.24,03/22/2026 12:55:31.480,16.3150262,0.842766929,16.8175272909382,0.8325093358355651,-0.34660468474040274,0.11276222613659129,True
3939,3282,131.28,03/22/2026 12:55:31.520,16.3150262,0.842766929,16.85094150012097,0.832036221680379,-0.21790217991892216,0.1241853422068461,True
3940,3283,131.32,03/22/2026 12:55:31.560,16.3150262,0.842766929,16.88428562323684,0.8341152018339649,-0.11414058673635266,0.090603796381753,True
3941,3284,131.36,03/22/2026 12:55:31.600,16.3150262,0.842766929,16.91759688900212,0.8368855118011824,-0.043613104002530115,0.057215588566619804,True
3942,3285,131.4,03/22/2026 12:55:31.640,16.3150262,0.842766929,16.950894812562154,0.8393720623025299,-0.002915749391011864,0.03945149869305143,True
3943,3286,131.44,03/22/2026 12:55:31.680,16.3150262,0.842766929,16.984186869358375,0.8412017475437105,0.0158312404123842,0.0344271012172874,True
3944,3287,131.48,03/22/2026 12:55:31.720,16.49045659,0.842766929,17.017573664424866,0.8423497216503805,0.02081326400733223,0.020155942657198694,True
3945,3288,131.52,03/22/2026 12:55:31.760,16.66588698,0.842766929,17.0510524675936,0.8429496377770836,0.018604827113137545,0.010709962142070631,True
3946,3289,131.56,03/22/2026 12:55:31.800,16.66588698,0.842766929,17.084519630568483,0.8431769833248305,0.013667702846911,0.012768594480014283,True
3947,3290,131.6,03/22/2026 12:55:31.840,16.66588698,0.674213543,17.113103610175006,0.7495991685138561,-0.8906784543333669,5.12600641014456,True
3948,3291,131.64000000000001,03/22/2026 12:55:31.880,16.84131737,0.674213543,17.141054978250878,0.6918941762052103,-1.102788494573884,0.28767426749636404,True
3949,3292,131.68,03/22/2026 12:55:31.920,16.84131737,0.674213543,17.168425715974287,0.6624569602565441,-0.9617705446297136,0.13197935442849898,True
3950,3293,131.72,03/22/2026 12:55:31.960,16.84131737,0.674213543,17.19540411420131,0.6518735645809237,-0.6937952278967165,0.4578200727634674,True
3951,3294,131.76,03/22/2026 12:55:32.000,16.84131737,0.674213543,17.2221543891991,0.6519337398406052,-0.42654293133724336,0.45681499846269613,True
3952,3295,131.8,03/22/2026 12:55:32.040,16.84131737,0.674213543,17.248795008126475,0.6567146755893043,-0.21664394620915817,0.28729187261032874,True
3953,3296,131.84,03/22/2026 12:55:32.080,17.01674775,0.674213543,17.275498829549292,0.6625757415408084,-0.07704794108796054,0.12660501258187118,True
3954,3297,131.88,03/22/2026 12:55:32.120,17.01674775,0.674213543,17.302202791798553,0.6676656107519034,0.0014887805667073428,0.04441048715576807,True
3955,3298,131.92000000000002,03/22/2026 12:55:32.160,17.01674775,0.842766929,17.333788456583644,0.7649171986192405,0.9353613095367534,5.4579020022186215,True
3956,3299,131.96,03/22/2026 12:55:32.200,17.01674775,0.842766929,17.366102757267903,0.8247819259175257,1.1510944977624107,0.2996478592761649,True
3957,3300,132.0,03/22/2026 12:55:32.240,17.01674775,0.842766929,17.39898602543155,0.8552438036509766,1.0014052352099752,0.15057420202303437,True
3958,3301,132.04,03/22/2026 12:55:32.280,17.01674775,0.842766929,17.43224176332405,0.8661283351568574,0.7211435716359301,0.5033713578767091,True
3959,3302,132.08,03/22/2026 12:55:32.320,17.19217814,0.842766929,17.46579900763202,0.8659841162498092,0.44261809641241895,0.4902604235495157,True
3960,3303,132.12,03/22/2026 12:55:32.360,17.19217814,0.674213543,17.494566244529697,0.7673740231337518,-0.6749491524184157,7.812641682292254,True
3961,3304,132.16,03/22/2026 12:55:32.400,17.19217814,0.674213543,17.522620757785212,0.7036369444814032,-1.0279269012884795,0.7865962392911174,True
3962,3305,132.2,03/22/2026 12:55:32.440,17.19217814,0.674213543,17.55007779650303,0.6690110373515731,-0.9655330658490768,0.03354667786778643,True
3963,3306,132.24,03/22/2026 12:55:32.480,17.19217814,0.674213543,17.577112871859345,0.6547213309875821,-0.7317209213039364,0.35232074307527717,True
3964,3307,132.28,03/22/2026 12:55:32.520,17.19217814,0.674213543,17.60389084342506,0.6525254121186511,-0.4715676675481097,0.4351747836066739,True
3965,3308,132.32,03/22/2026 12:55:32.560,17.19217814,0.674213543,17.630536654106578,0.656176683305038,-0.255216256631581,0.30635960641741034,True
3966,3309,132.36,03/22/2026 12:55:32.600,17.19217814,0.674213543,17.65713083318509,0.661649216964033,-0.10451457145697393,0.1574889724015612,True
3967,3310,132.4,03/22/2026 12:55:32.640,17.19217814,0.674213543,17.683716974392663,0.6667638565439088,-0.015169310271788139,0.06727313068547894,True
3968,3311,132.44,03/22/2026 12:55:32.680,17.19217814,0.674213543,17.710312943913916,0.6706278199082313,0.02782265246872679,0.030872180111177212,True
3969,3312,132.48,03/22/2026 12:55:32.720,17.19217814,0.674213543,17.736921355399698,0.6731109507066423,0.041025799241259334,0.022449234666062145,True
3970,3313,132.52,03/22/2026 12:55:32.760,17.19217814,0.674213543,17.76353748357904,0.6744500387670268,0.038164079284356556,0.023551439299391456,True
3971,3314,132.56,03/22/2026 12:55:32.800,17.19217814,0.674213543,17.790154349914477,0.6749945376322461,0.028769393501971684,0.026293319797347923,True
3972,3315,132.6,03/22/2026 12:55:32.840,17.19217814,0.674213543,17.816765465251205,0.6750694320379823,0.018475122528846505,0.02874618124011724,True
3973,3316,132.64000000000001,03/22/2026 12:55:32.880,17.19217814,0.674213543,17.84336594514438,0.6749194713309349,0.009978631291104477,0.03097775642597425,True
3974,3317,132.68,03/22/2026 12:55:32.920,17.19217814,0.674213543,17.869952663435605,0.6747014904088791,0.004095891649774782,0.033285942795948,True
3975,3318,132.72,03/22/2026 12:55:32.960,17.19217814,0.842766929,17.901392338782024,0.7680906769738368,0.8998823751749638,5.051265122197573,True
3976,3319,132.76,03/22/2026 12:55:33.000,17.19217814,0.842766929,17.93353147386493,0.8255601050998439,1.106263561391064,0.30573465906281727,True
3977,3320,132.8,03/22/2026 12:55:33.040,17.71846931,0.842766929,17.96651605244124,0.8547930641202548,0.9619871798077915,0.13453559390523603,True
3978,3321,132.84,03/22/2026 12:55:33.080,17.71846931,0.842766929,17.999857503298827,0.8652273388193358,0.6925396792250276,0.45948012166442437,True
3979,3322,132.88,03/22/2026 12:55:33.120,17.71846931,0.674213543,18.028523217003837,0.77148341944899,-0.47432426563650765,8.516828546605332,True
3980,3323,132.92000000000002,03/22/2026 12:55:33.160,17.71846931,0.674213543,18.056547807500454,0.7090335546749468,-0.8920401414230482,1.0988024674056875,True
3981,3324,132.96,03/22/2026 12:55:33.200,17.71846931,0.674213543,18.084012272606557,0.6738284575725436,-0.8874364637829415,0.009750914763534659,True
3982,3325,133.0,03/22/2026 12:55:33.240,17.71846931,0.674213543,18.111068924577634,0.6582530982422012,-0.6959917705009522,0.24014673729015476,True
3983,3326,133.04,03/22/2026 12:55:33.280,17.71846931,0.674213543,18.137869290228792,0.6547316978274604,-0.46230547741968536,0.3539466623715527,True
3984,3327,133.08,03/22/2026 12:55:33.320,17.71846931,0.674213543,18.164532212842815,0.657322637524083,-0.25970127941965726,0.270854467405501,True
3985,3328,133.12,03/22/2026 12:55:33.360,17.71846931,0.842766929,18.196005035295908,0.7556699629406654,0.7850942508004554,6.838782374475818,True
3986,3329,133.16,03/22/2026 12:55:33.400,17.71846931,0.674213543,18.223310895971263,0.7244043642067227,0.18298275744818915,2.2842833574176957,True
3987,3330,133.2,03/22/2026 12:55:33.440,17.8938997,0.674213543,18.25056840897176,0.6997887472086026,-0.12383310793719471,0.5975334810569924,True
3988,3331,133.24,03/22/2026 12:55:33.480,17.8938997,0.674213543,18.277646510340578,0.6833829239716979,-0.23384570422995804,0.08625313756340598,True
3989,3332,133.28,03/22/2026 12:55:33.520,17.8938997,0.674213543,18.304566361378296,0.6741293773083399,-0.2328538149249024,0.012146236422807872,True
3990,3333,133.32,03/22/2026 12:55:33.560,17.8938997,0.674213543,18.331367905855448,0.6700314605999634,-0.1827044299178533,0.02948978270724128,True
3991,3334,133.36,03/22/2026 12:55:33.600,17.8938997,0.674213543,18.358090918936316,0.6691009516339422,-0.12139380476690365,0.03899792519379648,True
3992,3335,133.4,03/22/2026 12:55:33.640,17.8938997,0.674213543,18.384766614854655,0.6697776699741889,-0.06820225429497667,0.03502213096250414,True
3993,3336,133.44,03/22/2026 12:55:33.680,17.8938997,0.674213543,18.411415741447446,0.6710247516846827,-0.029971862766596816,0.028409464419397488,True
3994,3337,133.48,03/22/2026 12:55:33.720,18.06933009,0.674213543,18.438149719454646,0.6722602552090315,-0.006556153609794748,0.013216851592473062,True
3995,3338,133.52,03/22/2026 12:55:33.760,18.06933009,0.674213543,18.464873885558262,0.6732261503205129,0.005271510966265425,0.012135735288297176,True
3996,3339,133.56,03/22/2026 12:55:33.800,18.06933009,0.674213543,18.491589379163752,0.6738659931245913,0.009422458489343394,0.012942532548928654,True
3997,3340,133.6,03/22/2026 12:55:33.840,18.06933009,0.674213543,18.518295321228138,0.6742242617243341,0.009274456699817645,0.014510295746381291,True
3998,3341,133.64000000000001,03/22/2026 12:55:33.880,18.06933009,0.674213543,18.544990124857083,0.6743808264636644,0.007247147861340616,0.01631286088904737,True
3999,3342,133.68,03/22/2026 12:55:33.920,18.06933009,0.674213543,18.571672229236125,0.6744142533624703,0.0048176954455197984,0.018202601185548256,True
4000,3343,133.72,03/22/2026 12:55:33.960,18.24476048,0.674213543,18.598440136050343,0.6743866733970003,0.0027255229560499542,0.009032174712292769,True
4001,3344,133.76,03/22/2026 12:55:34.000,18.24476048,0.674213543,18.62519327978902,0.6743370495047171,0.0012274820414037578,0.010432588006579752,True
4002,3345,133.8,03/22/2026 12:55:34.040,18.24476048,0.674213543,18.65193121479125,0.6742881912386124,0.00031438889950802717,0.011939664373286087,True
4003,3346,133.84,03/22/2026 12:55:34.080,18.24476048,0.674213543,18.678653751957967,0.6742500795449914,-0.0001426718078348482,0.013553621944599874,True
4004,3347,133.88,03/22/2026 12:55:34.120,18.24476048,0.674213543,18.70536085888685,0.6742248599979731,-0.00029835374872241133,0.015272127482638637,True
4005,3348,133.92000000000002,03/22/2026 12:55:34.160,18.24476048,0.674213543,18.732052582016255,0.6742107355928957,-0.00028575370509534547,0.017093259338819184,True
4006,3349,133.96,03/22/2026 12:55:34.200,18.24476048,0.674213543,18.758728995172287,0.6742045393907277,-0.0001999778257950505,0.01901603529313553,True
4007,3350,134.0,03/22/2026 12:55:34.240,19.12191243,0.674213543,18.785888531092233,0.6742077278542897,-0.0001156846844216995,0.008128102762340604,True
4008,3351,134.04,03/22/2026 12:55:34.280,19.12191243,0.674213543,18.813032630601075,0.6742105043385843,-6.587238974368551e-05,0.0068679374155118265,True
4009,3352,134.08,03/22/2026 12:55:34.320,19.12191243,0.674213543,18.84016131209353,0.6742124842788236,-4.0984923054891324e-05,0.005714494312110343,True
4010,3353,134.12,03/22/2026 12:55:34.360,18.77105165,0.505660158,18.862206881617677,0.5806209233448396,-0.8992751132487644,5.054505489338404,True
4011,3354,134.16,03/22/2026 12:55:34.400,18.77105165,0.505660158,18.883521579814772,0.5229998811545218,-1.1072874923685787,0.27134836262355383,True
4012,3355,134.2,03/22/2026 12:55:34.440,18.94648204,0.505660158,18.904358585828895,0.4936738427895783,-0.963497698056443,0.12935108646197924,True
4013,3356,134.24,03/22/2026 12:55:34.480,18.94648204,0.505660158,18.924807257866814,0.4831892361853803,-0.693935329319868,0.45418441944736365,True
4014,3357,134.28,03/22/2026 12:55:34.520,18.94648204,0.505660158,18.945032093406457,0.48332161384262406,-0.4259618392676357,0.44881145439007086,True
4015,3358,134.32,03/22/2026 12:55:34.560,18.94648204,0.505660158,18.965151569672962,0.4881475245302255,-0.21588089844279934,0.27586167362065867,True
4016,3359,134.36,03/22/2026 12:55:34.600,18.94648204,0.505660158,18.98523841498639,0.49403095206792563,-0.07637848947942213,0.12173760269363532,True
4017,3360,134.4,03/22/2026 12:55:34.640,18.94648204,0.505660158,19.005329492450798,0.49912913570712164,0.0019651820912079676,0.0386090064002491,True
4018,3361,134.44,03/22/2026 12:55:34.680,18.94648204,0.505660158,19.025437849415376,0.5027901002822058,0.036391011603986105,0.00785522211897747,True
4019,3362,134.48,03/22/2026 12:55:34.720,18.94648204,0.505660158,19.04556315873486,0.5050305949928695,0.04393897081979678,0.0010625825427090893,True
4020,3363,134.52,03/22/2026 12:55:34.760,18.94648204,0.505660158,19.06569921658906,0.5061612032197619,0.03792327003515719,0.0012494632936308622,True
4021,3364,134.56,03/22/2026 12:55:34.800,18.94648204,0.505660158,19.085838531169525,0.5065569083634623,0.02715981477343911,0.002122410869727016,True
4022,3365,134.6,03/22/2026 12:55:34.840,19.12191243,0.505660158,19.106074218247112,0.5065422234028867,0.016579233339162787,0.0007176969319479258,True
4023,3366,134.64000000000001,03/22/2026 12:55:34.880,19.12191243,0.505660158,19.12630202061421,0.5063473629409658,0.008335325256938884,0.0004261583370775032,True
4024,3367,134.68,03/22/2026 12:55:34.920,19.12191243,0.505660158,19.14651911393743,0.5061139397630694,0.0028906897654499943,0.00022889384537441848,True
4025,3368,134.72,03/22/2026 12:55:34.960,19.12191243,0.505660158,19.16672408192806,0.5059131642084909,-0.00014631386764176434,0.00020223190329508465,True
4026,3369,134.76,03/22/2026 12:55:35.000,19.12191243,0.505660158,19.18691643843825,0.505769739236285,-0.0014636633287281097,0.00031504356921960747,True
4027,3370,134.8,03/22/2026 12:55:35.040,19.12191243,0.505660158,19.207096216420297,0.5056824123923291,-0.0017343118518619407,0.0005228110320076665,True
4028,3371,134.84,03/22/2026 12:55:35.080,19.12191243,0.505660158,19.227263674340453,0.5056386550888636,-0.001480919602388279,0.0007993551120168998,True
4029,3372,134.88,03/22/2026 12:55:35.120,19.4727732,0.505660158,19.247618192437628,0.5056254201758079,-0.0010544653076418667,0.0036504548519902956,True
4030,3373,134.92000000000002,03/22/2026 12:55:35.160,19.4727732,0.505660158,19.267960855973524,0.5056270147912938,-0.0006480199509801444,0.0030207122214117458,True
4031,3374,134.96,03/22/2026 12:55:35.200,19.4727732,0.505660158,19.28829184471759,0.5056348488015423,-0.0003364308770156132,0.0024505338261364214,True
4032,3375,135.0,03/22/2026 12:55:35.240,19.29734281,0.505660158,19.308511750276548,0.5056428589588924,-0.0001293944916104661,9.247210624003432e-06,True
4033,3376,135.04,03/22/2026 12:55:35.280,19.29734281,0.505660158,19.328720201623582,0.5056499994482935,-8.88960312862185e-06,7.096262526149105e-05,True
4034,3377,135.08,03/22/2026 12:55:35.320,19.29734281,0.505660158,19.348917227779847,0.5056552138600717,4.818953172978146e-05,0.00019149567386424372,True
4035,3378,135.12,03/22/2026 12:55:35.360,19.29734281,0.505660158,19.369102837806015,0.5056584434084673,6.565385050754444e-05,0.00037069162558971185,True
4036,3379,135.16,03/22/2026 12:55:35.400,19.29734281,0.505660158,19.38927703163021,0.5056600855361918,6.254656350574922e-05,0.0006084153733367012,True
4037,3380,135.2,03/22/2026 12:55:35.440,19.29734281,0.505660158,19.40943980681085,0.5056606557730693,5.1726579552574625e-05,0.0009045531934991324,True
4038,3381,135.24,03/22/2026 12:55:35.480,19.29734281,0.505660158,19.429591162048364,0.505660612150726,4.055825498694684e-05,0.0012590024622028961,True
4039,3382,135.28,03/22/2026 12:55:35.520,19.29734281,0.505660158,19.449731098501594,0.5056602893831245,3.239071362884725e-05,0.001671664056579482,True
4040,3383,135.32,03/22/2026 12:55:35.560,19.29734281,0.505660158,19.46985961984691,0.5056598959105251,2.8072627428980717e-05,0.0021424392607832295,True
4041,3384,135.36,03/22/2026 12:55:35.600,19.29734281,0.505660158,19.489976731765573,0.5056595395321639,2.7159507241303165e-05,0.0026712291601297014,True
4042,3385,135.4,03/22/2026 12:55:35.640,19.29734281,0.505660158,19.51008244128619,0.5056592602833562,2.872659952377068e-05,0.00325793479242186,True
4043,3386,135.44,03/22/2026 12:55:35.680,19.29734281,0.505660158,19.53017675620308,0.5056590595183718,3.1832904557338026e-05,0.0039024573230934637,True
4044,3387,135.48,03/22/2026 12:55:35.720,19.29734281,0.505660158,19.5502596846525,0.5056589210994564,3.5731010953942276e-05,0.004604698105506376,True
4045,3388,135.52,03/22/2026 12:55:35.760,19.29734281,0.505660158,19.570331234849505,0.5056588245533112,3.9919104894255474e-05,0.00536455867455903,True
4046,3389,135.56,03/22/2026 12:55:35.800,19.29734281,0.505660158,19.59039141495247,0.50565875184753,4.4111689152075594e-05,0.0061819407263165715,True
4047,3390,135.6,03/22/2026 12:55:35.840,19.4727732,0.505660158,19.610539662863985,0.505659601249984,4.483146609580221e-05,0.001366257402482256,True
4048,3391,135.64000000000001,03/22/2026 12:55:35.880,19.4727732,0.505660158,19.630676505713172,0.5056598871469463,4.125061422656573e-05,0.0017948493407843118,True
4049,3392,135.68,03/22/2026 12:55:35.920,19.4727732,0.505660158,19.650801946593976,0.5056598459832501,3.729305031608013e-05,0.0022815280267571864,True
4050,3393,135.72,03/22/2026 12:55:35.960,19.4727732,0.674213543,19.67578439212227,0.5992505732853286,0.8992851410183702,5.0569651791597225,True
4051,3394,135.76,03/22/2026 12:55:36.000,19.4727732,0.674213543,19.701471029108504,0.6568712444811918,1.1073136572186713,0.27422783625431313,True
4052,3395,135.8,03/22/2026 12:55:36.040,19.4727732,0.674213543,19.727708342192894,0.6861980721146773,0.9635360839111434,0.1338871775515946,True
4053,3396,135.84,03/22/2026 12:55:36.080,19.4727732,0.674213543,19.754307301837727,0.696683002592414,0.6939800159705469,0.45985177505540475,True
4054,3397,135.88,03/22/2026 12:55:36.120,19.4727732,0.674213543,19.78110342585168,0.6965506366494101,0.4260106523263938,0.4556606049377252,True
4055,3398,135.92000000000002,03/22/2026 12:55:36.160,19.4727732,0.674213543,19.807978252646617,0.6917245603033801,0.21593379243985153,0.2839320884627157,True
4056,3399,135.96,03/22/2026 12:55:36.200,19.4727732,0.674213543,19.83485907026028,0.6858408875521146,0.07643637444218174,0.13107187532107828,True
4057,3400,136.0,03/22/2026 12:55:36.240,19.64820359,0.674213543,19.861808403673294,0.6807433510121544,-0.0019045153542066318,0.04164657665161423,True
4058,3401,136.04,03/22/2026 12:55:36.280,19.64820359,0.674213543,19.888713801363654,0.6770824793381869,-0.036330711086432606,0.011573261654935434,True
4059,3402,136.08,03/22/2026 12:55:36.320,19.64820359,0.674213543,19.915575603746444,0.6748417751914875,-0.04387855652249559,0.005502632507472925,True
4060,3403,136.12,03/22/2026 12:55:36.360,19.64820359,0.674213543,19.942400029399337,0.6737108317445345,-0.03786075189997553,0.006456375227266761,True
4061,3404,136.16,03/22/2026 12:55:36.400,19.64820359,0.674213543,19.969194586293156,0.6733147709802563,-0.027092956865753814,0.008140880343057773,True
4062,3405,136.2,03/22/2026 12:55:36.440,19.82363398,0.674213543,19.9960650976404,0.6733309538947909,-0.016512866403086156,0.002839488445877946,True
4063,3406,136.24,03/22/2026 12:55:36.480,19.82363398,0.674213543,20.022916814731104,0.6735262271043093,-0.008276437012053267,0.0032824089638722144,True
4064,3407,136.28,03/22/2026 12:55:36.520,19.82363398,0.505660158,20.044884166768583,0.5801685356599224,-0.9020893447059384,4.996705647155093,True
4065,3408,136.32,03/22/2026 12:55:36.560,19.82363398,0.505660158,20.066121398713758,0.5227479463535675,-1.1070851348896982,0.2668900995552304,True
4066,3409,136.36,03/22/2026 12:55:36.600,19.82363398,0.505660158,20.086782532826152,0.49356381035805236,-0.9619885946191982,0.13655696936048647,True
4067,3410,136.4,03/22/2026 12:55:36.640,19.82363398,0.505660158,20.10705658920836,0.48316556081695894,-0.692155412664602,0.4608263988604882,True
4068,3411,136.44,03/22/2026 12:55:36.680,19.82363398,0.505660158,20.127107816860352,0.4833411634796108,-0.42442962952833413,0.45459206510162936,True
4069,3412,136.48,03/22/2026 12:55:36.720,19.82363398,0.505660158,20.1470543982908,0.48818189234926523,-0.2147741472113684,0.2822349436205468,True
4070,3413,136.52,03/22/2026 12:55:36.760,19.82363398,0.505660158,20.166968809388273,0.49406434228487706,-0.07568546196323109,0.12938455973805077,True
4071,3414,136.56,03/22/2026 12:55:36.800,19.99906437,0.505660158,20.186987023175767,0.49915564342717733,0.002334639669532082,0.040583265475791615,True
4072,3415,136.6,03/22/2026 12:55:36.840,19.99906437,0.505660158,20.207022637463783,0.5028077912782196,0.03654266791916835,0.010425116231572057,True
4073,3416,136.64000000000001,03/22/2026 12:55:36.880,19.99906437,0.505660158,20.227075265834944,0.5050404906188463,0.04396634236972387,0.004086492167455676,True
4074,3417,136.68,03/22/2026 12:55:36.920,19.99906437,0.505660158,20.247138682378885,0.5061654213337552,0.03789446746691369,0.004660833499281601,True
4075,3418,136.72,03/22/2026 12:55:36.960,19.99906437,0.505660158,20.267205394413434,0.5065576025228208,0.027117114634203035,0.005902366200088448,True
4076,3419,136.76,03/22/2026 12:55:37.000,19.99906437,0.505660158,20.287268946489906,0.5065401920974864,0.016547749628527057,0.0066781758850462496,True
4077,3420,136.8,03/22/2026 12:55:37.040,20.17449476,0.505660158,20.307423979002497,0.5063452313094701,0.008323852744667471,0.0016949607467475866,True
4078,3421,136.84,03/22/2026 12:55:37.080,20.17449476,0.505660158,20.32756837627426,0.506112119881726,0.002895491844967615,0.001871098514724946,True
4079,3422,136.88,03/22/2026 12:55:37.120,20.17449476,0.505660158,20.347700727762323,0.5059117728709505,-0.0001303748643224495,0.0022169365970979658,True
4080,3423,136.92000000000002,03/22/2026 12:55:37.160,20.17449476,0.505660158,20.367820550284314,0.505768736987865,-0.0014412517743644113,0.002701248678725327,True
4081,3424,136.96,03/22/2026 12:55:37.200,20.17449476,0.505660158,20.38792787785479,0.5056816987081847,-0.001708886225676185,0.0032796669122196072,True
4082,3425,137.0,03/22/2026 12:55:37.240,20.17449476,0.505660158,20.408022968895366,0.5056381237361695,-0.0014546640170679218,0.003926149452534141,True
4083,3426,137.04,03/22/2026 12:55:37.280,20.17449476,0.505660158,20.428106128128253,0.5056231623214171,-0.001021833187438701,0.0046311600756088886,True
4084,3427,137.08,03/22/2026 12:55:37.320,20.17449476,0.505660158,20.448177617482816,0.5056241039381263,-0.0006011661763295104,0.005392958022057973,True
4085,3428,137.12,03/22/2026 12:55:37.360,20.17449476,0.505660158,20.468237625602672,0.5056319019398744,-0.00027491175905495455,0.006211901217772403,True
4086,3429,137.16,03/22/2026 12:55:37.400,20.17449476,0.505660158,20.48828626992216,0.5056410697472183,-5.9501647209482213e-05,0.007088333083067763,True
4087,3430,137.20000000000002,03/22/2026 12:55:37.440,20.17449476,0.505660158,20.508323612784544,0.5056488749446724,6.141053186058414e-05,0.008022266955996645,True
4088,3431,137.24,03/22/2026 12:55:37.480,20.17449476,0.674213543,20.533218086881337,0.5992453136780258,0.8993656176602614,5.063861758313053,True
4089,3432,137.28,03/22/2026 12:55:37.520,20.17449476,0.674213543,20.558816883758926,0.6568695280397212,1.1074079929700118,0.2811236126884184,True
4090,3433,137.32,03/22/2026 12:55:37.560,20.17449476,0.674213543,20.58496647894397,0.6861981784649714,0.9636224163424216,0.14135704084272135,True
4091,3434,137.36,03/22/2026 12:55:37.600,20.34992515,0.674213543,20.61157700723442,0.6966846890581975,0.6940469775914918,0.45913833547310573,True
4092,3435,137.4,03/22/2026 12:55:37.640,20.34992515,0.674213543,20.638384750114074,0.6965526811964778,0.42605394709314104,0.4548849592789087,True
4093,3436,137.44,03/22/2026 12:55:37.680,20.34992515,0.674213543,20.665271233845267,0.6917263430190846,0.21595656078597694,0.2830549881429834,True
4094,3437,137.48,03/22/2026 12:55:37.720,20.34992515,0.674213543,20.692163738357365,0.6858421886033866,0.07644439391992283,0.1300906435321846,True
4095,3438,137.52,03/22/2026 12:55:37.760,20.34992515,0.505660158,20.71415700575567,0.5871523434788695,-0.9011525355382662,5.982733624312138,True
4096,3439,137.56,03/22/2026 12:55:37.800,20.34992515,0.505660158,20.735390818104225,0.5258698475846937,-1.1436048724056487,0.3781127960891921,True
4097,3440,137.6,03/22/2026 12:55:37.840,20.34992515,0.505660158,20.75601904207263,0.4943018302289691,-1.007367809741547,0.12786143667742436,True
4098,3441,137.64000000000001,03/22/2026 12:55:37.880,20.34992515,0.505660158,20.776236936872486,0.4826857669122858,-0.7317851951901992,0.487715836358524,True
4099,3442,137.68,03/22/2026 12:55:37.920,20.34992515,0.505660158,20.796216503116582,0.4824220395158644,-0.4530397680158518,0.499926919143995,True
4100,3443,137.72,03/22/2026 12:55:37.960,20.34992515,0.505660158,20.8160826933476,0.48726341621259445,-0.23237240952008378,0.3199561139526656,True
4101,3444,137.76,03/22/2026 12:55:38.000,20.52535554,0.505660158,20.836011991990066,0.4933429629583031,-0.08462863621036962,0.14336256798854752,True
4102,3445,137.8,03/22/2026 12:55:38.040,20.52535554,0.505660158,20.855944920974462,0.49867498007225164,-0.0008486624380762975,0.05172990596553595,True
4103,3446,137.84,03/22/2026 12:55:38.080,20.70078593,0.337106772,20.871126644768136,0.4089466404717513,-0.8626479017609932,4.643985979594692,True
4104,3447,137.88,03/22/2026 12:55:38.120,20.70078593,0.337106772,20.885610978760585,0.35370971475544144,-1.0618249845025953,0.250414781060818,True
4105,3448,137.92000000000002,03/22/2026 12:55:38.160,20.70078593,0.337106772,20.899545207806476,0.3256002888450252,-0.9238016801064528,0.12190246025032521,True
4106,3449,137.96,03/22/2026 12:55:38.200,20.70078593,0.337106772,20.913110621025126,0.3155542107330648,-0.6652660962770154,0.4209861889333143,True
4107,3450,138.0,03/22/2026 12:55:38.240,20.70078593,0.337106772,20.92646494381046,0.3156854931719283,-0.40830595568996414,0.4163306704436929,True
4108,3451,138.04,03/22/2026 12:55:38.280,20.70078593,0.337106772,20.939721763636644,0.3203150293449771,-0.20688235659175394,0.2576698538981993,True
4109,3452,138.08,03/22/2026 12:55:38.320,20.70078593,0.337106772,20.952950799108542,0.3259571462600103,-0.0731422277670915,0.1163594359185123,True
4110,3453,138.12,03/22/2026 12:55:38.360,20.70078593,0.168553386,20.96131897251825,0.23725461524472935,-0.8972942167415532,4.250103220847503,True
4111,3454,138.16,03/22/2026 12:55:38.400,20.70078593,0.168553386,20.96899159512759,0.18314367267092113,-1.0723310609605092,0.19667629028373243,True
4112,3455,138.20000000000002,03/22/2026 12:55:38.440,20.70078593,0.168553386,20.97612186731941,0.15596449714027422,-0.9213265177765357,0.1479621095437893,True
4113,3456,138.24,03/22/2026 12:55:38.480,20.70078593,0.0,20.978024463004434,0.05297218388211623,-1.5567934239824823,2.5294387112277694,True
4114,3457,138.28,03/22/2026 12:55:38.520,20.70078593,0.0,20.979009497136126,-0.0041373298034297155,-1.507174003335308,0.020957020666536676,True
4115,3458,138.32,03/22/2026 12:55:38.560,20.70078593,0.0,20.979342760702043,-0.028653509192718446,-1.1634582329953198,0.7439411108753049,True
4116,3459,138.36,03/22/2026 12:55:38.600,20.70078593,0.0,20.979281572981918,-0.033442268855205314,-0.7622964451549712,1.01137390851758,True
4117,3460,138.4,03/22/2026 12:55:38.640,20.70078593,0.0,20.97902457249904,-0.028435512304200126,-0.42119575417915756,0.7327357479228195,True
4118,3461,138.44,03/22/2026 12:55:38.680,20.70078593,0.0,20.978701909767544,-0.02014076012669536,-0.17959898979947878,0.3703501672479065,True
4119,3462,138.48,03/22/2026 12:55:38.720,21.05164671,-0.168553386,20.973715132640287,-0.10574293827108107,-0.9330704574086633,3.5486686118053177,True
4120,3463,138.52,03/22/2026 12:55:38.760,20.87621632,-0.168553386,20.96795056609793,-0.1572184935076873,-1.0690479232922439,0.11617044672331105,True
4121,3464,138.56,03/22/2026 12:55:38.800,20.87621632,-0.168553386,20.96166656895939,-0.1825306862636607,-0.9013797679483204,0.17622601832726859,True
4122,3465,138.6,03/22/2026 12:55:38.840,20.87621632,-0.168553386,20.955045654176608,-0.19080524777611985,-0.6344495931144559,0.44576555097881215,True
4123,3466,138.64000000000001,03/22/2026 12:55:38.880,20.52535554,-0.337106772,20.943175301328733,-0.2833294036193748,-1.2795815823098338,2.6138516958884166,True
4124,3467,138.68,03/22/2026 12:55:38.920,20.52535554,-0.337106772,20.930514734879033,-0.33595517560728033,-1.2934136703356303,0.013013819563355462,True
4125,3468,138.72,03/22/2026 12:55:38.960,20.52535554,-0.337106772,20.91728241911572,-0.35960596208195217,-1.0235300850550044,0.46626438262412406,True
4126,3469,138.76,03/22/2026 12:55:39.000,20.52535554,-0.337106772,20.903699178943686,-0.365323221734437,-0.6850616010529507,0.7262794352303379,True
4127,3470,138.8,03/22/2026 12:55:39.040,20.52535554,-0.337106772,20.889939763037166,-0.361844625018002,-0.38832180729378646,0.5598832619576825,True
4128,3471,138.84,03/22/2026 12:55:39.080,20.52535554,-0.505660158,20.871252724106597,-0.44860952036201945,-1.072716860426682,2.936147977393034,True
4129,3472,138.88,03/22/2026 12:55:39.120,20.52535554,-0.505660158,20.851857175039974,-0.4993723578633491,-1.148159504161728,0.04325221700932981,True
4130,3473,138.92000000000002,03/22/2026 12:55:39.160,20.52535554,-0.505660158,20.831936259064257,-0.5232906152529964,-0.9366776011743032,0.2862792806942151,True
4131,3474,138.96,03/22/2026 12:55:39.200,20.52535554,-0.505660158,20.811685998238868,-0.5301657379357849,-0.642720773137945,0.5459480067737411,True
4132,3475,139.0,03/22/2026 12:55:39.240,20.52535554,-0.674213543,20.78639789758282,-0.6215848198400407,-1.2740668200751317,2.4961811808577177,True
4133,3476,139.04,03/22/2026 12:55:39.280,20.52535554,-0.674213543,20.760334497070914,-0.6734738051126608,-1.2829508878555342,0.004468470912873957,True
4134,3477,139.08,03/22/2026 12:55:39.320,20.52535554,-0.674213543,20.733713310473735,-0.6967088201305665,-1.0131063022892812,0.4582123158472228,True
4135,3478,139.12,03/22/2026 12:55:39.360,20.52535554,-0.674213543,20.70675336703242,-0.7022417938265242,-0.6768869358194657,0.7088757914776929,True
4136,3479,139.16,03/22/2026 12:55:39.400,20.52535554,-0.674213543,20.679627626013097,-0.6987211791935034,-0.38289972884979007,0.541880417917091,True
4137,3480,139.20000000000002,03/22/2026 12:55:39.440,20.52535554,-0.674213543,20.652451645083165,-0.6919253643585124,-0.17043401772244085,0.2832918614681131,True
4138,3481,139.24,03/22/2026 12:55:39.480,20.52535554,-0.674213543,20.625290790432242,-0.6851231718661938,-0.039566309541126304,0.1077555341095699,True
4139,3482,139.28,03/22/2026 12:55:39.520,20.52535554,-0.842766929,20.59330574255443,-0.7733606602870768,-0.8721676299268556,4.333002010346617,True
4140,3483,139.32,03/22/2026 12:55:39.560,20.52535554,-0.842766929,20.560656060103515,-0.8274148804442129,-1.0563325042118827,0.21207064258860728,True
4141,3484,139.36,03/22/2026 12:55:39.600,20.34992515,-0.842766929,20.52739173308617,-0.8547319151756256,-0.9128080713848451,0.13100645021039348,True
4142,3485,139.4,03/22/2026 12:55:39.640,20.34992515,-0.842766929,20.493792045341475,-0.8643274771571877,-0.6541737156256549,0.41955437172314186,True
4143,3486,139.44,03/22/2026 12:55:39.680,20.17449476,-1.011320315,20.45504552608878,-0.9575856625331927,-1.2987873467825328,2.6027512226839975,True
4144,3487,139.48,03/22/2026 12:55:39.720,20.17449476,-1.011320315,20.41551560217344,-1.0105285257954348,-1.3082960840711324,0.004747352543562347,True
4145,3488,139.52,03/22/2026 12:55:39.760,20.17449476,-1.011320315,20.375424004158795,-1.0342432851550873,-1.033320566840553,0.47546515052601074,True
4146,3489,139.56,03/22/2026 12:55:39.800,20.17449476,-1.179873701,20.33012567166694,-1.1334891942422594,-1.5897563640148293,1.9368942711767165,True
4147,3490,139.6,03/22/2026 12:55:39.840,19.99906437,-1.179873701,20.28385094889149,-1.1875272662731622,-1.4979564268900603,0.05850219387997659,True
4148,3491,139.64000000000001,03/22/2026 12:55:39.880,19.99906437,-1.179873701,20.23697015579319,-1.2099268325789256,-1.137449012276967,0.816338833159409,True
4149,3492,139.68,03/22/2026 12:55:39.920,19.99906437,-1.179873701,20.189739023372685,-1.2134752878050106,-0.7343722458748217,1.0180418377197615,True
4150,3493,139.72,03/22/2026 12:55:39.960,19.82363398,-1.179873701,20.14225287929533,-1.2078835178907434,-0.3983799484224232,0.7128499199626261,True
4151,3494,139.76,03/22/2026 12:55:40.000,19.82363398,-1.179873701,20.094735993383576,-1.1994192178180898,-0.1639234346974405,0.34883709629908116,True
4152,3495,139.8,03/22/2026 12:55:40.040,19.82363398,-1.348427087,20.042387960104726,-1.2850745910221275,-0.923910151991164,3.613358360785453,True
4153,3496,139.84,03/22/2026 12:55:40.080,19.4727732,-1.348427087,19.989191889087326,-1.3366903732622495,-1.0647262392477832,0.14314732706018946,True
4154,3497,139.88,03/22/2026 12:55:40.120,19.4727732,-1.348427087,19.93550328092405,-1.3621507613198893,-0.9001169023398901,0.18474671749155097,True
4155,3498,139.92000000000002,03/22/2026 12:55:40.160,19.4727732,-1.348427087,19.881503908949195,-1.3705454001060506,-0.6348030483169922,0.4519465559789295,True
4156,3499,139.96,03/22/2026 12:55:40.200,19.4727732,-1.516980473,19.822479028217504,-1.4631496439507417,-1.2805734060365332,2.61522835714939,True
4157,3500,140.0,03/22/2026 12:55:40.240,19.4727732,-1.516980473,19.762689817810827,-1.5158221456279122,-1.294481254220107,0.00726037472487203,True
4158,3501,140.04,03/22/2026 12:55:40.280,19.4727732,-1.685533858,19.697486480753074,-1.6330857381364392,-1.9236592105737496,2.4778244411791155,True
4159,3502,140.08,03/22/2026 12:55:40.320,19.4727732,-1.685533858,19.63124281333151,-1.696430033756525,-1.7929554178662086,0.10857455688899968,True
4160,3503,140.12,03/22/2026 12:55:40.360,19.12191243,-1.685533858,19.564089612612136,-1.7222780846086816,-1.3521903873921803,1.2282394477066383,True
4161,3504,140.16,03/22/2026 12:55:40.400,19.12191243,-1.854087244,19.491662251910437,-1.8195232834351256,-1.7668360407175534,1.0844469700249542,True
4162,3505,140.20000000000002,03/22/2026 12:55:40.440,19.12191243,-1.854087244,19.418344381788266,-1.8701481168854241,-1.574182450458262,0.2382831452388369,True
4163,3506,140.24,03/22/2026 12:55:40.480,19.12191243,-1.854087244,19.344437632081547,-1.8892353925415681,-1.1525544896840998,1.1146055222078435,True
4164,3507,140.28,03/22/2026 12:55:40.520,18.77105165,-1.854087244,19.27001317683773,-1.8902251117423892,-0.7190658031243989,1.1923228039128035,True
4165,3508,140.32,03/22/2026 12:55:40.560,18.77105165,-2.02264063,19.190597015128116,-1.9765442220960856,-1.272056978465184,1.9239714387351898,True
4166,3509,140.36,03/22/2026 12:55:40.600,18.77105165,-2.02264063,19.11046470718551,-2.024770862822375,-1.2465173624036194,0.012367426232982866,True
4167,3510,140.4,03/22/2026 12:55:40.640,18.77105165,-2.02264063,19.029833411709646,-2.0457644222178226,-0.969135283757875,0.4856836982060602,True
4168,3511,140.44,03/22/2026 12:55:40.680,18.94648204,-2.191194016,18.944146270022877,-2.1437561711340782,-1.5382001040824194,2.0239674503048377,True
4169,3512,140.48,03/22/2026 12:55:40.720,18.59562126,-2.191194016,18.85742520484728,-2.1974618348542934,-1.4630226024903963,0.04025212321868077,True
4170,3513,140.52,03/22/2026 12:55:40.760,18.59562126,-2.191194016,18.770130406692452,-2.22000906230948,-1.1173645305496152,0.748924713313126,True
4171,3514,140.56,03/22/2026 12:55:40.800,18.42019087,-2.191194016,18.68241288424765,-2.2238880536861676,-0.7251778282636989,0.9662402718126345,True
4172,3515,140.6,03/22/2026 12:55:40.840,18.42019087,-2.359747402,18.58969375557915,-2.312226815758476,-1.295242647714307,2.033178226596077,True
4173,3516,140.64000000000001,03/22/2026 12:55:40.880,18.42019087,-2.359747402,18.49624961238124,-2.3616553406020246,-1.2723582845725063,0.00368910256121635,True
4174,3517,140.68,03/22/2026 12:55:40.920,18.06933009,-2.191194016,18.406972516028976,-2.2896414942767334,-0.09139583051485722,8.724813553598365,True
4175,3518,140.72,03/22/2026 12:55:40.960,18.06933009,-2.191194016,18.318124414039996,-2.2366047400302604,0.45334096519871236,1.859037093123123,True
4176,3519,140.76,03/22/2026 12:55:41.000,17.8938997,-2.191194016,18.229622172609222,-2.203326973128381,0.598873534355761,0.14047507441853063,True
4177,3520,140.8,03/22/2026 12:55:41.040,17.71846931,-2.191194016,18.141388429958777,-2.185938504579335,0.53581006736253,0.037737954782302574,True
4178,3521,140.84,03/22/2026 12:55:41.080,17.71846931,-2.191194016,18.05341969056495,-2.1793265730806866,0.39343360060436894,0.13478166056011565,True
4179,3522,140.88,03/22/2026 12:55:41.120,17.71846931,-2.191194016,17.96562446448875,-2.1789183466655437,0.24616384263602634,0.13995834941005497,True
4180,3523,140.92000000000002,03/22/2026 12:55:41.160,17.54303892,-2.02264063,17.8827052832676,-2.087766196797919,1.0273961837211638,3.8227667545067474,True
4181,3524,140.96,03/22/2026 12:55:41.200,17.54303892,-2.02264063,17.800566044437932,-2.033328946999388,1.1556022158590504,0.10749611631027463,True
4182,3525,141.0,03/22/2026 12:55:41.240,17.54303892,-2.02264063,17.719031331442153,-2.006837364317391,0.9660184504130099,0.2268751230563007,True
4183,3526,141.04,03/22/2026 12:55:41.280,17.19217814,-2.02264063,17.637706470305105,-1.9984295174793638,0.6755624011904459,0.5415991456487532,True
4184,3527,141.08,03/22/2026 12:55:41.320,17.19217814,-2.02264063,17.5566239849955,-1.9998568872727172,0.4022326031991458,0.4765173044009601,True
4185,3528,141.12,03/22/2026 12:55:41.360,17.19217814,-2.02264063,17.475668529487592,-2.0053537031749737,0.19484617230472204,0.27460634529747047,True
4186,3529,141.16,03/22/2026 12:55:41.400,17.19217814,-1.854087244,17.3996398358688,-1.9178963376561946,0.9602918050906725,3.6649793259627366,True
4187,3530,141.20000000000002,03/22/2026 12:55:41.440,17.19217814,-1.854087244,17.324351818362558,-1.8653831812589718,1.0957922787014571,0.11600566616765501,True
4188,3531,141.24,03/22/2026 12:55:41.480,17.19217814,-1.854087244,17.249640514862723,-1.839617590212893,0.9222116634303058,0.1885540149081136,True
4189,3532,141.28,03/22/2026 12:55:41.520,17.19217814,-1.854087244,17.175318828257044,-1.8312461438960712,0.6482102985252651,0.4692490475302783,True
4190,3533,141.32,03/22/2026 12:55:41.560,17.19217814,-1.854087244,17.10122929378094,-1.8323970165296333,0.38801801933309393,0.4237149415773538,True
4191,3534,141.36,03/22/2026 12:55:41.600,17.19217814,-1.854087244,17.027261223111125,-1.837537188169079,0.18949049640963253,0.2482823744494566,True
4192,3535,141.4,03/22/2026 12:55:41.640,16.66588698,-1.854087244,16.953052431766096,-1.843357303755648,0.06076159144612098,0.10951459021021087,True
4193,3536,141.44,03/22/2026 12:55:41.680,16.66588698,-1.854087244,16.878866603885506,-1.8482353925085606,-0.009446497087695557,0.0340761935301238,True
4194,3537,141.48,03/22/2026 12:55:41.720,16.49045659,-1.685533858,16.809463141039124,-1.7580634525158558,0.8606055375362206,4.738450365145657,True
4195,3538,141.52,03/22/2026 12:55:41.760,16.66588698,-1.685533858,16.74088813651341,-1.7024812329593788,1.0639031943792412,0.25871340507583773,True
4196,3539,141.56,03/22/2026 12:55:41.800,16.66588698,-1.685533858,16.672895980079133,-1.674144656689735,0.927277904008379,0.11666920599981954,True
4197,3540,141.6,03/22/2026 12:55:41.840,16.49045659,-1.685533858,16.605206405928318,-1.6639733161517731,0.6686324378018556,0.4190641993646475,True
4198,3541,141.64000000000001,03/22/2026 12:55:41.880,15.96416542,-1.685533858,16.537463922490613,-1.6640532970761495,0.410926589814584,0.4387716644410985,True
4199,3542,141.68,03/22/2026 12:55:41.920,15.96416542,-1.685533858,16.4698503332014,-1.6686730007042827,0.2086416831163443,0.27417719580050626,True
4200,3543,141.72,03/22/2026 12:55:41.960,15.96416542,-1.685533858,16.40229547987321,-1.6743257846279607,0.07417055802795042,0.1268477316364876,True
4201,3544,141.76,03/22/2026 12:55:42.000,15.96416542,-1.516980473,16.339632155157304,-1.5856407201214866,0.8978034156341756,4.249893710394616,True
4202,3545,141.8,03/22/2026 12:55:42.040,15.96416542,-1.516980473,16.277694885896857,-1.5315464986776688,1.07252406248539,0.19785878004590343,True
4203,3546,141.84,03/22/2026 12:55:42.080,15.96416542,-1.516980473,16.216330387589508,-1.5043801028203205,0.9213589728589565,0.14740447039154075,True
4204,3547,141.88,03/22/2026 12:55:42.120,15.96416542,-1.516980473,16.155355545319107,-1.4949869686221635,0.6575163769632757,0.437724103496082,True
4205,3548,141.92000000000002,03/22/2026 12:55:42.160,15.61330464,-1.516980473,16.09441590309674,-1.4955046274103556,0.39987108161932133,0.4315737543281784,True
4206,3549,141.96,03/22/2026 12:55:42.200,15.61330464,-1.516980473,16.033596439443123,-1.5003179420172894,0.19996899317436692,0.2624911943073936,True
4207,3550,142.0,03/22/2026 12:55:42.240,15.61330464,-1.348427087,15.97769730155858,-1.4124235572679158,0.9676556101157552,3.6928838035040705,True
4208,3551,142.04,03/22/2026 12:55:42.280,15.61330464,-1.348427087,15.922531541630088,-1.3596762793004242,1.1025876725229273,0.1206649942859115,True
4209,3552,142.08,03/22/2026 12:55:42.320,15.61330464,-1.348427087,15.86793395151779,-1.3338167813772972,0.9273112680981694,0.1966892646547377,True
4210,3553,142.12,03/22/2026 12:55:42.360,15.61330464,-1.348427087,15.81371628572973,-1.3254338428258343,0.6514753834876308,0.47843845853283984,True
