frame_index_original,frame_index_zeroed,elapsed_time_s,timestamp,range_raw_m,velocity_raw_ms,range_kf_m,velocity_kf_ms,acceleration_kf_ms2,mahalanobis_d2,kf_update_accepted
42,0,0.0,02/28/2026 10:12:22.640,79.99625749,-5.730815119,79.915582277722,-5.73081363468158,-2.562734097817248e-05,0.003405417972513488,True
43,1,0.04,02/28/2026 10:12:22.680,79.64539671,-5.730815119,79.67024585252909,-5.730815230304864,-2.721348992726811e-05,0.00018739198782371407,True
44,2,0.08,02/28/2026 10:12:22.720,79.64539671,-5.899368505,79.49598149500477,-5.851467478156371,-1.6523557515451255,3.23515246010859,True
45,3,0.12,02/28/2026 10:12:22.760,79.29453593,-5.899368505,79.26843399207971,-5.905401994199738,-1.5154972852652038,0.044070505862665414,True
46,4,0.16,02/28/2026 10:12:22.800,79.29453593,-5.899368505,79.08006793786798,-5.924857519899075,-1.1041476294927604,0.6899791220922992,True
47,5,0.2,02/28/2026 10:12:22.840,78.94367515,-6.06792189,78.85526452145801,-6.026693776490458,-1.655017163946988,1.6326110433246137,True
48,6,0.24,02/28/2026 10:12:22.880,78.41738398,-6.06792189,78.58759897938454,-6.078783355950037,-1.5209793958503925,0.11462286323612965,True
49,7,0.28,02/28/2026 10:12:22.920,78.41738398,-6.236475276,78.3493551276957,-6.193654924248923,-2.036987047707086,1.6598363462339596,True
50,8,0.32,02/28/2026 10:12:22.960,78.0665232,-6.236475276,78.09750839161126,-6.253649003886124,-1.8308573736574765,0.26575944299330073,True
51,9,0.36,02/28/2026 10:12:23.000,77.89109281,-6.405028662,77.84807347796387,-6.370286632909097,-2.248003726298566,1.0863294132683414,True
52,10,0.4,02/28/2026 10:12:23.040,77.71566243,-6.405028662,77.60372369646466,-6.429558079815135,-1.953401430734464,0.543954933140414,True
53,11,0.44,02/28/2026 10:12:23.080,77.71566243,-6.405028662,77.37733762141606,-6.45066904698205,-1.4054053017605024,1.8973703064044098,True
54,12,0.48,02/28/2026 10:12:23.120,77.18937126,-6.573582048,77.12161311614992,-6.543924246144702,-1.7613178381640064,0.7921202429289436,True
55,13,0.52,02/28/2026 10:12:23.160,77.18937126,-6.573582048,76.88232592795127,-6.591719314320631,-1.5436644972613247,0.3146737498584643,True
56,14,0.56,02/28/2026 10:12:23.200,76.13678892,-6.742135434,76.58404952741849,-6.702707927889194,-2.0167206858148097,1.4379923262198975,True
57,15,0.6,02/28/2026 10:12:23.240,76.31221931,-6.573582048,76.32000913648903,-6.666885448638622,-0.8974457926223094,7.829826876188887,True
58,16,0.64,02/28/2026 10:12:23.280,75.78592814,-6.742135434,76.03632067121744,-6.72463737629963,-1.107387486249229,0.2877309067853529,True
59,17,0.68,02/28/2026 10:12:23.320,75.61049775,-6.91068882,75.75409538524922,-6.847646247986375,-1.8636676095402998,3.5787874650589004,True
60,18,0.72,02/28/2026 10:12:23.360,75.43506737,-7.079242206,75.47208879434538,-7.009396646810153,-2.7015421632207506,4.387974619628983,True
61,19,0.76,02/28/2026 10:12:23.400,75.25963698,-7.079242206,75.19403064579424,-7.096237555335737,-2.4976567257054336,0.26064526785676273,True
62,20,0.8,02/28/2026 10:12:23.440,74.9087762,-7.079242206,74.91147980668926,-7.131233063611463,-1.8739738095958574,2.431125862649141,True
63,21,0.84,02/28/2026 10:12:23.480,74.73334581,-7.416348977,74.62366402540064,-7.322882283507433,-2.995187064451605,7.859264198859007,True
64,22,0.88,02/28/2026 10:12:23.520,73.85619386,-7.416348977,74.30903376144443,-7.428069887323596,-2.854642154864929,0.16286713338160505,True
65,23,0.92,02/28/2026 10:12:23.560,73.68076347,-7.584902363,73.9950285040845,-7.565939860979654,-3.082157387677504,0.34250712631178465,True
66,24,0.96,02/28/2026 10:12:23.600,73.68076347,-7.584902363,73.69249916739584,-7.631299494868566,-2.525578419450365,1.9361497202040923,True
67,25,1.0,02/28/2026 10:12:23.640,73.32990269,-7.753455749,73.38254737572889,-7.744057713082499,-2.638324121157959,0.07998023628597101,True
68,26,1.04,02/28/2026 10:12:23.680,72.80361153,-7.753455749,73.06368455061796,-7.796214306074469,-2.1254252548278147,1.6570261084629174,True
69,27,1.08,02/28/2026 10:12:23.720,72.62818114,-7.922009135,72.74471252203263,-7.903875171407324,-2.3429752919950833,0.2984023373718944,True
70,28,1.12,02/28/2026 10:12:23.760,71.92645958,-7.922009135,72.41188063461843,-7.955631363201606,-1.9397041333151788,1.0612483881796093,True
71,29,1.16,02/28/2026 10:12:23.800,71.92645958,-8.090562521,72.08505982733507,-8.0650619246899,-2.245629543407679,0.5897498412468037,True
72,30,1.2,02/28/2026 10:12:23.840,71.75102919,-8.090562521,71.76217327724895,-8.119170393040804,-1.9024506092535123,0.7360955686984595,True
73,31,1.24,02/28/2026 10:12:23.880,71.5755988,-8.259115906,71.43837313451866,-8.23071852460306,-2.2430887344670674,0.7287710443188801,True
74,32,1.28,02/28/2026 10:12:23.920,71.04930763,-8.259115906,71.10735452843251,-8.286390891291258,-1.9159049579309348,0.6696885400193223,True
75,33,1.32,02/28/2026 10:12:23.960,70.34758608,-8.259115906,70.76495010668825,-8.305334978494228,-1.3615123074998863,1.9538713536496453,True
76,34,1.36,02/28/2026 10:12:24.000,69.9967253,-8.427669292,70.4174844933289,-8.397488728994844,-1.7236107377872287,0.8530856653604466,True
77,35,1.4000000000000001,02/28/2026 10:12:24.040,69.9967253,-8.427669292,70.07901976001317,-8.444910241880386,-1.5167982784352045,0.26859541115695784,True
78,36,1.44,02/28/2026 10:12:24.080,69.47043413,-8.427669292,69.73503690676395,-8.462323823587449,-1.1011147151349803,1.0931487316372857,True
79,37,1.48,02/28/2026 10:12:24.120,69.11957335,-8.596222678,69.38594779727254,-8.556264455502264,-1.5804866568855425,1.4497091314261668,True
80,38,1.52,02/28/2026 10:12:24.160,68.59328219,-8.596222678,69.03173058872073,-8.606573764584066,-1.4563685787459486,0.13257471768548934,True
81,39,1.56,02/28/2026 10:12:24.200,68.4178518,-8.596222678,68.68162715758848,-8.626737977366826,-1.0903389351205748,0.8504502271617772,True
82,40,1.6,02/28/2026 10:12:24.240,68.06699102,-8.596222678,68.33132117618665,-8.629194295708626,-0.6948432631343379,0.990737867507131,True
83,41,1.6400000000000001,02/28/2026 10:12:24.280,68.06699102,-8.764776064,67.98444771691517,-8.716837295559186,-1.2699071963694817,2.0681274720179954,True
84,42,1.68,02/28/2026 10:12:24.320,67.54069985,-8.764776064,67.63267848206709,-8.766048149805101,-1.2546583964044533,0.0030470879636935234,True
85,43,1.72,02/28/2026 10:12:24.360,66.83897829,-8.764776064,67.27256782793809,-8.787667495765819,-0.9801050182502182,0.5064774038768107,True
86,44,1.76,02/28/2026 10:12:24.400,66.83897829,-8.764776064,66.92025804513648,-8.792393570242487,-0.648814944016461,0.6871874100166642,True
87,45,1.8,02/28/2026 10:12:24.440,66.31268713,-8.764776064,66.56407890723582,-8.788604203825345,-0.36300263927576765,0.5224112908913291,True
88,46,1.84,02/28/2026 10:12:24.480,66.13725674,-8.93332945,66.20695881007337,-8.87542293649077,-1.0576581647467962,3.016852767387401,True
89,47,1.8800000000000001,02/28/2026 10:12:24.520,65.78639596,-8.93332945,65.84931786977546,-8.926392263763507,-1.140884282030307,0.04403821121973622,True
90,48,1.92,02/28/2026 10:12:24.560,65.61096557,-8.93332945,65.49486778143878,-8.950538530440154,-0.934430050147034,0.26894128822245733,True
91,49,1.96,02/28/2026 10:12:24.600,65.0846744,-9.101882836,65.1318327283231,-9.051197726542298,-1.5424547958017643,2.3110206081647515,True
92,50,2.0,02/28/2026 10:12:24.640,64.90924401,-9.101882836,64.77159611521634,-9.106778953186472,-1.4837044658500196,0.025134660906143306,True
93,51,2.04,02/28/2026 10:12:24.680,64.55838323,-9.101882836,64.41086924737363,-9.130452876396507,-1.1409603542049453,0.7383203773395586,True
94,52,2.08,02/28/2026 10:12:24.720,64.20752246,-9.101882836,64.04989714463507,-9.134884202255636,-0.7450568313779371,0.9843170470381222,True
95,53,2.12,02/28/2026 10:12:24.760,63.5058009,-9.270436222,63.677621251084794,-9.223407368199691,-1.3092359041217987,1.9949508804590685,True
96,54,2.16,02/28/2026 10:12:24.800,62.97950973,-9.270436222,63.30187806023538,-9.272815705439392,-1.280729923896825,0.024561355274120678,True
97,55,2.2,02/28/2026 10:12:24.840,62.80407934,-9.270436222,62.92924327221014,-9.294279825854796,-0.9947166675454975,0.5141905105859943,True
98,56,2.24,02/28/2026 10:12:24.880,62.45321856,-9.270436222,62.55669349541766,-9.298737428074393,-0.6552273783549383,0.7223192979484355,True
99,57,2.2800000000000002,02/28/2026 10:12:24.920,61.75149701,-9.438989607,62.17356608501177,-9.388275719246682,-1.263641696449906,2.347058837421088,True
100,58,2.32,02/28/2026 10:12:24.960,61.57606662,-9.438989607,61.79330536174777,-9.438917697757182,-1.26453002373225,0.008843774614910531,True
101,59,2.36,02/28/2026 10:12:25.000,61.22520584,-9.438989607,61.41304656668954,-9.461455625845126,-0.9950496295558496,0.4604528596615659,True
102,60,2.4,02/28/2026 10:12:25.040,61.04977545,-9.438989607,61.03583120465584,-9.466682498710377,-0.6628437681222313,0.689793477389225,True
103,61,2.44,02/28/2026 10:12:25.080,61.04977545,-9.438989607,60.66447429365809,-9.463092323517545,-0.37366189119283405,0.5505044640944926,True
104,62,2.48,02/28/2026 10:12:25.120,60.87434506,-9.438989607,60.29604097733094,-9.456348618078138,-0.1653548817332835,0.33383229744104287,True
105,63,2.52,02/28/2026 10:12:25.160,60.52348428,-9.607542993,59.922917643237255,-9.543234362500558,-0.9367311908505327,3.7860999143049034,True
106,64,2.56,02/28/2026 10:12:25.200,60.1726235,-9.607542993,59.54932667085349,-9.595598112665883,-1.0799488066442515,0.20079653219851412,True
107,65,2.6,02/28/2026 10:12:25.240,59.99719311,-9.607542993,59.17805702145477,-9.621431539964165,-0.913245422579686,0.299204504064864,True
108,66,2.64,02/28/2026 10:12:25.280,58.59375,-9.607542993,58.79096576359368,-9.629968696517887,-0.6442495996062279,0.45948355617071607,True
109,67,2.68,02/28/2026 10:12:25.320,58.41831961,-9.607542993,58.40682100511346,-9.62897739407737,-0.3871209546135488,0.4132459483739018,True
110,68,2.72,02/28/2026 10:12:25.360,57.89202844,-9.607542993,58.020546607072035,-9.623964176264776,-0.1901473294485863,0.2455635687286938,True
111,69,2.7600000000000002,02/28/2026 10:12:25.400,57.89202844,-9.607542993,57.63976502844885,-9.618225426857816,-0.06197120882999568,0.11458640092790578,True
112,70,2.8000000000000003,02/28/2026 10:12:25.440,57.36573728,-9.607542993,57.256912948351946,-9.61339488903367,0.008240926808979587,0.03302673809477914,True
113,71,2.84,02/28/2026 10:12:25.480,56.48858533,-9.776096379,56.862420784650844,-9.703594893898892,-0.8615313340213293,4.754419821350107,True
114,72,2.88,02/28/2026 10:12:25.520,55.96229416,-9.776096379,56.46553774900512,-9.759185085174849,-1.0644581689987134,0.3047046296339242,True
115,73,2.92,02/28/2026 10:12:25.560,55.61143338,-9.776096379,56.06883571023982,-9.787517647523927,-0.9275019001473331,0.15624756466724937,True
116,74,2.96,02/28/2026 10:12:25.600,55.08514222,-9.776096379,55.67014223708465,-9.797683580243598,-0.6686098412380286,0.4826890633048151,True
117,75,3.0,02/28/2026 10:12:25.640,54.73428144,-9.776096379,55.2719745072138,-9.797598558708401,-0.41073214017595194,0.46949887924301,True
118,76,3.04,02/28/2026 10:12:25.680,54.38342066,-9.776096379,54.87441847830641,-9.792972580056118,-0.20834224534547735,0.30092978210122495,True
119,77,3.08,02/28/2026 10:12:25.720,54.20799027,-9.776096379,54.47975434518341,-9.787311857652558,-0.07383287942553132,0.12683541715264818,True
120,78,3.12,02/28/2026 10:12:25.760,54.03255988,-9.776096379,54.08790805696538,-9.782398548865638,0.001761577217916227,0.03628476804718854,True
121,79,3.16,02/28/2026 10:12:25.800,53.50626871,-9.944649765,53.689596738960816,-9.872461253703971,-0.8642338586754135,4.693529899842095,True
122,80,3.2,02/28/2026 10:12:25.840,53.15540793,-9.776096379,53.29605565858216,-9.834329958762714,-0.16567957553981427,3.0534971533384954,True
123,81,3.24,02/28/2026 10:12:25.880,52.45368638,-9.944649765,52.894132167163285,-9.898539378604672,-0.7188713824599224,1.9489277414237125,True
124,82,3.2800000000000002,02/28/2026 10:12:25.920,52.1028256,-9.944649765,52.492384741069806,-9.936936265640798,-0.8114478024340648,0.08186875746374794,True
125,83,3.3200000000000003,02/28/2026 10:12:25.960,52.1028256,-9.944649765,52.09506876294767,-9.955654493959313,-0.6794340610085692,0.10893445963017512,True
126,84,3.36,02/28/2026 10:12:26.000,51.92739521,-9.944649765,51.70009958010422,-9.961627837545969,-0.4757385838251177,0.2689758052827905,True
127,85,3.4,02/28/2026 10:12:26.040,51.75196482,-9.944649765,51.307503198234315,-9.960657862101153,-0.28365380021064135,0.2674534648052489,True
128,86,3.44,02/28/2026 10:12:26.080,51.22567365,-9.944649765,50.91325976262915,-9.95681112590307,-0.13772981931663733,0.15129240015169698,True
129,87,3.48,02/28/2026 10:12:26.120,50.87481287,-9.776096379,50.52428857174562,-9.858912952936999,0.855779215165323,6.192204024735639,True
130,88,3.52,02/28/2026 10:12:26.160,50.69938249,-9.776096379,50.138373677247195,-9.797696768416728,1.1149625934928027,0.47854212799439916,True
131,89,3.56,02/28/2026 10:12:26.200,50.17309132,-9.776096379,49.7514095346626,-9.76586256692634,0.9922464246398551,0.12720135609880728,True
132,90,3.6,02/28/2026 10:12:26.240,49.47136976,-9.776096379,49.361339069708976,-9.753891852979466,0.7258934153239445,0.4456372753632984,True
133,91,3.64,02/28/2026 10:12:26.280,49.29593937,-9.776096379,48.973804757336865,-9.753303480193088,0.4525067691951514,0.4863952894143799,True
134,92,3.68,02/28/2026 10:12:26.320,48.59421781,-9.776096379,48.58297087557862,-9.75790939669224,0.23433684066748509,0.2975104303922177,True
135,93,3.72,02/28/2026 10:12:26.360,48.24335704,-9.776096379,48.19258690727558,-9.763838461588854,0.08729659520573613,0.13560577925956602,True
136,94,3.7600000000000002,02/28/2026 10:12:26.400,47.71706587,-9.776096379,47.800759441996135,-9.769092936686537,0.00327357700947338,0.04543162994468761,True
137,95,3.8000000000000003,02/28/2026 10:12:26.440,47.36620509,-9.776096379,47.40933905476659,-9.772924007363029,-0.034787198114255104,0.009401009536766286,True
138,96,3.84,02/28/2026 10:12:26.480,46.48905314,-9.607542993,47.01773976084508,-9.681720466846237,0.8549856215918493,4.999838461142915,True
139,97,3.88,02/28/2026 10:12:26.520,46.48905314,-9.607542993,46.630856579365144,-9.625324726601669,1.0682791479550338,0.2880621733841629,True
140,98,3.92,02/28/2026 10:12:26.560,45.96276198,-9.607542993,46.24312317783832,-9.596450721057247,0.9351838615679381,0.1253569602085272,True
141,99,3.96,02/28/2026 10:12:26.600,45.78733159,-9.607542993,45.857896943845255,-9.585974206007245,0.6764363502173361,0.41937567616389543,True
142,100,4.0,02/28/2026 10:12:26.640,45.08561003,-9.607542993,45.46975950673641,-9.585922079449611,0.417027457337864,0.4480821949303984,True
143,101,4.04,02/28/2026 10:12:26.680,44.91017964,-9.607542993,45.0838316784664,-9.590510869453139,0.21268995950769135,0.2665889806903236,True
144,102,4.08,02/28/2026 10:12:26.720,44.55931886,-9.607542993,44.69828252626519,-9.59618630863196,0.0764390834373262,0.11962828905113693,True
145,103,4.12,02/28/2026 10:12:26.760,44.03302769,-9.607542993,44.31138308144147,-9.601136112761496,-0.0004499023153486936,0.05136738855058256,True
146,104,4.16,02/28/2026 10:12:26.800,43.68216692,-9.438989607,43.92966303093591,-9.511113965175573,0.864726211050398,4.689577772348502,True
147,105,4.2,02/28/2026 10:12:26.840,42.98044536,-9.438989607,43.545628305418894,-9.455690604273238,1.065006650688886,0.3100174296797593,True
148,106,4.24,02/28/2026 10:12:26.880,42.62958458,-9.438989607,43.162486428884996,-9.427478272831088,0.9268554008976426,0.17211347661590487,True
149,107,4.28,02/28/2026 10:12:26.920,42.98044536,-9.438989607,42.78652917135796,-9.417379077832946,0.667637521148563,0.42692247555022494,True
150,108,4.32,02/28/2026 10:12:26.960,42.62958458,-9.438989607,42.410987829554294,-9.417498615105439,0.40985643503305297,0.4241678711071737,True
151,109,4.36,02/28/2026 10:12:27.000,41.92786302,-9.438989607,42.03255941981478,-9.422141914133856,0.20773933363655195,0.25736970949432575,True
152,110,4.4,02/28/2026 10:12:27.040,41.40157186,-9.270436222,41.65767119139641,-9.334213641905933,0.9727845623176109,3.6701647590392747,True
153,111,4.44,02/28/2026 10:12:27.080,40.87528069,-9.270436222,41.282142606459026,-9.28150057290021,1.1054660079710135,0.14075308058407654,True
154,112,4.48,02/28/2026 10:12:27.120,40.52441991,-9.270436222,40.90739282774175,-9.255696288339772,0.9286017425059805,0.22279313303430182,True
155,113,4.5200000000000005,02/28/2026 10:12:27.160,40.34898952,-9.270436222,40.53476325860507,-9.247363803167863,0.6518034954415004,0.4852984580501471,True
156,114,4.5600000000000005,02/28/2026 10:12:27.200,40.34898952,-9.270436222,40.1655727653784,-9.248577219850404,0.38960367880643626,0.4359014392405882,True
157,115,4.6000000000000005,02/28/2026 10:12:27.240,39.64726796,-9.101882836,39.798427330696924,-9.160194831475875,1.08909767558151,3.0622581144730994,True
158,116,4.64,02/28/2026 10:12:27.280,39.1209768,-9.101882836,39.430652026605415,-9.108446032467622,1.1677944174764483,0.056504536368047815,True
159,117,4.68,02/28/2026 10:12:27.320,38.94554641,-9.101882836,39.065065023420054,-9.084028746528746,0.9536029066944613,0.28940501009799907,True
160,118,4.72,02/28/2026 10:12:27.360,38.41925524,-9.101882836,38.698480857994795,-9.076981912444392,0.6548592442192953,0.5723247846345018,True
161,119,4.76,02/28/2026 10:12:27.400,38.06839446,-8.93332945,38.33707270980117,-8.985571356701142,1.281522979837778,2.467730003264989,True
162,120,4.8,02/28/2026 10:12:27.440,37.71753368,-8.93332945,37.976547084583444,-8.933769188672665,1.2867684892864335,0.01262778482437694,True
163,121,4.84,02/28/2026 10:12:27.480,37.19124251,-8.93332945,37.61524626306673,-8.91063957208531,1.014532038938577,0.4966486337186744,True
164,122,4.88,02/28/2026 10:12:27.520,37.01581213,-8.93332945,37.255833581665826,-8.905193429176883,0.676984629621334,0.722855861995558,True
165,123,4.92,02/28/2026 10:12:27.560,36.48952096,-8.93332945,36.895271384360086,-8.908778355709336,0.382423118776818,0.572921267118031,True
166,124,4.96,02/28/2026 10:12:27.600,36.48952096,-8.764776064,36.542527094605354,-8.82201720823017,1.0690824210630858,2.9473821461082514,True
167,125,5.0,02/28/2026 10:12:27.640,36.13866018,-8.764776064,36.190506457521174,-8.771215634603367,1.1463256589139255,0.037787384115259885,True
168,126,5.04,02/28/2026 10:12:27.680,35.96322979,-8.764776064,35.84040769028497,-8.747245682106673,0.9360450319252254,0.2791472291037345,True
169,127,5.08,02/28/2026 10:12:27.720,35.43693862,-8.764776064,35.489262555059334,-8.740328427610855,0.6427649663753017,0.5380994324374266,True
170,128,5.12,02/28/2026 10:12:27.760,34.91064746,-8.596222678,35.14178738946145,-8.648880830921641,1.2744263488232759,2.5035568073637644,True
171,129,5.16,02/28/2026 10:12:27.800,34.55978668,-8.596222678,34.795076580538364,-8.596973467382929,1.2834059991036622,0.010776143033297726,True
172,130,5.2,02/28/2026 10:12:27.840,34.2089259,-8.596222678,34.44891316588553,-8.573728499634639,1.0135382488326954,0.46590306690567873,True
173,131,5.24,02/28/2026 10:12:27.880,34.03349551,-8.596222678,34.104407799423285,-8.568189116442857,0.6772392755960386,0.7078030427549166,True
174,132,5.28,02/28/2026 10:12:27.920,33.50720434,-8.427669292,33.76356468172077,-8.478119691949825,1.28241358200551,2.3010792349415574,True
175,133,5.32,02/28/2026 10:12:27.960,33.15634356,-8.427669292,33.42343252141103,-8.427296539141901,1.277911610742864,0.013362244066401272,True
176,134,5.36,02/28/2026 10:12:28.000,32.80548278,-8.427669292,33.08379402245518,-8.404773683070719,1.0032239558971938,0.48599684786552894,True
177,135,5.4,02/28/2026 10:12:28.040,32.6300524,-8.427669292,32.74572317573631,-8.399641282025117,0.6669864906664598,0.7091021913558024,True
178,136,5.44,02/28/2026 10:12:28.080,32.27919162,-8.259115906,32.41258668611632,-8.309749528340692,1.2743727583480031,2.308992250993644,True
179,137,5.48,02/28/2026 10:12:28.120,31.92833084,-8.259115906,32.08009776994416,-8.25896614486833,1.2725589496236367,0.004293091300269302,True
180,138,5.5200000000000005,02/28/2026 10:12:28.160,31.92833084,-8.259115906,31.75056788727869,-8.236408611725901,1.0001822417412498,0.4695148410449747,True
181,139,5.5600000000000005,02/28/2026 10:12:28.200,31.57747006,-8.090562521,31.426066842727504,-8.137631261252993,1.5648365563145408,1.9970165442090224,True
182,140,5.6000000000000005,02/28/2026 10:12:28.240,31.05117889,-8.090562521,31.101007624314057,-8.08365871890404,1.48201280812411,0.0433364451384654,True
183,141,5.64,02/28/2026 10:12:28.280,30.70031811,-8.090562521,30.776390230024358,-8.061128716688003,1.1289159392832513,0.7803225031363176,True
184,142,5.68,02/28/2026 10:12:28.320,30.17402695,-7.922009135,30.455584027325376,-7.963801977259779,1.6302312921383364,1.585351031279643,True
185,143,5.72,02/28/2026 10:12:28.360,29.99859656,-7.922009135,30.13669114492949,-7.911596759672914,1.505308633631594,0.10108162562282937,True
186,144,5.76,02/28/2026 10:12:28.400,29.99859656,-7.922009135,29.8206240739074,-7.89059711743179,1.1285099753835957,0.8931920905649764,True
187,145,5.8,02/28/2026 10:12:28.440,29.296875,-7.753455749,29.50711494679465,-7.794375071607317,1.6193546997033543,1.5139392696587526,True
188,146,5.84,02/28/2026 10:12:28.480,28.94601422,-7.753455749,29.19424185638761,-7.74284984271794,1.4920979391525222,0.11265669286871278,True
189,147,5.88,02/28/2026 10:12:28.520,28.77058383,-7.753455749,28.882920813576252,-7.722196543339158,1.117099427981619,0.8812633633566566,True
190,148,5.92,02/28/2026 10:12:28.560,28.06886228,-7.584902363,28.574187815352797,-7.626096569559254,1.6112081652790036,1.573091776803657,True
191,149,5.96,02/28/2026 10:12:28.600,28.41972305,-7.584902363,28.27076119829083,-7.574558337815893,1.4871380467866993,0.10031153958315982,True
192,150,6.0,02/28/2026 10:12:28.640,28.06886228,-7.584902363,27.967622961618435,-7.553845014016123,1.1145852631522146,0.8693505089270547,True
193,151,6.04,02/28/2026 10:12:28.680,28.06886228,-7.584902363,27.666838593718392,-7.551256525673965,0.7110150846833988,1.0477957079947795,True
194,152,6.08,02/28/2026 10:12:28.720,27.89343189,-7.416348977,27.371878345312926,-7.463692144872705,1.2790033989405627,2.0669093619367125,True
195,153,6.12,02/28/2026 10:12:28.760,26.48998877,-7.416348977,27.070441046575773,-7.4146591549146645,1.2586664157946112,0.06504039019644745,True
196,154,6.16,02/28/2026 10:12:28.800,26.48998877,-7.416348977,26.77152260409289,-7.393210020829454,0.981059322178454,0.4963963920916796,True
197,155,6.2,02/28/2026 10:12:28.840,26.13912799,-7.416348977,26.472616190466344,-7.388609943502239,0.6482637662640309,0.7128817555616469,True
198,156,6.24,02/28/2026 10:12:28.880,26.13912799,-7.247795591,26.180649669381655,-7.298889577607731,1.2611830441541159,2.348242653216497,True
199,157,6.28,02/28/2026 10:12:28.920,25.61283683,-7.247795591,25.88796473140281,-7.2480868556953,1.2646458622903363,0.014102136790809662,True
200,158,6.32,02/28/2026 10:12:28.960,25.26197605,-7.247795591,25.595480329909034,-7.225432024039576,0.9963344747875299,0.4706070593281758,True
201,159,6.36,02/28/2026 10:12:29.000,24.91111527,-7.247795591,25.302987297973747,-7.220130443163579,0.6644186587751243,0.7170823243011538,True
202,160,6.4,02/28/2026 10:12:29.040,24.91111527,-7.079242206,25.01735703183779,-7.130082525473818,1.2742876111260033,2.3266798434615485,True
203,161,6.44,02/28/2026 10:12:29.080,24.91111527,-7.079242206,24.734271104486204,-7.0791815059132635,1.2735794915088972,0.005797784180267073,True
204,162,6.48,02/28/2026 10:12:29.120,24.56025449,-7.079242206,24.451320691562966,-7.056557283779141,1.0014632742584293,0.4649766698205984,True
205,163,6.5200000000000005,02/28/2026 10:12:29.160,24.20939371,-7.079242206,24.168296127277333,-7.051337128819659,0.6667183382208896,0.7006435483817423,True
206,164,6.5600000000000005,02/28/2026 10:12:29.200,23.68310254,-6.91068882,23.888817092318607,-6.961382848933877,1.2748211283362583,2.3189488655801154,True
207,165,6.6000000000000005,02/28/2026 10:12:29.240,23.33224177,-6.91068882,23.609685732887996,-6.910559621887436,1.2732398466388106,0.014276478105304023,True
208,166,6.640000000000001,02/28/2026 10:12:29.280,23.15681138,-6.91068882,23.331746313945917,-6.887983259186032,1.0008438985869308,0.4694442523434017,True
209,167,6.68,02/28/2026 10:12:29.320,22.63052021,-6.91068882,23.052674408254255,-6.882791755997748,0.6661426392092384,0.7332522938998356,True
210,168,6.72,02/28/2026 10:12:29.360,22.45508982,-6.91068882,22.774408941724136,-6.8864357187144645,0.37516604148832344,0.5481135751737202,True
211,169,6.76,02/28/2026 10:12:29.400,22.10422904,-6.742135434,22.500639753212997,-6.799642784024621,1.0649799345173858,3.002969000791258,True
212,170,6.8,02/28/2026 10:12:29.440,21.75336826,-6.742135434,22.227139702144985,-6.748772000759667,1.1445386422752108,0.08111452167900127,True
213,171,6.84,02/28/2026 10:12:29.480,21.40250749,-6.742135434,21.953734739549702,-6.7247334378730335,0.9357217467471141,0.32887580971666047,True
214,172,6.88,02/28/2026 10:12:29.520,21.57793787,-6.742135434,21.683291746374238,-6.717751353249704,0.6431981451758395,0.5368867071606819,True
215,173,6.92,02/28/2026 10:12:29.560,21.40250749,-6.742135434,21.413581406676837,-6.7198487629001225,0.37584575782043966,0.44675759404511706,True
216,174,6.96,02/28/2026 10:12:29.600,21.40250749,-6.573582048,21.150342342786402,-6.631943213618002,1.0759754191771147,3.075514734507457,True
217,175,7.0,02/28/2026 10:12:29.640,21.2270771,-6.573582048,20.88831332369681,-6.580391907814797,1.1577048780698083,0.06301798780732885,True
218,176,7.04,02/28/2026 10:12:29.680,20.70078593,-6.573582048,20.62531129983155,-6.556014548798085,0.9469735121371394,0.2785938397557502,True
219,177,7.08,02/28/2026 10:12:29.720,20.70078593,-6.573582048,20.36413424222708,-6.5489183071018,0.6511450859752543,0.5678952815441816,True
220,178,7.12,02/28/2026 10:12:29.760,20.17449476,-6.573582048,20.101641877602276,-6.551028509558818,0.38060084373481773,0.4584350329707492,True
221,179,7.16,02/28/2026 10:12:29.800,19.99906437,-6.573582048,19.839706363501378,-6.556778723448871,0.17904600300659243,0.25858597999023747,True
222,180,7.2,02/28/2026 10:12:29.840,19.4727732,-6.573582048,19.57630674516735,-6.562925157891534,0.051194139025998064,0.10415575433857488,True
223,181,7.24,02/28/2026 10:12:29.880,19.29734281,-6.573582048,19.313373948974743,-6.567931991811282,-0.01658580442793617,0.02876147980827023,True
224,182,7.28,02/28/2026 10:12:29.920,18.77105165,-6.405028662,19.053815946800686,-6.477777127315615,0.8560735804262052,4.774250402346951,True
225,183,7.32,02/28/2026 10:12:29.960,18.77105165,-6.405028662,18.79636515196501,-6.422153948927463,1.0615058378410704,0.26388069250355123,True
226,184,7.36,02/28/2026 10:12:30.000,18.42019087,-6.405028662,18.53894602757428,-6.39376277771553,0.9263467596968074,0.11679537760536288,True
227,185,7.4,02/28/2026 10:12:30.040,17.8938997,-6.405028662,18.280437176410114,-6.383544079884764,0.6685738333897896,0.4430139244718143,True
228,186,7.44,02/28/2026 10:12:30.080,17.71846931,-6.405028662,18.022590196232315,-6.383583995305382,0.41128904584109466,0.43089086394011356,True
229,187,7.48,02/28/2026 10:12:30.120,17.71846931,-6.405028662,17.76622222933623,-6.388175325895307,0.2091108610246539,0.25590296123149553,True
230,188,7.5200000000000005,02/28/2026 10:12:30.160,17.19217814,-6.236475276,17.51329296257859,-6.3002266500141895,0.9738367387561307,3.673981055983762,True
231,189,7.5600000000000005,02/28/2026 10:12:30.200,16.84131737,-6.236475276,17.260549347721927,-6.247509484148915,1.106155882165731,0.14193098413009614,True
232,190,7.6000000000000005,02/28/2026 10:12:30.240,16.66588698,-6.236475276,17.00875719239373,-6.221709124071875,0.9289822675036069,0.21798863109822267,True
233,191,7.640000000000001,02/28/2026 10:12:30.280,16.66588698,-6.236475276,16.758640600066073,-6.213383185395153,0.6519588429502194,0.4812450440384495,True
234,192,7.68,02/28/2026 10:12:30.320,16.3150262,-6.236475276,16.508191414307426,-6.214609781416146,0.38963834546496623,0.43701193190789744,True
235,193,7.72,02/28/2026 10:12:30.360,16.13959581,-6.06792189,16.263069151086672,-6.126230010326158,1.089089219753307,3.0604685609786353,True
236,194,7.76,02/28/2026 10:12:30.400,15.96416542,-6.06792189,16.019033286487222,-6.074480114294507,1.1677555544133271,0.03923215276367549,True
237,195,7.8,02/28/2026 10:12:30.440,15.43787425,-6.06792189,15.774090716832157,-6.050069165973589,0.9535561609901462,0.307724149544409,True
238,196,7.84,02/28/2026 10:12:30.480,15.43787425,-6.06792189,15.530753230758895,-6.043019918808896,0.6548213819114166,0.5593784369022945,True
239,197,7.88,02/28/2026 10:12:30.520,15.43787425,-6.06792189,15.288839269180755,-6.045195986346232,0.38221802039956804,0.4685408300081835,True
240,198,7.92,02/28/2026 10:12:30.560,15.08701347,-5.899368505,15.05129662897235,-5.9574238502047026,1.0786545638925171,3.0316500723407325,True
241,199,7.96,02/28/2026 10:12:30.600,14.38529192,-5.899368505,14.812134053814127,-5.906004894090295,1.1582166171586652,0.0732627526691314,True
242,200,8.0,02/28/2026 10:12:30.640,13.50813997,-5.899368505,14.570322918063633,-5.881729909416545,0.9465040659368168,0.48907278490562556,True
243,201,8.040000000000001,02/28/2026 10:12:30.680,13.68357036,-5.899368505,14.330960623371897,-5.874694606659879,0.6504427327030666,0.6255032087058068,True
244,202,8.08,02/28/2026 10:12:30.720,13.68357036,-5.899368505,14.092984495046002,-5.876829368820978,0.38001686570825377,0.48814848710677594,True
245,203,8.120000000000001,02/28/2026 10:12:30.760,13.50813997,-5.899368505,13.855399756247778,-5.882588724134626,0.17868729532023545,0.27569196502234067,True
246,204,8.16,02/28/2026 10:12:30.800,13.33270958,-5.899368505,13.618136960725554,-5.88873088991399,0.05104618210389811,0.1169239992342376,True
247,205,8.2,02/28/2026 10:12:30.840,12.9818488,-5.730815119,13.385156804366543,-5.800143875819761,0.8826692009468796,4.352382497903608,True
248,206,8.24,02/28/2026 10:12:30.880,12.80641841,-5.730815119,13.153145425161746,-5.74595068066314,1.064196477338962,0.22815974342206932,True
249,207,8.28,02/28/2026 10:12:30.920,12.63098802,-5.730815119,12.921948166619526,-5.71861875248955,0.9178559518032938,0.14953727663374167,True
250,208,8.32,02/28/2026 10:12:30.960,12.63098802,-5.730815119,12.69222555392139,-5.70906342775148,0.6569155409205732,0.4262651955091357,True
251,209,8.36,02/28/2026 10:12:31.000,12.28012725,-5.562261733,12.466974959219506,-5.615866554850693,1.2999384802921008,2.59062983303724,True
252,210,8.4,02/28/2026 10:12:31.040,12.10469686,-5.562261733,12.242763856778208,-5.562978395301129,1.3085200142179483,0.003986637319344595,True
253,211,8.44,02/28/2026 10:12:31.080,11.57840569,-5.562261733,12.017698254838765,-5.539308260737563,1.0331204408054935,0.5098073935045425,True
254,212,8.48,02/28/2026 10:12:31.120,11.57840569,-5.393708347,11.79892082282878,-5.440086600940436,1.589449611088444,1.9433131063092774,True
255,213,8.52,02/28/2026 10:12:31.160,11.4029753,-5.393708347,11.581247040230275,-5.386061311988256,1.497695622533353,0.05850702375022743,True
256,214,8.56,02/28/2026 10:12:31.200,11.05211452,-5.393708347,11.363579769373318,-5.363668141116332,1.1372979289871825,0.829804851174791,True
257,215,8.6,02/28/2026 10:12:31.240,10.87668413,-5.393708347,11.146491220024693,-5.360119777376934,0.7343387218454791,1.0283826872581585,True
258,216,8.64,02/28/2026 10:12:31.280,11.05211452,-5.393708347,10.931415813166655,-5.365704960470093,0.3984234011008176,0.7079156744366573,True
259,217,8.68,02/28/2026 10:12:31.320,10.70125374,-5.225154961,10.720622103887692,-5.2805756449493755,1.063248311877773,2.762513020587732,True
260,218,8.72,02/28/2026 10:12:31.360,10.35039296,-5.225154961,10.509884334647488,-5.230890119621377,1.1320293779746338,0.03426705487898835,True
261,219,8.76,02/28/2026 10:12:31.400,10.17496257,-5.225154961,10.299834551194703,-5.207568925165182,0.9210530554817115,0.28109394621001543,True
262,220,8.8,02/28/2026 10:12:31.440,9.824101796,-5.056601575,10.09433099857668,-5.107361239605572,1.5299360941434808,2.330527478414265,True
263,221,8.84,02/28/2026 10:12:31.480,10.17496257,-5.056601575,9.892249953206841,-5.0519557101859425,1.4742360718543712,0.03416636231634511,True
264,222,8.88,02/28/2026 10:12:31.520,9.824101796,-5.056601575,9.690119758608088,-5.0283075121656005,1.134835283310283,0.7232494009001986,True
265,223,8.92,02/28/2026 10:12:31.560,9.473241018,-4.88804819,9.492552824576597,-4.930239121650091,1.6409559576112163,1.6010516887300024,True
266,224,8.96,02/28/2026 10:12:31.600,9.297810629,-4.88804819,9.295985807620003,-4.87762020825125,1.5158619872569683,0.09780362231797732,True
267,225,9.0,02/28/2026 10:12:31.640,8.94694985,-4.88804819,9.099353367809353,-4.856445894131817,1.136743375290052,0.9026487201316344,True
268,226,9.040000000000001,02/28/2026 10:12:31.680,8.596089072,-4.719494804,8.907261031671553,-4.760184375637014,1.624820884149975,1.5066930293245144,True
269,227,9.08,02/28/2026 10:12:31.720,8.596089072,-4.550941418,8.721767947758613,-4.615096905461008,2.394416629264324,3.704599679164168,True
270,228,9.120000000000001,02/28/2026 10:12:31.760,8.596089072,-4.550941418,8.5384202385571,-4.53687744420052,2.22571154281247,0.17849316543739846,True
271,229,9.16,02/28/2026 10:12:31.800,8.596089072,-4.550941418,8.35679877316613,-4.50508889087234,1.6756910737626496,1.9012785393489238,True
272,230,9.200000000000001,02/28/2026 10:12:31.840,8.245228293,-4.550941418,8.17497840291898,-4.500738144463219,1.073459992167995,2.267652117315061,True
273,231,9.24,02/28/2026 10:12:31.880,8.245228293,-4.382388032,7.999066699890742,-4.415923365653165,1.4757778814128444,1.0228887181164217,True
274,232,9.28,02/28/2026 10:12:31.920,8.069797904,-4.382388032,7.823943970552436,-4.371045760906144,1.3397435285989399,0.12681746379151665,True
275,233,9.32,02/28/2026 10:12:31.960,8.069797904,-4.382388032,7.650116298193655,-4.353504572554928,0.9933044450459337,0.7826135004071605,True
276,234,9.36,02/28/2026 10:12:32.000,7.718937126,-4.213834646,7.480691767557884,-4.258277796774427,1.5264717237240628,1.787243475405257,True
277,235,9.4,02/28/2026 10:12:32.040,7.543506737,-4.213834646,7.312096912328925,-4.206441887621616,1.437814135777983,0.059017266209273465,True
278,236,9.44,02/28/2026 10:12:32.080,7.368076347,-4.213834646,7.144071581484875,-4.184965662363219,1.0915266957043377,0.7587023545847503,True
279,237,9.48,02/28/2026 10:12:32.120,7.368076347,-4.04528126,6.981972293375534,-4.087981544484898,1.6038031478919568,1.6678554520094173,True
280,238,9.52,02/28/2026 10:12:32.160,7.192645958,-4.04528126,6.82069643422405,-4.0357358118569335,1.489337663225207,0.1074482066309982,True
281,239,9.56,02/28/2026 10:12:32.200,6.66635479,-4.04528126,6.658491980882919,-4.01454118465081,1.1205802888352114,0.8498972870137602,True
282,240,9.6,02/28/2026 10:12:32.240,6.66635479,-3.876727874,6.502189373094258,-3.9180821131744614,1.6166846150809209,1.5432788655735992,True
283,241,9.64,02/28/2026 10:12:32.280,6.66635479,-3.876727874,6.347424218524539,-3.866355335576989,1.492291379853371,0.11549600455906922,True
284,242,9.68,02/28/2026 10:12:32.320,6.66635479,-3.876727874,6.193912714485485,-3.845561225261463,1.1184690328282427,0.9145628708661442,True
285,243,9.72,02/28/2026 10:12:32.360,6.140063623,-3.708174489,6.04406541989078,-3.74937747979559,1.6127513184941455,1.5287009098261979,True
286,244,9.76,02/28/2026 10:12:32.400,5.964633234,-3.539621103,5.899851531500234,-3.6042171044679403,2.3876528911542616,3.753758824627591,True
287,245,9.8,02/28/2026 10:12:32.440,5.789202844,-3.539621103,5.756832474309926,-3.5258737046798716,2.222742597202884,0.1701618795406028,True
288,246,9.84,02/28/2026 10:12:32.480,5.613772455,-3.371067717,5.61945878127085,-3.400374512397001,2.574306575537764,0.7724875449794661,True
289,247,9.88,02/28/2026 10:12:32.520,5.438342066,-3.202514331,5.488044668412984,-3.2447154550189867,3.0805461072739226,1.602182360557122,True
290,248,9.92,02/28/2026 10:12:32.560,5.438342066,-3.033960945,5.363558346777912,-3.072889235254875,3.547538675392419,1.3640677229834697,True
291,249,9.96,02/28/2026 10:12:32.600,5.262911677,-3.033960945,5.24059250175737,-2.988164311514583,2.9981642989006314,1.886411258545258,True
292,250,10.0,02/28/2026 10:12:32.640,5.087481287,-2.865407559,5.123400767189731,-2.8666667321692936,3.013265318866497,0.0016634785147969285,True
293,251,10.040000000000001,02/28/2026 10:12:32.680,5.087481287,-2.865407559,5.008014925763465,-2.8123617089935284,2.3769356845743697,2.531859000808917,True
294,252,10.08,02/28/2026 10:12:32.720,5.087481287,-2.696854174,4.898771979260034,-2.7059377487510523,2.4859235320347812,0.08083580875971562,True
295,253,10.120000000000001,02/28/2026 10:12:32.760,4.736620509,-2.696854174,4.789696614396619,-2.656671115863779,2.0038811958985057,1.4528162006498841,True
296,254,10.16,02/28/2026 10:12:32.800,4.385759731,-2.528300788,4.685232550244074,-2.549747955824236,2.261128013989335,0.43013437985079417,True
297,255,10.200000000000001,02/28/2026 10:12:32.840,4.56119012,-2.359747402,4.5878257837252026,-2.4040240498108467,2.792268143059263,1.7633093769509616,True
298,256,10.24,02/28/2026 10:12:32.880,4.385759731,-2.359747402,4.491529409044013,-2.329767067083009,2.4326118640915064,0.8105448412459278,True
299,257,10.28,02/28/2026 10:12:32.920,4.034898952,-2.191194016,4.400037880152853,-2.209552669666302,2.6528014690136903,0.3276218615669532,True
300,258,10.32,02/28/2026 10:12:32.960,4.385759731,-2.02264063,4.316388247787175,-2.0585746974795684,3.083874697224941,1.162308297840202,True
301,259,10.36,02/28/2026 10:12:33.000,4.385759731,-2.02264063,4.234575428580923,-1.9837590278953936,2.6174675715674915,1.3637811416075016,True
302,260,10.4,02/28/2026 10:12:33.040,4.210329341,-2.02264063,4.153387528846359,-1.9587839528611388,1.8514486113836461,3.667980305567724,True
303,261,10.44,02/28/2026 10:12:33.080,4.385759731,-1.854087244,4.078597799932342,-1.867709440343546,2.014895093016311,0.1844381355171663,True
304,262,10.48,02/28/2026 10:12:33.120,4.385759731,-1.854087244,4.005038472057434,-1.824296324997147,1.6575656528884475,0.824740879475799,True
305,263,10.52,02/28/2026 10:12:33.160,3.684038174,-1.685533858,3.9345222407457823,-1.7177629905466791,2.044158545875126,0.9456285402440286,True
306,264,10.56,02/28/2026 10:12:33.200,3.684038174,-1.516980473,3.8701743787940424,-1.5699142174527947,2.6791313974764943,2.526275177298106,True
307,265,10.6,02/28/2026 10:12:33.240,3.684038174,-1.516980473,3.8074793656748684,-1.4928631892598252,2.3898063637586087,0.5260190227423662,True
308,266,10.64,02/28/2026 10:12:33.280,3.684038174,-1.348427087,3.750834705897392,-1.370150794144168,2.650396681751473,0.42523513609457053,True
309,267,10.68,02/28/2026 10:12:33.320,3.508607784,-1.179873701,3.699859166722774,-1.2173505937710396,3.0999484122580476,1.2698147378734819,True
310,268,10.72,02/28/2026 10:12:33.360,3.333177395,-1.179873701,3.64994177154481,-1.1413985420751938,2.6383644740747867,1.3502571700998154,True
311,269,10.76,02/28/2026 10:12:33.400,3.684038174,-1.179873701,3.602538305940879,-1.115825710803186,1.8700532723379815,3.6905789259245094,True
312,270,10.8,02/28/2026 10:12:33.440,3.684038174,-1.011320315,3.560724557041556,-1.0245289057232978,2.0285174949409868,0.1597654706237707,True
313,271,10.84,02/28/2026 10:12:33.480,3.684038174,-1.011320315,3.520016018523968,-0.9811059978827313,1.6660846370411557,0.8259221674261206,True
314,272,10.88,02/28/2026 10:12:33.520,3.508607784,-0.842766929,3.4842695827149015,-0.8746525500936791,2.048587603459608,0.9145433369983754,True
315,273,10.92,02/28/2026 10:12:33.560,3.333177395,-0.842766929,3.449042945207614,-0.820505724220508,1.78152896778835,0.44825169297554684,True
316,274,10.96,02/28/2026 10:12:33.600,3.508607784,-0.674213543,3.4201465797350132,-0.7075816692056045,2.1818232721289603,1.0029395383800215,True
317,275,11.0,02/28/2026 10:12:33.640,3.684038174,-0.674213543,3.3931049264459765,-0.6502360405626588,1.8942215359380905,0.5325613268491516,True
318,276,11.040000000000001,02/28/2026 10:12:33.680,3.333177395,-0.674213543,3.365605987027412,-0.6298527672779217,1.362065580440293,1.7701420210320353,True
319,277,11.08,02/28/2026 10:12:33.720,3.157747006,-0.505660158,3.3428385799545914,-0.5366654488280741,1.7339846102585483,0.8708143016494276,True
320,278,11.120000000000001,02/28/2026 10:12:33.760,3.157747006,-0.505660158,3.3210522438130403,-0.48860472940112587,1.529369202784892,0.2666203523978511,True
321,279,11.16,02/28/2026 10:12:33.800,3.157747006,-0.337106772,3.304808197481472,-0.37727907437531516,2.0112600631365614,1.4553224002872807,True
322,280,11.200000000000001,02/28/2026 10:12:33.840,3.157747006,-0.337106772,3.2896815666901245,-0.31919524276070105,1.7963783828173916,0.2918222171528307,True
323,281,11.24,02/28/2026 10:12:33.880,3.157747006,-0.337106772,3.275328443392611,-0.2971855026717186,1.317469245462197,1.4360509594698352,True
324,282,11.28,02/28/2026 10:12:33.920,3.157747006,-0.337106772,3.2614416131315607,-0.29591630764487015,0.8233363891078016,1.5280632764010276,True
325,283,11.32,02/28/2026 10:12:33.960,3.157747006,-0.168553386,3.252653857363731,-0.21055121976668617,1.3271321926915132,1.5879500633416428,True
326,284,11.36,02/28/2026 10:12:34.000,3.157747006,-0.168553386,3.2446612828043393,-0.16362350805390702,1.2679835835850308,0.02326506540266061,True
327,285,11.4,02/28/2026 10:12:34.040,3.157747006,-0.168553386,3.2372370505524857,-0.14380500443945715,0.9710928353184018,0.5520825183724015,True
328,286,11.44,02/28/2026 10:12:34.080,3.157747006,-0.168553386,3.23016442409499,-0.14027239583847814,0.6318256713710713,0.720372627690913,True
329,287,11.48,02/28/2026 10:12:34.120,3.157747006,0.0,3.228135745292143,-0.051145767873240086,1.2453629360608804,2.3535648806043246,True
330,288,11.52,02/28/2026 10:12:34.160,3.157747006,0.0,3.2268802340087785,-0.000592981048540735,1.2524685946163188,0.0011984756134439094,True
331,289,11.56,02/28/2026 10:12:34.200,3.157747006,0.0,3.2261852625891128,0.02201628639039345,0.9883533282470183,0.43685679228737956,True
332,290,11.6,02/28/2026 10:12:34.240,3.157747006,0.0,3.2258369915558354,0.02737303286121459,0.6599785158856972,0.674807714510722,True
333,291,11.64,02/28/2026 10:12:34.280,3.157747006,0.0,3.2256666732171406,0.023913737239252556,0.3731014685975606,0.5152293428303548,True
334,292,11.68,02/28/2026 10:12:34.320,3.157747006,0.0,3.2255616220104266,0.01727182213319783,0.16590091490924747,0.26918362417418457,True
335,293,11.72,02/28/2026 10:12:34.360,3.157747006,0.0,3.225458129603646,0.010631881767961345,0.038353165630053754,0.10253002591702695,True
336,294,11.76,02/28/2026 10:12:34.400,3.157747006,0.0,3.2253278620512367,0.005409811844905084,-0.026550564554199976,0.027174632070162207,True
337,295,11.8,02/28/2026 10:12:34.440,3.157747006,0.0,3.2251642610620532,0.0019327384899125973,-0.049743268570790665,0.004202652881401848,True
338,296,11.84,02/28/2026 10:12:34.480,3.157747006,0.0,3.2249718491230395,-2.624190462238655e-05,-0.049436001858767405,0.0008356172788087003,True
339,297,11.88,02/28/2026 10:12:34.520,3.157747006,0.0,3.224759108416037,-0.0008920100468697374,-0.038742947491735735,0.001543960092562828,True
340,298,11.92,02/28/2026 10:12:34.560,3.157747006,0.0,3.2245344688130766,-0.001086823658801399,-0.025712881541224454,0.001884813199462944,True
341,299,11.96,02/28/2026 10:12:34.600,3.157747006,0.0,3.224304534782194,-0.0009416623068306705,-0.014424146558732174,0.001614540633634046,True
342,300,12.0,02/28/2026 10:12:34.640,3.157747006,0.0,3.224073686411996,-0.0006762780323705458,-0.006318937852694197,0.0012231091713192385,True
343,301,12.040000000000001,02/28/2026 10:12:34.680,3.157747006,0.0,3.2238443767044735,-0.00041405949563102346,-0.0013592793779159213,0.0009607636539570385,True
344,302,12.08,02/28/2026 10:12:34.720,3.157747006,0.0,3.2236176750820755,-0.00020920701679567302,0.0011429923856688894,0.0008407192773899761,True
345,303,12.120000000000001,02/28/2026 10:12:34.760,3.157747006,0.0,3.2233938044087584,-7.358349806827749e-05,0.0020183484292479953,0.0008009903956466462,True
346,304,12.16,02/28/2026 10:12:34.800,3.157747006,0.0,3.223172560523206,2.3089049665842076e-06,0.0019833235283117363,0.0007908784039420238,True
347,305,12.200000000000001,02/28/2026 10:12:34.840,3.157747006,0.0,3.2229535899896575,3.544113909534778e-05,0.0015508688469899885,0.0007867618228389318,True
348,306,12.24,02/28/2026 10:12:34.880,3.157747006,0.0,3.2227365455185684,4.2486067493221664e-05,0.0010339277514079006,0.0007820372675582083,True
349,307,12.280000000000001,02/28/2026 10:12:34.920,3.157747006,0.0,3.2225211538140752,3.6425923114191225e-05,0.0005897086392312087,0.0007764255619564172,True
350,308,12.32,02/28/2026 10:12:34.960,3.157747006,0.0,3.222307229994605,2.5831103090390707e-05,0.00027260935734873566,0.0007706960896696178,True
351,309,12.36,02/28/2026 10:12:35.000,3.157747006,0.0,3.2220946651744007,1.5480924275230222e-05,7.969503110939134e-05,0.0007652251570235614,True
352,310,12.4,02/28/2026 10:12:35.040,3.157747006,0.0,3.2218834047582106,7.44873098102034e-06,-1.6841067514760828e-05,0.0007600245770928375,True
353,311,12.44,02/28/2026 10:12:35.080,3.157747006,0.0,3.2216734272371856,2.1619521687029e-06,-4.993310626708518e-05,0.0007549951767138979,True
354,312,12.48,02/28/2026 10:12:35.120,3.157747006,0.0,3.221464727732178,-7.752030972266646e-07,-4.7767340182890976e-05,0.0007500579789126504,True
355,313,12.52,02/28/2026 10:12:35.160,3.157747006,0.0,3.2212573071597874,-2.0401812398999177e-06,-3.040337013282069e-05,0.0007451764722942905,True
356,314,12.56,02/28/2026 10:12:35.200,3.157747006,0.0,3.221051166210544,-2.291122209862871e-06,-1.0005743440821457e-05,0.0007403402611755641,True
357,315,12.6,02/28/2026 10:12:35.240,3.157747006,0.0,3.2208463027518053,-2.0371296822847804e-06,7.3682057493010105e-06,0.0007355484754852477,True
358,316,12.64,02/28/2026 10:12:35.280,3.157747006,0.0,3.2206427113074754,-1.612379976858142e-06,1.966992650426017e-05,0.0007308017452234878,True
359,317,12.68,02/28/2026 10:12:35.320,3.157747006,0.0,3.2204403835719004,-1.2019375011122317e-06,2.7070903395822535e-05,0.0007261000686597317,True
360,318,12.72,02/28/2026 10:12:35.360,3.157747006,0.0,3.2202393092735386,-8.850570378257299e-07,3.069336338076401e-05,0.0007214428930842631,True
361,319,12.76,02/28/2026 10:12:35.400,3.157747006,0.0,3.2200394770093945,-6.770222414817159e-07,3.1842877618241864e-05,0.0007168295111339091,True
362,320,12.8,02/28/2026 10:12:35.440,3.157747006,0.0,3.2198408748879013,-5.6140461350737e-07,3.1627942211682496e-05,0.000712259259376539,True
363,321,12.84,02/28/2026 10:12:35.480,3.157747006,0.0,3.219643490948952,-5.11177875567644e-07,3.08328471413567e-05,0.0007077315492828252,True
364,322,12.88,02/28/2026 10:12:35.520,3.157747006,0.0,3.2194473133947246,-5.003699924031865e-07,2.9930322956107918e-05,0.0007032458405975419,True
365,323,12.92,02/28/2026 10:12:35.560,3.157747006,0.0,3.2192523306866465,-5.090203152554876e-07,2.9153653397401025e-05,0.0006988016154714857,True
366,324,12.96,02/28/2026 10:12:35.600,3.157747006,0.0,3.219058531561696,-5.241013675155113e-07,2.857984577161806e-05,0.0006943983661125307,True
367,325,13.0,02/28/2026 10:12:35.640,3.157747006,0.0,3.2188659050089123,-5.384492314712398e-07,2.8199970233496584e-05,0.0006900355914934821,True
368,326,13.040000000000001,02/28/2026 10:12:35.680,3.157747006,0.0,3.2186744402327974,-5.490365399278541e-07,2.7968781863516138e-05,0.0006857127973893381,True
369,327,13.08,02/28/2026 10:12:35.720,3.157747006,0.0,3.218484126618279,-5.553216487652752e-07,2.7834539406359746e-05,0.0006814294968566149,True
370,328,13.120000000000001,02/28/2026 10:12:35.760,3.157747006,0.0,3.2182949537034355,-5.579839838717065e-07,2.7753653221340578e-05,0.000677185210397162,True
371,329,13.16,02/28/2026 10:12:35.800,3.157747006,0.0,3.2181069111610845,-5.581010177346641e-07,2.7695460237682822e-05,0.0006729794658671525,True
372,330,13.200000000000001,02/28/2026 10:12:35.840,3.157747006,0.0,3.217919988787856,-5.56697293221299e-07,2.7641588995701958e-05,0.0006688117983031822,True
373,331,13.24,02/28/2026 10:12:35.880,3.157747006,0.0,3.217734176498526,-5.54555151960971e-07,2.7583054184376095e-05,0.0006646817497540272,True
374,332,13.280000000000001,02/28/2026 10:12:35.920,3.157747006,0.0,3.2175494643235254,-5.5218224466007e-07,2.7516961432614313e-05,0.0006605888691362856,True
375,333,13.32,02/28/2026 10:12:35.960,3.157747006,0.0,3.217365842408011,-5.498557020819381e-07,2.7443741976167204e-05,0.000656532712106707,True
376,334,13.36,02/28/2026 10:12:36.000,3.157747006,0.0,3.217183301011464,-5.476909738275617e-07,2.7365213115311314e-05,0.0006525128409419131,True
377,335,13.4,02/28/2026 10:12:36.040,3.157747006,0.0,3.2170018305072485,-5.457069473851435e-07,2.7283419841378693e-05,0.0006485288244214001,True
378,336,13.44,02/28/2026 10:12:36.080,3.157747006,0.0,3.2168214213818835,-5.438755161779631e-07,2.7200071082187933e-05,0.0006445802377123398,True
379,337,13.48,02/28/2026 10:12:36.120,3.157747006,0.0,3.2166420642340023,-5.42153653419289e-07,2.711636070589455e-05,0.0006406666622564404,True
380,338,13.52,02/28/2026 10:12:36.160,3.157747006,0.0,3.216463749773044,-5.405008608948495e-07,2.703299784077149e-05,0.0006367876856590293,True
381,339,13.56,02/28/2026 10:12:36.200,3.157747006,0.0,3.2162864688177732,-5.388863897393199e-07,2.6950323815675094e-05,0.0006329429015803725,True
382,340,13.6,02/28/2026 10:12:36.240,3.157747006,0.0,3.2161102122947045,-5.372903714595206e-07,2.6868442668464053e-05,0.0006291319096292736,True
383,341,13.64,02/28/2026 10:12:36.280,3.157747006,0.0,3.215934971236497,-5.357019992312589e-07,2.678732983742668e-05,0.0006253543152589128,True
384,342,13.68,02/28/2026 10:12:36.320,3.157747006,0.0,3.215760736780356,-5.341167854502764e-07,2.6706907954450826e-05,0.0006216097296647256,True
385,343,13.72,02/28/2026 10:12:36.360,3.157747006,0.0,3.2155875001664667,-5.325339937037904e-07,2.6627091832283454e-05,0.0006178977696844319,True
386,344,13.76,02/28/2026 10:12:36.400,3.157747006,0.0,3.215415252736468,-5.309546963392981e-07,2.654781015054674e-05,0.0006142180577000514,True
387,345,13.8,02/28/2026 10:12:36.440,3.157747006,0.0,3.2152439859319615,-5.293805247820181e-07,2.6469012150725576e-05,0.0006105702215419421,True
388,346,13.84,02/28/2026 10:12:36.480,3.157747006,0.0,3.2150736912930618,-5.278129946303186e-07,2.6390666235165225e-05,0.0006069538943946721,True
389,347,13.88,02/28/2026 10:12:36.520,3.157747006,0.0,3.214904360456978,-5.262532304029547e-07,2.6312755264301663e-05,0.000603368714704944,True
390,348,13.92,02/28/2026 10:12:36.560,3.157747006,0.0,3.2147359851566217,-5.247019267648969e-07,2.6235271388921666e-05,0.0005998143260911795,True
391,349,13.96,02/28/2026 10:12:36.600,3.157747006,0.0,3.2145685572192457,-5.231594231967397e-07,2.6158211778319222e-05,0.000596290377255048,True
392,350,14.0,02/28/2026 10:12:36.640,3.157747006,0.0,3.2144020685651036,-5.21625813179662e-07,2.6081575658394593e-05,0.0005927965218946916,True
393,351,14.040000000000001,02/28/2026 10:12:36.680,3.157747006,0.0,3.214236511206133,-5.201010454278073e-07,2.6005362564293864e-05,0.0005893324186197166,True
394,352,14.08,02/28/2026 10:12:36.720,3.157747006,0.0,3.2140718772446584,-5.185849999778808e-07,2.5929571505973715e-05,0.0005858977308677942,True
395,353,14.120000000000001,02/28/2026 10:12:36.760,3.157747006,0.0,3.2139081588721194,-5.170775368564992e-07,2.5854200717730868e-05,0.0005824921268229793,True
396,354,14.16,02/28/2026 10:12:36.800,3.157747006,0.0,3.213745348367818,-5.155785221635385e-07,2.5779247720775816e-05,0.0005791152793356162,True
397,355,14.200000000000001,02/28/2026 10:12:36.840,3.157747006,0.0,3.213583438097686,-5.14087838542805e-07,2.5704709511558687e-05,0.0005757668658438105,True
398,356,14.24,02/28/2026 10:12:36.880,3.157747006,0.0,3.2134224205130733,-5.126053864723201e-07,2.5630582765716682e-05,0.00057244656829644,True
399,357,14.280000000000001,02/28/2026 10:12:36.920,3.157747006,0.0,3.213262288149557,-5.111310811940769e-07,2.5556864005331836e-05,0.0005691540730776475,True
400,358,14.32,02/28/2026 10:12:36.960,3.157747006,0.0,3.213103033625771,-5.096648483574939e-07,2.5483549714065934e-05,0.0005658890709328707,True
401,359,14.36,02/28/2026 10:12:37.000,3.157747006,0.0,3.2129446496422522,-5.082066200182612e-07,2.5410636404433867e-05,0.0005626512568962371,True
402,360,14.4,02/28/2026 10:12:37.040,3.157747006,0.0,3.2127871289803087,-5.067563316469402e-07,2.5338120649326145e-05,0.0005594403302193678,True
403,361,14.44,02/28/2026 10:12:37.080,3.157747006,0.0,3.2126304645009056,-5.053139202229236e-07,2.526599909079801e-05,0.000556255994301618,True
404,362,14.48,02/28/2026 10:12:37.120,3.157747006,0.0,3.2124746491435707,-5.038793232157371e-07,2.5194268436767728e-05,0.000553097956621616,True
405,363,14.52,02/28/2026 10:12:37.160,3.157747006,0.0,3.2123196759253148,-5.024524781762954e-07,2.512292545293902e-05,0.000549965928670096,True
406,364,14.56,02/28/2026 10:12:37.200,3.157747006,0.0,3.212165537939573,-5.010333226846666e-07,2.5051966954221928e-05,0.0005468596258840824,True
407,365,14.6,02/28/2026 10:12:37.240,3.157747006,0.0,3.2120122283551624,-4.996217944654986e-07,2.498138979766159e-05,0.0005437787675822534,True
408,366,14.64,02/28/2026 10:12:37.280,3.157747006,0.0,3.2118597404152553,-4.982178315514448e-07,2.4911190877448575e-05,0.0005407230769015876,True
409,367,14.68,02/28/2026 10:12:37.320,3.157747006,0.0,3.2117080674363727,-4.968213724311379e-07,2.4841367121823262e-05,0.0005376922807352205,True
410,368,14.72,02/28/2026 10:12:37.360,3.157747006,0.0,3.2115572028073895,-4.954323561567863e-07,2.477191549138822e-05,0.0005346861096714381,True
411,369,14.76,02/28/2026 10:12:37.400,3.157747006,0.0,3.21140713998856,-4.940507224089944e-07,2.470283297831344e-05,0.0005317042979338404,True
412,370,14.8,02/28/2026 10:12:37.440,3.157747006,0.0,3.211257872510556,-4.926764115268961e-07,2.4634116606016304e-05,0.0005287465833226485,True
413,371,14.84,02/28/2026 10:12:37.480,3.157747006,0.0,3.211109393973522,-4.913093645146104e-07,2.456576342903055e-05,0.0005258127071570927,True
414,372,14.88,02/28/2026 10:12:37.520,3.157747006,0.0,3.2109616980461455,-4.899495230340157e-07,2.4497770532898208e-05,0.0005229024142188997,True
415,373,14.92,02/28/2026 10:12:37.560,3.157747006,0.0,3.210814778464743,-4.88596829391211e-07,2.4430135034007195e-05,0.0005200154526967983,True
416,374,14.96,02/28/2026 10:12:37.600,3.157747006,0.0,3.210668629032358,-4.87251226521378e-07,2.43628540793532e-05,0.0005171515741321339,True
417,375,15.0,02/28/2026 10:12:37.640,3.157747006,0.0,3.210523243617874,-4.859126579744015e-07,2.4295924846233885e-05,0.0005143105333653905,True
418,376,15.040000000000001,02/28/2026 10:12:37.680,3.157747006,0.0,3.210378616155147,-4.84581067902283e-07,2.422934454189467e-05,0.000511492088483797,True
419,377,15.08,02/28/2026 10:12:37.720,3.157747006,0.0,3.2102347406421416,-4.832564010483688e-07,2.4163110403146466e-05,0.0005086960007698602,True
420,378,15.120000000000001,02/28/2026 10:12:37.760,3.157747006,0.0,3.2100916111400903,-4.819386027380558e-07,2.4097219695971572e-05,0.0005059220346508314,True
421,379,15.16,02/28/2026 10:12:37.800,3.157747006,0.0,3.209949221772661,-4.806276188705776e-07,2.4031669715128797e-05,0.0005031699576491549,True
422,380,15.200000000000001,02/28/2026 10:12:37.840,3.157747006,0.0,3.2098075667251385,-4.793233959114232e-07,2.396645778376415e-05,0.0005004395403337692,True
423,381,15.24,02/28/2026 10:12:37.880,3.157747006,0.0,3.2096666402436194,-4.780258808851183e-07,2.3901581253029886e-05,0.0004977305562723176,True
424,382,15.280000000000001,02/28/2026 10:12:37.920,3.157747006,0.0,3.2095264366342198,-4.767350213682263e-07,2.383703750171264e-05,0.0004950427819842774,True
425,383,15.32,02/28/2026 10:12:37.960,3.157747006,0.0,3.209386950262295,-4.7545076548239803e-07,2.3772823935870295e-05,0.0004923759968948774,True
426,384,15.36,02/28/2026 10:12:38.000,3.157747006,0.0,3.2092481755516693,-4.7417306188746633e-07,2.370893798847647e-05,0.0004897299832898646,True
427,385,15.4,02/28/2026 10:12:38.040,3.157747006,0.0,3.209110106983883,-4.729018597746097e-07,2.3645377119071883e-05,0.0004871045262711341,True
428,386,15.44,02/28/2026 10:12:38.080,3.157747006,0.0,3.208972739097444,-4.716371088595262e-07,2.358213881342175e-05,0.00048449941371308093,True
429,387,15.48,02/28/2026 10:12:38.120,3.157747006,0.0,3.208836066487097,-4.7037875937573763e-07,2.3519220583178726e-05,0.0004819144362198426,True
430,388,15.52,02/28/2026 10:12:38.160,3.157747006,0.0,3.2087000838031017,-4.691267620679186e-07,2.3456619965551122e-05,0.00047934938708320117,True
431,389,15.56,02/28/2026 10:12:38.200,3.157747006,0.0,3.2085647857505215,-4.678810681853718e-07,2.3394334522976133e-05,0.0004768040622413472,True
432,390,15.6,02/28/2026 10:12:38.240,3.157747006,0.0,3.2084301670885234,-4.666416294755488e-07,2.333236184279791e-05,0.0004742782602382716,True
433,391,15.64,02/28/2026 10:12:38.280,3.157747006,0.0,3.2082962226296896,-4.6540839817771577e-07,2.3270699536950487e-05,0.00047177178218398436,True
434,392,15.68,02/28/2026 10:12:38.320,3.157747006,0.0,3.2081629472393383,-4.6418132701668593e-07,2.3209345241645433e-05,0.00046928443171535887,True
435,393,15.72,02/28/2026 10:12:38.360,3.157747006,0.0,3.2080303358348545,-4.6296036919665477e-07,2.3148296617064172e-05,0.0004668160149577065,True
436,394,15.76,02/28/2026 10:12:38.400,3.157747006,0.0,3.207898383385034,-4.617454783951539e-07,2.308755134705496e-05,0.00046436634048705274,True
437,395,15.8,02/28/2026 10:12:38.440,3.157747006,0.0,3.2077670849094337,-4.6053660875707196e-07,2.3027107138834457e-05,0.0004619352192930328,True
438,396,15.84,02/28/2026 10:12:38.480,3.157747006,0.0,3.207636435477733,-4.5933371488877515e-07,2.296696172269378e-05,0.00045952246474246936,True
439,397,15.88,02/28/2026 10:12:38.520,3.157747006,0.0,3.207506430209105,-4.581367518523335e-07,2.290711285170903e-05,0.0004571278925436054,True
440,398,15.92,02/28/2026 10:12:38.560,3.157747006,0.0,3.2073770642715993,-4.569456751597975e-07,2.284755830145612e-05,0.00045475132071090335,True
441,399,15.96,02/28/2026 10:12:38.600,3.157747006,0.0,3.207248332881528,-4.5576044076759667e-07,2.278829586972991e-05,0.00045239256953053545,True
442,400,16.0,02/28/2026 10:12:38.640,3.157747006,0.0,3.2071202313028673,-4.545810050709907e-07,2.272932337626751e-05,0.0004500514615264066,True
443,401,16.04,02/28/2026 10:12:38.680,3.157747006,0.0,3.2069927548466652,-4.5340732489863797e-07,2.2670638662475727e-05,0.0004477278214268355,True
444,402,16.080000000000002,02/28/2026 10:12:38.720,3.157747006,0.0,3.206865898870458,-4.5223935750721035e-07,2.2612239591162583e-05,0.0004454214761317468,True
445,403,16.12,02/28/2026 10:12:38.760,3.157747006,0.0,3.206739658777696,-4.510770605761108e-07,2.2554124046272797e-05,0.00044313225468048205,True
446,404,16.16,02/28/2026 10:12:38.800,3.157747006,0.0,3.206614030017176,-4.4992039220225637e-07,2.249628993262718e-05,0.0004408599882201377,True
447,405,16.2,02/28/2026 10:12:38.840,3.157747006,0.0,3.2064890080824857,-4.487693108949493e-07,2.243873517566585e-05,0.00043860450997446407,True
448,406,16.240000000000002,02/28/2026 10:12:38.880,3.157747006,0.0,3.2063645885114527,-4.476237755708199e-07,2.2381457721195342e-05,0.0004363656552132972,True
449,407,16.28,02/28/2026 10:12:38.920,3.157747006,0.0,3.2062407668856037,-4.4648374554882583e-07,2.2324455535139285e-05,0.0004341432612224833,True
450,408,16.32,02/28/2026 10:12:38.960,3.157747006,0.0,3.20611753882963,-4.453491805453494e-07,2.226772660329278e-05,0.0004319371672743667,True
451,409,16.36,02/28/2026 10:12:39.000,3.157747006,0.0,3.205994900010864,-4.4422004066936485e-07,2.22112689310804e-05,0.00042974721459876163,True
452,410,16.4,02/28/2026 10:12:39.040,3.157747006,0.0,3.2058728461387584,-4.4309628641766e-07,2.2155080543317713e-05,0.00042757324635439613,True
453,411,16.44,02/28/2026 10:12:39.080,3.157747006,0.0,3.205751372964378,-4.419778786701328e-07,2.209915948397625e-05,0.00042541510760086247,True
454,412,16.48,02/28/2026 10:12:39.120,3.157747006,0.0,3.2056304762798944,-4.4086477868516936e-07,2.204350381595189e-05,0.00042327264527105044,True
455,413,16.52,02/28/2026 10:12:39.160,3.157747006,0.0,3.2055101519180917,-4.397569480950645e-07,2.1988111620836584e-05,0.00042114570814400935,True
456,414,16.56,02/28/2026 10:12:39.200,3.157747006,0.0,3.2053903957518783,-4.386543489015367e-07,2.1932980998693394e-05,0.0004190341468183185,True
457,415,16.6,02/28/2026 10:12:39.240,3.157747006,0.0,3.205271203693804,-4.3755694347129123e-07,2.187811006783479e-05,0.00041693781368586666,True
458,416,16.64,02/28/2026 10:12:39.280,3.157747006,0.0,3.205152571695584,-4.3646469453163844e-07,2.182349696460411e-05,0.0004148565629060693,True
459,417,16.68,02/28/2026 10:12:39.320,3.157747006,0.0,3.205034495747636,-4.3537756516619976e-07,2.176913984316013e-05,0.00041279025038055565,True
460,418,16.72,02/28/2026 10:12:39.360,3.157747006,0.0,3.2049169718786135,-4.342955188106583e-07,2.171503687526479e-05,0.0004107387337282401,True
461,419,16.76,02/28/2026 10:12:39.400,3.157747006,0.0,3.204799996154953,-4.332185192485639e-07,2.1661186250073874e-05,0.0004087018722608116,True
462,420,16.8,02/28/2026 10:12:39.440,3.157747006,0.0,3.2046835646804275,-4.321465306072116e-07,2.1607586173930685e-05,0.0004066795269586517,True
463,421,16.84,02/28/2026 10:12:39.480,3.157747006,0.0,3.2045676735957027,-4.310795173535732e-07,2.1554234870162626e-05,0.00040467156044713483,True
464,422,16.88,02/28/2026 10:12:39.520,3.157747006,0.0,3.204452319077902,-4.300174442902985e-07,2.150113057888074e-05,0.00040267783697333736,True
465,423,16.92,02/28/2026 10:12:39.560,3.157747006,0.0,3.2043374973401773,-4.2896027655173894e-07,2.1448271556782017e-05,0.00040069822238308726,True
466,424,16.96,02/28/2026 10:12:39.600,3.157747006,0.0,3.2042232046312855,-4.2790797960007075e-07,2.1395656076954494e-05,0.0003987325840984584,True
467,425,17.0,02/28/2026 10:12:39.640,3.157747006,0.0,3.204109437235172,-4.268605192214456e-07,2.1343282428685143e-05,0.00039678079109557854,True
468,426,17.04,02/28/2026 10:12:39.680,3.157747006,0.0,3.2039961914705577,-4.258178615222022e-07,2.1291148917270425e-05,0.00039484271388282526,True
469,427,17.080000000000002,02/28/2026 10:12:39.720,3.157747006,0.0,3.2038834636905342,-4.247799729251291e-07,2.123925386382951e-05,0.00039291822447937115,True
470,428,17.12,02/28/2026 10:12:39.760,3.157747006,0.0,3.203771250282163,-4.2374682016577305e-07,2.118759560512004e-05,0.00039100719639407106,True
471,429,17.16,02/28/2026 10:12:39.800,3.157747006,0.0,3.2036595476660827,-4.22718370288833e-07,2.113617249335657e-05,0.00038910950460473804,True
472,430,17.2,02/28/2026 10:12:39.840,3.157747006,0.0,3.203548352296117,-4.216945906445363e-07,2.108498289603144e-05,0.00038722502553765505,True
473,431,17.240000000000002,02/28/2026 10:12:39.880,3.157747006,0.0,3.2034376606588935,-4.2067544888514476e-07,2.103402519573814e-05,0.0003853536370475506,True
474,432,17.28,02/28/2026 10:12:39.920,3.157747006,0.0,3.2033274692734652,-4.196609129614559e-07,2.0983297789997192e-05,0.0003834952183977909,True
475,433,17.32,02/28/2026 10:12:39.960,3.157747006,0.0,3.2032177746909363,-4.186509511193667e-07,2.093279909108438e-05,0.00038164965024093663,True
476,434,17.36,02/28/2026 10:12:40.000,3.157747006,0.0,3.203108573494095,-4.1764553189648535e-07,2.0882527525861343e-05,0.00037981681459960673,True
477,435,17.400000000000002,02/28/2026 10:12:40.040,3.157747006,0.0,3.2029998622970504,-4.1664462411880177e-07,2.0832481535608523e-05,0.00037799659484765954,True
478,436,17.44,02/28/2026 10:12:40.080,3.157747006,0.0,3.202891637744874,-4.1564819689737155e-07,2.078265957586039e-05,0.00037618887569163537,True
479,437,17.48,02/28/2026 10:12:40.120,3.157747006,0.0,3.2027838965132474,-4.146562196250818e-07,2.0733060116242896e-05,0.0003743935431525518,True
480,438,17.52,02/28/2026 10:12:40.160,3.157747006,0.0,3.2026766353081144,-4.136686619734345e-07,2.0683681640313172e-05,0.000372610484547938,True
481,439,17.56,02/28/2026 10:12:40.200,3.157747006,0.0,3.202569850865337,-4.126854938893917e-07,2.0634522645401393e-05,0.00037083958847419307,True
482,440,17.6,02/28/2026 10:12:40.240,3.157747006,0.0,3.202463539950356,-4.1170668559226774e-07,2.058558164245488e-05,0.00036908074478921694,True
483,441,17.64,02/28/2026 10:12:40.280,3.157747006,0.0,3.202357699357858,-4.1073220757062697e-07,2.053685715588424e-05,0.0003673338445952706,True
484,442,17.68,02/28/2026 10:12:40.320,3.157747006,0.0,3.2022523259114455,-4.097620305792704e-07,2.048834772341157e-05,0.00036559878022218354,True
485,443,17.72,02/28/2026 10:12:40.360,3.157747006,0.0,3.20214741646331,-4.087961256362108e-07,2.0440051895920704e-05,0.0003638754452107368,True
486,444,17.76,02/28/2026 10:12:40.400,3.157747006,0.0,3.202042967893914,-4.078344640197554e-07,2.0391968237309504e-05,0.00036216373429641657,True
487,445,17.8,02/28/2026 10:12:40.440,3.157747006,0.0,3.2019389771116713,-4.0687701726557086e-07,2.0344095324344156e-05,0.00036046354339331336,True
488,446,17.84,02/28/2026 10:12:40.480,3.157747006,0.0,3.2018354410526375,-4.0592375716380706e-07,2.02964317465154e-05,0.00035877476957833543,True
489,447,17.88,02/28/2026 10:12:40.520,3.157747006,0.0,3.2017323566802003,-4.049746557562695e-07,2.0248976105896652e-05,0.00035709731107566226,True
490,448,17.92,02/28/2026 10:12:40.560,3.157747006,0.0,3.201629720984776,-4.040296853336149e-07,2.0201727017004092e-05,0.0003554310672414231,True
491,449,17.96,02/28/2026 10:12:40.600,3.157747006,0.0,3.201527530983509,-4.030888184325926e-07,2.0154683106658557e-05,0.0003537759385486282,True
492,450,18.0,02/28/2026 10:12:40.640,3.157747006,0.0,3.201425783719977,-4.02152027833316e-07,2.0107843013849306e-05,0.000352131826572322,True
493,451,18.04,02/28/2026 10:12:40.680,3.157747006,0.0,3.2013244762638973,-4.0121928655657687e-07,2.0061205389599557e-05,0.0003504986339749772,True
494,452,18.080000000000002,02/28/2026 10:12:40.720,3.157747006,0.0,3.201223605710839,-4.0029056786117627e-07,2.0014768896833788e-05,0.00034887626449209047,True
495,453,18.12,02/28/2026 10:12:40.760,3.157747006,0.0,3.2011231691819404,-3.9936584524132675e-07,1.9968532210246786e-05,0.00034726462291804816,True
496,454,18.16,02/28/2026 10:12:40.800,3.157747006,0.0,3.2010231638236273,-3.984450924240716e-07,1.992249401617453e-05,0.00034566361509217344,True
497,455,18.2,02/28/2026 10:12:40.840,3.157747006,0.0,3.2009235868073342,-3.975282833667193e-07,1.9876653012466702e-05,0.00034407314788497295,True
498,456,18.240000000000002,02/28/2026 10:12:40.880,3.157747006,0.0,3.200824435329233,-3.966153922543214e-07,1.983100790836081e-05,0.0003424931291846186,True
499,457,18.28,02/28/2026 10:12:40.920,3.157747006,0.0,3.2007257066099637,-3.957063934972088e-07,1.9785557424357985e-05,0.0003409234678836557,True
500,458,18.32,02/28/2026 10:12:40.960,3.157747006,0.0,3.2006273978943667,-3.948012617285426e-07,1.9740300292100506e-05,0.0003393640738658781,True
501,459,18.36,02/28/2026 10:12:41.000,3.157747006,0.0,3.200529506451221,-3.938999718018637e-07,1.969523525425081e-05,0.0003378148579933824,True
502,460,18.400000000000002,02/28/2026 10:12:41.040,3.157747006,0.0,3.200432029572984,-3.9300249878874066e-07,1.9650361064372062e-05,0.00033627573209390435,True
503,461,18.44,02/28/2026 10:12:41.080,3.157747006,0.0,3.2003349645755357,-3.9210881797639074e-07,1.9605676486810362e-05,0.0003347466089482494,True
504,462,18.48,02/28/2026 10:12:41.120,3.157747006,0.0,3.200238308797927,-3.9121890486535345e-07,1.956118029657838e-05,0.0003332274022779674,True
505,463,18.52,02/28/2026 10:12:41.160,3.157747006,0.0,3.2001420596021304,-3.9033273516721806e-07,1.9516871279240566e-05,0.0003317180267332287,True
506,464,18.56,02/28/2026 10:12:41.200,3.157747006,0.0,3.2000462143727915,-3.894502848023342e-07,1.947274823079988e-05,0.0003302183978808184,True
507,465,18.6,02/28/2026 10:12:41.240,3.157747006,0.0,3.1999507705169887,-3.8857152989757326e-07,1.942880995758582e-05,0.0003287284321923579,True
508,466,18.64,02/28/2026 10:12:41.280,3.157747006,0.0,3.199855725463992,-3.876964467841369e-07,1.9385055276144052e-05,0.00032724804703271456,True
509,467,18.68,02/28/2026 10:12:41.320,3.157747006,0.0,3.1997610766650255,-3.868250119953631e-07,1.9341483013127365e-05,0.00032577716064853784,True
510,468,18.72,02/28/2026 10:12:41.360,3.157747006,0.0,3.1996668215930355,-3.859572022645685e-07,1.9298092005187998e-05,0.00032431569215699273,True
511,469,18.76,02/28/2026 10:12:41.400,3.157747006,0.0,3.1995729577424585,-3.8509299452295504e-07,1.9254881098871448e-05,0.00032286356153469765,True
512,470,18.8,02/28/2026 10:12:41.440,3.157747006,0.0,3.199479482628993,-3.8423236589746767e-07,1.9211849150511573e-05,0.0003214206896067246,True
513,471,18.84,02/28/2026 10:12:41.480,3.157747006,0.0,3.199386393789375,-3.833752937087484e-07,1.916899502612693e-05,0.0003199869980358754,True
514,472,18.88,02/28/2026 10:12:41.520,3.157747006,0.0,3.199293688781156,-3.825217554690891e-07,1.912631760131856e-05,0.00031856240931205126,True
515,473,18.92,02/28/2026 10:12:41.560,3.157747006,0.0,3.1992013651824833,-3.8167172888040983e-07,1.9083815761169014e-05,0.00031714684674179596,True
516,474,18.96,02/28/2026 10:12:41.600,3.157747006,0.0,3.199109420591884,-3.8082519183225945e-07,1.9041488400142655e-05,0.0003157402344379849,True
517,475,19.0,02/28/2026 10:12:41.640,3.157747006,0.0,3.1990178526280504,-3.799821223998591e-07,1.8999334421987216e-05,0.0003143424973096904,True
518,476,19.04,02/28/2026 10:12:41.680,3.157747006,0.0,3.1989266589296292,-3.7914249884214896e-07,1.895735273963661e-05,0.0003129535610521617,True
519,477,19.080000000000002,02/28/2026 10:12:41.720,3.157747006,0.0,3.198835837155014,-3.7830629959987426e-07,1.8915542275114956e-05,0.00031157335213697745,True
520,478,19.12,02/28/2026 10:12:41.760,3.157747006,0.0,3.198745384982137,-3.7747350329368025e-07,1.8873901959441783e-05,0.00031020179780232195,True
521,479,19.16,02/28/2026 10:12:41.800,3.157747006,0.0,3.198655300108267,-3.766440887222374e-07,1.8832430732538367e-05,0.0003088388260434113,True
522,480,19.2,02/28/2026 10:12:41.840,3.157747006,0.0,3.1985655802498107,-3.758180348604134e-07,1.879112754313532e-05,0.0003074843656030862,True
523,481,19.240000000000002,02/28/2026 10:12:41.880,3.157747006,0.0,3.198476223142111,-3.7499532085744476e-07,1.8749991348681394e-05,0.00030613834596250334,True
524,482,19.28,02/28/2026 10:12:41.920,3.157747006,0.0,3.1983872265392526,-3.7417592603510583e-07,1.8709021115253277e-05,0.00030480069733194445,True
525,483,19.32,02/28/2026 10:12:41.960,3.157747006,0.0,3.198298588213869,-3.7335982988595715e-07,1.8668215817466527e-05,0.00030347135064183364,True
526,484,19.36,02/28/2026 10:12:42.000,3.157747006,0.0,3.198210305956951,-3.725470120715733e-07,1.862757443838768e-05,0.0003021502375338088,True
527,485,19.400000000000002,02/28/2026 10:12:42.040,3.157747006,0.0,3.1981223775776577,-3.7173745242080733e-07,1.8587095969447348e-05,0.0003008372903519584,True
528,486,19.44,02/28/2026 10:12:42.080,3.157747006,0.0,3.198034800903131,-3.709311309280793e-07,1.854677941035448e-05,0.00029953244213418205,True
529,487,19.48,02/28/2026 10:12:42.120,3.157747006,0.0,3.197947573778312,-3.70128027751682e-07,1.8506623769011617e-05,0.00029823562660366673,True
530,488,19.52,02/28/2026 10:12:42.160,3.157747006,0.0,3.1978606940657563,-3.693281232120982e-07,1.8466628061431214e-05,0.0002969467781604777,True
531,489,19.56,02/28/2026 10:12:42.200,3.157747006,0.0,3.197774159645458,-3.685313977903512e-07,1.8426791311652925e-05,0.000295665831873288,True
532,490,19.6,02/28/2026 10:12:42.240,3.157747006,0.0,3.1976879684146704,-3.6773783212638177e-07,1.8387112551661983e-05,0.00029439272347122605,True
533,491,19.64,02/28/2026 10:12:42.280,3.157747006,0.0,3.197602118287731,-3.6694740701742305e-07,1.8347590821308546e-05,0.0002931273893358134,True
534,492,19.68,02/28/2026 10:12:42.320,3.157747006,0.0,3.1975166071958885,-3.6616010341641267e-07,1.8308225168227994e-05,0.0002918697664930435,True
535,493,19.72,02/28/2026 10:12:42.360,3.157747006,0.0,3.1974314330871323,-3.6537590243041266e-07,1.826901464776222e-05,0.00029061979260555486,True
536,494,19.76,02/28/2026 10:12:42.400,3.157747006,0.0,3.197346593926023,-3.645947853190626e-07,1.822995832288187e-05,0.0002893774059649357,True
537,495,19.8,02/28/2026 10:12:42.440,3.157747006,0.0,3.1972620876935256,-3.638167334930394e-07,1.8191055264109518e-05,0.0002881425454841129,True
538,496,19.84,02/28/2026 10:12:42.480,3.157747006,0.0,3.1971779123868456,-3.630417285125406e-07,1.8152304549443798e-05,0.00028691515068986483,True
539,497,19.88,02/28/2026 10:12:42.520,3.157747006,0.0,3.1970940660192633,-3.622697520857814e-07,1.8113705264284406e-05,0.0002856951617154282,True
540,498,19.92,02/28/2026 10:12:42.560,3.157747006,0.0,3.197010546619977,-3.615007860675092e-07,1.8075256501358e-05,0.0002844825192932124,True
541,499,19.96,02/28/2026 10:12:42.600,3.157747006,0.0,3.1969273522339394,-3.6073481245754196e-07,1.8036957360644965e-05,0.00028327716474761986,True
542,500,20.0,02/28/2026 10:12:42.640,3.157747006,0.0,3.1968444809217056,-3.59971813399335e-07,1.799880694930713e-05,0.00028207903998797666,True
543,501,20.04,02/28/2026 10:12:42.680,3.157747006,0.0,3.1967619307592736,-3.59211771178536e-07,1.7960804381616336e-05,0.0002808880875015281,True
544,502,20.080000000000002,02/28/2026 10:12:42.720,3.157747006,0.0,3.1966796998379325,-3.5845466822158485e-07,1.7922948778883812e-05,0.0002797042503465687,True
545,503,20.12,02/28/2026 10:12:42.760,3.157747006,0.0,3.1965977862641117,-3.577004870943034e-07,1.788523926939042e-05,0.00027852747214563404,True
546,504,20.16,02/28/2026 10:12:42.800,3.157747006,0.0,3.19651618815923,-3.569492105005321e-07,1.7847674988317688e-05,0.0002773576970788251,True
547,505,20.2,02/28/2026 10:12:42.840,3.157747006,0.0,3.196434903659548,-3.562008212807568e-07,1.781025507767973e-05,0.0002761948698771858,True
548,506,20.240000000000002,02/28/2026 10:12:42.880,3.157747006,0.0,3.1963539309160227,-3.5545530241077237e-07,1.7772978686255903e-05,0.0002750389358162042,True
549,507,20.28,02/28/2026 10:12:42.920,3.157747006,0.0,3.196273268094162,-3.5471263700035e-07,1.7735844969524338e-05,0.00027388984070938365,True
550,508,20.32,02/28/2026 10:12:42.960,3.157747006,0.0,3.1961929133738813,-3.539728082919126e-07,1.769885308959618e-05,0.0002727475309018978,True
551,509,20.36,02/28/2026 10:12:43.000,3.157747006,0.0,3.196112864949364,-3.5323579965923363e-07,1.766200221515057e-05,0.00027161195326434533,True
552,510,20.400000000000002,02/28/2026 10:12:43.040,3.157747006,0.0,3.196033121028922,-3.5250159460617847e-07,1.762529152137046e-05,0.0002704830551866113,True
553,511,20.44,02/28/2026 10:12:43.080,3.157747006,0.0,3.1959536798348553,-3.51770176765412e-07,1.7588720189879228e-05,0.00026936078457175615,True
554,512,20.48,02/28/2026 10:12:43.120,3.157747006,0.0,3.1958745396033184,-3.510415298971398e-07,1.7552287408677882e-05,0.00026824508983002343,True
555,513,20.52,02/28/2026 10:12:43.160,3.157747006,0.0,3.195795698584186,-3.5031563788789305e-07,1.7515992372083093e-05,0.000267135919872954,True
556,514,20.56,02/28/2026 10:12:43.200,3.157747006,0.0,3.195717155040918,-3.495924847492872e-07,1.7479834280665988e-05,0.0002660332241075225,True
557,515,20.6,02/28/2026 10:12:43.240,3.157747006,0.0,3.1956389072504283,-3.488720546168181e-07,1.74438123411916e-05,0.0002649369524303987,True
558,516,20.64,02/28/2026 10:12:43.280,3.157747006,0.0,3.1955609535029565,-3.4815433174865626e-07,1.7407925766559022e-05,0.0002638470552222583,True
559,517,20.68,02/28/2026 10:12:43.320,3.157747006,0.0,3.195483292101937,-3.474393005244665e-07,1.737217377574223e-05,0.0002627634833421879,True
560,518,20.72,02/28/2026 10:12:43.360,3.157747006,0.0,3.1954059213638746,-3.4672694544423915e-07,1.7336555593731596e-05,0.0002616861881221609,True
561,519,20.76,02/28/2026 10:12:43.400,3.157747006,0.0,3.195328839618216,-3.460172511271442e-07,1.7301070451476127e-05,0.0002606151213615943,True
562,520,20.8,02/28/2026 10:12:43.440,3.157747006,0.0,3.195252045207228,-3.453102023103757e-07,1.726571758582635e-05,0.00025955023532195555,True
563,521,20.84,02/28/2026 10:12:43.480,3.157747006,0.0,3.195175536485875,-3.4460578384802087e-07,1.72304962394778e-05,0.0002584914827214605,True
564,522,20.88,02/28/2026 10:12:43.520,3.157747006,0.0,3.195099311821696,-3.439039807099568e-07,1.7195405660915192e-05,0.0002574388167298525,True
565,523,20.92,02/28/2026 10:12:43.560,3.157747006,0.0,3.195023369594685,-3.432047779807396e-07,1.7160445104357277e-05,0.0002563921909632254,True
566,524,20.96,02/28/2026 10:12:43.600,3.157747006,0.0,3.194947708197174,-3.425081608585167e-07,1.712561382970228e-05,0.000255351559478934,True
567,525,21.0,02/28/2026 10:12:43.640,3.157747006,0.0,3.1948723260337144,-3.4181411465392474e-07,1.709091110247391e-05,0.0002543168767705401,True
568,526,21.04,02/28/2026 10:12:43.680,3.157747006,0.0,3.1947972215209623,-3.4112262478906536e-07,1.7056336193768053e-05,0.0002532880977629049,True
569,527,21.080000000000002,02/28/2026 10:12:43.720,3.157747006,0.0,3.1947223930875626,-3.404336767964211e-07,1.702188838020011e-05,0.0002522651778072437,True
570,528,21.12,02/28/2026 10:12:43.760,3.157747006,0.0,3.1946478391740367,-3.397472563178166e-07,1.698756694385283e-05,0.00025124807267631205,True
571,529,21.16,02/28/2026 10:12:43.800,3.157747006,0.0,3.1945735582326713,-3.3906334910340075e-07,1.6953371172224804e-05,0.00025023673855964994,True
572,530,21.2,02/28/2026 10:12:43.840,3.157747006,0.0,3.1944995487274053,-3.3838194101061125e-07,1.6919300358179506e-05,0.0002492311320588539,True
573,531,21.240000000000002,02/28/2026 10:12:43.880,3.157747006,0.0,3.1944258091337225,-3.377030180031704e-07,1.6885353799894897e-05,0.00024823121018294745,True
574,532,21.28,02/28/2026 10:12:43.920,3.157747006,0.0,3.1943523379385437,-3.370265661500964e-07,1.6851530800813603e-05,0.00024723693034380185,True
575,533,21.32,02/28/2026 10:12:43.960,3.157747006,0.0,3.194279133640118,-3.3635257162472854e-07,1.6817830669593733e-05,0.0002462482503516236,True
576,534,21.36,02/28/2026 10:12:44.000,3.157747006,0.0,3.1942061947479177,-3.3568102070372254e-07,1.6784252720060157e-05,0.0002452651284104559,True
577,535,21.400000000000002,02/28/2026 10:12:44.040,3.157747006,0.0,3.1941335197825342,-3.350118997661167e-07,1.675079627115634e-05,0.0002442875231138169,True
578,536,21.44,02/28/2026 10:12:44.080,3.157747006,0.0,3.1940611072755742,-3.343451952923537e-07,1.671746064689671e-05,0.0002433153934403141,True
579,537,21.48,02/28/2026 10:12:44.120,3.157747006,0.0,3.1939889557695573,-3.3368089386336297e-07,1.6684245176319576e-05,0.00024234869874938887,True
580,538,21.52,02/28/2026 10:12:44.160,3.157747006,0.0,3.193917063817815,-3.3301898215961824e-07,1.665114919344058e-05,0.00024138739877705955,True
581,539,21.56,02/28/2026 10:12:44.200,3.157747006,0.0,3.193845429984391,-3.323594469602224e-07,1.661817203720668e-05,0.00024043145363175186,True
582,540,21.6,02/28/2026 10:12:44.240,3.157747006,0.0,3.1937740528439402,-3.3170227514197625e-07,1.6585313051450564e-05,0.0002394808237901507,True
583,541,21.64,02/28/2026 10:12:44.280,3.157747006,0.0,3.193702930981636,-3.3104745367850866e-07,1.6552571584845623e-05,0.00023853547009316655,True
584,542,21.68,02/28/2026 10:12:44.320,3.157747006,0.0,3.1936320629930672,-3.3039496963936673e-07,1.6519946990861452e-05,0.0002375953537418817,True
585,543,21.72,02/28/2026 10:12:44.360,3.157747006,0.0,3.193561447484148,-3.2974481018914735e-07,1.648743862771983e-05,0.00023666043629360376,True
586,544,21.76,02/28/2026 10:12:44.400,3.157747006,0.0,3.1934910830710175,-3.290969625866113e-07,1.6455045858351134e-05,0.00023573067965792748,True
587,545,21.8,02/28/2026 10:12:44.440,3.157747006,0.0,3.1934209683799515,-3.2845141418382113e-07,1.6422768050351244e-05,0.0002348060460928728,True
588,546,21.84,02/28/2026 10:12:44.480,3.157747006,0.0,3.193351102047268,-3.2780815242530476e-07,1.6390604575938903e-05,0.00023388649820108294,True
589,547,21.88,02/28/2026 10:12:44.520,3.157747006,0.0,3.1932814827192337,-3.2716716484720015e-07,1.6358554811913617e-05,0.0002329719989260343,True
590,548,21.92,02/28/2026 10:12:44.560,3.157747006,0.0,3.1932121090519776,-3.2652843907643345e-07,1.632661813961398e-05,0.0002320625115483328,True
591,549,21.96,02/28/2026 10:12:44.600,3.157747006,0.0,3.1931429797113964,-3.2589196282988004e-07,1.6294793944876453e-05,0.00023115799968202207,True
592,550,22.0,02/28/2026 10:12:44.640,3.157747006,0.0,3.1930740933730704,-3.252577239135476e-07,1.6263081617994518e-05,0.00023025842727095956,True
593,551,22.04,02/28/2026 10:12:44.680,3.157747006,0.0,3.193005448722173,-3.2462571022179083e-07,1.6231480553678377e-05,0.00022936375858525557,True
594,552,22.080000000000002,02/28/2026 10:12:44.720,3.157747006,0.0,3.192937044453386,-3.239959097364928e-07,1.6199990151015075e-05,0.00022847395821770934,True
595,553,22.12,02/28/2026 10:12:44.760,3.157747006,0.0,3.1928688792708124,-3.233683105262923e-07,1.616860981342904e-05,0.00022758899108034196,True
596,554,22.16,02/28/2026 10:12:44.800,3.157747006,0.0,3.192800951887892,-3.227429007457806e-07,1.6137338948643026e-05,0.00022670882240091996,True
597,555,22.2,02/28/2026 10:12:44.840,3.157747006,0.0,3.192733261027318,-3.2211966863474827e-07,1.6106176968639464e-05,0.0002258334177195799,True
598,556,22.240000000000002,02/28/2026 10:12:44.880,3.157747006,0.0,3.192665805420954,-3.214986025174192e-07,1.6075123289622297e-05,0.00022496274288545483,True
599,557,22.28,02/28/2026 10:12:44.920,3.157747006,0.0,3.19259858380975,-3.208796908016836e-07,1.6044177331979187e-05,0.00022409676405334839,True
600,558,22.32,02/28/2026 10:12:44.960,3.157747006,0.0,3.1925315949436643,-3.202629219783599e-07,1.6013338520244094e-05,0.00022323544768046793,True
601,559,22.36,02/28/2026 10:12:45.000,3.157747006,0.0,3.1924648375815807,-3.1964828462044454e-07,1.5982606283060286e-05,0.00022237876052317524,True
602,560,22.400000000000002,02/28/2026 10:12:45.040,3.157747006,0.0,3.192398310491231,-3.1903576738240073e-07,1.5951980053143756e-05,0.00022152666963381267,True
603,561,22.44,02/28/2026 10:12:45.080,3.157747006,0.0,3.192332012449114,-3.184253589994178e-07,1.5921459267247065e-05,0.00022067914235752336,True
604,562,22.48,02/28/2026 10:12:45.120,3.157747006,0.0,3.192265942240419,-3.1781704828668884e-07,1.5891043366123464e-05,0.0002198361463291345,True
605,563,22.52,02/28/2026 10:12:45.160,3.157747006,0.0,3.1922000986589496,-3.1721082413871784e-07,1.5860731794491453e-05,0.00021899764947009616,True
606,564,22.56,02/28/2026 10:12:45.200,3.157747006,0.0,3.192134480507046,-3.166066755286115e-07,1.5830524000999742e-05,0.00021816361998542593,True
607,565,22.6,02/28/2026 10:12:45.240,3.157747006,0.0,3.192069086595511,-3.1600459150738915e-07,1.5800419438192567e-05,0.00021733402636071373,True
608,566,22.64,02/28/2026 10:12:45.280,3.157747006,0.0,3.1920039157435336,-3.154045612032849e-07,1.5770417562475356e-05,0.000216508837359143,True
609,567,22.68,02/28/2026 10:12:45.320,3.157747006,0.0,3.1919389667786184,-3.148065738210865e-07,1.574051783408077e-05,0.00021568802201858236,True
610,568,22.72,02/28/2026 10:12:45.360,3.157747006,0.0,3.1918742385365086,-3.1421061864144865e-07,1.5710719717035105e-05,0.00021487154964867092,True
611,569,22.76,02/28/2026 10:12:45.400,3.157747006,0.0,3.1918097298611166,-3.136166850202297e-07,1.5681022679125035e-05,0.0002140593898279672,True
612,570,22.8,02/28/2026 10:12:45.440,3.157747006,0.0,3.1917454396044516,-3.1302476238783616e-07,1.5651426191864687e-05,0.00021325151240112985,True
613,571,22.84,02/28/2026 10:12:45.480,3.157747006,0.0,3.1916813666265496,-3.12434840248582e-07,1.562192973046312e-05,0.0002124478874761342,True
614,572,22.88,02/28/2026 10:12:45.520,3.157747006,0.0,3.191617509795402,-3.1184690818002307e-07,1.559253277379211e-05,0.00021164848542149655,True
615,573,22.92,02/28/2026 10:12:45.560,3.157747006,0.0,3.1915538679868876,-3.112609558323398e-07,1.5563234804354257e-05,0.00021085327686357915,True
616,574,22.96,02/28/2026 10:12:45.600,3.157747006,0.0,3.1914904400847037,-3.1067697292768896e-07,1.5534035308251434e-05,0.00021006223268387904,True
617,575,23.0,02/28/2026 10:12:45.640,3.157747006,0.0,3.191427224980298,-3.100949492595936e-07,1.5504933775153567e-05,0.00020927532401639147,True
618,576,23.04,02/28/2026 10:12:45.680,3.157747006,0.0,3.191364221572802,-3.095148746923214e-07,1.5475929698267776e-05,0.0002084925222449796,True
619,577,23.080000000000002,02/28/2026 10:12:45.720,3.157747006,0.0,3.191301428768964,-3.0893673916026217e-07,1.5447022574307766e-05,0.00020771379900077266,True
620,578,23.12,02/28/2026 10:12:45.760,3.157747006,0.0,3.191238845483084,-3.083605326673379e-07,1.5418211903463557e-05,0.00020693912615962534,True
621,579,23.16,02/28/2026 10:12:45.800,3.157747006,0.0,3.1911764706369476,-3.077862452863944e-07,1.5389497189371563e-05,0.00020616847583957248,True
622,580,23.2,02/28/2026 10:12:45.840,3.157747006,0.0,3.191114303159764,-3.072138671586282e-07,1.5360877939085003e-05,0.0002054018203983542,True
623,581,23.240000000000002,02/28/2026 10:12:45.880,3.157747006,0.0,3.191052341988099,-3.066433884929567e-07,1.5332353663044517e-05,0.00020463913243089817,True
624,582,23.28,02/28/2026 10:12:45.920,3.157747006,0.0,3.1909905860658143,-3.060747995654743e-07,1.5303923875049084e-05,0.0002038803847669322,True
625,583,23.32,02/28/2026 10:12:45.960,3.157747006,0.0,3.1909290343440038,-3.0550809071887103e-07,1.5275588092227343e-05,0.00020312555046855224,True
626,584,23.36,02/28/2026 10:12:46.000,3.157747006,0.0,3.1908676857809337,-3.049432523618638e-07,1.524734583500918e-05,0.00020237460282784435,True
627,585,23.400000000000002,02/28/2026 10:12:46.040,3.157747006,0.0,3.1908065393419784,-3.0438027496862735e-07,1.5219196627097585e-05,0.00020162751536452697,True
628,586,23.44,02/28/2026 10:12:46.080,3.157747006,0.0,3.190745593999563,-3.0381914907823214e-07,1.5191139995440746e-05,0.00020088426182362476,True
629,587,23.48,02/28/2026 10:12:46.120,3.157747006,0.0,3.1906848487331017,-3.032598652941175e-07,1.5163175470204504e-05,0.00020014481617319427,True
630,588,23.52,02/28/2026 10:12:46.160,3.157747006,0.0,3.190624302528939,-3.027024142835192e-07,1.5135302584745097e-05,0.00019940915260202146,True
631,589,23.56,02/28/2026 10:12:46.200,3.157747006,0.0,3.1905639543802895,-3.021467867769318e-07,1.5107520875582063e-05,0.00019867724551739222,True
632,590,23.6,02/28/2026 10:12:46.240,3.157747006,0.0,3.1905038032871835,-3.0159297356759437e-07,1.5079829882371536e-05,0.00019794906954289314,True
633,591,23.64,02/28/2026 10:12:46.280,3.157747006,0.0,3.1904438482564057,-3.0104096551094055e-07,1.505222914787979e-05,0.00019722459951619344,True
634,592,23.68,02/28/2026 10:12:46.320,3.157747006,0.0,3.19038408830144,-3.0049075352408373e-07,1.5024718217957015e-05,0.00019650381048689922,True
635,593,23.72,02/28/2026 10:12:46.360,3.157747006,0.0,3.190324522442413,-2.9994232858529955e-07,1.4997296641511399e-05,0.00019578667771441056,True
636,594,23.76,02/28/2026 10:12:46.400,3.157747006,0.0,3.1902651497060384,-2.9939568173350374e-07,1.4969963970483445e-05,0.0001950731766658017,True
637,595,23.8,02/28/2026 10:12:46.440,3.157747006,0.0,3.1902059691255613,-2.988508040677462e-07,1.494271975982051e-05,0.00019436328301373533,True
638,596,23.84,02/28/2026 10:12:46.480,3.157747006,0.0,3.190146979740704,-2.9830768674672143e-07,1.4915563567451678e-05,0.00019365697263441076,True
639,597,23.88,02/28/2026 10:12:46.520,3.157747006,0.0,3.190088180597611,-2.9776632098824773e-07,1.4888494954262853e-05,0.0001929542216054977,True
640,598,23.92,02/28/2026 10:12:46.560,3.157747006,0.0,3.1900295707487962,-2.9722669806878517e-07,1.4861513484072042e-05,0.00019225500620414013,True
641,599,23.96,02/28/2026 10:12:46.600,3.157747006,0.0,3.189971149253091,-2.966888093229593e-07,1.4834618723604981e-05,0.00019155930290496673,True
642,600,24.0,02/28/2026 10:12:46.640,3.157747006,0.0,3.189912915175589,-2.9615264614305934e-07,1.4807810242470985e-05,0.00019086708837810253,True
643,601,24.04,02/28/2026 10:12:46.680,3.157747006,0.0,3.1898548675875964,-2.956181999785649e-07,1.4781087613138988e-05,0.00019017833948723362,True
644,602,24.080000000000002,02/28/2026 10:12:46.720,3.157747006,0.0,3.1897970055665796,-2.950854623356806e-07,1.4754450410913859e-05,0.00018949303328768866,True
645,603,24.12,02/28/2026 10:12:46.760,3.157747006,0.0,3.1897393281961137,-2.9455442477685384e-07,1.4727898213912958e-05,0.00018881114702452056,True
646,604,24.16,02/28/2026 10:12:46.800,3.157747006,0.0,3.1896818345658335,-2.9402507892031785e-07,1.470143060304288e-05,0.00018813265813064084,True
647,605,24.2,02/28/2026 10:12:46.840,3.157747006,0.0,3.189624523771382,-2.934974164396242e-07,1.4675047161976448e-05,0.000187457544224949,True
648,606,24.240000000000002,02/28/2026 10:12:46.880,3.157747006,0.0,3.1895673949143624,-2.9297142906320354e-07,1.4648747477129955e-05,0.00018678578311051363,True
649,607,24.28,02/28/2026 10:12:46.920,3.157747006,0.0,3.1895104471022875,-2.924471085738932e-07,1.462253113764063e-05,0.0001861173527727328,True
650,608,24.32,02/28/2026 10:12:46.960,3.157747006,0.0,3.1894536794485324,-2.919244468085093e-07,1.4596397735344284e-05,0.00018545223137756146,True
651,609,24.36,02/28/2026 10:12:47.000,3.157747006,0.0,3.1893970910722866,-2.914034356573993e-07,1.4570346864753248e-05,0.00018479039726972718,True
652,610,24.400000000000002,02/28/2026 10:12:47.040,3.157747006,0.0,3.1893406810985057,-2.908840670639928e-07,1.454437812303446e-05,0.00018413182897096718,True
653,611,24.44,02/28/2026 10:12:47.080,3.157747006,0.0,3.1892844486578644,-2.903663330243856e-07,1.4518491109987783e-05,0.0001834765051783148,True
654,612,24.48,02/28/2026 10:12:47.120,3.157747006,0.0,3.1892283928867107,-2.8985022558690827e-07,1.4492685428024595e-05,0.0001828244047623753,True
655,613,24.52,02/28/2026 10:12:47.160,3.157747006,0.0,3.1891725129270188,-2.893357368516855e-07,1.4466960682146528e-05,0.0001821755067656207,True
656,614,24.560000000000002,02/28/2026 10:12:47.200,3.157747006,0.0,3.1891168079263434,-2.888228589702212e-07,1.4441316479924357e-05,0.0001815297904007244,True
657,615,24.6,02/28/2026 10:12:47.240,3.157747006,0.0,3.1890612770377755,-2.883115841449971e-07,1.4415752431477198e-05,0.00018088723504891478,True
658,616,24.64,02/28/2026 10:12:47.280,3.157747006,0.0,3.189005919419896,-2.8780190462903535e-07,1.439026814945187e-05,0.0001802478202583117,True
659,617,24.68,02/28/2026 10:12:47.320,3.157747006,0.0,3.1889507342367334,-2.872938127255144e-07,1.436486324900245e-05,0.00017961152574233767,True
660,618,24.72,02/28/2026 10:12:47.360,3.157747006,0.0,3.188895720657717,-2.86787300787346e-07,1.4339537347770054e-05,0.00017897833137809176,True
661,619,24.76,02/28/2026 10:12:47.400,3.157747006,0.0,3.1888408778576363,-2.862823612167827e-07,1.4314290065862774e-05,0.0001783482172047816,True
662,620,24.8,02/28/2026 10:12:47.440,3.157747006,0.0,3.188786205016596,-2.8577898646502637e-07,1.4289121025835858e-05,0.00017772116342215923,True
663,621,24.84,02/28/2026 10:12:47.480,3.157747006,0.0,3.1887317013199734,-2.852771690318184e-07,1.4264029852672046e-05,0.0001770971503889589,True
664,622,24.88,02/28/2026 10:12:47.520,3.157747006,0.0,3.1886773659583776,-2.8477690146506277e-07,1.4239016173762071e-05,0.00017647615862138288,True
665,623,24.92,02/28/2026 10:12:47.560,3.157747006,0.0,3.1886231981276056,-2.842781763604352e-07,1.421407961888539e-05,0.00017585816879158014,True
666,624,24.96,02/28/2026 10:12:47.600,3.157747006,0.0,3.188569197028602,-2.8378098636100687e-07,1.418921982019108e-05,0.0001752431617261569,True
667,625,25.0,02/28/2026 10:12:47.640,3.157747006,0.0,3.1885153618674185,-2.8328532415686634e-07,1.4164436412178952e-05,0.0001746311184046948,True
668,626,25.04,02/28/2026 10:12:47.680,3.157747006,0.0,3.188461691855171,-2.827911824847332e-07,1.413972903168081e-05,0.0001740220199582804,True
669,627,25.080000000000002,02/28/2026 10:12:47.720,3.157747006,0.0,3.1884081862080023,-2.8229855412760586e-07,1.4115097317841892e-05,0.00017341584766807764,True
670,628,25.12,02/28/2026 10:12:47.760,3.157747006,0.0,3.188354844147039,-2.818074319143759e-07,1.409054091210251e-05,0.00017281258296387574,True
671,629,25.16,02/28/2026 10:12:47.800,3.157747006,0.0,3.1883016648983538,-2.8131780871946144e-07,1.4066059458179784e-05,0.00017221220742267976,True
672,630,25.2,02/28/2026 10:12:47.840,3.157747006,0.0,3.188248647692927,-2.808296774624649e-07,1.4041652602049604e-05,0.00017161470276732694,True
673,631,25.240000000000002,02/28/2026 10:12:47.880,3.157747006,0.0,3.1881957917666064,-2.803430311078182e-07,1.4017319991928854e-05,0.00017102005086509932,True
674,632,25.28,02/28/2026 10:12:47.920,3.157747006,0.0,3.188143096360069,-2.798578626644086e-07,1.399306127825772e-05,0.0001704282337263377,True
675,633,25.32,02/28/2026 10:12:47.960,3.157747006,0.0,3.1880905607187824,-2.793741651852325e-07,1.396887611368211e-05,0.0001698392335031017,True
676,634,25.36,02/28/2026 10:12:48.000,3.157747006,0.0,3.188038184092969,-2.788919317670511e-07,1.3944764153036272e-05,0.00016925303248782977,True
677,635,25.400000000000002,02/28/2026 10:12:48.040,3.157747006,0.0,3.187985965737568,-2.784111555500635e-07,1.392072505332565e-05,0.00016866961311203088,True
678,636,25.44,02/28/2026 10:12:48.080,3.157747006,0.0,3.187933904912196,-2.779318297175462e-07,1.3896758473709885e-05,0.0001680889579449513,True
679,637,25.48,02/28/2026 10:12:48.120,3.157747006,0.0,3.1878820008811144,-2.774539474955174e-07,1.387286407548591e-05,0.0001675110496922917,True
680,638,25.52,02/28/2026 10:12:48.160,3.157747006,0.0,3.1878302529131894,-2.769775021524089e-07,1.3849041522071225e-05,0.00016693587119492954,True
681,639,25.560000000000002,02/28/2026 10:12:48.200,3.157747006,0.0,3.187778660281858,-2.765024869987299e-07,1.3825290478987352e-05,0.00016636340542764688,True
682,640,25.6,02/28/2026 10:12:48.240,3.157747006,0.0,3.1877272222650928,-2.760288953867422e-07,1.3801610613843417e-05,0.00016579363549788252,True
683,641,25.64,02/28/2026 10:12:48.280,3.157747006,0.0,3.1876759381453645,-2.755567207101393e-07,1.3778001596319923e-05,0.00016522654464449485,True
684,642,25.68,02/28/2026 10:12:48.320,3.157747006,0.0,3.18762480720961,-2.7508595640371534e-07,1.3754463098152659e-05,0.00016466211623652864,True
685,643,25.72,02/28/2026 10:12:48.360,3.157747006,0.0,3.187573828749194,-2.74616595943053e-07,1.3730994793116742e-05,0.0001641003337720119,True
686,644,25.76,02/28/2026 10:12:48.400,3.157747006,0.0,3.1875230020598786,-2.741486328441941e-07,1.3707596357010787e-05,0.0001635411808767425,True
687,645,25.8,02/28/2026 10:12:48.440,3.157747006,0.0,3.187472326441786,-2.73682060663344e-07,1.368426746764124e-05,0.00016298464130312293,True
688,646,25.84,02/28/2026 10:12:48.480,3.157747006,0.0,3.1874218011993682,-2.7321687299656385e-07,1.3661007804806934e-05,0.00016243069892898056,True
689,647,25.88,02/28/2026 10:12:48.520,3.157747006,0.0,3.18737142564137,-2.727530634794537e-07,1.3637817050283752e-05,0.00016187933775640135,True
690,648,25.92,02/28/2026 10:12:48.560,3.157747006,0.0,3.187321199080797,-2.722906257868349e-07,1.3614694887809343e-05,0.0001613305419105736,True
691,649,25.96,02/28/2026 10:12:48.600,3.157747006,0.0,3.1872711208348856,-2.718295536324684e-07,1.359164100306802e-05,0.00016078429563867353,True
692,650,26.0,02/28/2026 10:12:48.640,3.157747006,0.0,3.187221190225067,-2.7136984076874596e-07,1.3568655083675823e-05,0.00016024058330872654,True
693,651,26.04,02/28/2026 10:12:48.680,3.157747006,0.0,3.1871714065769363,-2.7091148098640947e-07,1.354573681916575e-05,0.00015969938940851115,True
694,652,26.080000000000002,02/28/2026 10:12:48.720,3.157747006,0.0,3.1871217692202216,-2.7045446811422885e-07,1.3522885900973064e-05,0.0001591606985444323,True
695,653,26.12,02/28/2026 10:12:48.760,3.157747006,0.0,3.1870722774887517,-2.699987960187459e-07,1.3500102022420759e-05,0.0001586244954404714,True
696,654,26.16,02/28/2026 10:12:48.800,3.157747006,0.0,3.187022930720423,-2.695444586039609e-07,1.3477384878705198e-05,0.0001580907649370772,True
697,655,26.2,02/28/2026 10:12:48.840,3.157747006,0.0,3.186973728257173,-2.690914498110542e-07,1.345473416688181e-05,0.00015755949199011736,True
698,656,26.240000000000002,02/28/2026 10:12:48.880,3.157747006,0.0,3.186924669444944,-2.6863976361810264e-07,1.3432149585850926e-05,0.0001570306616698204,True
699,657,26.28,02/28/2026 10:12:48.920,3.157747006,0.0,3.186875753633657,-2.6818939403980964e-07,1.3409630836343815e-05,0.00015650425915974316,True
700,658,26.32,02/28/2026 10:12:48.960,3.157747006,0.0,3.18682698017718,-2.677403351272058e-07,1.338717762090877e-05,0.00015598026975571926,True
701,659,26.36,02/28/2026 10:12:49.000,3.157747006,0.0,3.186778348433297,-2.672925809674002e-07,1.3364789643897356e-05,0.00015545867886486694,True
702,660,26.400000000000002,02/28/2026 10:12:49.040,3.157747006,0.0,3.186729857763682,-2.6684612568328486e-07,1.3342466611450789e-05,0.00015493947200455273,True
703,661,26.44,02/28/2026 10:12:49.080,3.157747006,0.0,3.1866815075338635,-2.6640096343327615e-07,1.3320208231486402e-05,0.00015442263480141055,True
704,662,26.48,02/28/2026 10:12:49.120,3.157747006,0.0,3.1866332971132016,-2.659570884110361e-07,1.329801421368423e-05,0.00015390815299033992,True
705,663,26.52,02/28/2026 10:12:49.160,3.157747006,0.0,3.1865852258748566,-2.655144948452331e-07,1.3275884269473787e-05,0.00015339601241355405,True
706,664,26.560000000000002,02/28/2026 10:12:49.200,3.157747006,0.0,3.186537293195759,-2.650731769992507e-07,1.3253818112020932e-05,0.00015288619901957925,True
707,665,26.6,02/28/2026 10:12:49.240,3.157747006,0.0,3.186489498456585,-2.64633129170943e-07,1.3231815456214827e-05,0.00015237869886232247,True
708,666,26.64,02/28/2026 10:12:49.280,3.157747006,0.0,3.186441841041724,-2.641943456923715e-07,1.3209876018655035e-05,0.00015187349810011388,True
709,667,26.68,02/28/2026 10:12:49.320,3.157747006,0.0,3.1863943203392537,-2.637568209295477e-07,1.318799951763872e-05,0.0001513705829947701,True
710,668,26.72,02/28/2026 10:12:49.360,3.157747006,0.0,3.186346935740912,-2.6332054928217683e-07,1.316618567314794e-05,0.0001508699399106649,True
711,669,26.76,02/28/2026 10:12:49.400,3.157747006,0.0,3.1862996866420694,-2.628855251834107e-07,1.3144434206837076e-05,0.00015037155531381666,True
712,670,26.8,02/28/2026 10:12:49.440,3.157747006,0.0,3.1862525724417017,-2.624517430996044e-07,1.3122744842020392e-05,0.00014987541577098182,True
713,671,26.84,02/28/2026 10:12:49.480,3.157747006,0.0,3.1862055925423642,-2.6201919753005915e-07,1.3101117303659701e-05,0.00014938150794874697,True
714,672,26.88,02/28/2026 10:12:49.520,3.157747006,0.0,3.1861587463501637,-2.6158788300678103e-07,1.3079551318352114e-05,0.00014888981861264575,True
715,673,26.92,02/28/2026 10:12:49.560,3.157747006,0.0,3.1861120332747332,-2.611577940942387e-07,1.3058046614317911e-05,0.00014840033462627805,True
716,674,26.96,02/28/2026 10:12:49.600,3.157747006,0.168553386,3.190930224525612,0.0935906112300693,0.8992635786045126,5.054257296311105,True
717,675,27.0,02/28/2026 10:12:49.640,3.157747006,0.168553386,3.1964569131563922,0.1512114619364111,1.1072931718464727,0.27074847563004656,True
718,676,27.04,02/28/2026 10:12:49.680,3.157747006,0.168553386,3.2025386159170366,0.18053844781212042,0.9635152671451248,0.12957449604490642,True
719,677,27.080000000000002,02/28/2026 10:12:49.720,3.157747006,0.168553386,3.2089863351821117,0.19102349658239234,0.6939578934976204,0.45462501368977465,True
720,678,27.12,02/28/2026 10:12:49.760,3.333177395,0.168553386,3.2159222953944187,0.19089354171034612,0.425978196669419,0.4513488674867713,True
721,679,27.16,02/28/2026 10:12:49.800,3.333177395,0.168553386,3.222940614164331,0.18606839950504192,0.2158801744035539,0.2781097488770505,True
722,680,27.2,02/28/2026 10:12:49.840,3.508607784,0.337106772,3.2351194115669126,0.2737780140406857,0.9756030125547165,3.621289153547035,True
723,681,27.240000000000002,02/28/2026 10:12:49.880,3.508607784,0.337106772,3.2479787290671474,0.32630099376629934,1.1052582200530456,0.11761466829920517,True
724,682,27.28,02/28/2026 10:12:49.920,3.508607784,0.337106772,3.2613520744464557,0.35196640568479515,0.9270293970992776,0.20978374466334399,True
725,683,27.32,02/28/2026 10:12:49.960,3.508607784,0.337106772,3.2750508217530765,0.3602100410048632,0.6499083172938125,0.4899975234760657,True
726,684,27.36,02/28/2026 10:12:50.000,3.508607784,0.505660158,3.293781611095696,0.45253712936039114,1.2871965984659184,2.546947368444853,True
727,685,27.400000000000002,02/28/2026 10:12:50.040,3.859468563,0.505660158,3.3138458645249464,0.5049401961219098,1.295893939085248,0.05538461202977828,True
728,686,27.44,02/28/2026 10:12:50.080,3.333177395,0.505660158,3.3336017843834265,0.52839339630107,1.0231857333816008,0.46481117440489345,True
729,687,27.48,02/28/2026 10:12:50.120,3.859468563,0.505660158,3.3545334714325747,0.5339793294523386,0.6835248092585084,0.7679807207564553,True
730,688,27.52,02/28/2026 10:12:50.160,4.210329341,0.674213543,3.3810446335382367,0.6240164373560272,1.285782010775059,2.394105599379696,True
731,689,27.560000000000002,02/28/2026 10:12:50.200,4.034898952,0.674213543,3.408011170011434,0.6747707729436889,1.2791671793786132,0.07275372536603547,True
732,690,27.6,02/28/2026 10:12:50.240,4.385759731,0.674213543,3.4360627969334514,0.6972298819579502,1.0031685400566333,0.642287179196542,True
733,691,27.64,02/28/2026 10:12:50.280,4.56119012,0.842766929,3.4695616295993763,0.7959012674056721,1.5654908726201584,2.196449640964971,True
734,692,27.68,02/28/2026 10:12:50.320,4.034898952,0.842766929,3.5030510306155205,0.8497804307034086,1.4814159703384706,0.09632241625280921,True
735,693,27.72,02/28/2026 10:12:50.360,3.859468563,0.842766929,3.5368304931732992,0.8722442115599051,1.1278420616724953,0.8004708399678111,True
736,694,27.76,02/28/2026 10:12:50.400,3.684038174,0.842766929,3.570648345271284,0.8759420310901745,0.7298858061710568,0.9921514971734199,True
737,695,27.8,02/28/2026 10:12:50.440,4.385759731,0.842766929,3.605718577311259,0.8705159876457311,0.39709454572041825,0.8042543386393157,True
738,696,27.84,02/28/2026 10:12:50.480,4.385759731,1.011320315,3.6456544910831616,0.955772989064955,1.0635231232586957,2.8771198319475024,True
739,697,27.88,02/28/2026 10:12:50.520,4.385759731,1.011320315,3.686232182364395,1.0055451565628848,1.1328797596306595,0.12034635241475879,True
740,698,27.92,02/28/2026 10:12:50.560,4.736620509,0.842766929,3.7229655511014785,0.9353279061019202,0.022630036530576714,7.8929174285133294,True
741,699,27.96,02/28/2026 10:12:50.600,4.736620509,1.179873701,3.76039677137478,0.9362331075631433,0.022630036530576714,10.7327313881865,False
742,700,28.0,02/28/2026 10:12:50.640,4.736620509,1.179873701,3.8102550771559778,1.1120332213960307,1.462381814199691,6.747050219044815,True
743,701,28.04,02/28/2026 10:12:50.680,4.736620509,1.348427087,3.8638979042171657,1.2762673002645428,2.3773878881150172,5.276385234268778,True
744,702,28.080000000000002,02/28/2026 10:12:50.720,4.736620509,1.348427087,3.917424250988219,1.3585264154168681,2.257863102148594,0.21631550920567041,True
745,703,28.12,02/28/2026 10:12:50.760,4.210329341,1.348427087,3.971054902228954,1.3930882525083244,1.7219642803917736,1.8042715581934072,True
746,704,28.16,02/28/2026 10:12:50.800,4.736620509,1.348427087,4.026172197584865,1.3988133341135427,1.111008274818241,2.3810204355190394,True
747,705,28.2,02/28/2026 10:12:50.840,5.262911677,1.516980473,4.086882694040696,1.4843197601653346,1.5069686660661872,1.218703074699103,True
748,706,28.240000000000002,02/28/2026 10:12:50.880,5.262911677,1.516980473,4.148475237464839,1.5292454128416797,1.359066459430765,0.3644006708964918,True
749,707,28.28,02/28/2026 10:12:50.920,5.262911677,1.516980473,4.210548903825581,1.5465862203126306,1.0031719525035958,0.9929201557610134,True
750,708,28.32,02/28/2026 10:12:50.960,5.262911677,1.685533858,4.277567150556127,1.6416191519445682,1.530416664033696,1.9154481454915704,True
751,709,28.36,02/28/2026 10:12:51.000,5.438342066,1.685533858,4.34569141694802,1.693242124032597,1.4380620333657765,0.2734407559049138,True
752,710,28.400000000000002,02/28/2026 10:12:51.040,4.912050898,1.685533858,4.413481710021967,1.7145507415172598,1.0900379478826672,0.8027896596438161,True
753,711,28.44,02/28/2026 10:12:51.080,5.613772455,1.854087244,4.4874884149543925,1.8114361021651302,1.6018090571831256,1.8712264533227743,True
754,712,28.48,02/28/2026 10:12:51.120,5.613772455,1.854087244,4.562265675573775,1.8636281051096393,1.4874732329167566,0.28555195177647275,True
755,713,28.52,02/28/2026 10:12:51.160,5.262911677,1.854087244,4.636986554820627,1.8848001898602456,1.1191048050192245,0.9201929844898237,True
756,714,28.560000000000002,02/28/2026 10:12:51.200,5.613772455,2.02264063,4.7173810622434065,1.9812580105295072,1.6156359565906293,1.6893352189623965,True
757,715,28.6,02/28/2026 10:12:51.240,5.613772455,2.02264063,4.798532859852828,2.0329884875133306,1.4915934678499285,0.2186807138793573,True
758,716,28.64,02/28/2026 10:12:51.280,5.613772455,2.02264063,4.880172171695505,2.053787342082924,1.118038519124414,0.9712342407480281,True
759,717,28.68,02/28/2026 10:12:51.320,5.613772455,2.02264063,4.962046383843098,2.0563909549249746,0.7132417127612296,1.1023045860334766,True
760,718,28.72,02/28/2026 10:12:51.360,5.964633234,2.02264063,5.04451391910581,2.050351286774148,0.3809266595618815,0.8461656328041642,True
761,719,28.76,02/28/2026 10:12:51.400,5.613772455,2.02264063,5.126354206251721,2.041747691206521,0.151772315084418,0.3719468899168733,True
762,720,28.8,02/28/2026 10:12:51.440,5.613772455,2.191194016,5.2129168376801,2.1274345469959255,0.9166761160126621,3.6865577328171866,True
763,721,28.84,02/28/2026 10:12:51.480,5.613772455,2.191194016,5.300020791992942,2.1791491037565116,1.06120187493555,0.1487309128471016,True
764,722,28.88,02/28/2026 10:12:51.520,6.315494012,2.191194016,5.38860315772598,2.204727855809355,0.8989528049936321,0.3228871518455133,True
765,723,28.92,02/28/2026 10:12:51.560,6.490924401,2.191194016,5.477660111083959,2.2132185555098123,0.63485882706024,0.6251026080354974,True
766,724,28.96,02/28/2026 10:12:51.600,6.490924401,2.359747402,5.571629768992274,2.3058862694571065,1.2810797100499995,2.7662307380320765,True
767,725,29.0,02/28/2026 10:12:51.640,6.490924401,2.359747402,5.666248374466328,2.3585940720717247,1.2950067406965338,0.12664754850552706,True
768,726,29.04,02/28/2026 10:12:51.680,6.315494012,2.359747402,5.761025449423732,2.3822795058479307,1.024773030335497,0.5130232116703997,True
769,727,29.080000000000002,02/28/2026 10:12:51.720,6.315494012,2.359747402,5.856013174107507,2.3880047532283912,0.6858486347885135,0.7567785722680586,True
770,728,29.12,02/28/2026 10:12:51.760,6.315494012,2.359747402,5.9510370903852445,2.38452040496823,0.3887119528903278,0.5762455632058554,True
771,729,29.16,02/28/2026 10:12:51.800,6.140063623,2.528300788,6.050574467226135,2.4712721090702248,1.0728385147872372,2.9266964937916438,True
772,730,29.2,02/28/2026 10:12:51.840,6.140063623,2.528300788,6.15067525555289,2.522023078779166,1.1481447990240536,0.03546426405030698,True
773,731,29.240000000000002,02/28/2026 10:12:51.880,6.140063623,2.528300788,6.2511568544440035,2.5459324017233764,0.9366234318840545,0.2819234629229951,True
774,732,29.28,02/28/2026 10:12:51.920,6.490924401,2.528300788,6.352364576988214,2.5528062774380156,0.6426707328000415,0.5435673164987592,True
775,733,29.32,02/28/2026 10:12:51.960,6.66635479,2.528300788,6.453867059110426,2.5506350473571042,0.37477234943501386,0.45685222612230725,True
776,734,29.36,02/28/2026 10:12:52.000,7.192645958,2.528300788,6.556093787193614,2.5449092516798415,0.17560780690033376,0.322568111782515,True
777,735,29.400000000000002,02/28/2026 10:12:52.040,6.66635479,2.528300788,6.657361295626754,2.5388113507662324,0.04952398844990738,0.09937129549629908,True
778,736,29.44,02/28/2026 10:12:52.080,6.66635479,2.528300788,6.758450698140766,2.5338550432181486,-0.017115150741718793,0.029322798823647668,True
779,737,29.48,02/28/2026 10:12:52.120,7.192645958,2.696854174,6.865026094885835,2.624061812972547,0.8561391709466871,4.786050968193865,True
780,738,29.52,02/28/2026 10:12:52.160,7.192645958,2.696854174,6.9721260505833795,2.6797138037118557,1.0617797393675126,0.2732961836836378,True
781,739,29.560000000000002,02/28/2026 10:12:52.200,7.894367515,2.696854174,7.080678524891292,2.708130633726596,0.9265976575945384,0.23625270810652116,True
782,740,29.6,02/28/2026 10:12:52.240,7.894367515,2.696854174,7.189426596336188,2.7183624545459937,0.6686624607225609,0.5073539882268226,True
783,741,29.64,02/28/2026 10:12:52.280,7.894367515,2.696854174,7.298212599490633,2.7183229428076534,0.4111891548022877,0.4797795609479188,True
784,742,29.68,02/28/2026 10:12:52.320,7.894367515,2.865407559,7.411788075921704,2.8073144468934763,1.1081283592433953,3.078929841278422,True
785,743,29.72,02/28/2026 10:12:52.360,7.894367515,2.865407559,7.525927346607692,2.8592892904869887,1.1815641229336398,0.05875661679395669,True
786,744,29.76,02/28/2026 10:12:52.400,8.069797904,2.865407559,7.640708797753586,2.883711787754824,0.9620341011679041,0.3351073841433767,True
787,745,29.8,02/28/2026 10:12:52.440,8.245228293,3.033960945,7.760795542237152,2.9842597726551547,1.5583037155788169,2.265563808609016,True
788,746,29.84,02/28/2026 10:12:52.480,8.596089072,2.865407559,7.87726823938176,2.9459970760580108,0.5916309426353183,5.93522256303886,True
789,747,29.88,02/28/2026 10:12:52.520,8.771519461,3.033960945,7.998614628616316,3.005375051374566,0.9346335203902472,0.845648595350565,True
790,748,29.92,02/28/2026 10:12:52.560,8.771519461,3.033960945,8.12031145861751,3.0378830783331714,0.8876559484855012,0.09198270602260655,True
791,749,29.96,02/28/2026 10:12:52.600,8.771519461,3.033960945,8.242199751732942,3.0515033669078497,0.6772757080886938,0.3282276999082145,True
792,750,30.0,02/28/2026 10:12:52.640,9.12238024,3.202514331,8.369524452082768,3.147412185763719,1.3383652805515114,2.836326884009611,True
793,751,30.04,02/28/2026 10:12:52.680,9.297810629,3.202514331,8.497747652946533,3.2018278330627767,1.346689439365496,0.11848521094432432,True
794,752,30.080000000000002,02/28/2026 10:12:52.720,9.297810629,3.202514331,8.62637576617472,3.2261750250320294,1.0629301382459655,0.5862718967477468,True
795,753,30.12,02/28/2026 10:12:52.760,9.473241018,3.202514331,8.755444022516631,3.231955848976093,0.7098291664912824,0.8741177213501398,True
796,754,30.16,02/28/2026 10:12:52.800,9.648671407,3.202514331,8.884770665850079,3.228245900304029,0.4012379004083186,0.7026530935615121,True
797,755,30.2,02/28/2026 10:12:52.840,9.648671407,3.202514331,9.013970229650536,3.221104501583491,0.17830056621688037,0.3848386078857707,True
798,756,30.240000000000002,02/28/2026 10:12:52.880,9.824101796,3.202514331,9.14323854800616,3.213963082675394,0.04103689612077588,0.20319388678922146,True
799,757,30.28,02/28/2026 10:12:52.920,9.999532186,3.202514331,9.272544897297768,3.2083457548308174,-0.02883612611084399,0.1279508036432928,True
800,758,30.32,02/28/2026 10:12:52.960,9.824101796,3.202514331,9.401355606013835,3.2046004416574823,-0.05381414703316761,0.036851327895565375,True
801,759,30.36,02/28/2026 10:12:53.000,10.17496257,3.033960945,9.525600620952085,3.1089024807164676,-0.952741404421064,5.127849397664536,True
802,760,30.400000000000002,02/28/2026 10:12:53.040,11.05211452,3.033960945,9.650231875262936,3.0503602149631495,-1.1493114115612304,0.6037647063015057,True
803,761,30.44,02/28/2026 10:12:53.080,10.87668413,3.033960945,9.773833769772086,3.020823239896318,-0.9915887992342928,0.3798872135143418,True
804,762,30.48,02/28/2026 10:12:53.120,10.35039296,3.033960945,9.896079671734658,3.0104841547901278,-0.7099104935804552,0.5340332903202445,True
805,763,30.52,02/28/2026 10:12:53.160,10.87668413,3.033960945,10.018713294534837,3.010902266425833,-0.4332029987923208,0.6144404514047593,True
806,764,30.560000000000002,02/28/2026 10:12:53.200,11.05211452,3.033960945,10.141330548796565,3.0160114369934883,-0.21777929742140428,0.4431444161479408,True
807,765,30.6,02/28/2026 10:12:53.240,11.4029753,3.033960945,10.264266413005423,3.022119025540866,-0.07559696081879974,0.36557306138006995,True
808,766,30.64,02/28/2026 10:12:53.280,10.87668413,2.865407559,10.381386130321431,2.933765183310462,-0.8955606747088839,4.24712333310539,True
809,767,30.68,02/28/2026 10:12:53.320,11.4029753,2.865407559,10.49842663824883,2.879889303530057,-1.0691833043120997,0.3392011279527143,True
810,768,30.72,02/28/2026 10:12:53.360,11.05211452,2.865407559,10.614235898422375,2.852833651270776,-0.9182979163780872,0.17768964642573692,True
811,769,30.76,02/28/2026 10:12:53.400,11.4029753,2.865407559,10.730039953833467,2.8434882372579606,-0.655278724636752,0.5159880624519579,True
812,770,30.8,02/28/2026 10:12:53.440,11.4029753,2.696854174,10.840608960251483,2.7504185565606676,-1.297775107594184,2.6381137170310867,True
813,771,30.84,02/28/2026 10:12:53.480,11.75383608,2.696854174,10.950730786307423,2.6976001852880285,-1.30663501706353,0.11943030393941408,True
814,772,30.88,02/28/2026 10:12:53.520,11.75383608,2.696854174,11.060106673266095,2.6739506678538167,-1.0318072296942744,0.560931904644228,True
815,773,30.92,02/28/2026 10:12:53.560,12.10469686,2.696854174,11.169478752820865,2.6683250703555057,-0.6894678813802371,0.8939660982623511,True
816,774,30.96,02/28/2026 10:12:53.600,11.92926647,2.696854174,11.278244837793334,2.671909440908766,-0.39015826174538665,0.6381926182153226,True
817,775,31.0,02/28/2026 10:12:53.640,12.10469686,2.696854174,11.387041527256791,2.6788290405447386,-0.1738488254783678,0.38750908604267364,True
818,776,31.04,02/28/2026 10:12:53.680,11.92926647,2.696854174,11.49541800061868,2.6857507462682846,-0.04060378080280477,0.1457103534684138,True
819,777,31.080000000000002,02/28/2026 10:12:53.720,12.28012725,2.696854174,11.604180103487813,2.6912027047359515,0.02726641780491977,0.11307717799752066,True
820,778,31.12,02/28/2026 10:12:53.760,12.10469686,2.696854174,11.712559480007563,2.694831016308104,0.05157981472944036,0.032058028522969934,True
821,779,31.16,02/28/2026 10:12:53.800,12.28012725,2.696854174,11.82106835663889,2.6968780882328898,0.05134395238051498,0.038862660830851985,True
822,780,31.2,02/28/2026 10:12:53.840,12.80641841,2.696854174,11.930212627613885,2.6977898586452382,0.040216837842730974,0.14234865751372963,True
823,781,31.240000000000002,02/28/2026 10:12:53.880,12.63098802,2.696854174,12.038952368802967,2.697993630838264,0.026613691322535896,0.06578952340662625,True
824,782,31.28,02/28/2026 10:12:53.920,13.15727919,2.696854174,12.148310138204293,2.6978478104112265,0.014806138753521863,0.1885996419240894,True
825,783,31.32,02/28/2026 10:12:53.960,13.15727919,2.696854174,12.257508999109442,2.69757145332658,0.00630163346855353,0.14974516613350689,True
826,784,31.36,02/28/2026 10:12:54.000,12.9818488,2.696854174,12.366290339012828,2.697293472211957,0.0011002097145466107,0.07004316181951337,True
827,785,31.400000000000002,02/28/2026 10:12:54.040,13.15727919,2.696854174,12.4751669554359,2.6970781972806566,-0.00151137862249955,0.08584416989062776,True
828,786,31.44,02/28/2026 10:12:54.080,13.33270958,2.696854174,12.58413829864061,2.6969368811882872,-0.002420353139419173,0.10334145415035995,True
829,787,31.48,02/28/2026 10:12:54.120,13.33270958,2.696854174,12.692948461230268,2.696856413925244,-0.0023761330202356767,0.07547854598736481,True
830,788,31.52,02/28/2026 10:12:54.160,13.68357036,2.696854174,12.802109431132886,2.6968246300653784,-0.0019237762653012112,0.14328403729565237,True
831,789,31.560000000000002,02/28/2026 10:12:54.200,13.68357036,2.696854174,12.911109797360957,2.696817091191486,-0.0013930956521976939,0.11003909879164672,True
832,790,31.6,02/28/2026 10:12:54.240,14.91158308,2.696854174,13.021735835308895,2.696838048942359,-0.0009896630089796135,0.6586280808706795,True
833,791,31.64,02/28/2026 10:12:54.280,14.20986153,2.696854174,13.131179343388162,2.6968437517451243,-0.0007447770742652225,0.21457215420352432,True
834,792,31.68,02/28/2026 10:12:54.320,14.56072231,2.696854174,13.240971693889266,2.696853852523877,-0.0005942741020463058,0.3211949945067871,True
835,793,31.720000000000002,02/28/2026 10:12:54.360,14.20986153,2.696854174,13.350094414046833,2.696854900749604,-0.0005074581210097027,0.1363157467375229,True
836,794,31.76,02/28/2026 10:12:54.400,14.56072231,2.696854174,13.459566093690169,2.6968601237154317,-0.0004564753397458286,0.2236049665003905,True
837,795,31.8,02/28/2026 10:12:54.440,14.91158308,2.696854174,13.56938563200069,2.6968665612650935,-0.00045593487361880107,0.3322122969897698,True
838,796,31.84,02/28/2026 10:12:54.480,14.20986153,2.696854174,13.678030116815398,2.696858649719107,-0.00045053154931065686,0.052159123319969136,True
839,797,31.88,02/28/2026 10:12:54.520,14.38529192,2.696854174,13.786770257686639,2.696856114757588,-0.0004073089317954402,0.06606046612198453,True
840,798,31.92,02/28/2026 10:12:54.560,14.38529192,2.696854174,13.895352627093326,2.6968543112771615,-0.0003545170404201808,0.04426556245259719,True
841,799,31.96,02/28/2026 10:12:54.600,15.26244386,2.696854174,14.005042358689744,2.6968646615625453,-0.00034061296051925426,0.2915603757884585,True
842,800,32.0,02/28/2026 10:12:54.640,15.26244386,2.696854174,14.114572515706474,2.69686805448755,-0.00037958132103835983,0.24297766145415262,True
843,801,32.04,02/28/2026 10:12:54.680,15.26244386,2.696854174,14.223943567922198,2.6968674147342035,-0.0004230282554650084,0.19888067307961946,True
844,802,32.08,02/28/2026 10:12:54.720,14.91158308,2.696854174,14.332651563468328,2.6968602414663607,-0.00043148820568312255,0.061806358514894966,True
845,803,32.12,02/28/2026 10:12:54.760,15.26244386,2.865407559,14.446571998019856,2.7904509900157413,0.8988389292038381,5.177491176141001,True
846,804,32.160000000000004,02/28/2026 10:12:54.800,14.91158308,2.696854174,14.555675606277564,2.7544751559120644,0.20765658727556924,3.0090413158197857,True
847,805,32.2,02/28/2026 10:12:54.840,14.56072231,2.696854174,14.66396670837763,2.7261732895880715,-0.14406729365109938,0.7751733109942964,True
848,806,32.24,02/28/2026 10:12:54.880,14.56072231,2.696854174,14.77191448180731,2.7073278497410787,-0.26973307981910843,0.10694034760347451,True
849,807,32.28,02/28/2026 10:12:54.920,14.73615269,2.696854174,14.879795073959407,2.6967118813660544,-0.2680420956866573,0.003822605440405305,True
850,808,32.32,02/28/2026 10:12:54.960,14.56072231,2.865407559,14.992018078221848,2.7856077246268742,0.6891896112247353,5.7608808742666415,True
851,809,32.36,02/28/2026 10:12:55.000,14.38529192,3.033960945,15.109340329909864,2.93575908434426,1.8671396866512797,8.768447212331134,True
852,810,32.4,02/28/2026 10:12:55.040,14.56072231,3.202514331,15.232856031336722,3.1170843075029824,2.891884441740759,6.6460267829278825,True
853,811,32.44,02/28/2026 10:12:55.080,16.13959581,2.696854174,15.359852911190233,3.2327596851726126,2.891884441740759,51.20708781564996,False
854,812,32.480000000000004,02/28/2026 10:12:55.120,16.3150262,2.696854174,15.49147680615053,3.348435062842243,2.891884441740759,47.60985350723299,False
855,813,32.52,02/28/2026 10:12:55.160,16.3150262,2.696854174,15.627727716217612,3.464110440511873,2.891884441740759,41.082543479823364,False
856,814,32.56,02/28/2026 10:12:55.200,16.3150262,2.696854174,15.76860564139148,3.579785818181503,2.891884441740759,34.875860265501935,False
857,815,32.6,02/28/2026 10:12:55.240,16.49045659,2.696854174,15.914110581672132,3.6954611958511334,2.891884441740759,29.801877156534676,False
858,816,32.64,02/28/2026 10:12:55.280,16.84131737,2.696854174,16.06424253705957,3.8111365735207636,2.891884441740759,25.830589981892363,False
859,817,32.68,02/28/2026 10:12:55.320,16.49045659,2.696854174,16.21900150755379,3.926811951190394,2.891884441740759,22.515476974018586,False
860,818,32.72,02/28/2026 10:12:55.360,16.84131737,2.696854174,16.3783874931548,4.042487328860024,2.891884441740759,20.00141022059921,False
861,819,32.76,02/28/2026 10:12:55.400,16.84131737,2.696854174,16.542400493862594,4.158162706529654,2.891884441740759,17.897291432043442,False
862,820,32.8,02/28/2026 10:12:55.440,17.19217814,2.528300788,16.711040509677172,4.2738380841992845,2.891884441740759,19.883930322308288,False
863,821,32.84,02/28/2026 10:12:55.480,17.54303892,2.696854174,16.884307540598535,4.389513461868915,2.891884441740759,14.887963478821511,False
864,822,32.88,02/28/2026 10:12:55.520,17.01674775,2.528300788,17.062201586626685,4.505188839538545,2.891884441740759,16.16420920743408,False
865,823,32.92,02/28/2026 10:12:55.560,17.54303892,2.528300788,17.24472264776162,4.620864217208175,2.891884441740759,14.86518941121794,False
866,824,32.96,02/28/2026 10:12:55.600,17.8938997,2.528300788,17.43187072400334,4.736539594877805,2.891884441740759,13.761750582575825,False
867,825,33.0,02/28/2026 10:12:55.640,17.8938997,2.528300788,17.623645815351843,4.8522149725474355,2.891884441740759,12.707587511138762,False
868,826,33.04,02/28/2026 10:12:55.680,17.19217814,2.359747402,17.82004792180713,4.967890350217066,2.891884441740759,13.367426724788494,False
869,827,33.08,02/28/2026 10:12:55.720,17.8938997,2.359747402,18.021077043369207,5.083565727886696,2.891884441740759,12.49434507027911,False
870,828,33.12,02/28/2026 10:12:55.760,17.8938997,2.359747402,18.226733180038067,5.199241105556326,2.891884441740759,11.636098751906605,False
871,829,33.160000000000004,02/28/2026 10:12:55.800,18.42019087,2.359747402,18.437016331813712,5.314916483225956,2.891884441740759,11.008544341743962,False
872,830,33.2,02/28/2026 10:12:55.840,18.42019087,2.191194016,18.65192649869614,5.4305918608955865,2.891884441740759,11.486027990305992,False
873,831,33.24,02/28/2026 10:12:55.880,18.06933009,2.191194016,18.87146368068536,5.546267238565217,2.891884441740759,10.695450270226939,False
874,832,33.28,02/28/2026 10:12:55.920,18.42019087,2.191194016,19.09562787778136,5.661942616234847,2.891884441740759,10.121307950188154,False
875,833,33.32,02/28/2026 10:12:55.960,20.17449476,2.191194016,19.324419089984147,5.777617993904477,2.891884441740759,10.396798809146114,False
876,834,33.36,02/28/2026 10:12:56.000,19.12191243,2.191194016,18.116152786551304,2.1974634162130613,-2.4331519779820874,9.203242378894032,True
877,835,33.4,02/28/2026 10:12:56.040,18.42019087,2.02264063,18.23135474678309,2.049927272456046,-2.969037959919558,0.8534334267488816,True
878,836,33.44,02/28/2026 10:12:56.080,18.77105165,2.02264063,18.264287663147037,1.9899358863951666,-2.252083308530417,1.2395976589326763,True
879,837,33.480000000000004,02/28/2026 10:12:56.120,18.59562126,2.02264063,18.290522910436078,1.9772224074571736,-1.404756353298847,2.244970613671026,True
880,838,33.52,02/28/2026 10:12:56.160,18.77105165,2.02264063,18.340811546040655,1.9821334291640733,-0.7936292821314163,1.6782432815266581,True
881,839,33.56,02/28/2026 10:12:56.200,18.94648204,2.02264063,18.409306467152476,1.9920996850634367,-0.39268955137236283,0.9347934390864313,True
882,840,33.6,02/28/2026 10:12:56.240,18.94648204,2.02264063,18.486752968059154,2.002455233154879,-0.144084164051848,0.4121737849656869,True
883,841,33.64,02/28/2026 10:12:56.280,19.12191243,2.02264063,18.568201201939324,2.011161414087496,-0.005569926741010922,0.17575534835453796,True
884,842,33.68,02/28/2026 10:12:56.320,18.77105165,1.854087244,18.6454863756738,1.9237653027731667,-0.8418186163280534,4.374469990663488,True
885,843,33.72,02/28/2026 10:12:56.360,18.77105165,1.854087244,18.720492755740967,1.8700966876626177,-1.033943715990631,0.23102889346009076,True
886,844,33.76,02/28/2026 10:12:56.400,19.12191243,1.854087244,18.79666104339103,1.842823242279669,-0.8985887692429917,0.13382074650749498,True
887,845,33.8,02/28/2026 10:12:56.440,19.82363398,1.854087244,18.87477974139841,1.8331159789785814,-0.6465687837629124,0.5626841717269795,True
888,846,33.84,02/28/2026 10:12:56.480,21.05164671,1.854087244,18.956189334251768,1.8333001487885845,-0.3966393008316133,1.2012952815716562,True
889,847,33.88,02/28/2026 10:12:56.520,20.17449476,1.854087244,19.0341742428849,1.8378065230817815,-0.20111640144952955,0.4791825057775053,True
890,848,33.92,02/28/2026 10:12:56.560,19.99906437,1.854087244,19.11115397774779,1.8432824871428761,-0.07138249540730798,0.2509002794231493,True
891,849,33.96,02/28/2026 10:12:56.600,19.82363398,1.685533858,19.182146692067107,1.7544295557319125,-0.8977929797831775,4.34405256153029,True
892,850,34.0,02/28/2026 10:12:56.640,19.82363398,1.685533858,19.252455384900824,1.7002107893120548,-1.0738009839277909,0.2538063610153336,True
893,851,34.04,02/28/2026 10:12:56.680,19.82363398,1.685533858,19.321995642851483,1.6729653674548155,-0.9229798324208869,0.1887088168519082,True
894,852,34.08,02/28/2026 10:12:56.720,19.82363398,1.685533858,19.39093974721201,1.6635303451103327,-0.658981604604296,0.4702573150844363,True
895,853,34.12,02/28/2026 10:12:56.760,19.99906437,1.685533858,19.46001845259458,1.664032033449602,-0.40098911693239514,0.46976574660636256,True
896,854,34.160000000000004,02/28/2026 10:12:56.800,19.82363398,1.685533858,19.528254021932355,1.6688415750712444,-0.2007165130309115,0.2668354160384772,True
897,855,34.2,02/28/2026 10:12:56.840,19.99906437,1.685533858,19.59681195214966,1.6745447696925635,-0.06884712784460717,0.13860533026074753,True
898,856,34.24,02/28/2026 10:12:56.880,20.17449476,1.685533858,19.66571894036535,1.6794285470317893,0.004448851512075774,0.08141337224692499,True
899,857,34.28,02/28/2026 10:12:56.920,19.99906437,1.685533858,19.73389434350772,1.6829012483276402,0.03605937701799344,0.019238339931793545,True
900,858,34.32,02/28/2026 10:12:56.960,20.34992515,1.685533858,19.80296763413422,1.6850117937871438,0.04238352351106817,0.05551115224009163,True
901,859,34.36,02/28/2026 10:12:57.000,20.52535554,1.685533858,19.872384604031794,1.6860643604314722,0.03609300202583913,0.07900036518624699,True
902,860,34.4,02/28/2026 10:12:57.040,21.05164671,1.685533858,19.943212317782116,1.6864266445333598,0.025507596358370244,0.22763242005318512,True
903,861,34.44,02/28/2026 10:12:57.080,21.05164671,1.685533858,20.01382133973982,1.6863985146414187,0.015251563895038879,0.1995965562203524,True
904,862,34.480000000000004,02/28/2026 10:12:57.120,21.57793787,1.685533858,20.08581583869958,1.6862096027605915,0.007312483033112108,0.41162222493578915,True
905,863,34.52,02/28/2026 10:12:57.160,21.75336826,1.685533858,20.158113157011993,1.6859857224119135,0.0020704756412578892,0.4702105423382681,True
906,864,34.56,02/28/2026 10:12:57.200,21.05164671,1.685533858,20.228046580903943,1.6857826209343136,-0.0008215489911291111,0.12533817740529904,True
907,865,34.6,02/28/2026 10:12:57.240,20.70078593,1.685533858,20.296697965616197,1.6856352583694278,-0.0019927563973977398,0.030167675261495133,True
908,866,34.64,02/28/2026 10:12:57.280,20.70078593,1.685533858,20.3651374863683,1.6855479734093584,-0.0021245519384848087,0.020808366173574153,True
909,867,34.68,02/28/2026 10:12:57.320,20.70078593,1.516980473,20.428507200104434,1.5919150296929399,-0.9010098136143048,5.063513574831006,True
910,868,34.72,02/28/2026 10:12:57.360,21.2270771,1.516980473,20.492549962787542,1.5342880466720683,-1.1085495110379289,0.3687628628568087,True
911,869,34.76,02/28/2026 10:12:57.400,21.40250749,1.516980473,20.556357399822257,1.5049684537562134,-0.9643585898667741,0.262253316811051,True
912,870,34.800000000000004,02/28/2026 10:12:57.440,21.57793787,1.516980473,20.620115982134383,1.4944954413618305,-0.6945208171639,0.6246748055095225,True
913,871,34.84,02/28/2026 10:12:57.480,21.57793787,1.516980473,20.683465204638953,1.4946371365462674,-0.4263899053129653,0.597251221384492,True
914,872,34.88,02/28/2026 10:12:57.520,21.40250749,1.516980473,20.746004286400353,1.49946692851801,-0.2162238379611141,0.35574484703537457,True
915,873,34.92,02/28/2026 10:12:57.560,21.40250749,1.516980473,20.8083314370415,1.5053528719523208,-0.0766725789900348,0.18696932027487811,True
916,874,34.96,02/28/2026 10:12:57.600,21.57793787,1.516980473,20.87100321358362,1.5104546498960167,0.0016903055135688572,0.13071181543512148,True
917,875,35.0,02/28/2026 10:12:57.640,21.75336826,1.516980473,20.934029935370322,1.5141191563183332,0.03610629865918146,0.13140259575201782,True
918,876,35.04,02/28/2026 10:12:57.680,21.75336826,1.516980473,20.996893244479264,1.5163603191642945,0.043630247874475975,0.10604401709318717,True
919,877,35.08,02/28/2026 10:12:57.720,22.10422904,1.516980473,21.060616379416118,1.5174947251240265,0.037577950937572116,0.20136902941743048,True
920,878,35.12,02/28/2026 10:12:57.760,21.92879865,1.516980473,21.123647253754502,1.517888398092772,0.02677648580903539,0.12044760380102686,True
921,879,35.160000000000004,02/28/2026 10:12:57.800,21.75336826,1.348427087,21.18112467541363,1.4242772888230337,-0.883059336749944,5.233922204927691,True
922,880,35.2,02/28/2026 10:12:57.840,21.57793787,1.516980473,21.242070867473164,1.4600468457049554,-0.20004541592283565,2.9366457864819604,True
923,881,35.24,02/28/2026 10:12:57.880,21.75336826,1.516980473,21.303498446784303,1.4881070668138074,0.14637054867543287,0.7874941603444321,True
924,882,35.28,02/28/2026 10:12:57.920,21.75336826,1.348427087,21.3600711700217,1.4131574851525508,-0.6300920047745965,3.796471658051349,True
925,883,35.32,02/28/2026 10:12:57.960,21.75336826,1.348427087,21.415926032334724,1.3660106960009315,-0.8409874389437046,0.29896633765772745,True
926,884,35.36,02/28/2026 10:12:58.000,21.92879865,1.348427087,21.471676378809658,1.3412924755410733,-0.755349471973617,0.08444961952192699,True
927,885,35.4,02/28/2026 10:12:58.040,22.10422904,1.348427087,21.527462997274874,1.3318243501603502,-0.5561184050255218,0.30958310497900315,True
928,886,35.44,02/28/2026 10:12:58.080,22.27965943,1.348427087,21.583412076138163,1.3311593276323062,-0.34889636878012265,0.35798862961231015,True
929,887,35.480000000000004,02/28/2026 10:12:58.120,22.45508982,1.348427087,21.639615811097332,1.334551550704476,-0.18235415215566003,0.29623809220080566,True
930,888,35.52,02/28/2026 10:12:58.160,22.45508982,1.348427087,21.695631773473387,1.3390221825922022,-0.06944794452956021,0.18623740181499798,True
931,889,35.56,02/28/2026 10:12:58.200,22.63052021,1.348427087,21.751990333778252,1.3430205938068729,-0.004493413975913685,0.16893197654884537,True
932,890,35.6,02/28/2026 10:12:58.240,22.63052021,1.348427087,21.808203956687358,1.3459536145427156,0.025270284764365575,0.13042283162290175,True
933,891,35.64,02/28/2026 10:12:58.280,22.63052021,1.348427087,21.864274656931975,1.3477867843610312,0.03303699089404609,0.10880274637852529,True
934,892,35.68,02/28/2026 10:12:58.320,22.63052021,1.179873701,21.915338546601788,1.255148618541662,-0.8698817682177106,5.189454682590648,True
935,893,35.72,02/28/2026 10:12:58.360,22.63052021,1.179873701,21.965551509752352,1.1978854760629187,-1.085876898916932,0.37315491912642135,True
936,894,35.76,02/28/2026 10:12:58.400,22.45508982,1.179873701,22.014571484666085,1.168572804474698,-0.950262004602213,0.1508165257035592,True
937,895,35.800000000000004,02/28/2026 10:12:58.440,22.45508982,1.179873701,22.063079154331913,1.1579481734995398,-0.6871993502475607,0.46095105050068025,True
938,896,35.84,02/28/2026 10:12:58.480,22.63052021,1.179873701,22.111726956560023,1.157904442391571,-0.42359793230229903,0.48406757913461185,True
939,897,35.88,02/28/2026 10:12:58.520,22.63052021,1.179873701,22.16014152767784,1.1625737136526495,-0.21601455121062274,0.3102327299465127,True
940,898,35.92,02/28/2026 10:12:58.560,22.98138099,1.179873701,22.209369626917123,1.1683471676338215,-0.0776558835633156,0.22976309476228635,True
941,899,35.96,02/28/2026 10:12:58.600,22.98138099,1.011320315,22.253609706869216,1.0797846743017459,-0.8988737262503943,4.312435940404177,True
942,900,36.0,02/28/2026 10:12:58.640,22.8059506,1.011320315,22.29655192120364,1.0257853350086998,-1.0723393428485646,0.23592636244886078,True
943,901,36.04,02/28/2026 10:12:58.680,22.98138099,1.011320315,22.339320464946635,0.9986855451253329,-0.9207007841091559,0.21989330219513775,True
944,902,36.08,02/28/2026 10:12:58.720,22.98138099,1.011320315,22.38161372056497,0.9893302087558593,-0.656840241625062,0.5016571948133195,True
945,903,36.12,02/28/2026 10:12:58.760,23.50767216,1.011320315,22.425031777152224,0.9898699186142915,-0.39940012296675326,0.6308168461218981,True
946,904,36.160000000000004,02/28/2026 10:12:58.800,23.33224177,1.011320315,22.467758702201223,0.9946868025870282,-0.1997677672577817,0.38717782214843854,True
947,905,36.2,02/28/2026 10:12:58.840,23.33224177,1.011320315,22.510345507905075,1.0003798775809947,-0.06843435720676105,0.23259846862054864,True
948,906,36.24,02/28/2026 10:12:58.880,23.33224177,1.011320315,22.552827162123506,1.0052476200678533,0.004500816392066884,0.1454504918388184,True
949,907,36.28,02/28/2026 10:12:58.920,23.68310254,1.011320315,22.596168154698823,1.0087140821764715,0.035886622781317525,0.22431977316909552,True
950,908,36.32,02/28/2026 10:12:58.960,23.68310254,1.011320315,22.63941177832187,1.0108135222041816,0.04208269164841739,0.20137281668537677,True
951,909,36.36,02/28/2026 10:12:59.000,23.68310254,1.011320315,22.68255276054387,1.0118568786149011,0.03575782459014029,0.1850903018211664,True
952,910,36.4,02/28/2026 10:12:59.040,23.50767216,1.011320315,22.725112249695737,1.0122054820558766,0.025226756536325654,0.11376160701082846,True
953,911,36.44,02/28/2026 10:12:59.080,23.68310254,1.011320315,22.76803125324247,1.0121749405452025,0.015076862344427764,0.15524642646379808,True
954,912,36.480000000000004,02/28/2026 10:12:59.120,23.50767216,1.011320315,22.81036231197145,1.011977895857809,0.007266394784986991,0.09015627255078351,True
955,913,36.52,02/28/2026 10:12:59.160,23.50767216,1.011320315,22.852576277499193,1.0117507550535594,0.002175994010011873,0.0793966847658001,True
956,914,36.56,02/28/2026 10:12:59.200,23.68310254,1.011320315,22.895140715016584,1.0115609490204776,-0.0006226552374360389,0.11468452055829036,True
957,915,36.6,02/28/2026 10:12:59.240,23.68310254,1.011320315,22.937585744631367,1.0114261827225313,-0.0018093890210031881,0.10262688348761165,True
958,916,36.64,02/28/2026 10:12:59.280,23.68310254,1.011320315,22.979912283898777,1.0113445717191132,-0.0020218453031494786,0.09129670859891002,True
959,917,36.68,02/28/2026 10:12:59.320,23.68310254,1.011320315,23.02212144725812,1.0113039345822816,-0.001751533639942372,0.08066532425061536,True
960,918,36.72,02/28/2026 10:12:59.360,23.68310254,1.011320315,23.06421437980649,1.0112901099670049,-0.0013200840788231286,0.0707189044295757,True
961,919,36.76,02/28/2026 10:12:59.400,23.68310254,1.011320315,23.106192174983505,1.011291078069588,-0.0009049371045297304,0.06145053164884058,True
962,920,36.800000000000004,02/28/2026 10:12:59.440,23.68310254,1.011320315,23.14805584716442,1.011298336591898,-0.0005815396628492779,0.05285513969558236,True
963,921,36.84,02/28/2026 10:12:59.480,23.85853293,1.011320315,23.190266627161375,1.011309091351883,-0.00037228280831449144,0.08245100538869188,True
964,922,36.88,02/28/2026 10:12:59.520,23.33224177,1.011320315,23.230985198669845,1.0113100486200939,-0.00023782130377106433,0.0018930692921793758,True
965,923,36.92,02/28/2026 10:12:59.560,23.50767216,1.011320315,23.272054920368216,1.011314655059009,-0.00014361717461497912,0.010249593947715593,True
966,924,36.96,02/28/2026 10:12:59.600,23.33224177,1.011320315,23.31255913817864,1.0113155049310345,-8.371796463473134e-05,7.154738248149348e-05,True
967,925,37.0,02/28/2026 10:12:59.640,23.68310254,1.011320315,23.35386997880794,1.0113210693829646,-5.600952586417313e-05,0.02001198316520482,True
968,926,37.04,02/28/2026 10:12:59.680,23.68310254,1.011320315,23.395071750894314,1.0113234885324838,-6.192210911234972e-05,0.015316499967995658,True
969,927,37.08,02/28/2026 10:12:59.720,23.50767216,1.011320315,23.435711299400218,1.0113215828059203,-6.909686377772386e-05,0.0009560306778904835,True
970,928,37.12,02/28/2026 10:12:59.760,23.68310254,1.011320315,23.476698364351986,1.0113223973877128,-7.103439040100472e-05,0.007865267235182695,True
971,929,37.160000000000004,02/28/2026 10:12:59.800,23.85853293,1.011320315,23.518030486385594,1.011324510367962,-8.334954501926852e-05,0.021404958754034597,True
972,930,37.2,02/28/2026 10:12:59.840,24.3848241,1.011320315,23.56060683106581,1.011331670420697,-0.0001275587496671064,0.1254165310909745,True
973,931,37.24,02/28/2026 10:12:59.880,24.20939371,1.011320315,23.602619494757487,1.0113311736107917,-0.0001900838644153555,0.06797091156826493,True
974,932,37.28,02/28/2026 10:12:59.920,23.68310254,1.011320315,23.64317489354177,1.0113222942747075,-0.00020937020334875196,0.00029431776953459934,True
975,933,37.32,02/28/2026 10:12:59.960,23.68310254,1.011320315,23.683626462165826,1.0113174636752067,-0.0001752241652273372,5.795186812142892e-08,True
976,934,37.36,02/28/2026 10:13:00.000,23.85853293,1.011320315,23.72442168758064,1.0113177150656067,-0.00012906541512552842,0.0033204265613497883,True
977,935,37.4,02/28/2026 10:13:00.040,23.85853293,1.011320315,23.765112478320756,1.0113181063236056,-9.214247952468483e-05,0.0016111855658697484,True
978,936,37.44,02/28/2026 10:13:00.080,24.20939371,1.011320315,23.80658901420037,1.0113230557832413,-8.006077349311415e-05,0.029953350042921413,True
979,937,37.480000000000004,02/28/2026 10:13:00.120,24.56025449,1.011320315,23.848845847071864,1.0113295801403195,-0.00011180150034373515,0.09343122963831837,True
980,938,37.52,02/28/2026 10:13:00.160,24.20939371,1.011320315,23.89010662444498,1.0113266970988122,-0.0001527247777028378,0.018819762125470884,True
981,939,37.56,02/28/2026 10:13:00.200,24.20939371,1.011320315,23.931261687391082,1.0113241390135699,-0.0001675553832386237,0.01428074522244716,True
982,940,37.6,02/28/2026 10:13:00.240,24.03396332,1.011320315,23.9718710008703,1.0113198615327714,-0.0001551856259811129,0.0007117428425340549,True
983,941,37.64,02/28/2026 10:13:00.280,24.3848241,1.011320315,24.013257690604007,1.0113222989867718,-0.000137516962629674,0.025486902073326698,True
984,942,37.68,02/28/2026 10:13:00.320,24.56025449,1.011320315,24.054977632385278,1.011325477302605,-0.0001430539772490344,0.04713032652106886,True
985,943,37.72,02/28/2026 10:13:00.360,24.56025449,1.011320315,24.09659069285613,1.0113262383563877,-0.00016236589278587098,0.03968675501751261,True
986,944,37.76,02/28/2026 10:13:00.400,24.73568488,1.011320315,24.13853447721762,1.011328010252119,-0.00018803794069282873,0.0658270340031663,True
987,945,37.800000000000004,02/28/2026 10:13:00.440,25.08654566,1.011320315,24.181242662323047,1.0113324437259559,-0.0002325073235861715,0.1512942314965626,True
988,946,37.84,02/28/2026 10:13:00.480,25.43740644,1.011320315,24.22471005155881,1.0113377163928912,-0.000305927271835796,0.2714790121751801,True
989,947,37.88,02/28/2026 10:13:00.520,25.9636976,1.011320315,24.269365514548767,1.011345166768464,-0.00041497949571622143,0.5299401352508447,True
990,948,37.92,02/28/2026 10:13:00.560,26.13912799,1.011320315,24.314334817762425,1.011348276914646,-0.0005467875013394478,0.6146879525919189,True
991,949,37.96,02/28/2026 10:13:00.600,26.66541916,1.011320315,24.360480097897494,1.0113537069633705,-0.0006901620344487759,0.9807175991241386,True
992,950,38.0,02/28/2026 10:13:00.640,25.26197605,1.011320315,24.403050019616845,1.0113343220265423,-0.0007623496287803271,0.13618657603743367,True
993,951,38.04,02/28/2026 10:13:00.680,25.26197605,1.011320315,24.44551077905516,1.0113238513253315,-0.0007136704488636961,0.12305408938348211,True
994,952,38.08,02/28/2026 10:13:00.720,25.08654566,1.011320315,24.48743380522107,1.0113171671593029,-0.0006090616411363199,0.06625744870948871,True
995,953,38.12,02/28/2026 10:13:00.760,25.08654566,1.011320315,24.529251184380758,1.011315498710334,-0.0004891053244476221,0.05733058405634891,True
996,954,38.160000000000004,02/28/2026 10:13:00.800,25.61283683,1.011320315,24.57224626475765,1.0113233242249533,-0.0004091027764034925,0.19988195849721854,True
997,955,38.2,02/28/2026 10:13:00.840,24.91111527,0.842766929,24.60856284707205,0.9177274663731854,-0.8996027183956544,5.070166117092736,True
998,956,38.24,02/28/2026 10:13:00.880,25.26197605,1.011320315,24.64978835157652,0.95370039571277,-0.20832527818644953,3.0560875545212594,True
999,957,38.28,02/28/2026 10:13:00.920,25.61283683,1.011320315,24.691912281477087,0.9820006614831884,0.1434963278529352,0.9303609151643351,True
1000,958,38.32,02/28/2026 10:13:00.960,26.13912799,0.842766929,24.73052700859367,0.9072612465684663,-0.6300210163172971,4.1051541244155905,True
1001,959,38.36,02/28/2026 10:13:01.000,26.66541916,0.842766929,24.76975930633361,0.860267548334908,-0.8397471436054795,0.9379876599939944,True
1002,960,38.4,02/28/2026 10:13:01.040,25.43740644,0.842766929,24.805487671654564,0.8356197990352844,-0.7539396038757283,0.11976033911928215,True
1003,961,38.44,02/28/2026 10:13:01.080,25.43740644,0.842766929,24.840823984527983,0.8261839683553841,-0.554943686454718,0.3132635494680958,True
1004,962,38.480000000000004,02/28/2026 10:13:01.120,25.43740644,0.842766929,24.875897485462733,0.8255270677472032,-0.3480714965935052,0.3257437107602589,True
1005,963,38.52,02/28/2026 10:13:01.160,25.43740644,0.842766929,24.910803438597224,0.8289146273521807,-0.1818404014282555,0.2239446186898949,True
1006,964,38.56,02/28/2026 10:13:01.200,25.26197605,0.674213543,24.940320909974165,0.7397847313629613,-0.9683971659587624,3.8856425392664464,True
1007,965,38.6,02/28/2026 10:13:01.240,25.26197605,0.674213543,24.96906078663202,0.6861521768849062,-1.111580466169116,0.14394589763566382,True
1008,966,38.64,02/28/2026 10:13:01.280,25.43740644,0.674213543,24.997605693868373,0.6597544104707,-0.938079507478162,0.22388961711007488,True
1009,967,38.68,02/28/2026 10:13:01.320,25.43740644,0.674213543,25.025727114417364,0.6511004042466219,-0.6607681395219278,0.5119863340485888,True
1010,968,38.72,02/28/2026 10:13:01.360,25.61283683,0.674213543,25.05400077519255,0.6521868389483484,-0.39647324042545673,0.49430632510823136,True
1011,969,38.76,02/28/2026 10:13:01.400,25.26197605,0.674213543,25.081294290705227,0.6573666877522594,-0.1943580401269197,0.26136368957526024,True
1012,970,38.800000000000004,02/28/2026 10:13:01.440,25.26197605,0.674213543,25.10850797089064,0.6632655613076927,-0.06300882289431345,0.1121882487951306,True
1013,971,38.84,02/28/2026 10:13:01.480,25.78826722,0.674213543,25.136913269734702,0.6682323050706496,0.008814815905639553,0.11057846213043551,True
1014,972,38.88,02/28/2026 10:13:01.520,25.61283683,0.674213543,25.164866353686257,0.6717162219063348,0.03882266779770376,0.042676238513274733,True
1015,973,38.92,02/28/2026 10:13:01.560,26.31455838,0.674213543,25.194423457269465,0.6738084347169777,0.04380727812082168,0.23174510802715662,True
1016,974,38.96,02/28/2026 10:13:01.600,26.13912799,0.505660158,25.218654960111465,0.5812340059232763,-0.8626747156711313,5.291567237864865,True
1017,975,39.0,02/28/2026 10:13:01.640,26.31455838,0.674213543,25.24739608465276,0.6175293786265516,-0.18257188677117386,3.101509611014195,True
1018,976,39.04,02/28/2026 10:13:01.680,26.48998877,0.505660158,25.27177066961213,0.5521812207440228,-0.7405031718793678,2.21905209003543,True
1019,977,39.08,02/28/2026 10:13:01.720,26.84084955,0.505660158,25.296374030211965,0.5131972410086426,-0.8307458566336469,0.4910918285512978,True
1020,978,39.12,02/28/2026 10:13:01.760,26.48998877,0.505660158,25.319700466064525,0.4942491394696218,-0.6937286538371369,0.37021533437632426,True
1021,979,39.160000000000004,02/28/2026 10:13:01.800,26.13912799,0.505660158,25.341897157405416,0.4882546747826754,-0.48484339576182783,0.3901150687180645,True
1022,980,39.2,02/28/2026 10:13:01.840,25.78826722,0.505660158,25.363087872016237,0.4892997294512508,-0.28853611465318646,0.274269582012197,True
1023,981,39.24,02/28/2026 10:13:01.880,25.78826722,0.505660158,25.38416949357797,0.4932564553059487,-0.1396961090228506,0.16863366234653926,True
1024,982,39.28,02/28/2026 10:13:01.920,25.78826722,0.337106772,25.40032901387738,0.4040728228727812,-0.9429782799579165,4.0604783228437675,True
1025,983,39.32,02/28/2026 10:13:01.960,25.9636976,0.337106772,25.41615195520631,0.350121338444294,-1.09904009653159,0.207503229689068,True
1026,984,39.36,02/28/2026 10:13:02.000,26.48998877,0.337106772,25.432601020899394,0.32335745874846145,-0.9339852902688146,0.37673125030141263,True
1027,985,39.4,02/28/2026 10:13:02.040,26.48998877,0.337106772,25.44865296879577,0.31439053422060537,-0.6613649579076812,0.6648207135827517,True
1028,986,39.44,02/28/2026 10:13:02.080,26.48998877,0.337106772,25.464467426539414,0.3152521805299907,-0.399082708956446,0.6242164720243836,True
1029,987,39.480000000000004,02/28/2026 10:13:02.120,26.31455838,0.505660158,25.484620461280443,0.4138896197435746,0.7018901416759533,7.703559907304216,True
1030,988,39.52,02/28/2026 10:13:02.160,26.31455838,0.337106772,25.500560520827644,0.383752366065935,0.14241987746036355,2.078308922063393,True
1031,989,39.56,02/28/2026 10:13:02.200,26.31455838,0.337106772,25.51632654220861,0.3603961566627871,-0.13687081990056876,0.6049839971945857,True
1032,990,39.6,02/28/2026 10:13:02.240,26.13912799,0.337106772,25.531497069865075,0.3450377058076037,-0.23194263632477147,0.12459932257133,True
1033,991,39.64,02/28/2026 10:13:02.280,26.13912799,0.337106772,25.54649459602883,0.33651569727869807,-0.22478602478809817,0.06514265565201716,True
1034,992,39.68,02/28/2026 10:13:02.320,26.13912799,0.337106772,25.561358892985233,0.3328527337893659,-0.17369012425187735,0.07794413056054972,True
1035,993,39.72,02/28/2026 10:13:02.360,26.13912799,0.337106772,25.576128510260308,0.33213244627134386,-0.11395529507687537,0.08082089020577116,True
1036,994,39.76,02/28/2026 10:13:02.400,26.13912799,0.337106772,25.590833273204545,0.3328745687335928,-0.06312461501537045,0.07164818441878287,True
1037,995,39.800000000000004,02/28/2026 10:13:02.440,26.13912799,0.337106772,25.605492808191492,0.3341086828696618,-0.027100016101289558,0.060678147610182344,True
1038,996,39.84,02/28/2026 10:13:02.480,26.31455838,0.337106772,25.620510812437544,0.3353005415051929,-0.0053550837056485015,0.09186518348873438,True
1039,997,39.88,02/28/2026 10:13:02.520,26.13912799,0.337106772,25.63510573452745,0.33621491311759283,0.0053998523362480694,0.047610221276738335,True
1040,998,39.92,02/28/2026 10:13:02.560,26.84084955,0.337106772,25.651237267086508,0.336822022786648,0.008948320996682132,0.26125798432706027,True
1041,999,39.96,02/28/2026 10:13:02.600,26.13912799,0.337106772,25.66577124675663,0.33714562054831676,0.008535060791821675,0.04135317790412646,True
1042,1000,40.0,02/28/2026 10:13:02.640,25.78826722,0.337106772,25.679495114583183,0.33727733272227006,0.006501137770465453,0.002209231117074227,True
1043,1001,40.04,02/28/2026 10:13:02.680,25.9636976,0.337106772,25.69357930979439,0.3373018753952484,0.004190785799121357,0.013498597045524103,True
1044,1002,40.08,02/28/2026 10:13:02.720,25.78826722,0.337106772,25.707243987681274,0.337269173219015,0.0022516507008420146,0.0012349403741685578,True
1045,1003,40.12,02/28/2026 10:13:02.760,26.13912799,0.337106772,25.721653620674267,0.3372246112837274,0.0008845841171888729,0.03217563848856294,True
1046,1004,40.160000000000004,02/28/2026 10:13:02.800,25.78826722,0.337106772,25.735256038578992,0.3371756218832481,6.456911756610789e-05,0.00052279454656778,True
1047,1005,40.2,02/28/2026 10:13:02.840,26.13912799,0.337106772,25.749600304386036,0.3371437259286839,-0.00033531254537265924,0.028002809575228948,True
1048,1006,40.24,02/28/2026 10:13:02.880,25.9636976,0.337106772,25.76352583643776,0.33711990628035854,-0.0004705600801912097,0.007394699048573626,True
1049,1007,40.28,02/28/2026 10:13:02.920,26.31455838,0.337106772,25.778189181645327,0.33711138180489,-0.0004660758940316814,0.053092724508785556,True
1050,1008,40.32,02/28/2026 10:13:02.960,26.48998877,0.168553386,25.788339201093574,0.24351893370899386,-0.899675346969104,5.14408274343315,True
1051,1009,40.36,02/28/2026 10:13:03.000,26.48998877,0.168553386,25.797748855707543,0.18589791722238377,-1.1076633663684,0.3587156425228041,True
1052,1010,40.4,02/28/2026 10:13:03.040,26.66541916,0.337106772,25.811817330009447,0.2501646008162218,-0.06460905642472059,6.9347676366939295,True
1053,1011,40.44,02/28/2026 10:13:03.080,26.48998877,0.168553386,25.820946707183186,0.20370870158673485,-0.48625801482248615,1.1936092164246055,True
1054,1012,40.480000000000004,02/28/2026 10:13:03.120,26.31455838,0.168553386,25.829308548470618,0.1755444860597587,-0.5700692412857523,0.08733145678513474,True
1055,1013,40.52,02/28/2026 10:13:03.160,25.78826722,0.168553386,25.836227214610336,0.16152066414235766,-0.48570998318240627,0.044900070037183284,True
1056,1014,40.56,02/28/2026 10:13:03.200,25.9636976,0.168553386,25.843325712187866,0.15678666662958826,-0.3445428825186344,0.12723509409072625,True
1057,1015,40.6,02/28/2026 10:13:03.240,26.13912799,0.168553386,25.85068487322222,0.15719481206890148,-0.2082531682807108,0.13147047349669735,True
1058,1016,40.64,02/28/2026 10:13:03.280,26.31455838,0.168553386,25.85836143311749,0.15980310366241776,-0.10323385216565074,0.10736626158217741,True
1059,1017,40.68,02/28/2026 10:13:03.320,26.48998877,0.168553386,25.866388863336155,0.16283359579879866,-0.034549695899155464,0.10127352985534716,True
1060,1018,40.72,02/28/2026 10:13:03.360,26.48998877,0.168553386,25.874405695556074,0.16540313438063434,0.0033093548078573093,0.07890192050686455,True
1061,1019,40.76,02/28/2026 10:13:03.400,26.13912799,0.168553386,25.881665224985987,0.16721464190257243,0.01939763366538445,0.013852708869566382,True
1062,1020,40.800000000000004,02/28/2026 10:13:03.440,26.31455838,0.168553386,25.889298186116303,0.16830872953268622,0.022379924313799857,0.03342928660473378,True
1063,1021,40.84,02/28/2026 10:13:03.480,26.31455838,0.0,25.892061134976263,0.07525739445238816,-0.8803614669132878,5.126098594552141,True
1064,1022,40.88,02/28/2026 10:13:03.520,26.31455838,0.0,25.89410837204794,0.017814295607757127,-1.0940150871425203,0.31786701591572564,True
1065,1023,40.92,02/28/2026 10:13:03.560,26.48998877,0.0,25.895963830043325,-0.011531456655475725,-0.9556174230048495,0.1848777815366624,True
1066,1024,40.96,02/28/2026 10:13:03.600,26.66541916,0.0,25.89781217631429,-0.022118339277212167,-0.6902000659431449,0.549144418370588,True
1067,1025,41.0,02/28/2026 10:13:03.640,26.66541916,0.0,25.89944213832221,-0.022105102543991298,-0.424941679831433,0.5481551367254709,True
1068,1026,41.04,02/28/2026 10:13:03.680,27.54257111,0.0,25.90282980118244,-0.01736874373491814,-0.21640334433013633,0.7681722156264461,True
1069,1027,41.08,02/28/2026 10:13:03.720,27.7180015,0.0,25.906553342276666,-0.01155019518475854,-0.07764524728130556,0.7260033015195827,True
1070,1028,41.12,02/28/2026 10:13:03.760,27.7180015,0.0,25.910277252026326,-0.006494051347801072,0.00045887866031621427,0.6412378484637643,True
1071,1029,41.160000000000004,02/28/2026 10:13:03.800,27.01627994,0.0,25.912535966989395,-0.002865310353392565,0.03495415003157254,0.2322654273675641,True
1072,1030,41.2,02/28/2026 10:13:03.840,26.84084955,0.0,25.9144446686511,-0.0006401670059745448,0.04273681840002608,0.15875191402754865,True
1073,1031,41.24,02/28/2026 10:13:03.880,26.13912799,0.0,25.914894206131613,0.00047854779575383203,0.037021137518680934,0.00948172084026877,True
1074,1032,41.28,02/28/2026 10:13:03.920,26.48998877,0.0,25.916091892556324,0.0008790596047933983,0.026539870179261158,0.06145910690141924,True
1075,1033,41.32,02/28/2026 10:13:03.960,26.48998877,0.0,25.917293132111713,0.0008707096737907104,0.01615863389431902,0.061191726134988675,True
1076,1034,41.36,02/28/2026 10:13:04.000,26.66541916,0.0,25.91885984955717,0.0006846322373281926,0.008028953886169995,0.10325620927260089,True
1077,1035,41.4,02/28/2026 10:13:04.040,26.48998877,0.0,25.92005558545175,0.00045490137237101376,0.002635448541159436,0.06011881400924099,True
1078,1036,41.44,02/28/2026 10:13:04.080,26.31455838,0.0,25.920880943857522,0.0002544364759800677,-0.00037291514087942935,0.028654138003226328,True
1079,1037,41.480000000000004,02/28/2026 10:13:04.120,26.31455838,0.0,25.92170202232884,0.00011175316548015494,-0.0016697405015788798,0.028489221127007067,True
1080,1038,41.52,02/28/2026 10:13:04.160,25.61283683,-0.168553386,25.916199768489786,-0.0935749774908429,-0.9011452900937439,5.073748371331961,True
1081,1039,41.56,02/28/2026 10:13:04.200,26.31455838,-0.168553386,25.911446778088905,-0.15123313349836703,-1.1088743079004952,0.2996304628624554,True
1082,1040,41.6,02/28/2026 10:13:04.240,26.31455838,-0.168553386,25.90613816588152,-0.18057137370333012,-0.9646609061415496,0.16079985865271457,True
1083,1041,41.64,02/28/2026 10:13:04.280,26.66541916,-0.168553386,25.901187316832964,-0.19104903024605885,-0.6947177928697958,0.5633284397655176,True
1084,1042,41.68,02/28/2026 10:13:04.320,26.13912799,-0.168553386,25.894947615122778,-0.19091360524374487,-0.4264571734016005,0.4608150501682076,True
1085,1043,41.72,02/28/2026 10:13:04.360,26.13912799,-0.168553386,25.888625943037248,-0.1860810420146365,-0.21616732791922055,0.2879971702181589,True
1086,1044,41.76,02/28/2026 10:13:04.400,26.48998877,-0.168553386,25.88301549641324,-0.18018608958530968,-0.07655368319281561,0.189856684514648,True
1087,1045,41.800000000000004,02/28/2026 10:13:04.440,26.48998877,-0.168553386,25.877429986486625,-0.17508062209430866,0.0018153426347455592,0.10765201538089367,True
1088,1046,41.84,02/28/2026 10:13:04.480,26.13912799,-0.168553386,25.871164349704063,-0.17142044872130127,0.036238505260551106,0.020660905269220358,True
1089,1047,41.88,02/28/2026 10:13:04.520,25.78826722,-0.168553386,25.86422200962289,-0.16918482607707727,0.043804806243240235,0.0014219755908213819,True
1090,1048,41.92,02/28/2026 10:13:04.560,25.9636976,-0.168553386,25.857673946609864,-0.16805353136928267,0.03782035482820227,0.0022976312278909328,True
1091,1049,41.96,02/28/2026 10:13:04.600,26.13912799,-0.168553386,25.851510712340282,-0.16765444322017822,0.02706866492454163,0.01598465284829467,True
1092,1050,42.0,02/28/2026 10:13:04.640,25.9636976,-0.168553386,25.845010651527396,-0.16767046952513368,0.016490409892194018,0.0032978374703612973,True
1093,1051,42.04,02/28/2026 10:13:04.680,26.13912799,-0.168553386,25.838882985002837,-0.1678633634602787,0.008246334943072298,0.01705694475323898,True
1094,1052,42.08,02/28/2026 10:13:04.720,26.48998877,-0.168553386,25.83347837088254,-0.16809106800144366,0.00277348721823298,0.07971264667749635,True
1095,1053,42.12,02/28/2026 10:13:04.760,26.66541916,-0.168553386,25.82843674051786,-0.1682872950300342,-0.00032531896458535495,0.12931898493962418,True
1096,1054,42.160000000000004,02/28/2026 10:13:04.800,26.66541916,-0.168553386,25.823401412208177,-0.1684296245828802,-0.0017161788441849605,0.13083143273552866,True
1097,1055,42.2,02/28/2026 10:13:04.840,26.48998877,-0.168553386,25.81801867547449,-0.16851993045864483,-0.0020426693408714196,0.0833168876258518,True
1098,1056,42.24,02/28/2026 10:13:04.880,26.66541916,-0.168553386,25.81299673258997,-0.16856349940440235,-0.0018264092539591035,0.13407257815371879,True
1099,1057,42.28,02/28/2026 10:13:04.920,26.48998877,-0.168553386,25.80762899378909,-0.16858129264557986,-0.001415643242938971,0.0859133196324357,True
1100,1058,42.32,02/28/2026 10:13:04.960,26.48998877,-0.168553386,25.802269425755377,-0.16858182732161128,-0.0009978673805513113,0.08726795838943648,True
1101,1059,42.36,02/28/2026 10:13:05.000,26.66541916,-0.168553386,25.79726952036992,-0.168572231512304,-0.0006751091695432054,0.139064524273653,True
1102,1060,42.4,02/28/2026 10:13:05.040,26.66541916,-0.168553386,25.792276758645446,-0.16856215568804703,-0.00047266591691058515,0.14066772671780856,True
1103,1061,42.44,02/28/2026 10:13:05.080,26.31455838,-0.337106772,25.781727174260375,-0.26214953945920333,-0.8996010515400966,5.104794536512379,True
1104,1062,42.480000000000004,02/28/2026 10:13:05.120,26.48998877,-0.337106772,25.77083083853168,-0.31976425944545794,-1.107561918525879,0.3656344709862831,True
1105,1063,42.52,02/28/2026 10:13:05.160,26.13912799,-0.337106772,25.75869218386083,-0.34909188548217424,-0.9637460074426691,0.15600622840089207,True
1106,1064,42.56,02/28/2026 10:13:05.200,26.13912799,-0.337106772,25.746200721601248,-0.35957646239196794,-0.6941556142479305,0.4827943040890651,True
1107,1065,42.6,02/28/2026 10:13:05.240,26.48998877,-0.337106772,25.73421671023128,-0.3594386383765182,-0.4261781525686628,0.5543364402644169,True
1108,1066,42.64,02/28/2026 10:13:05.280,26.48998877,-0.337106772,25.72216019082984,-0.3546099691525498,-0.21612411465117376,0.384642839745161,True
1109,1067,42.68,02/28/2026 10:13:05.320,26.31455838,-0.337106772,25.709756936747898,-0.348727858099633,-0.07665009672035744,0.18912214340124367,True
1110,1068,42.72,02/28/2026 10:13:05.360,26.31455838,-0.337106772,25.697391710301687,-0.3436304953521078,0.0016772817709959226,0.10865165998182895,True
1111,1069,42.76,02/28/2026 10:13:05.400,25.9636976,-0.337106772,25.6843860177964,-0.3399745775550476,0.03611060971011662,0.02181037920115009,True
1112,1070,42.800000000000004,02/28/2026 10:13:05.440,26.13912799,-0.337106772,25.6717783978474,-0.3377335862815298,0.04368192210057875,0.04065929911956715,True
1113,1071,42.84,02/28/2026 10:13:05.480,26.13912799,-0.337106772,25.659216182717575,-0.3366020697598331,0.03768094892825828,0.04271764307561609,True
1114,1072,42.88,02/28/2026 10:13:05.520,26.48998877,-0.337106772,25.647379886927894,-0.33620076646512165,0.026906323856684664,0.13171627033572447,True
1115,1073,42.92,02/28/2026 10:13:05.560,26.48998877,-0.337106772,25.63557242014065,-0.33621380996538197,0.016289482311116432,0.13539177854712509,True
1116,1074,42.96,02/28/2026 10:13:05.600,26.48998877,-0.505660158,25.61892530546327,-0.4299991954824584,-0.8912432033847271,5.287112393861778,True
1117,1075,43.0,02/28/2026 10:13:05.640,26.48998877,-0.505660158,25.601593041429137,-0.48785373328540343,-1.1047503346876892,0.4304116813246265,True
1118,1076,43.04,02/28/2026 10:13:05.680,26.31455838,-0.505660158,25.583385658309304,-0.5173842659821092,-0.964026402021805,0.22246960357683734,True
1119,1077,43.08,02/28/2026 10:13:05.720,26.31455838,-0.337106772,25.569698346901614,-0.4344231360764117,0.20346463094256295,8.621861077587365,True
1120,1078,43.12,02/28/2026 10:13:05.760,26.31455838,-0.505660158,25.551674289939566,-0.4703484888777393,-0.2200495695854242,1.2282097536304954,True
1121,1079,43.160000000000004,02/28/2026 10:13:05.800,26.13912799,-0.505660158,25.533095701301846,-0.4938621713304041,-0.3615108608716062,0.1927812233229324,True
1122,1080,43.2,02/28/2026 10:13:05.840,26.31455838,-0.337106772,25.519544915361895,-0.4132427370896957,0.5519054707664608,5.331610205562627,True
1123,1081,43.24,02/28/2026 10:13:05.880,25.78826722,-0.505660158,25.500703638283493,-0.45473641810195825,-0.0589442153126678,2.3472592058082435,True
1124,1082,43.28,02/28/2026 10:13:05.920,25.9636976,-0.505660158,25.48199472314218,-0.48405451183760295,-0.318072135090524,0.4624057657961614,True
1125,1083,43.32,02/28/2026 10:13:05.960,25.78826722,-0.505660158,25.46274999025908,-0.5017053055525235,-0.36547834329572243,0.03358629996327662,True
1126,1084,43.36,02/28/2026 10:13:06.000,25.61283683,-0.505660158,25.443025196705886,-0.5104007313428635,-0.3085914710339065,0.025551734241041093,True
1127,1085,43.4,02/28/2026 10:13:06.040,25.78826722,-0.505660158,25.423558475994493,-0.5132533468999508,-0.21746289496233923,0.07646309623737661,True
1128,1086,43.44,02/28/2026 10:13:06.080,25.9636976,-0.505660158,25.404400659873225,-0.512898288234073,-0.13057194270702926,0.10493000948401571,True
1129,1087,43.480000000000004,02/28/2026 10:13:06.120,26.13912799,-0.337106772,25.390450868525665,-0.41760116648914786,0.8351229861060971,5.932392297256483,True
1130,1088,43.52,02/28/2026 10:13:06.160,25.9636976,-0.337106772,25.376901035474603,-0.358041539616898,1.08632200015256,0.4579973302021843,True
1131,1089,43.56,02/28/2026 10:13:06.200,25.78826722,-0.505660158,25.35874619284305,-0.4206772844086363,0.0669143996466246,6.528722213342019,True
1132,1090,43.6,02/28/2026 10:13:06.240,25.78826722,-0.505660158,25.34029422512033,-0.46666852347807186,-0.40077977416367516,1.404009305684394,True
1133,1091,43.64,02/28/2026 10:13:06.280,26.31455838,-0.674213543,25.3176718020715,-0.5890263960013047,-1.4225746790957523,6.708136990504931,True
1134,1092,43.68,02/28/2026 10:13:06.320,26.31455838,-0.505660158,25.298962792877713,-0.568029989608665,-0.6742724818989593,3.690478273709652,True
1135,1093,43.72,02/28/2026 10:13:06.360,26.48998877,-0.674213543,25.27572165197948,-0.6389683380151427,-1.096939144049069,1.3882586952219644,True
1136,1094,43.76,02/28/2026 10:13:06.400,26.48998877,-0.674213543,25.25188636564907,-0.6780362212639871,-1.0509444284079108,0.29606400286282614,True
1137,1095,43.800000000000004,02/28/2026 10:13:06.440,26.13912799,-0.505660158,25.231843739723978,-0.6010065146258825,0.0929324379601808,8.330334084082942,True
1138,1096,43.84,02/28/2026 10:13:06.480,25.78826722,-0.505660158,25.21161884827415,-0.5464035996925213,0.5817553723481178,1.5549421964745627,True
1139,1097,43.88,02/28/2026 10:13:06.520,25.78826722,-0.505660158,25.191860884707886,-0.513423264649204,0.674948069775886,0.1199374915145678,True
1140,1098,43.92,02/28/2026 10:13:06.560,25.61283683,-0.505660158,25.172139761914917,-0.49709979849414127,0.57230696683839,0.10164818642518762,True
1141,1099,43.96,02/28/2026 10:13:06.600,25.78826722,-0.505660158,25.153001747644026,-0.4916634535111768,0.40447307194978843,0.2504399543728293,True
1142,1100,44.0,02/28/2026 10:13:06.640,25.61283683,-0.505660158,25.133688213989597,-0.4922334692812302,0.24345971319557383,0.2043421476349067,True
1143,1101,44.04,02/28/2026 10:13:06.680,25.43740644,-0.505660158,25.114131466061544,-0.49535341664036925,0.11985592340950324,0.11474300401235407,True
1144,1102,44.08,02/28/2026 10:13:06.720,25.78826722,-0.505660158,25.095277087505384,-0.4989349240515795,0.03925708627665747,0.12916499188152125,True
1145,1103,44.12,02/28/2026 10:13:06.760,26.13912799,-0.505660158,25.077101307056463,-0.5019566736924836,-0.005051734606701573,0.22032559992998646,True
1146,1104,44.160000000000004,02/28/2026 10:13:06.800,26.31455838,-0.505660158,25.0592664820047,-0.5040862310365933,-0.02379285303141769,0.29288779286368877,True
1147,1105,44.2,02/28/2026 10:13:06.840,26.66541916,-0.505660158,25.042098844833593,-0.5053618293821719,-0.027190917818271113,0.48622190197703974,True
1148,1106,44.24,02/28/2026 10:13:06.880,26.84084955,-0.505660158,25.02527247591707,-0.5059870305159351,-0.023067666030091284,0.6082356631587799,True
1149,1107,44.28,02/28/2026 10:13:06.920,26.48998877,-0.505660158,25.007811674108748,-0.5061961689202488,-0.016472699304289642,0.4055644889356786,True
1150,1108,44.32,02/28/2026 10:13:06.960,25.61283683,-0.505660158,24.988746052591523,-0.5061832800154346,-0.010127858404424619,0.07210892677847544,True
1151,1109,44.36,02/28/2026 10:13:07.000,25.26197605,-0.505660158,24.969061503026772,-0.5060690833858028,-0.005189783079444586,0.01598184963465834,True
1152,1110,44.4,02/28/2026 10:13:07.040,25.26197605,-0.505660158,24.94941210917825,-0.5059301876418978,-0.0019157158712349042,0.01809100301860666,True
1153,1111,44.44,02/28/2026 10:13:07.080,25.61283683,-0.505660158,24.930447145242734,-0.5058052486007079,-9.925732292748353e-05,0.08592715573159833,True
1154,1112,44.480000000000004,02/28/2026 10:13:07.120,25.61283683,-0.505660158,24.911516093661447,-0.5057171171670375,0.0006620818132390212,0.09074204868758949,True
1155,1113,44.52,02/28/2026 10:13:07.160,25.08654566,-0.505660158,24.891648714020448,-0.5056711178843731,0.0008152483181140279,0.007007699144227227,True
1156,1114,44.56,02/28/2026 10:13:07.200,24.56025449,-0.505660158,24.87084918393157,-0.50565466319138,0.0007147643832236753,0.017796888660388557,True
1157,1115,44.6,02/28/2026 10:13:07.240,24.91111527,-0.505660158,24.850733761909527,-0.5056441952206828,0.0005299949064877383,0.0006728126919603519,True
1158,1116,44.64,02/28/2026 10:13:07.280,25.08654566,-0.505660158,24.830977235111447,-0.5056402288499433,0.00031936790899135374,0.01204966385356534,True
1159,1117,44.68,02/28/2026 10:13:07.320,24.91111527,-0.505660158,24.810934864596412,-0.5056442799391896,0.0001400439084635626,0.0018516578387168092,True
1160,1118,44.72,02/28/2026 10:13:07.360,24.56025449,-0.505660158,24.79028685568297,-0.5056536666520011,3.657291553838595e-05,0.009761823331156896,True
1161,1119,44.76,02/28/2026 10:13:07.400,24.56025449,-0.505660158,24.769677112899906,-0.5056594077024221,4.265569941664726e-06,0.008090885555695055,True
1162,1120,44.800000000000004,02/28/2026 10:13:07.440,24.91111527,-0.505660158,24.74974571564612,-0.5056576007046564,-8.453051331151574e-06,0.004803860046788679,True
1163,1121,44.84,02/28/2026 10:13:07.480,24.91111527,-0.505660158,24.729850242850546,-0.505656758525494,-2.9060524322496126e-05,0.006061416262826409,True
1164,1122,44.88,02/28/2026 10:13:07.520,24.56025449,-0.505660158,24.709352090861376,-0.5056611474827316,-3.378330456966951e-05,0.0041009671256816895,True
1165,1123,44.92,02/28/2026 10:13:07.560,24.3848241,-0.674213543,24.683708577291704,-0.5992561131533158,-0.899257137969663,5.07040916804878,True
1166,1124,44.96,02/28/2026 10:13:07.600,24.91111527,-0.674213543,24.658351240394072,-0.6568710325204209,-1.107269941837101,0.2821877039829539,True
1167,1125,45.0,02/28/2026 10:13:07.640,24.91111527,-0.674213543,24.6324754714793,-0.6861948183677331,-0.9635114323100193,0.14351271181421654,True
1168,1126,45.04,02/28/2026 10:13:07.680,24.73568488,-0.674213543,24.60595265646691,-0.6966808566566983,-0.6939788716054578,0.4571747569384693,True
1169,1127,45.08,02/28/2026 10:13:07.720,24.56025449,-0.674213543,24.57894849046697,-0.6965515163028073,-0.426014396292123,0.4488424744970874,True
1170,1128,45.12,02/28/2026 10:13:07.760,24.73568488,-0.674213543,24.552215718978164,-0.6917243209428215,-0.2159345090323606,0.28206768522852643,True
1171,1129,45.160000000000004,02/28/2026 10:13:07.800,24.56025449,-0.674213543,24.525193249978813,-0.6858422108301693,-0.07643298955038225,0.12185895279244655,True
1172,1130,45.2,02/28/2026 10:13:07.840,24.56025449,-0.674213543,24.498234791044844,-0.6807441650353726,0.001915320406333576,0.0390778723105472,True
1173,1131,45.24,02/28/2026 10:13:07.880,24.56025449,-0.674213543,24.471353171654478,-0.6770827164791249,0.036343847353219653,0.008868102714245492,True
1174,1132,45.28,02/28/2026 10:13:07.920,24.91111527,-0.674213543,24.44517739494476,-0.6748368355685098,0.04387271874506378,0.0404052355734005,True
1175,1133,45.32,02/28/2026 10:13:07.960,25.08654566,-0.674213543,24.419383884355145,-0.6737013885050089,0.03780314606850419,0.08233762671415745,True
1176,1134,45.36,02/28/2026 10:13:08.000,25.08654566,-0.674213543,24.393649603566327,-0.6733040424649571,0.02696986901166419,0.0892951433030659,True
1177,1135,45.4,02/28/2026 10:13:08.040,25.08654566,-0.674213543,24.367967850148904,-0.673319704659507,0.016327332669058565,0.0959561891729365,True
1178,1136,45.44,02/28/2026 10:13:08.080,24.91111527,-0.674213543,24.34202072690472,-0.6735179862801272,0.008046750739815579,0.06017027226362612,True
1179,1137,45.480000000000004,02/28/2026 10:13:08.120,25.08654566,-0.674213543,24.31643181272217,-0.6737508029431538,0.0025814065739700872,0.10958945499838475,True
1180,1138,45.52,02/28/2026 10:13:08.160,25.26197605,-0.674213543,24.29119810972679,-0.6739489014911973,-0.0004852186641106956,0.17390401012698517,True
1181,1139,45.56,02/28/2026 10:13:08.200,25.08654566,-0.674213543,24.265694025754424,-0.6740935533101761,-0.0018332822015735095,0.12430629206955025,True
1182,1140,45.6,02/28/2026 10:13:08.240,24.91111527,-0.674213543,24.23992075602322,-0.6741838591080971,-0.0021146891710372923,0.08310442821277086,True
1183,1141,45.64,02/28/2026 10:13:08.280,24.91111527,-0.674213543,24.21419064337556,-0.6742286853969011,-0.001855497405737503,0.08959804181146906,True
1184,1142,45.68,02/28/2026 10:13:08.320,25.08654566,-0.674213543,24.188814296672344,-0.6742413379695947,-0.0014221834556467612,0.14866892375951607,True
1185,1143,45.72,02/28/2026 10:13:08.360,25.08654566,-0.674213543,24.163480355365497,-0.6742389194287803,-0.0010150646102635604,0.15717757703852428,True
1186,1144,45.76,02/28/2026 10:13:08.400,25.08654566,-0.674213543,24.13818880728995,-0.6742302647246958,-0.0007089547168654196,0.16590778788051322,True
1187,1145,45.800000000000004,02/28/2026 10:13:08.440,24.91111527,-0.674213543,24.112630333255034,-0.6742229647269989,-0.0005070915699397951,0.11761289178310015,True
1188,1146,45.84,02/28/2026 10:13:08.480,24.91111527,-0.674213543,24.087114965689118,-0.6742157874812603,-0.0003884887794950726,0.12524903714072153,True
1189,1147,45.88,02/28/2026 10:13:08.520,24.91111527,-0.674213543,24.061642543081714,-0.6742101465690269,-0.0003347213036936708,0.13311198018805034,True
1190,1148,45.92,02/28/2026 10:13:08.560,24.91111527,-0.674213543,24.0362128829092,-0.6742063428900648,-0.0003237544833128218,0.14120052606735906,True
1191,1149,45.96,02/28/2026 10:13:08.600,24.91111527,-0.674213543,24.010825792697183,-0.6742041182761402,-0.0003366506260634569,0.14951349814940626,True
1192,1150,46.0,02/28/2026 10:13:08.640,24.91111527,-0.674213543,23.98548107732108,-0.6742030210128428,-0.00035989078821270693,0.1580497478305363,True
1193,1151,46.04,02/28/2026 10:13:08.680,24.91111527,-0.674213543,23.960178543073642,-0.6742026097054258,-0.00038525097995046714,0.16680814687321538,True
1194,1152,46.08,02/28/2026 10:13:08.720,24.91111527,-0.674213543,23.934917999424545,-0.6742025417438862,-0.0004086171429573686,0.17578757967969932,True
1195,1153,46.12,02/28/2026 10:13:08.760,24.91111527,-0.674213543,23.90969925937602,-0.6742025915658576,-0.0004285810461555526,0.18498693952139517,True
1196,1154,46.160000000000004,02/28/2026 10:13:08.800,24.56025449,-0.674213543,23.88391104135985,-0.6742072952791389,-0.00042828487462164244,0.084381181591481,True
1197,1155,46.2,02/28/2026 10:13:08.840,24.91111527,-0.674213543,23.858776364991694,-0.6742043778205125,-0.0004211578064077968,0.20427785626003736,True
1198,1156,46.24,02/28/2026 10:13:08.880,24.91111527,-0.674213543,23.833682969402723,-0.674202619563909,-0.00043233230166199124,0.21413566294958905,True
1199,1157,46.28,02/28/2026 10:13:08.920,24.91111527,-0.674213543,23.80863067044303,-0.674201702975881,-0.00045171631645939375,0.2242090219331537,True
1200,1158,46.32,02/28/2026 10:13:08.960,24.73568488,-0.674213543,23.783315338385446,-0.6742036380547953,-0.00046458808079353293,0.16730851007425457,True
1201,1159,46.36,02/28/2026 10:13:09.000,24.91111527,-0.674213543,23.758345183055773,-0.6742020605296756,-0.00047409113952029316,0.2451271720046953,True
1202,1160,46.4,02/28/2026 10:13:09.040,24.56025449,-0.674213543,23.732809285932156,-0.6742058577432734,-0.0004742346578692865,0.12629424855024082,True
1203,1161,46.44,02/28/2026 10:13:09.080,24.20939371,-0.674213543,23.70671003468674,-0.6742118713124764,-0.0004383678620092277,0.046611582657947216,True
1204,1162,46.480000000000004,02/28/2026 10:13:09.120,23.68310254,-0.674213543,23.679747460439156,-0.6742205532715942,-0.00035389934457223676,2.121154111573683e-06,True
1205,1163,46.52,02/28/2026 10:13:09.160,24.56025449,-0.674213543,23.654341038495854,-0.6742108997369207,-0.0002848326909196722,0.15138253529948048,True
1206,1164,46.56,02/28/2026 10:13:09.200,24.56025449,-0.674213543,23.628976356411336,-0.6742050401862275,-0.00028323661635660244,0.15997790670885065,True
1207,1165,46.6,02/28/2026 10:13:09.240,24.73568488,-0.674213543,23.60395441440853,-0.674199738021105,-0.00032294809507334523,0.236257831389616,True
1208,1166,46.64,02/28/2026 10:13:09.280,24.56025449,-0.674213543,23.578672137106842,-0.6742000847044386,-0.00037520416751337076,0.17772671740567295,True
1209,1167,46.68,02/28/2026 10:13:09.320,24.56025449,-0.674213543,23.55343100491718,-0.6742008325805189,-0.00041568194853426236,0.18698421827136724,True
1210,1168,46.72,02/28/2026 10:13:09.360,24.56025449,-0.674213543,23.528230835281782,-0.6742015498975524,-0.0004447526290591369,0.19646112754779124,True
1211,1169,46.76,02/28/2026 10:13:09.400,24.56025449,-0.674213543,23.503071451670447,-0.6742020512391911,-0.00046501163640495725,0.20615636932401396,True
1212,1170,46.800000000000004,02/28/2026 10:13:09.440,24.56025449,-0.674213543,23.477952681627688,-0.6742023003126758,-0.00047948974664784765,0.21606887436340114,True
1213,1171,46.84,02/28/2026 10:13:09.480,24.20939371,-0.674213543,23.452276575915295,-0.6742069964925765,-0.0004738049435131414,0.10573546356054346,True
1214,1172,46.88,02/28/2026 10:13:09.520,24.73568488,-0.674213543,23.427537994366055,-0.6742016503752905,-0.0004709605695290048,0.31565058417868086,True
1215,1173,46.92,02/28/2026 10:13:09.560,24.20939371,-0.674213543,23.401944291160145,-0.6742058858576662,-0.0004730019309859916,0.12026057655427083,True
1216,1174,46.96,02/28/2026 10:13:09.600,23.85853293,-0.674213543,23.375796733889327,-0.6742121274229665,-0.00043628822408344387,0.042984474192402033,True
1217,1175,47.0,02/28/2026 10:13:09.640,23.68310254,-0.674213543,23.34939500360665,-0.674216233575623,-0.00036689392910694456,0.020541101443225514,True
1218,1176,47.04,02/28/2026 10:13:09.680,23.68310254,-0.674213543,23.323037187497526,-0.6742164744609325,-0.00029167855996916394,0.023914067030680077,True
1219,1177,47.08,02/28/2026 10:13:09.720,23.68310254,-0.674213543,23.296723142067588,-0.6742148933352489,-0.00023250389834056587,0.027537048946987993,True
1220,1178,47.12,02/28/2026 10:13:09.760,23.33224177,-0.674213543,23.269860193419266,-0.6742174494766364,-0.00017870327718091827,0.0007178155385146317,True
1221,1179,47.160000000000004,02/28/2026 10:13:09.800,23.33224177,-0.674213543,23.243042373297143,-0.67421727229127,-0.00012404540695511312,0.0014676324332738144,True
1222,1180,47.2,02/28/2026 10:13:09.840,23.68310254,-0.674213543,23.21686055867743,-0.6742112031714013,-0.0001002564363341035,0.0400967353227909,True
1223,1181,47.24,02/28/2026 10:13:09.880,23.33224177,-0.674213543,23.190131572192417,-0.674212394594358,-9.822670990318255e-05,0.003725081245410103,True
1224,1182,47.28,02/28/2026 10:13:09.920,23.68310254,-0.674213543,23.164036752529935,-0.6742078715480594,-0.0001085296252593742,0.04969687889216131,True
1225,1183,47.32,02/28/2026 10:13:09.960,23.50767216,-0.674213543,23.13769027938519,-0.6742080273785226,-0.00013354506257658505,0.025249006984398355,True
1226,1184,47.36,02/28/2026 10:13:10.000,23.33224177,-0.674213543,23.111093152441356,-0.674210522484714,-0.000145182881616054,0.009020922248295943,True
1227,1185,47.4,02/28/2026 10:13:10.040,23.33224177,-0.674213543,23.084540069424953,-0.6742114858045176,-0.00014231168992021273,0.011317216129886695,True
1228,1186,47.44,02/28/2026 10:13:10.080,23.50767216,-0.674213543,23.058324186469793,-0.6742091795003795,-0.00014468031976663394,0.03724313956972812,True
1229,1187,47.480000000000004,02/28/2026 10:13:10.120,23.33224177,-0.674213543,23.031858218399396,-0.6742101784612629,-0.00015163333897748833,0.016643018358642167,True
1230,1188,47.52,02/28/2026 10:13:10.160,23.50767216,-0.674213543,23.005728373472213,-0.674208063925852,-0.0001615357200314966,0.04647175480784266,True
1231,1189,47.56,02/28/2026 10:13:10.200,23.33224177,-0.674213543,22.979348810179562,-0.6742092833442734,-0.00017338725421409598,0.022970158792998338,True
1232,1190,47.6,02/28/2026 10:13:10.240,23.33224177,-0.674213543,22.953012409024065,-0.6742096860024251,-0.0001774798250781058,0.026526567019681067,True
1233,1191,47.64,02/28/2026 10:13:10.280,23.33224177,-0.674213543,22.92671899982404,-0.674209587958247,-0.00017982469248820838,0.030332398476797997,True
1234,1192,47.68,02/28/2026 10:13:10.320,22.63052021,-0.674213543,22.899303699282292,-0.6742185601977844,-0.0001495306018714557,0.013325410340602053,True
1235,1193,47.72,02/28/2026 10:13:10.360,23.33224177,-0.674213543,22.873097577500644,-0.6742123238399829,-0.0001130932023084864,0.03888417683323023,True
1236,1194,47.76,02/28/2026 10:13:10.400,22.98138099,-0.674213543,22.84635303508934,-0.6742132156323486,-0.0001020036716295587,0.003362956382190317,True
1237,1195,47.800000000000004,02/28/2026 10:13:10.440,23.33224177,-0.674213543,22.820232677223206,-0.6742083978590201,-0.00010678410490993507,0.0483535207584368,True
1238,1196,47.84,02/28/2026 10:13:10.480,23.15681138,-0.674213543,22.79386472506688,-0.6742083240675923,-0.00012902736741245185,0.024297268995855152,True
1239,1197,47.88,02/28/2026 10:13:10.520,22.8059506,-0.674213543,22.7669607180159,-0.6742129983750017,-0.0001312246863176261,0.0002803979534075598,True
1240,1198,47.92,02/28/2026 10:13:10.560,22.98138099,-0.674213543,22.74038998718506,-0.6742124279584139,-0.00011780069809130025,0.010712034223639186,True
1241,1199,47.96,02/28/2026 10:13:10.600,22.98138099,-0.674213543,22.713862511006486,-0.6742115824216475,-0.00011156996409877988,0.013200090924923072,True
1242,1200,48.0,02/28/2026 10:13:10.640,22.8059506,-0.674213543,22.687089740975104,-0.6742130739643389,-0.00010397850291261109,0.0026058315108427195,True
1243,1201,48.04,02/28/2026 10:13:10.680,23.15681138,-0.674213543,22.660936745854038,-0.6742085847371975,-0.00010831418508239797,0.04535355883709368,True
1244,1202,48.08,02/28/2026 10:13:10.720,22.27965943,-0.842766929,22.62852248121007,-0.7678088443086332,-0.8993450576135362,5.076555332423819,True
1245,1203,48.120000000000005,02/28/2026 10:13:10.760,23.15681138,-0.842766929,22.59688229216843,-0.8254216035895844,-1.1073574922964626,0.32818899074259733,True
1246,1204,48.160000000000004,02/28/2026 10:13:10.800,23.15681138,-0.842766929,22.564728866187934,-0.8547443386665584,-0.9636105229024864,0.1938555774807803,True
1247,1205,48.2,02/28/2026 10:13:10.840,22.27965943,-0.842766929,22.53081766976128,-0.8652393554095126,-0.6940589956192271,0.46570650204005104,True
1248,1206,48.24,02/28/2026 10:13:10.880,22.63052021,-0.842766929,22.49732285368509,-0.8651065800541821,-0.42605750213003585,0.4521989686630419,True
1249,1207,48.28,02/28/2026 10:13:10.920,22.63052021,-0.842766929,22.46378850182799,-0.860279442824771,-0.2159586671920723,0.2810331602668767,True
1250,1208,48.32,02/28/2026 10:13:10.960,22.98138099,-0.842766929,22.430858439461076,-0.8543899385928913,-0.07646770821871343,0.17755733022963496,True
1251,1209,48.36,02/28/2026 10:13:11.000,22.8059506,-0.674213543,22.402575967681877,-0.7557001726269978,0.9010915862179384,6.002888714528479,True
1252,1210,48.4,02/28/2026 10:13:11.040,23.15681138,-0.842766929,22.370788766701175,-0.788004328094842,0.24424627048899739,2.810177713125985,True
1253,1211,48.44,02/28/2026 10:13:11.080,23.15681138,-0.674213543,22.343792486388505,-0.7204650033518868,0.7991696650255933,2.0468141799403177,True
1254,1212,48.480000000000004,02/28/2026 10:13:11.120,23.50767216,-0.842766929,22.313092621931577,-0.774141548812105,-0.023928264207658367,4.496920157757072,True
1255,1213,48.52,02/28/2026 10:13:11.160,23.33224177,-0.842766929,22.28185470611856,-0.8126581659887101,-0.38499649537632347,1.0180807157072205,True
1256,1214,48.56,02/28/2026 10:13:11.200,22.98138099,-0.842766929,22.24979998043751,-0.8362155537121205,-0.46350551318825434,0.13720277054602667,True
1257,1215,48.6,02/28/2026 10:13:11.240,23.68310254,-0.842766929,22.218696039122435,-0.8480793601510322,-0.39961470389434994,0.42109920221207076,True
1258,1216,48.64,02/28/2026 10:13:11.280,22.8059506,-0.842766929,22.18607043706153,-0.8522303177718651,-0.28602287017953765,0.15155839130593246,True
1259,1217,48.68,02/28/2026 10:13:11.320,22.45508982,-0.842766929,22.15284452521204,-0.8520598885830913,-0.17451082535371357,0.09458774379566276,True
1260,1218,48.72,02/28/2026 10:13:11.360,22.63052021,-0.842766929,22.11991608321645,-0.8499975638466696,-0.08771528195706849,0.09519739839400544,True
1261,1219,48.76,02/28/2026 10:13:11.400,22.27965943,-0.842766929,22.086467543610556,-0.8475405312795298,-0.030429619501690333,0.027400834917791647,True
1262,1220,48.800000000000004,02/28/2026 10:13:11.440,22.27965943,-0.842766929,22.053079181672476,-0.845428256786416,0.0015208888190222855,0.015853426898203606,True
1263,1221,48.84,02/28/2026 10:13:11.480,22.27965943,-0.842766929,22.019755975478336,-0.8439200132569742,0.015382197304987282,0.013661801999677915,True
1264,1222,48.88,02/28/2026 10:13:11.520,21.57793787,-0.842766929,21.985373241229176,-0.8430115309378869,0.018271143328053636,0.030668809346860747,True
1265,1223,48.92,02/28/2026 10:13:11.560,21.92879865,-0.842766929,21.95161676711831,-0.8425509805606036,0.01567808659903667,0.00013809097024769499,True
1266,1224,48.96,02/28/2026 10:13:11.600,21.92879865,-0.842766929,21.917920313954355,-0.8423918363460815,0.011179680803072146,0.00014826918144610643,True
1267,1225,49.0,02/28/2026 10:13:11.640,22.45508982,-0.842766929,21.88512127897737,-0.8423936427826125,0.006765106907360366,0.06003722497257102,True
1268,1226,49.04,02/28/2026 10:13:11.680,22.63052021,-0.842766929,21.85265484189433,-0.8424702129258005,0.0032921833776307255,0.11167163628355978,True
1269,1227,49.08,02/28/2026 10:13:11.720,21.92879865,-0.842766929,21.81912127512845,-0.8425749411950846,0.0010012898964742636,0.002251256204197646,True
1270,1228,49.120000000000005,02/28/2026 10:13:11.760,22.27965943,-0.842766929,21.786198806755376,-0.8426571646039865,-0.00026058123249484517,0.04492034973178012,True
1271,1229,49.160000000000004,02/28/2026 10:13:11.800,21.75336826,-0.842766929,21.75249083664708,-0.8427227363316473,-0.0007906193802554977,1.8975878821907433e-06,True
1272,1230,49.2,02/28/2026 10:13:11.840,21.75336826,-0.842766929,21.718835842121948,-0.8427608799833309,-0.0008593441375415582,0.00021996491100765642,True
1273,1231,49.24,02/28/2026 10:13:11.880,21.92879865,-0.842766929,21.685511958555526,-0.8427762884008215,-0.0007200202970418853,0.010916553745239739,True
1274,1232,49.28,02/28/2026 10:13:11.920,21.57793787,-0.842766929,21.651684431572264,-0.8427848818231339,-0.0005128570565914783,0.0010033168395619184,True
1275,1233,49.32,02/28/2026 10:13:11.960,21.75336826,-0.842766929,21.618187968057136,-0.842782237836036,-0.00031418311431424166,0.003370561920264478,True
1276,1234,49.36,02/28/2026 10:13:12.000,21.75336826,-0.842766929,21.58474416511763,-0.8427770825372308,-0.0001736341326354665,0.005244348858374738,True
1277,1235,49.4,02/28/2026 10:13:12.040,21.40250749,-0.842766929,21.550798953645653,-0.8427765070818033,-7.522177873481152e-05,0.004055813435308618,True
1278,1236,49.44,02/28/2026 10:13:12.080,21.40250749,-0.842766929,21.51690750522815,-0.8427740493969326,-2.523838053058254e-06,0.002413773799060616,True
1279,1237,49.480000000000004,02/28/2026 10:13:12.120,21.92879865,-0.842766929,21.483898677026723,-0.8427642197473804,1.4437303211168248e-05,0.03650593206829087,True
1280,1238,49.52,02/28/2026 10:13:12.160,21.75336826,-0.842766929,21.450665075670607,-0.8427614387803946,-1.777091060102476e-05,0.016899421658154796,True
1281,1239,49.56,02/28/2026 10:13:12.200,21.40250749,-0.842766929,21.416931758689778,-0.8427649953794146,-4.257022505434591e-05,3.837696737266704e-05,True
1282,1240,49.6,02/28/2026 10:13:12.240,21.57793787,-0.842766929,21.383526826909826,-0.8427642390662161,-5.3225689647840516e-05,0.006970728452506646,True
1283,1241,49.64,02/28/2026 10:13:12.280,21.75336826,-0.842766929,21.350449085264035,-0.8427613173717081,-7.574994683954469e-05,0.029941353194916993,True
1284,1242,49.68,02/28/2026 10:13:12.320,21.2270771,-0.842766929,21.31659803667307,-0.8427669722166317,-8.518357286147432e-05,0.0014780338708620792,True
1285,1243,49.72,02/28/2026 10:13:12.360,21.75336826,-0.842766929,21.28362362185551,-0.842762212104436,-8.954630530671391e-05,0.040696563854686535,True
1286,1244,49.76,02/28/2026 10:13:12.400,21.2270771,-0.842766929,21.24987733317875,-0.8427667276326585,-9.449657852569185e-05,9.587666674514244e-05,True
1287,1245,49.800000000000004,02/28/2026 10:13:12.440,21.40250749,-0.842766929,21.216457650665912,-0.8427660444980125,-8.4424331771577e-05,0.0063839771383963784,True
1288,1246,49.84,02/28/2026 10:13:12.480,21.05164671,-0.842766929,21.182542531990965,-0.8427697794986951,-6.478101127087474e-05,0.003159974303308059,True
1289,1247,49.88,02/28/2026 10:13:12.520,21.05164671,-0.842766929,21.148680428259784,-0.8427706405097197,-3.1044570552224325e-05,0.0017365118717898558,True
1290,1248,49.92,02/28/2026 10:13:12.560,21.2270771,-0.842766929,21.115144198953054,-0.8427676422962378,-1.004479602340319e-05,0.0023107166674081955,True
1291,1249,49.96,02/28/2026 10:13:12.600,21.40250749,-0.842766929,21.081932678890997,-0.8427631586353255,-1.9637551826581332e-05,0.01895345633990264,True
1292,1250,50.0,02/28/2026 10:13:12.640,21.40250749,-0.842766929,21.048772249460036,-0.8427608939180864,-5.2711886558726325e-05,0.02307733101515159,True
1293,1251,50.04,02/28/2026 10:13:12.680,21.40250749,-0.842766929,21.015662705629065,-0.8427600344597073,-9.241600771677092e-05,0.02759953085707724,True
1294,1252,50.08,02/28/2026 10:13:12.720,21.92879865,-0.842766929,20.983419407295965,-0.8427529254438408,-0.00015531227844601896,0.1648312562471925,True
1295,1253,50.120000000000005,02/28/2026 10:13:12.760,21.40250749,-0.842766929,20.95040986113672,-0.8427574473860857,-0.000218797950475523,0.037695655343603106,True
1296,1254,50.160000000000004,02/28/2026 10:13:12.800,20.70078593,-0.842766929,20.916365496953492,-0.8427694734539034,-0.00021223864534041238,0.008571191307315285,True
1297,1255,50.2,02/28/2026 10:13:12.840,20.87621632,-0.842766929,20.882644921828522,-0.8427719218152709,-0.0001530593858274064,7.643472388728504e-06,True
1298,1256,50.24,02/28/2026 10:13:12.880,20.87621632,-0.842766929,20.84897634040579,-0.8427715098558982,-9.507941629926516e-05,0.00013686987081648313,True
1299,1257,50.28,02/28/2026 10:13:12.920,21.40250749,-0.842766929,20.816170802325793,-0.8427628546334788,-7.877926249637362e-05,0.06340420566640297,True
1300,1258,50.32,02/28/2026 10:13:12.960,21.40250749,-0.842766929,20.78341490366153,-0.8427582794180739,-0.00011372281184737639,0.07068615142003373,True
1301,1259,50.36,02/28/2026 10:13:13.000,20.70078593,-0.842766929,20.749629121713074,-0.8427657552818485,-0.00013323200800414848,0.0004399805138374462,True
1302,1260,50.4,02/28/2026 10:13:13.040,20.70078593,-0.842766929,20.715895254337887,-0.8427689782226281,-0.00011032900782277438,4.210595141498345e-05,True
1303,1261,50.44,02/28/2026 10:13:13.080,20.70078593,-0.842766929,20.682213143909394,-0.8427695559110888,-7.67520888615819e-05,6.362471243466026e-05,True
1304,1262,50.480000000000004,02/28/2026 10:13:13.120,21.05164671,-0.842766929,20.64912057587991,-0.8427641057998179,-6.587654663200944e-05,0.029881923417187962,True
1305,1263,50.52,02/28/2026 10:13:13.160,20.87621632,-0.842766929,20.615809407544887,-0.8427633797922571,-7.950761507696233e-05,0.012506178263081159,True
1306,1264,50.56,02/28/2026 10:13:13.200,20.70078593,-0.842766929,20.58228038972508,-0.8427651878448779,-8.722225567164736e-05,0.002589978813549625,True
1307,1265,50.6,02/28/2026 10:13:13.240,21.05164671,-0.842766929,20.549338665240832,-0.8427610215020873,-0.00010225586941819597,0.04653272362052815,True
1308,1266,50.64,02/28/2026 10:13:13.280,21.57793787,-0.842766929,20.517250024650487,-0.8427520050148175,-0.00016338683263254357,0.20748785968589997,True
1309,1267,50.68,02/28/2026 10:13:13.320,21.05164671,-0.842766929,20.48440605165051,-0.8427556493817434,-0.00023564787127253116,0.05934055559668054,True
1310,1268,50.72,02/28/2026 10:13:13.360,20.87621632,-0.842766929,20.451343914108904,-0.8427604503306436,-0.0002661413660148841,0.03329148597788656,True
1311,1269,50.76,02/28/2026 10:13:13.400,20.70078593,-0.842766929,20.41806437097273,-0.8427650197347395,-0.00025762055657808767,0.014741218262087161,True
1312,1270,50.800000000000004,02/28/2026 10:13:13.440,20.34992515,-0.842766929,20.384301459637047,-0.8427711203244588,-0.00021116227201227364,0.0002179506837684456,True
1313,1271,50.84,02/28/2026 10:13:13.480,20.34992515,-0.842766929,20.35058980017337,-0.8427725583884559,-0.0001437059452892233,1.0988304042310049e-07,True
1314,1272,50.88,02/28/2026 10:13:13.520,20.34992515,-0.842766929,20.31692925280515,-0.8427715499740969,-8.460528564673803e-05,0.00020080895118398544,True
1315,1273,50.92,02/28/2026 10:13:13.560,20.34992515,-0.842766929,20.28331966459265,-0.8427696028353251,-4.512695331117976e-05,0.000818160941411422,True
1316,1274,50.96,02/28/2026 10:13:13.600,20.17449476,-0.842766929,20.24949523722456,-0.8427699190648803,-1.7594102191535346e-05,0.00103738882345907,True
1317,1275,51.0,02/28/2026 10:13:13.640,19.99906437,-0.842766929,20.215456716443843,-0.8427714515594826,1.2607594673836832e-05,0.008635654427865194,True
1318,1276,51.04,02/28/2026 10:13:13.680,20.17449476,-0.842766929,20.181735027478407,-0.8427688124334075,3.439656517259885e-05,9.670499405107784e-06,True
1319,1277,51.08,02/28/2026 10:13:13.720,20.34992515,-0.842766929,20.14832909241253,-0.8427644718841495,2.7327126218241816e-05,0.00749504190691523,True
1320,1278,51.120000000000005,02/28/2026 10:13:13.760,20.52535554,-0.842766929,20.115237819273077,-0.8427598922136362,-1.1504493045193462e-05,0.031018902249424482,True
1321,1279,51.160000000000004,02/28/2026 10:13:13.800,20.52535554,-0.842766929,20.082195829716163,-0.8427581065277957,-6.808514429394429e-05,0.036218402094278165,True
1322,1280,51.2,02/28/2026 10:13:13.840,19.99906437,-0.674213543,20.05327613387693,-0.7491740012516335,0.8991523112937988,5.054246101428132,True
1323,1281,51.24,02/28/2026 10:13:13.880,19.99906437,-0.674213543,20.025116524559817,-0.691556247745035,1.1071926788124231,0.2706268697040788,True
1324,1282,51.28,02/28/2026 10:13:13.920,20.70078593,-0.674213543,19.998617249666264,-0.6622206755235751,0.9634041574609167,0.22008473282399588,True
1325,1283,51.32,02/28/2026 10:13:13.960,20.70078593,-0.674213543,19.972532722597375,-0.6517315639881447,0.6937910456944585,0.5520083844337064,True
1326,1284,51.36,02/28/2026 10:13:14.000,19.82363398,-0.674213543,19.945383578184025,-0.6518742578233825,0.4257952217947633,0.4516394631806394,True
1327,1285,51.4,02/28/2026 10:13:14.040,19.4727732,-0.674213543,19.917843686821367,-0.6567095618036302,0.21576782055308485,0.31228469435520095,True
1328,1286,51.44,02/28/2026 10:13:14.080,19.64820359,-0.674213543,19.890629246764064,-0.6625936228401083,0.07634819724846181,0.13234525008032552,True
1329,1287,51.480000000000004,02/28/2026 10:13:14.120,19.99906437,-0.674213543,19.86396457235964,-0.6676856964816825,-0.0019449016013781545,0.04167088790615832,True
1330,1288,51.52,02/28/2026 10:13:14.160,19.82363398,-0.674213543,19.837049073950695,-0.6713451254610368,-0.036355958550952354,0.00743422443997288,True
1331,1289,51.56,02/28/2026 10:13:14.200,19.82363398,-0.674213543,19.810145448949477,-0.6735844213010804,-0.043901409813824135,0.0003893277891392386,True
1332,1290,51.6,02/28/2026 10:13:14.240,19.82363398,-0.674213543,19.783259769453966,-0.6747141987461017,-0.03789105140264711,0.0005265389510199349,True
1333,1291,51.64,02/28/2026 10:13:14.280,19.64820359,-0.674213543,19.75613829048236,-0.6751117078732022,-0.027128651640123066,0.0028716673710263044,True
1334,1292,51.68,02/28/2026 10:13:14.320,19.29734281,-0.674213543,19.728527376961576,-0.6751013390910733,-0.016526559651993032,0.03498652688372123,True
1335,1293,51.72,02/28/2026 10:13:14.360,19.12191243,-0.674213543,19.700693870212884,-0.6749100848721675,-0.008235157761346564,0.06220403339632962,True
1336,1294,51.76,02/28/2026 10:13:14.400,19.4727732,-0.674213543,19.673422343019837,-0.6746724935248685,-0.0027518811181669774,0.007611855163817562,True
1337,1295,51.800000000000004,02/28/2026 10:13:14.440,19.82363398,-0.674213543,19.646712362340455,-0.6744642571118761,0.0002753494517714135,0.00583004901323287,True
1338,1296,51.84,02/28/2026 10:13:14.480,19.29734281,-0.674213543,19.6192634655303,-0.674324431363351,0.0015697921495132472,0.019121743334326077,True
1339,1297,51.88,02/28/2026 10:13:14.520,19.4727732,-0.674213543,19.592116297914174,-0.6742365217316931,0.0018321826578537597,0.0026269971987781,True
1340,1298,51.92,02/28/2026 10:13:14.560,19.99906437,-0.674213543,19.565788224079892,-0.6741854027495081,0.0015427615878089874,0.034620356250736,True
1341,1299,51.96,02/28/2026 10:13:14.600,20.70078593,-0.674213543,19.540535270634347,-0.674158142253041,0.0010071106954788272,0.24825720166760637,True
1342,1300,52.0,02/28/2026 10:13:14.640,20.17449476,-0.505660158,19.51940732770807,-0.5805713339678371,0.8997151400324824,5.127472748454147,True
1343,1301,52.04,02/28/2026 10:13:14.680,20.34992515,-0.674213543,19.49441957815378,-0.616550136884047,0.2080794022375485,3.1243622798024315,True
1344,1302,52.08,02/28/2026 10:13:14.720,20.34992515,-0.505660158,19.474180316983546,-0.5512640735267489,0.7552417564976045,2.0128896872092037,True
1345,1303,52.120000000000005,02/28/2026 10:13:14.760,20.34992515,-0.505660158,19.454497992736133,-0.5124946798800896,0.8373282558572912,0.19001932629950835,True
1346,1304,52.160000000000004,02/28/2026 10:13:14.800,19.29734281,-0.505660158,19.433696761149044,-0.4938058205097486,0.6951083500670987,0.12985609438171183,True
1347,1305,52.2,02/28/2026 10:13:14.840,19.64820359,-0.505660158,19.413698941897444,-0.4880192358167829,0.48351372690611183,0.2899380378218167,True
1348,1306,52.24,02/28/2026 10:13:14.880,19.4727732,-0.505660158,19.393612201391978,-0.48921196140625,0.2862097895218065,0.24445143721176832,True
1349,1307,52.28,02/28/2026 10:13:14.920,19.12191243,-0.505660158,19.37309767878532,-0.4932567694027008,0.13739070088544666,0.15007752744797606,True
1350,1308,52.32,02/28/2026 10:13:14.960,19.82363398,-0.505660158,19.353648879722922,-0.49769349309738964,0.04187473347415427,0.09772752273351086,True
1351,1309,52.36,02/28/2026 10:13:15.000,20.52535554,-0.505660158,19.335238907960857,-0.5013562898377314,-0.009622264720889652,0.277734700616118,True
1352,1310,52.4,02/28/2026 10:13:15.040,20.70078593,-0.505660158,19.31708822057039,-0.5038988174725882,-0.030597565255436165,0.3558107449109867,True
1353,1311,52.44,02/28/2026 10:13:15.080,20.34992515,-0.505660158,19.298429270940783,-0.5054071446510682,-0.033515872978939515,0.20394490697747136,True
1354,1312,52.480000000000004,02/28/2026 10:13:15.120,20.87621632,-0.505660158,19.280547840719706,-0.506122632003423,-0.027790719297294403,0.4697508819523135,True
1355,1313,52.52,02/28/2026 10:13:15.160,20.34992515,-0.505660158,19.261913563251973,-0.5063457455308217,-0.019445505042027744,0.21874097959065544,True
1356,1314,52.56,02/28/2026 10:13:15.200,20.17449476,-0.505660158,19.243044128152704,-0.5062985985010934,-0.011683264598557948,0.16037587985550228,True
1357,1315,52.6,02/28/2026 10:13:15.240,19.82363398,-0.337106772,19.228553834719822,-0.41255308281063025,0.8934375734569486,5.185903976311832,True
1358,1316,52.64,02/28/2026 10:13:15.280,19.82363398,-0.337106772,19.21480007972124,-0.3547587688214644,1.1052587594517231,0.3488615808864177,True
1359,1317,52.68,02/28/2026 10:13:15.320,19.4727732,-0.337106772,19.201121019892234,-0.3252915921544555,0.9635539266883769,0.13908681018121474,True
1360,1318,52.72,02/28/2026 10:13:15.360,19.29734281,-0.337106772,19.187583861464613,-0.3147093844267413,0.6948868329699283,0.4533412851793883,True
1361,1319,52.76,02/28/2026 10:13:15.400,19.29734281,-0.337106772,19.174278963651588,-0.3147823564498756,0.4270965906983685,0.45097046280665287,True
1362,1320,52.800000000000004,02/28/2026 10:13:15.440,19.4727732,-0.337106772,19.161341507251393,-0.3195761856090933,0.21683410232239142,0.2941605718509291,True
1363,1321,52.84,02/28/2026 10:13:15.480,19.12191243,-0.337106772,19.147936751361918,-0.3254531708372808,0.07703449226263148,0.12227667904971276,True
1364,1322,52.88,02/28/2026 10:13:15.520,19.29734281,-0.337106772,19.13478944702499,-0.3305513719539329,-0.0015860916229449434,0.04349747197834196,True
1365,1323,52.92,02/28/2026 10:13:15.560,19.12191243,-0.337106772,19.121379227011,-0.3342195315912798,-0.0362213977621311,0.007497569520352688,True
1366,1324,52.96,02/28/2026 10:13:15.600,19.12191243,-0.337106772,19.10796003407165,-0.3364668790627467,-0.04389600967685994,0.00040395665380248293,True
1367,1325,53.0,02/28/2026 10:13:15.640,19.29734281,-0.337106772,19.094790690928754,-0.33760038305866635,-0.037952140434819016,0.007787317806625658,True
1368,1326,53.04,02/28/2026 10:13:15.680,19.4727732,-0.337106772,19.081877824649425,-0.33799625222849156,-0.02723849366110438,0.028897300441558738,True
1369,1327,53.08,02/28/2026 10:13:15.720,19.12191243,-0.337106772,19.0684703414797,-0.3379862103414084,-0.01668280436420054,0.0012234119598567945,True
1370,1328,53.120000000000005,02/28/2026 10:13:15.760,18.77105165,-0.337106772,19.05457440499779,-0.3377984470285219,-0.008416965894061833,0.015249217561224146,True
1371,1329,53.160000000000004,02/28/2026 10:13:15.800,19.12191243,-0.337106772,19.041201458064737,-0.33756304802676834,-0.0029345062741702524,0.00138940303371121,True
1372,1330,53.2,02/28/2026 10:13:15.840,18.94648204,-0.337106772,19.027596701595154,-0.3373629794025703,0.00012994778544631047,0.001271863486242454,True
1373,1331,53.24,02/28/2026 10:13:15.880,18.77105165,-0.337106772,19.01376136449416,-0.337221635904794,0.001480889316834655,0.010874234120947342,True
1374,1332,53.28,02/28/2026 10:13:15.920,19.12191243,-0.337106772,19.000449375799093,-0.33712989575101043,0.0017717775384645052,0.0027211480884592196,True
1375,1333,53.32,02/28/2026 10:13:15.960,19.12191243,-0.337106772,18.987157174556845,-0.3370837435514033,0.001510500285992552,0.003349032508462677,True
1376,1334,53.36,02/28/2026 10:13:16.000,19.12191243,-0.337106772,18.973884389630953,-0.33706768920657104,0.0010581095590933933,0.004041995995619491,True
1377,1335,53.4,02/28/2026 10:13:16.040,18.42019087,-0.337106772,18.959629161159953,-0.3370777456609347,0.0006499745817682737,0.053662053847981464,True
1378,1336,53.44,02/28/2026 10:13:16.080,18.94648204,-0.337106772,18.94614546130156,-0.3370822955536925,0.0003563922779143206,5.595215603402442e-07,True
1379,1337,53.480000000000004,02/28/2026 10:13:16.120,18.94648204,-0.337106772,18.93268102466325,-0.33708936260546707,0.00014908235974604993,3.539016301110309e-05,True
1380,1338,53.52,02/28/2026 10:13:16.160,18.77105165,-0.337106772,18.918986029687925,-0.3370983458956748,3.156662579023951e-05,0.0040357216410056495,True
1381,1339,53.56,02/28/2026 10:13:16.200,18.77105165,-0.337106772,18.905310643286832,-0.3371042496946262,-1.3607605764851007e-05,0.0033239991915888383,True
1382,1340,53.6,02/28/2026 10:13:16.240,18.94648204,-0.337106772,18.89190405916669,-0.3371051659962894,-2.6809475839410863e-05,0.0005492965545388501,True
1383,1341,53.64,02/28/2026 10:13:16.280,18.77105165,-0.337106772,18.878267406172547,-0.33710796147005506,-2.4452488825449545e-05,0.002119766743527557,True
1384,1342,53.68,02/28/2026 10:13:16.320,18.59562126,-0.337106772,18.864401398705457,-0.33711131284722257,1.576508810461686e-07,0.013321853603439989,True
1385,1343,53.72,02/28/2026 10:13:16.360,18.59562126,-0.337106772,18.850555335924973,-0.3371121812739814,3.672391693580137e-05,0.011984657837895372,True
1386,1344,53.76,02/28/2026 10:13:16.400,19.4727732,-0.337106772,18.837970942277558,-0.3371000766736399,2.693352919468227e-05,0.07430980409379652,True
1387,1345,53.800000000000004,02/28/2026 10:13:16.440,19.29734281,-0.337106772,18.825155549142753,-0.3370970314699515,-3.7454028451285264e-05,0.04111471358634116,True
1388,1346,53.84,02/28/2026 10:13:16.480,18.77105165,-0.337106772,18.81161399795766,-0.33710364607825527,-7.945906522023783e-05,0.000303411156444424,True
1389,1347,53.88,02/28/2026 10:13:16.520,19.12191243,-0.337106772,18.798586934591405,-0.337102492616302,-9.487355416494008e-05,0.01927735428551938,True
1390,1348,53.92,02/28/2026 10:13:16.560,20.52535554,-0.337106772,18.78755759816065,-0.3370834305315987,-0.0001818119669404488,0.5568850205762438,True
1391,1349,53.96,02/28/2026 10:13:16.600,20.17449476,-0.337106772,18.77604737212399,-0.33708101542587243,-0.0003354240295557184,0.36062742711132373,True
1392,1350,54.0,02/28/2026 10:13:16.640,19.64820359,-0.337106772,18.76381060025677,-0.3370895148904361,-0.0004441871174328581,0.14423031593583344,True
1393,1351,54.04,02/28/2026 10:13:16.680,19.12191243,-0.337106772,18.7508494559266,-0.33710206101145396,-0.00045947642841155927,0.025389876677752634,True
1394,1352,54.08,02/28/2026 10:13:16.720,18.94648204,-0.337106772,18.73765934331184,-0.3371100718017494,-0.00039669264572398793,0.008041221080345613,True
1395,1353,54.120000000000005,02/28/2026 10:13:16.760,18.77105165,-0.337106772,18.724241010425086,-0.337114673620479,-0.0002967042866083259,0.0004041323909406657,True
1396,1354,54.160000000000004,02/28/2026 10:13:16.800,18.59562126,-0.337106772,18.710595203744706,-0.33711709444940136,-0.00018564907070876217,0.0024376703555728445,True
1397,1355,54.2,02/28/2026 10:13:16.840,18.77105165,-0.337106772,18.69721454432556,-0.337113682834392,-9.454376396721517e-05,0.0010053950248362017,True
1398,1356,54.24,02/28/2026 10:13:16.880,18.77105165,-0.505660158,18.678986956789803,-0.43070123896056767,-0.8992922731174503,5.054991611008015,True
1399,1357,54.28,02/28/2026 10:13:16.920,18.77105165,-0.505660158,18.66006799813015,-0.488319497445432,-1.1072986844475037,0.2726740125057828,True
1400,1358,54.32,02/28/2026 10:13:16.960,18.24476048,-0.505660158,18.639875221035133,-0.5176517339567694,-0.9634915112399925,0.15800644946101544,True
1401,1359,54.36,02/28/2026 10:13:17.000,18.42019087,-0.505660158,18.619580130770817,-0.5281360783914776,-0.6938922915600634,0.4615718102042402,True
1402,1360,54.4,02/28/2026 10:13:17.040,18.59562126,-0.505660158,18.599346420928665,-0.5280002196080861,-0.4259010985439978,0.4488724860155949,True
1403,1361,54.44,02/28/2026 10:13:17.080,18.42019087,-0.505660158,18.57880243288975,-0.5231744017534468,-0.21581767216056177,0.28046289612020797,True
1404,1362,54.480000000000004,02/28/2026 10:13:17.120,18.42019087,-0.505660158,18.558265974299236,-0.5172905928193895,-0.07631419625946115,0.12513647005409798,True
1405,1363,54.52,02/28/2026 10:13:17.160,18.42019087,-0.505660158,18.53777381628511,-0.5121918427813625,0.0020268987368903535,0.04090216465906105,True
1406,1364,54.56,02/28/2026 10:13:17.200,18.59562126,-0.505660158,18.51758293469179,-0.5085279638989716,0.03643779674702532,0.008525303154162531,True
1407,1365,54.6,02/28/2026 10:13:17.240,18.59562126,-0.505660158,18.49744836399486,-0.5062860658610333,0.04395709970990081,0.0021310423512696124,True
1408,1366,54.64,02/28/2026 10:13:17.280,18.59562126,-0.505660158,18.477363793959785,-0.505154971211852,0.037910010827156546,0.0028068932066011424,True
1409,1367,54.68,02/28/2026 10:13:17.320,18.42019087,-0.505660158,18.457078235960118,-0.5047615679832883,0.027126418102487126,0.0009779348293438993,True
1410,1368,54.72,02/28/2026 10:13:17.360,18.77105165,-0.505660158,18.437315406864222,-0.504773509541588,0.01652724786193259,0.021238229519842836,True
1411,1369,54.76,02/28/2026 10:13:17.400,19.12191243,-0.505660158,18.418069146998565,-0.5049624502547976,0.008235725983245923,0.09177598829850828,True
1412,1370,54.800000000000004,02/28/2026 10:13:17.440,19.64820359,-0.674213543,18.394712212872097,-0.598777604337265,-0.8965553183787957,5.405587881768306,True
1413,1371,54.84,02/28/2026 10:13:17.480,19.12191243,-0.505660158,18.37480672098621,-0.5630126419924959,-0.20847134320091598,3.0623590056014343,True
1414,1372,54.88,02/28/2026 10:13:17.520,19.29734281,-0.505660158,18.35532158237864,-0.5348631939511661,0.1419532179609841,0.9313188079579621,True
1415,1373,54.92,02/28/2026 10:13:17.560,18.77105165,-0.505660158,18.33532293186166,-0.5161168290591425,0.267439953154873,0.13346097108715177,True
1416,1374,54.96,02/28/2026 10:13:17.600,18.77105165,-0.674213543,18.310648714064648,-0.599137817393636,-0.6331180735334879,5.107615254355699,True
1417,1375,55.0,02/28/2026 10:13:17.640,18.59562126,-0.674213543,18.285166947741516,-0.6520831458535115,-0.8985600571475367,0.45809404877689736,True
1418,1376,55.04,02/28/2026 10:13:17.680,18.77105165,-0.674213543,18.259469370360915,-0.6803494876202117,-0.8248963750715624,0.0821970413454559,True
1419,1377,55.08,02/28/2026 10:13:17.720,18.77105165,-0.674213543,18.233467214307957,-0.6916098694623186,-0.6161501495021784,0.3257017324577324,True
1420,1378,55.120000000000005,02/28/2026 10:13:17.760,18.77105165,-0.674213543,18.207301166213135,-0.6929039519094036,-0.39187719142688915,0.37304522876232926,True
1421,1379,55.160000000000004,02/28/2026 10:13:17.800,19.4727732,-0.674213543,18.182039990060485,-0.6894800808521853,-0.20859627186138557,0.5172947607630832,True
1422,1380,55.2,02/28/2026 10:13:17.840,19.29734281,-0.674213543,18.156543983112226,-0.684698848402108,-0.08268772097325805,0.33914455545185934,True
1423,1381,55.24,02/28/2026 10:13:17.880,20.34992515,-0.674213543,18.13253295058047,-0.6803182526152222,-0.009209254582455292,0.9404830974127225,True
1424,1382,55.28,02/28/2026 10:13:17.920,19.99906437,-0.674213543,18.10809400516211,-0.6770672170720844,0.02523349639579358,0.666808093639593,True
1425,1383,55.32,02/28/2026 10:13:17.960,19.12191243,-0.674213543,18.082509482903763,-0.6750199605402695,0.03502274506222238,0.19981766283877048,True
1426,1384,55.36,02/28/2026 10:13:18.000,18.77105165,-0.674213543,18.056498111196042,-0.6739396395466062,0.0318163678159623,0.09421233218126022,True
1427,1385,55.4,02/28/2026 10:13:18.040,18.06933009,-0.674213543,18.029575671641325,-0.6735251975397357,0.02356338448720919,0.0007169187395621364,True
1428,1386,55.44,02/28/2026 10:13:18.080,18.24476048,-0.674213543,18.002937002937735,-0.6734850068377535,0.01485071833784634,0.011256277595757183,True
1429,1387,55.480000000000004,02/28/2026 10:13:18.120,18.42019087,-0.674213543,17.97657727923696,-0.6736194419867609,0.007773151662279587,0.03659862553416793,True
1430,1388,55.52,02/28/2026 10:13:18.160,18.59562126,-0.674213543,17.950493150214832,-0.6738024561510984,0.0029134080025299937,0.0768886178767699,True
1431,1389,55.56,02/28/2026 10:13:18.200,18.42019087,-0.674213543,17.924204587825,-0.673972287504481,7.439662711319038e-05,0.0454107893098963,True
1432,1390,55.6,02/28/2026 10:13:18.240,17.8938997,-0.674213543,17.89723415188597,-0.6741049678939665,-0.0012284418267121627,1.2661503951395737e-05,True
1433,1391,55.64,02/28/2026 10:13:18.280,18.06933009,-0.674213543,17.87053793204697,-0.6741844633740679,-0.0015552005487247354,0.007287537650251219,True
1434,1392,55.68,02/28/2026 10:13:18.320,17.8938997,-0.674213543,17.843638647471156,-0.6742276076799808,-0.0013808978018131678,0.0004660038736119619,True
1435,1393,55.72,02/28/2026 10:13:18.360,17.8938997,-0.674213543,17.81677528415574,-0.6742433374236443,-0.0010149171044433033,0.0010976549327691768,True
1436,1394,55.76,02/28/2026 10:13:18.400,17.71846931,-0.674213543,17.789710008396376,-0.6742457967790271,-0.0006359133677469886,0.0009367174620269786,True
1437,1395,55.800000000000004,02/28/2026 10:13:18.440,17.8938997,-0.674213543,17.762919099371548,-0.6742374571806632,-0.00033449025773167466,0.0031640123013272708,True
1438,1396,55.84,02/28/2026 10:13:18.480,17.71846931,-0.674213543,17.735926737972495,-0.6742303613576378,-0.00013467610094330547,5.6443107897303113e-05,True
1439,1397,55.88,02/28/2026 10:13:18.520,17.8938997,-0.842766929,17.70434256431103,-0.7678118328165785,-0.8992757197837299,5.0593638464153345,True
1440,1398,55.92,02/28/2026 10:13:18.560,18.06933009,-0.842766929,17.672321266973142,-0.8254238679112029,-1.107279161246659,0.2994219333326713,True
1441,1399,55.96,02/28/2026 10:13:18.600,18.06933009,-0.842766929,17.63977856096647,-0.8547461157829866,-0.9635290039201305,0.16321109001248882,True
1442,1400,56.0,02/28/2026 10:13:18.640,17.8938997,-0.842766929,17.60666652303248,-0.8652315306877612,-0.6940115100069458,0.4692578516325058,True
1443,1401,56.04,02/28/2026 10:13:18.680,18.06933009,-0.842766929,17.573623398027703,-0.8650974314343761,-0.4260795171862138,0.4940624127676595,True
1444,1402,56.08,02/28/2026 10:13:18.720,17.8938997,-0.842766929,17.54029399839572,-0.8602732790931172,-0.21603388831245823,0.2988455929288086,True
1445,1403,56.120000000000005,02/28/2026 10:13:18.760,17.8938997,-0.842766929,17.506987809343354,-0.8543907133568174,-0.07655187889811707,0.149231413659625,True
1446,1404,56.160000000000004,02/28/2026 10:13:18.800,18.24476048,-0.842766929,17.474213657262215,-0.8492880656230918,0.0017613256727597032,0.14784812557560362,True
1447,1405,56.2,02/28/2026 10:13:18.840,18.24476048,-0.842766929,17.441511405901878,-0.8456251175061684,0.036137399061802286,0.12637282021997204,True
1448,1406,56.24,02/28/2026 10:13:18.880,17.8938997,-0.842766929,17.408409229577494,-0.8433887494131098,0.04365068508638724,0.04381597140412005,True
1449,1407,56.28,02/28/2026 10:13:18.920,18.24476048,-0.842766929,17.375844039267786,-0.8422553860759725,0.03761071853663517,0.13944216317212796,True
1450,1408,56.32,02/28/2026 10:13:18.960,18.77105165,-0.842766929,17.34404219822905,-0.8418513558202928,0.0267859857037633,0.3762061940433667,True
1451,1409,56.36,02/28/2026 10:13:19.000,17.36760853,-0.842766929,17.310408896502235,-0.8418824636428076,0.016182283172404145,0.0013056579744398663,True
1452,1410,56.4,02/28/2026 10:13:19.040,17.19217814,-0.842766929,17.276589076396665,-0.8420868186701456,0.00801429761051511,0.001731205958221108,True
1453,1411,56.44,02/28/2026 10:13:19.080,17.36760853,-0.842766929,17.243049981348612,-0.8423202279404489,0.0026695011941402997,0.0030389059780843147,True
1454,1412,56.480000000000004,02/28/2026 10:13:19.120,17.19217814,-0.842766929,17.209320358269427,-0.8425210018760156,-0.0002825469784582266,0.0001086806542275287,True
1455,1413,56.52,02/28/2026 10:13:19.160,17.19217814,-0.842766929,17.175634641190836,-0.8426623615956389,-0.0015351012459341776,6.0257879577282004e-05,True
1456,1414,56.56,02/28/2026 10:13:19.200,17.54303892,-0.842766929,17.142461127488513,-0.8427424018984191,-0.0017848391667943644,0.029587798929427096,True
1457,1415,56.6,02/28/2026 10:13:19.240,17.8938997,-0.842766929,17.109798652242972,-0.8427773380960584,-0.0015728871742416383,0.11336504545079701,True
1458,1416,56.64,02/28/2026 10:13:19.280,17.19217814,-0.842766929,17.076243148694328,-0.8427979965962031,-0.0011873239774507893,0.0024793040401606026,True
1459,1417,56.68,02/28/2026 10:13:19.320,17.19217814,-0.842766929,17.04273184746839,-0.8427998792974835,-0.0007754541095972046,0.004119255754394492,True
1460,1418,56.72,02/28/2026 10:13:19.360,17.19217814,-0.842766929,17.009264819091356,-0.8427929442523283,-0.0004430602957718172,0.0061698436181990375,True
1461,1419,56.76,02/28/2026 10:13:19.400,17.36760853,-0.842766929,16.976075335921422,-0.8427811706338858,-0.0002287335324148969,0.02826664062975222,True
1462,1420,56.800000000000004,02/28/2026 10:13:19.440,17.19217814,-0.842766929,16.942696507839408,-0.8427740119726873,-0.00011605861647752367,0.011476571904069366,True
1463,1421,56.84,02/28/2026 10:13:19.480,17.19217814,-0.842766929,16.909361777745552,-0.8427683801921629,-6.724056656748643e-05,0.014748256484741472,True
1464,1422,56.88,02/28/2026 10:13:19.520,17.54303892,-0.842766929,16.87653649020135,-0.842759901230955,-7.752443242939641e-05,0.08190943716514136,True
1465,1423,56.92,02/28/2026 10:13:19.560,17.36760853,-0.842766929,16.843521577731412,-0.8427582084121436,-0.0001239321873053683,0.050645017441176984,True
1466,1424,56.96,02/28/2026 10:13:19.600,17.19217814,-0.842766929,16.810317522194428,-0.8427601737744533,-0.00016255911216986926,0.026886814120590317,True
1467,1425,57.0,02/28/2026 10:13:19.640,17.54303892,-0.842766929,16.777621407703506,-0.8427566309029273,-0.0002010895043057378,0.10802540627637522,True
1468,1426,57.04,02/28/2026 10:13:19.680,18.06933009,-0.842766929,16.745663861404907,-0.8427483119093042,-0.00027741730180377323,0.3230618355394374,True
1469,1427,57.08,02/28/2026 10:13:19.720,18.42019087,-0.842766929,16.71421100390445,-0.8427408824073946,-0.00040041149519076517,0.536631359386396,True
1470,1428,57.120000000000005,02/28/2026 10:13:19.760,18.42019087,-0.842766929,16.68279808134348,-0.8427393482142918,-0.0005383220700676893,0.5565751872763595,True
1471,1429,57.160000000000004,02/28/2026 10:13:19.800,18.06933009,-0.842766929,16.65096195150881,-0.8427453646298656,-0.0006394900921715899,0.3709413953711791,True
1472,1430,57.2,02/28/2026 10:13:19.840,17.01674775,-0.842766929,16.617778486168852,-0.8427634055403891,-0.0006374497787967235,0.029349847163851903,True
1473,1431,57.24,02/28/2026 10:13:19.880,16.84131737,-0.842766929,16.58440700653025,-0.8427732831786847,-0.0005326937709175155,0.012170062247667111,True
1474,1432,57.28,02/28/2026 10:13:19.920,16.66588698,-0.842766929,16.550848099446025,-0.842777700515791,-0.0003907029521105586,0.0024402795050817326,True
1475,1433,57.32,02/28/2026 10:13:19.960,16.3150262,-0.842766929,16.51687155973381,-0.8427813559856026,-0.0002400524637639375,0.00751225507780171,True
1476,1434,57.36,02/28/2026 10:13:20.000,16.84131737,-0.842766929,16.483631615558043,-0.8427728558792611,-0.00012923121310179467,0.02359013167085095,True
1477,1435,57.4,02/28/2026 10:13:20.040,17.01674775,-0.842766929,16.450665467337704,-0.8427643308901395,-9.753286073780567e-05,0.059085925278039415,True
1478,1436,57.44,02/28/2026 10:13:20.080,16.84131737,-0.842766929,16.417511850318277,-0.842761868899785,-0.00011116906710333475,0.033117500090756875,True
1479,1437,57.480000000000004,02/28/2026 10:13:20.120,16.84131737,-0.842766929,16.38440132979382,-0.8427605759284211,-0.00013663896179785524,0.03849432470394988,True
1480,1438,57.52,02/28/2026 10:13:20.160,16.49045659,-0.842766929,16.35087394584744,-0.8427646768268151,-0.000148155131922309,0.003592413558762802,True
1481,1439,57.56,02/28/2026 10:13:20.200,15.96416542,-0.842766929,16.316701061449525,-0.8427732542663134,-0.00011142677726950134,0.022915490005785053,True
1482,1440,57.6,02/28/2026 10:13:20.240,16.3150262,-0.842766929,16.283032276503704,-0.8427712985870486,-5.5456208401140365e-05,0.0001887579304734571,True
1483,1441,57.64,02/28/2026 10:13:20.280,16.49045659,-0.842766929,16.249636888854937,-0.8427666542305589,-3.200917865239098e-05,0.010693171461234703,True
1484,1442,57.68,02/28/2026 10:13:20.320,16.3150262,-0.842766929,16.216055716916316,-0.8427660592066901,-3.145254329512758e-05,0.0018060642282817232,True
1485,1443,57.72,02/28/2026 10:13:20.360,16.49045659,-0.842766929,16.182747360864802,-0.8427630069402242,-4.4330601144711325e-05,0.017458317615611642,True
1486,1444,57.76,02/28/2026 10:13:20.400,16.13959581,-0.842766929,16.14902442515627,-0.8427660987952589,-5.533678615887653e-05,1.63922476538057e-05,True
1487,1445,57.800000000000004,02/28/2026 10:13:20.440,17.19217814,-0.842766929,16.11671775180828,-0.8427532328088078,-0.00010020786456637392,0.21325996922872506,True
1488,1446,57.84,02/28/2026 10:13:20.480,17.54303892,-0.842766929,16.084909389234838,-0.8427432167716874,-0.00022273713110057238,0.3920236919186305,True
1489,1447,57.88,02/28/2026 10:13:20.520,16.49045659,-0.842766929,16.051770896331018,-0.8427545079441074,-0.0003230251201194239,0.0354835519545312,True
1490,1448,57.92,02/28/2026 10:13:20.560,15.61330464,-0.674213543,16.022399855251294,-0.7491816585612893,0.8989498245436981,5.084957862449965,True
1491,1449,57.96,02/28/2026 10:13:20.600,15.61330464,-0.674213543,15.993784150204888,-0.6915679718316214,1.1070914786395103,0.297412369598121,True
1492,1450,58.0,02/28/2026 10:13:20.640,15.96416542,-0.674213543,15.966225999665852,-0.6622370619089155,0.9634212605388188,0.129008045310344,True
1493,1451,58.04,02/28/2026 10:13:20.680,15.96416542,-0.674213543,15.939079704521612,-0.6517479052046721,0.693926026159251,0.4540349690718891,True
1494,1452,58.08,02/28/2026 10:13:20.720,15.96416542,-0.674213543,15.91218069290654,-0.6518768121516787,0.42598014783900967,0.4492085619143927,True
1495,1453,58.120000000000005,02/28/2026 10:13:20.760,16.49045659,-0.674213543,15.886092539083911,-0.6566934426659696,0.2158759573615628,0.34316788126071424,True
1496,1454,58.160000000000004,02/28/2026 10:13:20.800,16.13959581,-0.674213543,15.859604563517298,-0.662577578205364,0.0763218966245697,0.13615171512508384,True
1497,1455,58.2,02/28/2026 10:13:20.840,16.3150262,-0.674213543,15.83336211400082,-0.6676744169850031,-0.002068039628981125,0.08115967734423146,True
1498,1456,58.24,02/28/2026 10:13:20.880,16.49045659,-0.505660158,15.812217402463585,-0.5777421594730738,0.8627036993465955,4.759111882491288,True
1499,1457,58.28,02/28/2026 10:13:20.920,16.3150262,-0.505660158,15.7915613800104,-0.5223637914276454,1.0631387836318518,0.3016758081029346,True
1500,1458,58.32,02/28/2026 10:13:20.960,16.13959581,-0.505660158,15.77124723558182,-0.49417121403535197,0.9253581972571239,0.14363287788133572,True
1501,1459,58.36,02/28/2026 10:13:21.000,15.96416542,-0.505660158,15.751093949841612,-0.4840859727762001,0.6665777113681384,0.42688318702989264,True
1502,1460,58.4,02/28/2026 10:13:21.040,15.96416542,-0.505660158,15.731170265791246,-0.484203998809445,0.4092152792565377,0.4239443983361489,True
1503,1461,58.44,02/28/2026 10:13:21.080,15.96416542,-0.505660158,15.71136229961616,-0.48883460185671623,0.20740380792587332,0.2663018421610723,True
1504,1462,58.480000000000004,02/28/2026 10:13:21.120,15.96416542,-0.505660158,15.69160010444894,-0.4944838998655324,0.07336356742210406,0.12596815470826223,True
1505,1463,58.52,02/28/2026 10:13:21.160,15.96416542,-0.337106772,15.676714155260408,-0.4057897572078148,0.8973172771191796,4.2585023927828605,True
1506,1464,58.56,02/28/2026 10:13:21.200,15.96416542,-0.505660158,15.657670645502918,-0.44527678873071996,0.17299179704797973,3.2962321144144453,True
1507,1465,58.6,02/28/2026 10:13:21.240,15.96416542,-0.505660158,15.638471534137869,-0.47572346287159045,-0.1860929378580698,0.825373891210842,True
1508,1466,58.64,02/28/2026 10:13:21.280,17.19217814,-0.337106772,15.625529997802328,-0.40204484464505696,0.5930788038043986,4.247708371014814,True
1509,1467,58.68,02/28/2026 10:13:21.320,16.84131737,-0.337106772,15.612692542482067,-0.3554203502788554,0.8129051011549643,0.5805102523942424,True
1510,1468,58.72,02/28/2026 10:13:21.360,16.49045659,-0.337106772,15.599858916443324,-0.3307784435352422,0.7370892993046017,0.18212694191400208,True
1511,1469,58.76,02/28/2026 10:13:21.400,15.96416542,-0.337106772,15.586666579766517,-0.3211747604886497,0.5460106436511474,0.2544252398473958,True
1512,1470,58.800000000000004,02/28/2026 10:13:21.440,15.61330464,-0.337106772,15.573215937846177,-0.32030732111140625,0.34448871087746535,0.2541107372260325,True
1513,1471,58.84,02/28/2026 10:13:21.480,15.61330464,-0.337106772,15.559863780465303,-0.3235063537198049,0.18134388846556002,0.16687274499197072,True
1514,1472,58.88,02/28/2026 10:13:21.520,15.96416542,-0.168553386,15.551865855650332,-0.23423566148796443,0.9693149154788583,3.9121549004665783,True
1515,1473,58.92,02/28/2026 10:13:21.560,15.61330464,-0.168553386,15.544138222743634,-0.18052027879486546,1.1128775634724446,0.1297020672477381,True
1516,1474,58.96,02/28/2026 10:13:21.600,15.43787425,-0.168553386,15.536740477010431,-0.15407920765301106,0.9392341947023163,0.19026277268707198,True
1517,1475,59.0,02/28/2026 10:13:21.640,15.26244386,-0.168553386,15.529483165922635,-0.14541108774455427,0.661589297918743,0.49498485397801806,True
1518,1476,59.04,02/28/2026 10:13:21.680,15.61330464,-0.168553386,15.522877525231282,-0.14649046314739056,0.39693229105276956,0.4392639846491126,True
1519,1477,59.08,02/28/2026 10:13:21.720,15.26244386,-0.168553386,15.51591538152108,-0.15168322428161926,0.19452951483721725,0.2679200528520463,True
1520,1478,59.120000000000005,02/28/2026 10:13:21.760,15.43787425,1.179873701,15.510003676161684,-0.14390204368813056,0.19452951483721725,311.74409733007025,False
1521,1479,59.160000000000004,02/28/2026 10:13:21.800,15.61330464,1.179873701,15.504403218026027,-0.13612086309464186,0.19452951483721725,193.66346381453494,False
1522,1480,59.2,02/28/2026 10:13:21.840,15.43787425,-0.168553386,15.496516623039744,-0.16155604843826218,-0.036421046526319056,0.11321684379062057,True
1523,1481,59.24,02/28/2026 10:13:21.880,15.43787425,-0.168553386,15.489716915208996,-0.16638663469902312,-0.06352004656204105,0.005299806604668448,True
1524,1482,59.28,02/28/2026 10:13:21.920,15.61330464,-0.168553386,15.48318907798391,-0.1687158305147364,-0.06160442514768782,0.0031461231065985328,True
1525,1483,59.32,02/28/2026 10:13:21.960,15.43787425,-0.168553386,15.476412699704358,-0.16971909026651075,-0.04741678994290799,0.0014980833122490564,True
1526,1484,59.36,02/28/2026 10:13:22.000,15.61330464,0.0,15.473995014304343,-0.07574778266195305,0.8865880579767177,5.20349216015554,True
1527,1485,59.4,02/28/2026 10:13:22.040,15.26244386,0.0,15.472397332927457,-0.017777917442727106,1.1043408599536582,0.29455723531685274,True
1528,1486,59.44,02/28/2026 10:13:22.080,15.43787425,0.0,15.47185344993515,0.01167975694449223,0.9627411150115703,0.1235353131829099,True
1529,1487,59.480000000000004,02/28/2026 10:13:22.120,15.26244386,0.0,15.471488450084362,0.02226681661672953,0.6945965254270295,0.455131921128508,True
1530,1488,59.52,02/28/2026 10:13:22.160,15.26244386,0.0,15.471287234271951,0.022239504342712598,0.42756000308043524,0.4533357405180449,True
1531,1489,59.56,02/28/2026 10:13:22.200,15.43787425,0.0,15.471362030682071,0.01749347943468131,0.21769460641457689,0.27550435544277535,True
1532,1490,59.6,02/28/2026 10:13:22.240,15.26244386,0.0,15.471217221328441,0.011649799520154026,0.0779235488558856,0.13016104187301178,True
1533,1491,59.64,02/28/2026 10:13:22.280,15.26244386,0.0,15.47105279342529,0.006564550944505646,-0.0008507044565335131,0.04681487567591926,True
1534,1492,59.68,02/28/2026 10:13:22.320,15.08701347,0.0,15.470638379695126,0.002899217168872997,-0.03567509617999374,0.0347210267494006,True
1535,1493,59.72,02/28/2026 10:13:22.360,15.43787425,0.168553386,15.47553525137843,0.09424608787573828,0.8557403877968797,4.966368028861696,True
1536,1494,59.76,02/28/2026 10:13:22.400,15.61330464,0.168553386,15.481320535018835,0.15073113559149734,1.0695545758941556,0.2889498682700198,True
1537,1495,59.800000000000004,02/28/2026 10:13:22.440,15.78873503,0.168553386,15.487862514434998,0.17965804537996727,0.9363758428347382,0.12751898262342118,True
1538,1496,59.84,02/28/2026 10:13:22.480,15.61330464,0.168553386,15.49454206603456,0.19015138631662898,0.6772989002831951,0.42208668799869414,True
1539,1497,59.88,02/28/2026 10:13:22.520,15.43787425,0.168553386,15.501201423514223,0.19020691307990936,0.4175359218130461,0.42247954546575023,True
1540,1498,59.92,02/28/2026 10:13:22.560,15.26244386,0.168553386,15.507725068536164,0.18560811145480066,0.21292006538737082,0.27279596671805173,True
1541,1499,59.96,02/28/2026 10:13:22.600,15.08701347,0.168553386,15.514041705700315,0.17992038798432247,0.07651403866888601,0.14994808948003124,True
1542,1500,60.0,02/28/2026 10:13:22.640,15.61330464,0.168553386,15.5209992000101,0.17497112992626587,-0.000463051365172662,0.03860080289400424,True
1543,1501,60.04,02/28/2026 10:13:22.680,15.26244386,0.168553386,15.527478700414097,0.17139585046360115,-0.034590687478077774,0.020235956473484966,True
1544,1502,60.08,02/28/2026 10:13:22.720,15.26244386,0.168553386,15.533922769290532,0.16919857734081364,-0.042360535773795324,0.013967138245218612,True
1545,1503,60.120000000000005,02/28/2026 10:13:22.760,14.91158308,0.168553386,15.539896314540345,0.16807839130334604,-0.03673223621027103,0.07298264172797812,True
1546,1504,60.160000000000004,02/28/2026 10:13:22.800,15.43787425,0.168553386,15.546509618648265,0.16768723936298013,-0.026353992625320802,0.0028484068549515917,True
1547,1505,60.2,02/28/2026 10:13:22.840,15.26244386,0.168553386,15.552886453216408,0.1676954839574988,-0.01609483782970939,0.016209216914258553,True
1548,1506,60.24,02/28/2026 10:13:22.880,15.26244386,0.168553386,15.559251974530358,0.16788157216787084,-0.008068707099583712,0.016643588119221037,True
1549,1507,60.28,02/28/2026 10:13:22.920,15.61330464,0.168553386,15.566048851063835,0.16811169318405175,-0.0027649086961447954,0.0005876930029830798,True
1550,1508,60.32,02/28/2026 10:13:22.960,15.26244386,0.168553386,15.572398248268469,0.1683036362613692,0.00019667738561486223,0.01776733725197187,True
1551,1509,60.36,02/28/2026 10:13:23.000,14.91158308,0.168553386,15.57830173309747,0.16843693898376175,0.0015195522053497563,0.08196687494787815,True
1552,1510,60.4,02/28/2026 10:13:23.040,15.43787425,0.168553386,15.584857896688739,0.16852667364953172,0.001823674720904616,0.00398378403225782,True
1553,1511,60.44,02/28/2026 10:13:23.080,15.61330464,0.168553386,15.59162622644341,0.1685742368734816,0.0015759542814379785,8.702702995177572e-05,True
1554,1512,60.480000000000004,02/28/2026 10:13:23.120,15.78873503,0.168553386,15.598605906562932,0.16859322487558626,0.0011191556490923581,0.006666160940193202,True
1555,1513,60.52,02/28/2026 10:13:23.160,16.66588698,0.168553386,15.606672415743256,0.1686051082559108,0.0006162925138952446,0.20685552991621728,True
1556,1514,60.56,02/28/2026 10:13:23.200,15.78873503,0.168553386,15.613633689220698,0.168589682632865,0.00020031798039166654,0.005653987866221358,True
1557,1515,60.6,02/28/2026 10:13:23.240,15.43787425,0.168553386,15.620148559877443,0.1685706666245544,-2.7217099793234962e-05,0.006125923180761645,True
1558,1516,60.64,02/28/2026 10:13:23.280,15.43787425,0.168553386,15.626655331008784,0.1685580750997402,-0.00010442645199318368,0.006570758767720666,True
1559,1517,60.68,02/28/2026 10:13:23.320,15.26244386,0.168553386,15.632935550457795,0.1685486836022965,-8.914907171060894e-05,0.025307665899123616,True
1560,1518,60.72,02/28/2026 10:13:23.360,15.61330464,0.168553386,15.639644840633341,0.16854935822021982,-4.375611072002388e-05,0.00012793054200904336,True
1561,1519,60.76,02/28/2026 10:13:23.400,15.43787425,0.168553386,15.646127593826884,0.16854804506012153,-2.806652813086113e-06,0.007996109434518929,True
1562,1520,60.800000000000004,02/28/2026 10:13:23.440,15.08701347,0.168553386,15.652166304312885,0.16854344027058568,5.3758735990321194e-05,0.05888788358144121,True
1563,1521,60.84,02/28/2026 10:13:23.480,15.43787425,0.168553386,15.658633740853013,0.1685469814432888,0.00010607906185291106,0.008985309176258371,True
1564,1522,60.88,02/28/2026 10:13:23.520,15.43787425,0.168553386,15.665093347750188,0.1685494011455483,0.00012865554988104338,0.009518819339844343,True
1565,1523,60.92,02/28/2026 10:13:23.560,15.61330464,0.337106772,15.676628905086508,0.26214399655321396,0.8993758438495426,5.054739535557769,True
1566,1524,60.96,02/28/2026 10:13:23.600,15.78873503,0.337106772,15.6890848354568,0.3197686860043269,1.1073747633142965,0.2722406411066097,True
1567,1525,61.0,02/28/2026 10:13:23.640,15.61330464,0.337106772,15.701872401916377,0.34909440978134876,0.963561105575206,0.13071880214167986,True
1568,1526,61.04,02/28/2026 10:13:23.680,15.43787425,0.337106772,15.714803100986703,0.3595758405123166,0.6939911863876322,0.4683593485869813,True
1569,1527,61.08,02/28/2026 10:13:23.720,15.61330464,0.337106772,15.728147146979605,0.35944396782690147,0.42602120790829917,0.4512497968332197,True
1570,1528,61.120000000000005,02/28/2026 10:13:23.760,15.78873503,0.337106772,15.74178559989829,0.35462039193948525,0.21593285677800894,0.27625739736822286,True
1571,1529,61.160000000000004,02/28/2026 10:13:23.800,15.78873503,0.337106772,15.755428460816093,0.3487375842353777,0.07641321223131703,0.1218625331555629,True
1572,1530,61.2,02/28/2026 10:13:23.840,15.43787425,0.337106772,15.76860558404576,0.3436344203233748,-0.0019292404266585128,0.058542373505108686,True
1573,1531,61.24,02/28/2026 10:13:23.880,15.78873503,0.337106772,15.782171073035471,0.3399756458739988,-0.036343551959573006,0.007409962243909077,True
1574,1532,61.28,02/28/2026 10:13:23.920,15.78873503,0.337106772,15.79569152762779,0.3377360452829421,-0.04389309296223543,0.00036517643622616276,True
1575,1533,61.32,02/28/2026 10:13:23.960,15.96416542,0.337106772,15.80938943590086,0.33660785391613024,-0.03789088393611963,0.0046424186870699085,True
1576,1534,61.36,02/28/2026 10:13:24.000,16.49045659,0.505660158,15.828570186741082,0.42981056367718234,0.8720751025920014,5.25637565713176,True
1577,1535,61.4,02/28/2026 10:13:24.040,16.3150262,0.505660158,15.84821982429406,0.4874468844321068,1.0906135406264628,0.33873168374565166,True
1578,1536,61.44,02/28/2026 10:13:24.080,15.61330464,0.505660158,15.867542484521572,0.5169581847081751,0.9550540728632843,0.12679031721118583,True
1579,1537,61.480000000000004,02/28/2026 10:13:24.120,15.61330464,0.505660158,15.887216820675444,0.5276712322266982,0.6909785937991932,0.4497259350120078,True
1580,1538,61.52,02/28/2026 10:13:24.160,15.96416542,0.505660158,15.90751097912565,0.527742354673366,0.4260866268161698,0.43913115277417525,True
1581,1539,61.56,02/28/2026 10:13:24.200,15.96416542,0.505660158,15.927875207166027,0.5230613915247152,0.21734528075759185,0.2725691630700515,True
1582,1540,61.6,02/28/2026 10:13:24.240,16.49045659,0.505660158,15.948882683675652,0.5172728774165863,0.07809910223091346,0.17521431534593584,True
1583,1541,61.64,02/28/2026 10:13:24.280,17.19217814,0.505660158,15.970709996471953,0.5122304060117479,-0.0005820609403760224,0.3137086842018308,True
1584,1542,61.68,02/28/2026 10:13:24.320,16.49045659,0.505660158,15.99162165894498,0.5085784940518919,-0.03553507293768605,0.05350266940691603,True
1585,1543,61.72,02/28/2026 10:13:24.360,16.3150262,0.674213543,16.017130586558984,0.5999208043977272,0.855714446874317,4.981058585854682,True
1586,1544,61.76,02/28/2026 10:13:24.400,16.3150262,0.674213543,16.043303104696584,0.65639902004696,1.0694478103772938,0.29916004403124213,True
1587,1545,61.800000000000004,02/28/2026 10:13:24.440,16.13959581,0.674213543,16.069778558313782,0.6853166923101431,0.9362620685840828,0.11175831164789626,True
1588,1546,61.84,02/28/2026 10:13:24.480,16.66588698,0.674213543,16.0972328577347,0.695814857061417,0.6771956119253951,0.4790005157562328,True
1589,1547,61.88,02/28/2026 10:13:24.520,16.66588698,0.674213543,16.124861681721356,0.6958747545734647,0.41740755679957997,0.47569205591158237,True
1590,1548,61.92,02/28/2026 10:13:24.560,16.49045659,0.674213543,16.152335234417816,0.6912771667818703,0.21274968701088043,0.2828162582917384,True
1591,1549,61.96,02/28/2026 10:13:24.600,16.13959581,0.674213543,16.17936870410642,0.6855866241097511,0.07631367486670398,0.11663736376697123,True
1592,1550,62.0,02/28/2026 10:13:24.640,15.96416542,0.674213543,16.206140767543317,0.6806259783126817,-0.0006368261890043053,0.047815029652956254,True
1593,1551,62.04,02/28/2026 10:13:24.680,16.3150262,0.674213543,16.233280434696695,0.6770551689998199,-0.03471592608978677,0.008488973800670051,True
1594,1552,62.08,02/28/2026 10:13:24.720,16.3150262,0.674213543,16.2603595392526,0.6748604728917796,-0.04247043516236509,0.0009265405032479562,True
1595,1553,62.120000000000005,02/28/2026 10:13:24.760,16.3150262,0.674213543,16.287384078136732,0.6737460942742148,-0.03685984696053807,0.0003377084814130209,True
1596,1554,62.160000000000004,02/28/2026 10:13:24.800,16.3150262,0.674213543,16.314361373921365,0.6733499365778913,-0.026499941714898154,0.0006708834580279101,True
1597,1555,62.2,02/28/2026 10:13:24.840,16.3150262,0.674213543,16.34129779309041,0.673357689537091,-0.01623603121086051,0.0007855095077525631,True
1598,1556,62.24,02/28/2026 10:13:24.880,16.49045659,0.674213543,16.36841110212971,0.6735457021249609,-0.008211057255380365,0.0031492540920464696,True
1599,1557,62.28,02/28/2026 10:13:24.920,16.66588698,0.674213543,16.395703660287815,0.6737740512171494,-0.0029089169648961327,0.013635139277030398,True
1600,1558,62.32,02/28/2026 10:13:24.960,16.49045659,0.674213543,16.42275063205915,0.6739672358539982,5.330191769560089e-05,0.0009001166039121837,True
1601,1559,62.36,02/28/2026 10:13:25.000,16.49045659,0.674213543,16.449765835567753,0.6741054900214516,0.0013540235023740328,0.00031586823141993846,True
1602,1560,62.4,02/28/2026 10:13:25.040,16.84131737,0.674213543,16.477174629926736,0.6741944206392982,0.0016238377505732853,0.024447427116287564,True
1603,1561,62.440000000000005,02/28/2026 10:13:25.080,17.19217814,0.674213543,16.50497588360814,0.6742430704392497,0.0013459099790092608,0.08706655653213762,True
1604,1562,62.480000000000004,02/28/2026 10:13:25.120,18.77105165,0.674213543,16.534655142167377,0.6742803776020326,0.0007924144682042303,0.9221004331304131,True
1605,1563,62.52,02/28/2026 10:13:25.160,19.12191243,0.674213543,16.564721994214466,0.674291391871711,0.00014240080185230655,1.2056089977752236,True
1606,1564,62.56,02/28/2026 10:13:25.200,19.12191243,0.674213543,16.59475097760576,0.674284327275225,-0.00042620012433310886,1.1774591093715479,True
1607,1565,62.6,02/28/2026 10:13:25.240,19.12191243,0.674213543,16.624741956989045,0.6742706710883507,-0.0008343112840141186,1.1496765136402578,True
1608,1566,62.64,02/28/2026 10:13:25.280,18.77105165,0.674213543,16.65427113245063,0.6742522757091501,-0.0010639771153773472,0.8260959256970886,True
1609,1567,62.68,02/28/2026 10:13:25.320,18.77105165,0.674213543,16.683763010379067,0.6742396164328366,-0.0011450565661435333,0.8032365719061509,True
1610,1568,62.72,02/28/2026 10:13:25.360,19.12191243,0.674213543,16.713640949760908,0.6742368152276856,-0.001156903103175791,1.0692741150051974,True
1611,1569,62.76,02/28/2026 10:13:25.400,18.77105165,0.674213543,16.74305810179209,0.6742302983791568,-0.001132786436661363,0.7582475563822236,True
1612,1570,62.800000000000004,02/28/2026 10:13:25.440,19.4727732,0.674213543,16.77328377684842,0.6742367645644607,-0.001111700701912839,1.3435097506128735,True
1613,1571,62.84,02/28/2026 10:13:25.480,19.82363398,0.674213543,16.803893685532948,0.6742442769523873,-0.0011451857879209762,1.6811885096059245,True
1614,1572,62.88,02/28/2026 10:13:25.520,19.99906437,0.674213543,16.834675817578816,0.6742489471235426,-0.0012186389715187114,1.8461054846395533,True
1615,1573,62.92,02/28/2026 10:13:25.560,19.99906437,0.674213543,16.865418746844902,0.6742493083335207,-0.0012998388059791445,1.8104075598899863,True
1616,1574,62.96,02/28/2026 10:13:25.600,20.52535554,0.674213543,16.89675515228461,0.674254610720116,-0.001389706260190385,2.427473896204584,True
1617,1575,63.0,02/28/2026 10:13:25.640,19.64820359,0.674213543,16.92699766944909,0.6742432956730057,-0.0014445616435523868,1.3652079001619284,True
1618,1576,63.04,02/28/2026 10:13:25.680,19.4727732,0.674213543,16.956991216108964,0.6742345540203611,-0.0014173552624351924,1.166867963409522,True
1619,1577,63.08,02/28/2026 10:13:25.720,19.64820359,0.674213543,16.987157392454733,0.6742330832409448,-0.0013563817622631775,1.3055101598517749,True
1620,1578,63.120000000000005,02/28/2026 10:13:25.760,20.34992515,0.674213543,17.01812699992372,0.674242439367402,-0.001333191485817008,2.0465975832980496,True
1621,1579,63.160000000000004,02/28/2026 10:13:25.800,19.4727732,0.842766929,17.052872224378888,0.767825815227692,0.8979297828852127,6.135152646449073,True
1622,1580,63.2,02/28/2026 10:13:25.840,19.29734281,0.842766929,17.08808107487374,0.8254408240927947,1.1060191418079828,1.1707591380604545,True
1623,1581,63.24,02/28/2026 10:13:25.880,18.94648204,0.674213543,17.11852434990055,0.7611703453800083,0.06308735644918362,7.413045133633284,True
1624,1582,63.28,02/28/2026 10:13:25.920,19.12191243,0.674213543,17.148798678328752,0.7140352746233393,-0.4143955279437037,2.14212244949861,True
1625,1583,63.32,02/28/2026 10:13:25.960,19.29734281,0.674213543,17.178892764142184,0.6845801212376771,-0.5385179604869227,0.923519556877801,True
1626,1584,63.36,02/28/2026 10:13:26.000,19.82363398,0.674213543,17.20929610946616,0.6692787432035456,-0.4790298639554183,1.282288097703878,True
1627,1585,63.4,02/28/2026 10:13:26.040,19.82363398,0.674213543,17.239470605358118,0.6635314749881417,-0.3506008294710842,1.3344448075551882,True
1628,1586,63.440000000000005,02/28/2026 10:13:26.080,19.4727732,0.674213543,17.269079109586677,0.6632550731915954,-0.21889830835896848,1.0038999343362471,True
1629,1587,63.480000000000004,02/28/2026 10:13:26.120,19.4727732,0.674213543,17.29860085050202,0.6654746890671467,-0.11382559946346403,0.9406263471504,True
1630,1588,63.52,02/28/2026 10:13:26.160,19.99906437,0.674213543,17.328700593950305,0.6683376458131634,-0.043041873644923595,1.3460878891727095,True
1631,1589,63.56,02/28/2026 10:13:26.200,19.4727732,0.674213543,17.35814205595534,0.6708627369129679,-0.002610851912671422,0.8346743914121662,True
1632,1590,63.6,02/28/2026 10:13:26.240,19.4727732,0.674213543,17.387560604445632,0.6727046065648785,0.015721816668115406,0.8037504245572066,True
1633,1591,63.64,02/28/2026 10:13:26.280,19.4727732,0.674213543,17.416956601671224,0.6738494995945101,0.020317073287190915,0.7793215014449725,True
1634,1592,63.68,02/28/2026 10:13:26.320,19.99906437,0.674213543,17.446953327880856,0.674447031286716,0.017799419723342765,1.2008338457679693,True
1635,1593,63.72,02/28/2026 10:13:26.360,19.99906437,0.674213543,17.47692017405801,0.674667590761719,0.012632605456094558,1.1729223210194,True
1636,1594,63.76,02/28/2026 10:13:26.400,19.99906437,0.674213543,17.506853985621696,0.6746733684963404,0.007393158120084487,1.1452538005047772,True
1637,1595,63.800000000000004,02/28/2026 10:13:26.440,20.17449476,0.842766929,17.541827121096375,0.7681755361146948,0.9024844809269793,6.286658470597453,True
1638,1596,63.84,02/28/2026 10:13:26.480,20.87621632,0.842766929,17.57830748096269,0.8256918715098478,1.1076830954691754,2.268727418545248,True
1639,1597,63.88,02/28/2026 10:13:26.520,20.52535554,1.011320315,17.619756839447785,0.9485078105092901,1.8615050452227648,5.109348567317722,True
1640,1598,63.92,02/28/2026 10:13:26.560,20.34992515,0.842766929,17.657173613644048,0.9229454080630154,0.899982072783426,7.113501984159639,True
1641,1599,63.96,02/28/2026 10:13:26.600,20.17449476,0.842766929,17.69439522648763,0.8944688401850222,0.28004069501893625,3.5350954986601284,True
1642,1600,64.0,02/28/2026 10:13:26.640,20.34992515,0.842766929,17.731683845615336,0.8707774952741255,-0.055683735576998405,1.9677364649988893,True
1643,1601,64.04,02/28/2026 10:13:26.680,20.34992515,0.842766929,17.768783497308338,0.8542681059118009,-0.19336548168792295,1.3465251615615352,True
1644,1602,64.08,02/28/2026 10:13:26.720,19.82363398,0.842766929,17.805081074692765,0.84446892853398,-0.2135586402620993,0.7537110194996732,True
1645,1603,64.12,02/28/2026 10:13:26.760,19.82363398,0.842766929,17.841232996048692,0.8397511320715457,-0.17716107759143085,0.7328442450301247,True
1646,1604,64.16,02/28/2026 10:13:26.800,19.99906437,0.842766929,17.87748293071607,0.838302289065502,-0.1233677320873996,0.8479806825233206,True
1647,1605,64.2,02/28/2026 10:13:26.840,19.99906437,0.842766929,17.913653463248743,0.8386144114779661,-0.07332262551337873,0.8174876983784676,True
1648,1606,64.24,02/28/2026 10:13:26.880,21.05164671,0.842766929,17.951007822834995,0.8396570167918221,-0.03567194161439973,1.7813611675927934,True
1649,1607,64.28,02/28/2026 10:13:26.920,20.87621632,0.842766929,17.988107316526197,0.8407876678521685,-0.011608149302026909,1.5414395301811148,True
1650,1608,64.32000000000001,02/28/2026 10:13:26.960,20.17449476,0.842766929,18.024337910781593,0.841708779328978,0.001324073314346282,0.8533896951800306,True
1651,1609,64.36,02/28/2026 10:13:27.000,20.34992515,0.842766929,18.060736710823907,0.842350343700868,0.0065755137698028454,0.9662951329357774,True
1652,1610,64.4,02/28/2026 10:13:27.040,20.70078593,0.842766929,18.09750955521728,0.8427332736153124,0.007268183169525787,1.2494176585310954,True
1653,1611,64.44,02/28/2026 10:13:27.080,21.05164671,0.842766929,18.13465435382194,0.8429200747334981,0.005754803082624922,1.5686974163773635,True
1654,1612,64.48,02/28/2026 10:13:27.120,20.70078593,0.842766929,18.171343468902037,0.8429710732329981,0.003586629460542913,1.1795715688528856,True
1655,1613,64.52,02/28/2026 10:13:27.160,20.34992515,0.842766929,18.207576671328024,0.8429500324137863,0.0016278975402930517,0.8461669218730289,True
1656,1614,64.56,02/28/2026 10:13:27.200,20.17449476,0.842766929,18.24356025363761,0.8429030164271731,0.00020970453713250927,0.687395225893177,True
1657,1615,64.6,02/28/2026 10:13:27.240,20.34992515,0.842766929,18.279706328666567,0.8428587308485004,-0.0006617797534560331,0.7901303889012378,True
1658,1616,64.64,02/28/2026 10:13:27.280,20.34992515,0.842766929,18.315808465975763,0.8428230515104171,-0.0011092618862902747,0.7628095043696332,True
1659,1617,64.68,02/28/2026 10:13:27.320,20.34992515,0.842766929,18.351866711138012,0.8427987431273103,-0.001269143058848136,0.7360037843566336,True
1660,1618,64.72,02/28/2026 10:13:27.360,20.34992515,0.842766929,18.38788118858463,0.8427846087535946,-0.001263465911094526,0.7097099418109649,True
1661,1619,64.76,02/28/2026 10:13:27.400,20.34992515,0.842766929,18.423852052503324,0.8427779449672983,-0.001181842822687732,0.6839254373588651,True
1662,1620,64.8,02/28/2026 10:13:27.440,20.34992515,0.842766929,18.459779458571777,0.8427759552774594,-0.00108033945659413,0.6586482508136697,True
1663,1621,64.84,02/28/2026 10:13:27.480,20.34992515,0.842766929,18.49566355099025,0.8427763985845591,-0.0009881372392256307,0.6338765740900966,True
1664,1622,64.88,02/28/2026 10:13:27.520,20.70078593,0.842766929,18.5319149141341,0.8427824223801155,-0.0009332795262074447,0.8672210394388816,True
1665,1623,64.92,02/28/2026 10:13:27.560,20.34992515,0.842766929,18.567712331778733,0.8427809321636837,-0.0009034597103031289,0.5855731955299639,True
1666,1624,64.96000000000001,02/28/2026 10:13:27.600,21.2270771,0.842766929,18.60449179246922,0.8427919824360111,-0.0009129296727702002,1.2680051080880541,True
1667,1625,65.0,02/28/2026 10:13:27.640,20.70078593,0.842766929,18.640612082650662,0.8427892446434128,-0.0009519776712930847,0.7824727180545908,True
1668,1626,65.04,02/28/2026 10:13:27.680,21.05164671,0.842766929,18.677098466336016,0.8427915156559473,-0.0009833782554987906,1.0394968847231003,True
1669,1627,65.08,02/28/2026 10:13:27.720,21.40250749,0.842766929,18.713950177631038,0.8427961454665421,-0.001035468317513488,1.3325991019497174,True
1670,1628,65.12,02/28/2026 10:13:27.760,21.05164671,0.842766929,18.750348172691904,0.8427921247425899,-0.0010823065199601608,0.9763523338235266,True
1671,1629,65.16,02/28/2026 10:13:27.800,20.87621632,0.842766929,18.786497826244993,0.8427866879049205,-0.0010874072269400864,0.8050743064892504,True
1672,1630,65.2,02/28/2026 10:13:27.840,21.2270771,0.842766929,18.823012704335106,0.8427883620703421,-0.001077704263378552,1.065497232782444,True
1673,1631,65.24,02/28/2026 10:13:27.880,21.57793787,0.842766929,18.859892067440796,0.8427934572836102,-0.0010942771861310358,1.3619883429411932,True
1674,1632,65.28,02/28/2026 10:13:27.920,21.57793787,0.842766929,18.8967268944538,0.8427949383487501,-0.0011327058384973275,1.3253224268856247,True
1675,1633,65.32000000000001,02/28/2026 10:13:27.960,20.70078593,0.674213543,18.927630764703213,0.7491918935296953,-0.9003769716546071,5.632665052353911,True
1676,1634,65.36,02/28/2026 10:13:28.000,20.70078593,0.674213543,18.957780251843644,0.6915652657772469,-1.108334970066773,0.8301589304203782,True
1677,1635,65.4,02/28/2026 10:13:28.040,21.05164671,0.674213543,18.98773661854266,0.6622411734747807,-0.9644852437503482,0.9148187434907699,True
1678,1636,65.44,02/28/2026 10:13:28.080,21.05164671,0.674213543,19.017280782746777,0.6517582103220639,-0.6948850640668554,1.2175962981855488,True
1679,1637,65.48,02/28/2026 10:13:28.120,21.92879865,0.842766929,19.042795203108405,0.6239628077593897,-0.6948850640668554,10.042054636523744,False
1680,1638,65.52,02/28/2026 10:13:28.160,21.75336826,0.842766929,19.08138781681714,0.7738822932430003,0.7677478306762142,8.116430436120803,True
1681,1639,65.56,02/28/2026 10:13:28.200,21.40250749,0.842766929,19.117030602092782,0.827318201479573,0.9639551144830097,1.1994651369058156,True
1682,1640,65.6,02/28/2026 10:13:28.240,19.99906437,0.842766929,19.151141254209616,0.8529430959705698,0.8435228186121244,0.22649844986833706,True
1683,1641,65.64,02/28/2026 10:13:28.280,21.2270771,0.842766929,19.18703629609546,0.8623256831099014,0.608975372061433,1.1103573854957796,True
1684,1642,65.68,02/28/2026 10:13:28.320,20.87621632,0.842766929,19.222731771899824,0.8622740030733211,0.37254654642059004,0.8463481638735548,True
1685,1643,65.72,02/28/2026 10:13:28.360,21.2270771,0.842766929,19.25887202671724,0.8580413805468631,0.1875768548442799,0.9240575570714676,True
1686,1644,65.76,02/28/2026 10:13:28.400,21.92879865,0.842766929,19.295774541654744,0.8529038239843778,0.06549464209770753,1.3701616476580347,True
1687,1645,65.8,02/28/2026 10:13:28.440,21.92879865,0.842766929,19.332598092561163,0.8484659675393103,-0.002773704598534335,1.2715171054311063,True
1688,1646,65.84,02/28/2026 10:13:28.480,20.70078593,0.842766929,19.367921055737277,0.845268255605038,-0.032657171512456146,0.3330657258490986,True
1689,1647,65.88,02/28/2026 10:13:28.520,20.70078593,0.842766929,19.403174204809584,0.8433154091964369,-0.039094521661003134,0.3106714402056709,True
1690,1648,65.92,02/28/2026 10:13:28.560,21.75336826,0.842766929,19.43958282275362,0.8423460550535696,-0.03378712370681126,0.9871499875795501,True
1691,1649,65.96000000000001,02/28/2026 10:13:28.600,22.27965943,0.842766929,19.47654359507676,0.8420159961500481,-0.024463702451458902,1.4491242601864869,True
1692,1650,66.0,02/28/2026 10:13:28.640,21.75336826,0.842766929,19.512845304756006,0.8420276357795635,-0.015343094176269329,0.9259855255919409,True
1693,1651,66.04,02/28/2026 10:13:28.680,22.27965943,0.842766929,19.549708140905743,0.8422016043935557,-0.008255312584131615,1.3742578765284716,True
1694,1652,66.08,02/28/2026 10:13:28.720,21.75336826,0.842766929,19.585919004521052,0.8423975497483558,-0.0035820493905891317,0.8662129336719686,True
1695,1653,66.12,02/28/2026 10:13:28.760,21.75336826,0.842766929,19.622087299908436,0.8425673299384814,-0.0009502429609411903,0.8374533987437333,True
1696,1654,66.16,02/28/2026 10:13:28.800,21.75336826,0.842766929,19.658213574249487,0.8426891590138041,0.00021557897391850066,0.809267890018459,True
1697,1655,66.2,02/28/2026 10:13:28.840,22.27965943,1.011320315,19.69977274222634,0.9363614722712947,0.899709117088447,6.285248061224039,True
1698,1656,66.24,02/28/2026 10:13:28.880,22.63052021,1.011320315,19.742402572186847,0.9940270179953102,1.107480098238045,1.8079141534752587,True
1699,1657,66.28,02/28/2026 10:13:28.920,22.98138099,1.011320315,19.785950367912434,1.0233734445073066,0.9632450705983673,2.012146579105798,True
1700,1658,66.32000000000001,02/28/2026 10:13:28.960,22.8059506,1.011320315,19.82962107520359,1.0338561747284387,0.6932347992528692,2.088281786536683,True
1701,1659,66.36,02/28/2026 10:13:29.000,22.63052021,1.011320315,19.873250422329182,1.0337119741476217,0.42493009645326646,1.8510322421201164,True
1702,1660,66.4,02/28/2026 10:13:29.040,22.45508982,0.842766929,19.91185423062479,0.9352810235706259,-0.6845877713631718,8.88463304756891,True
1703,1661,66.44,02/28/2026 10:13:29.080,22.63052021,0.842766929,19.94991722425087,0.8717687786939061,-1.0321968145949092,2.07933496072667,True
1704,1662,66.48,02/28/2026 10:13:29.120,22.27965943,0.842766929,19.98695194004535,0.8373333490380309,-0.9667611119826791,0.9959112456715022,True
1705,1663,66.52,02/28/2026 10:13:29.160,22.10422904,0.842766929,20.023336660554413,0.8231797899638389,-0.731562664845906,1.1443105771113884,True
1706,1664,66.56,02/28/2026 10:13:29.200,22.27965943,0.842766929,20.059639085719837,0.8210710735424301,-0.47105258890781515,1.3330972710378113,True
1707,1665,66.6,02/28/2026 10:13:29.240,22.27965943,0.674213543,20.090916124997186,0.7311762611449856,-1.1541350334639284,3.7985157910871754,True
1708,1666,66.64,02/28/2026 10:13:29.280,22.27965943,0.674213543,20.121402860932537,0.6790442618070818,-1.2118448666377084,0.8794718360055852,True
1709,1667,66.68,02/28/2026 10:13:29.320,22.27965943,0.842766929,20.156162704793477,0.7484229104464624,-0.07985739856167728,8.841479104316159,True
1710,1668,66.72,02/28/2026 10:13:29.360,21.92879865,0.674213543,20.185979697861928,0.7058199838171958,-0.45881517320365794,1.457113052355889,True
1711,1669,66.76,02/28/2026 10:13:29.400,22.10422904,0.674213543,20.21562493024328,0.6801331852546519,-0.5296176731527591,0.6888060215126475,True
1712,1670,66.8,02/28/2026 10:13:29.440,22.45508982,0.674213543,20.24537681167881,0.6674539603656603,-0.44828442819241904,0.9416193572341636,True
1713,1671,66.84,02/28/2026 10:13:29.480,22.10422904,0.674213543,20.27452308059042,0.6632568302520805,-0.31664453972754525,0.7256348614232824,True
1714,1672,66.88,02/28/2026 10:13:29.520,22.10422904,0.674213543,20.303541668373306,0.6637316335168764,-0.19070361704868827,0.6970299100628239,True
1715,1673,66.92,02/28/2026 10:13:29.560,22.27965943,0.674213543,20.33268681066695,0.6661851832378778,-0.09417926853769266,0.7571722079419541,True
1716,1674,66.96000000000001,02/28/2026 10:13:29.600,22.10422904,0.674213543,20.361590293306037,0.6689907861204082,-0.03133363696265276,0.5845921278169821,True
1717,1675,67.0,02/28/2026 10:13:29.640,22.27965943,0.674213543,20.39066861324411,0.6713584965477201,0.003125156942553879,0.6652840724943948,True
1718,1676,67.04,02/28/2026 10:13:29.680,21.92879865,0.674213543,20.41932679744237,0.6730194705188108,0.017616773324876947,0.4213741880210646,True
1719,1677,67.08,02/28/2026 10:13:29.720,22.27965943,0.505660158,20.443497975437953,0.5804293833215214,-0.8791118518344538,5.646305316208513,True
1720,1678,67.12,02/28/2026 10:13:29.760,22.45508982,0.505660158,20.467133271784366,0.5233004317478434,-1.0905041468733547,1.0075916399633011,True
1721,1679,67.16,02/28/2026 10:13:29.800,21.92879865,0.505660158,20.489583662815257,0.49412500921363794,-0.9519686713930903,0.5019279557711562,True
1722,1680,67.2,02/28/2026 10:13:29.840,22.10422904,0.505660158,20.511834641641936,0.48361605847349476,-0.6873507174292084,0.9053634121526701,True
1723,1681,67.24,02/28/2026 10:13:29.880,21.92879865,0.505660158,20.533649356852756,0.4836471306305877,-0.4231273944355825,0.7953920300132471,True
1724,1682,67.28,02/28/2026 10:13:29.920,22.45508982,0.337106772,20.551076452379164,0.3947772124336297,-1.1147312944535153,3.656999184472017,True
1725,1683,67.32000000000001,02/28/2026 10:13:29.960,22.27965943,0.337106772,20.567544590250993,0.3429472834211068,-1.1846041333793427,0.5708385627953931,True
1726,1684,67.36,02/28/2026 10:13:30.000,22.45508982,0.337106772,20.583642701755654,0.31865554577340494,-0.9630553590115503,0.9526841206390344,True
1727,1685,67.4,02/28/2026 10:13:30.040,22.63052021,0.337106772,20.599572540807014,0.3117954233397453,-0.659194786570674,1.337849885457385,True
1728,1686,67.44,02/28/2026 10:13:30.080,22.63052021,0.168553386,20.61043256806838,0.22055892983054515,-1.282829650313329,3.1822801499568056,True
1729,1687,67.48,02/28/2026 10:13:30.120,22.27965943,0.168553386,20.620092162191433,0.16888338834729338,-1.2866041991823742,0.5078192898936006,True
1730,1688,67.52,02/28/2026 10:13:30.160,22.63052021,0.168553386,20.62956610455019,0.14583859793341158,-1.0138953240307549,1.2032543776047457,True
1731,1689,67.56,02/28/2026 10:13:30.200,22.27965943,0.168553386,20.63827842519022,0.1404362537991819,-0.6764197758248468,1.2088143984657167,True
1732,1690,67.6,02/28/2026 10:13:30.240,22.10422904,0.0,20.64173496202517,0.05044385400560643,-1.2813824704467511,2.681142856959729,True
1733,1691,67.64,02/28/2026 10:13:30.280,22.27965943,0.0,20.644603170164036,-0.0003391251518365134,-1.2771328806610112,0.49296285094648645,True
1734,1692,67.68,02/28/2026 10:13:30.320,22.63052021,-0.168553386,20.642433223434463,-0.11643499282441172,-1.9021250404401884,3.1692347497813893,True
1735,1693,67.72,02/28/2026 10:13:30.360,22.63052021,-0.168553386,20.63920036491514,-0.17918580026285127,-1.7743575162323753,0.8331996458255981,True
1736,1694,67.76,02/28/2026 10:13:30.400,22.27965943,-0.168553386,20.634832759048397,-0.20482527744360443,-1.339057012718859,1.683478988872084,True
1737,1695,67.8,02/28/2026 10:13:30.440,22.45508982,-0.168553386,20.63022827793179,-0.20848196185812057,-0.8598709079429201,2.0495624564785153,True
1738,1696,67.84,02/28/2026 10:13:30.480,22.27965943,-0.337106772,20.62035247293338,-0.2951768447000675,-1.362678613268163,2.087162413345916,True
1739,1697,67.88,02/28/2026 10:13:30.520,22.27965943,-0.337106772,20.60970499723839,-0.34267814357218845,-1.2956590719621806,0.5422476112554189,True
1740,1698,67.92,02/28/2026 10:13:30.560,22.63052021,-0.337106772,20.5989140014395,-0.36260681245072407,-0.9895348844391684,1.3469704578786346,True
1741,1699,67.96000000000001,02/28/2026 10:13:30.600,22.27965943,-0.337106772,20.58740882815553,-0.3660285781868591,-0.6424008181341155,1.2814212801507447,True
1742,1700,68.0,02/28/2026 10:13:30.640,22.63052021,-0.505660158,20.571283055402983,-0.45496105047545476,-1.2503593214044328,3.0910523983967035,True
1743,1701,68.04,02/28/2026 10:13:30.680,23.15681138,-0.505660158,20.554997676275597,-0.5053210080335957,-1.2541390529492857,1.2480289543455336,True
1744,1702,68.08,02/28/2026 10:13:30.720,23.15681138,-0.674213543,20.53330594622555,-0.6213759878971851,-1.8876877812808934,3.776479550322979,True
1745,1703,68.12,02/28/2026 10:13:30.760,22.98138099,-0.674213543,20.51037906493362,-0.6842629011575583,-1.7668613804418636,1.217038164312506,True
1746,1704,68.16,02/28/2026 10:13:30.800,23.15681138,-0.674213543,20.48693397210938,-0.7100791329454416,-1.3363211320725599,2.4733202554476597,True
1747,1705,68.2,02/28/2026 10:13:30.840,23.33224177,-0.674213543,20.463271695184424,-0.713898856688518,-0.8599373469143973,2.936595973028002,True
1748,1706,68.24,02/28/2026 10:13:30.880,23.15681138,-0.842766929,20.434359057084237,-0.8007158484986361,-1.3640804388303764,2.95401921811462,True
1749,1707,68.28,02/28/2026 10:13:30.920,23.33224177,-0.842766929,20.404891635289317,-0.8482926253388426,-1.2974692948667812,1.607610584459391,True
1750,1708,68.32000000000001,02/28/2026 10:13:30.960,22.98138099,-0.842766929,20.37451096666587,-0.8682712043032579,-0.9912304767884578,1.8394206477704493,True
1751,1709,68.36,02/28/2026 10:13:31.000,22.98138099,-0.842766929,20.343832637223898,-0.8717082039716546,-0.643757972064654,2.0376201243012675,True
1752,1710,68.4,02/28/2026 10:13:31.040,22.27965943,-0.842766929,20.3122387486416,-0.8670642943540666,-0.35206821553851236,1.2456858266510293,True
1753,1711,68.44,02/28/2026 10:13:31.080,22.10422904,-0.842766929,20.280430307000728,-0.8598118274147367,-0.14739506374124697,0.8752360745052357,True
1754,1712,68.48,02/28/2026 10:13:31.120,22.27965943,-1.011320315,20.243994108770444,-0.9465334277714588,-0.9243533375887326,4.535869179034991,True
1755,1713,68.52,02/28/2026 10:13:31.160,22.98138099,-1.011320315,20.20769872748986,-0.998913960301899,-1.0728723164842922,1.5558650240913443,True
1756,1714,68.56,02/28/2026 10:13:31.200,22.63052021,-1.011320315,20.170522145545334,-1.0248559512771027,-0.9102257153835972,1.2811837895927565,True
1757,1715,68.60000000000001,02/28/2026 10:13:31.240,21.92879865,-1.011320315,20.132255462923226,-1.033508804500592,-0.6438530185994771,1.038754068667164,True
1758,1716,68.64,02/28/2026 10:13:31.280,22.27965943,-1.011320315,20.09423230937791,-1.0326132358584448,-0.3881804210132919,1.2893587347933058,True
1759,1717,68.68,02/28/2026 10:13:31.320,21.92879865,-1.011320315,20.05577733049937,-1.0276707833535563,-0.19183220004070248,0.8879106998254643,True
1760,1718,68.72,02/28/2026 10:13:31.360,21.92879865,-1.011320315,20.01734926803294,-1.0219792081315844,-0.06375590981521706,0.7762135374408768,True
1761,1719,68.76,02/28/2026 10:13:31.400,21.75336826,-1.179873701,19.973918206563972,-1.1107622030873263,-0.8926206911790832,4.876686710103543,True
1762,1720,68.8,02/28/2026 10:13:31.440,21.75336826,-1.179873701,19.92984563677124,-1.1649921506053904,-1.0709375793108034,0.8115340642640584,True
1763,1721,68.84,02/28/2026 10:13:31.480,21.75336826,-1.179873701,19.88528372149341,-1.1922819765954038,-0.9218804924172892,0.7823590087740917,True
1764,1722,68.88,02/28/2026 10:13:31.520,21.57793787,-1.179873701,19.84021943210333,-1.2017689246427994,-0.6590323461234331,0.9887544373113457,True
1765,1723,68.92,02/28/2026 10:13:31.560,21.75336826,-1.179873701,19.79520136835946,-1.201309253053322,-0.40167396401689026,1.121131937663634,True
1766,1724,68.96000000000001,02/28/2026 10:13:31.600,21.75336826,-1.348427087,19.745279445157106,-1.290116787409343,-1.100942092238601,3.7986136581424605,True
1767,1725,69.0,02/28/2026 10:13:31.640,21.57793787,-1.179873701,19.69934782946786,-1.2484635483752091,-0.2779291335931736,4.884962157517775,True
1768,1726,69.04,02/28/2026 10:13:31.680,21.57793787,-1.348427087,19.6487686604738,-1.3088878719316754,-0.752027898446529,2.0903395750185867,True
1769,1727,69.08,02/28/2026 10:13:31.720,20.87621632,-1.179873701,19.601829600363555,-1.2506127968313119,0.09670042296437709,4.8021736179288865,True
1770,1728,69.12,02/28/2026 10:13:31.760,20.87621632,-1.348427087,19.55041943736136,-1.3031872462210574,-0.4458500573240969,2.1633534469399747,True
1771,1729,69.16,02/28/2026 10:13:31.800,21.40250749,-1.348427087,19.499261140319483,-1.3362132863112477,-0.5921557504624748,0.8013842470950241,True
1772,1730,69.2,02/28/2026 10:13:31.840,21.05164671,-1.348427087,19.447454912605952,-1.3535079902764287,-0.5310271820259722,0.4978191451268246,True
1773,1731,69.24,02/28/2026 10:13:31.880,20.87621632,-1.348427087,19.395297157985173,-1.3601138259040113,-0.3906686207178961,0.5275505654933781,True
1774,1732,69.28,02/28/2026 10:13:31.920,21.05164671,-1.348427087,19.34326816378334,-1.3605517560076268,-0.24503140700022957,0.6707426983164836,True
1775,1733,69.32000000000001,02/28/2026 10:13:31.960,21.05164671,-1.348427087,19.291239382654155,-1.3581550004268284,-0.1281399249826778,0.6568204744778581,True
1776,1734,69.36,02/28/2026 10:13:32.000,21.05164671,-1.516980473,19.234385841283217,-1.4485997941383206,-0.9482336043056546,4.8113481534397105,True
1777,1735,69.4,02/28/2026 10:13:32.040,21.05164671,-1.516980473,19.17688380424703,-1.5034125970690568,-1.1107859609593784,0.8128905177146059,True
1778,1736,69.44,02/28/2026 10:13:32.080,21.05164671,-1.348427087,19.123761471725512,-1.4370901468553419,-0.04696907581003984,7.759582159432334,True
1779,1737,69.48,02/28/2026 10:13:32.120,21.05164671,-1.348427087,19.071053592426235,-1.3886683115376484,0.4359848271842121,2.1815056257551455,True
1780,1738,69.52,02/28/2026 10:13:32.160,20.70078593,-1.516980473,19.013512897987706,-1.4521364608907024,-0.3416973865731095,4.303951690696277,True
1781,1739,69.56,02/28/2026 10:13:32.200,20.52535554,-1.516980473,18.955414178149137,-1.4941995116187725,-0.6148038342468386,0.9202704679951479,True
1782,1740,69.60000000000001,02/28/2026 10:13:32.240,20.52535554,-1.516980473,18.89700993537285,-1.5177643152728144,-0.6052201770219569,0.4893797060658135,True
1783,1741,69.64,02/28/2026 10:13:32.280,20.34992515,-1.516980473,18.838210921120595,-1.5280755908259513,-0.4719552946251928,0.5324025002075776,True
1784,1742,69.68,02/28/2026 10:13:32.320,20.34992515,-1.516980473,18.77931445892105,-1.530289915351504,-0.3121208180023557,0.6145703763417725,True
1785,1743,69.72,02/28/2026 10:13:32.360,20.34992515,-1.516980473,18.720400887365518,-1.5284305383043237,-0.17458491087521197,0.6078654651240271,True
1786,1744,69.76,02/28/2026 10:13:32.400,20.70078593,-1.516980473,18.661910683771378,-1.525151442482154,-0.07633965078524779,0.8267763693045711,True
1787,1745,69.8,02/28/2026 10:13:32.440,20.17449476,-1.516980473,18.602904547859342,-1.5219515707094162,-0.01653193386094913,0.477728452587471,True
1788,1746,69.84,02/28/2026 10:13:32.480,19.64820359,-1.516980473,18.54339630018363,-1.5194707150325795,0.013463620235422812,0.2306558770871476,True
1789,1747,69.88,02/28/2026 10:13:32.520,20.17449476,-1.516980473,18.484550352471945,-1.5178259839493122,0.02379388774248136,0.5271528667263199,True
1790,1748,69.92,02/28/2026 10:13:32.560,19.99906437,-1.516980473,18.42558963429426,-1.5169122845144036,0.023150484151613658,0.45640917259112074,True
1791,1749,69.96000000000001,02/28/2026 10:13:32.600,19.99906437,-1.516980473,18.366703480865343,-1.5165165880748368,0.017766835438253102,0.49138341888641246,True
1792,1750,70.0,02/28/2026 10:13:32.640,20.17449476,-1.516980473,18.3080809098426,-1.5164332645838938,0.011409606352389537,0.6424130170922049,True
1793,1751,70.04,02/28/2026 10:13:32.680,19.82363398,-1.685533858,18.244272321569717,-1.6101040556480175,-0.8932718332831768,5.574262441258534,True
1794,1752,70.08,02/28/2026 10:13:32.720,19.82363398,-1.685533858,18.179816895067415,-1.6678562791826799,-1.105149859362271,0.7784908610512038,True
1795,1753,70.12,02/28/2026 10:13:32.760,19.82363398,-1.685533858,18.114866883474043,-1.6973093706121296,-0.9637010942553246,0.6634623769119892,True
1796,1754,70.16,02/28/2026 10:13:32.800,19.4727732,-1.685533858,18.049224956250423,-1.7078958190929994,-0.6952888319410859,0.8240881435690177,True
1797,1755,70.2,02/28/2026 10:13:32.840,19.4727732,-1.685533858,17.983441662113943,-1.7078282140595635,-0.42768026166984097,0.8567294912468686,True
1798,1756,70.24,02/28/2026 10:13:32.880,19.64820359,-1.685533858,17.917828173061718,-1.7030342895091126,-0.21755291470232638,0.8281461427095758,True
1799,1757,70.28,02/28/2026 10:13:32.920,19.29734281,-1.685533858,17.851879030727236,-1.6971679479116835,-0.07782987375763176,0.5073025196304829,True
1800,1758,70.32000000000001,02/28/2026 10:13:32.960,19.4727732,-1.685533858,17.786209441888037,-1.6920701248620866,0.0007663805204557866,0.5630574865531881,True
1801,1759,70.36,02/28/2026 10:13:33.000,19.29734281,-1.685533858,17.72044718126248,-1.6884061815993106,0.03539776564957972,0.4659205700453698,True
1802,1760,70.4,02/28/2026 10:13:33.040,19.12191243,-1.685533858,17.654592205127923,-1.6861620585457082,0.04309646966914072,0.39727655852570737,True
1803,1761,70.44,02/28/2026 10:13:33.080,18.94648204,-1.685533858,17.588638565224656,-1.6850285068857864,0.03718492933289498,0.3400967205475585,True
1804,1762,70.48,02/28/2026 10:13:33.120,18.77105165,-1.685533858,17.522579006835688,-1.6846309903018064,0.026492640714757407,0.2880411416260997,True
1805,1763,70.52,02/28/2026 10:13:33.160,19.12191243,-1.854087244,17.4521170823783,-1.77822974074589,-0.8833094735642838,5.686442457931167,True
1806,1764,70.56,02/28/2026 10:13:33.200,19.29734281,-1.854087244,17.381209884911826,-1.836038599514055,-1.099608597379426,0.9689881335624821,True
1807,1765,70.60000000000001,02/28/2026 10:13:33.240,19.12191243,-1.854087244,17.30962366077064,-1.8655977745177963,-0.9613270786600843,0.72512191777283,True
1808,1766,70.64,02/28/2026 10:13:33.280,18.77105165,-1.854087244,17.237354304584418,-1.8762876584831187,-0.694840513556416,0.8777122849757819,True
1809,1767,70.68,02/28/2026 10:13:33.320,18.59562126,-1.854087244,17.164758154101914,-1.8763025564339426,-0.4281866424424839,0.8220542356491569,True
1810,1768,70.72,02/28/2026 10:13:33.360,18.59562126,-1.854087244,17.09214564814592,-1.871564549201081,-0.21836189823162475,0.6920553040637696,True
1811,1769,70.76,02/28/2026 10:13:33.400,18.59562126,-1.854087244,17.019589637019127,-1.8657237028633464,-0.07859595636650923,0.5801119755758227,True
1812,1770,70.8,02/28/2026 10:13:33.440,18.42019087,-1.854087244,16.946935574507304,-1.8606410311312318,0.00018680011139469987,0.4389773106115946,True
1813,1771,70.84,02/28/2026 10:13:33.480,18.42019087,-1.854087244,16.874388446253317,-1.8569780838442786,0.03503685245001195,0.4481137416266704,True
1814,1772,70.88,02/28/2026 10:13:33.520,18.59562126,-1.854087244,16.8021393752774,-1.8547257599790576,0.0428954846114514,0.5933499938683344,True
1815,1773,70.92,02/28/2026 10:13:33.560,18.42019087,-1.854087244,16.72979912287688,-1.8535856310466814,0.03706568020589893,0.5269540527423999,True
1816,1774,70.96000000000001,02/28/2026 10:13:33.600,18.24476048,-1.854087244,16.657360427165305,-1.8531836503511812,0.02640228397393031,0.4652161309920913,True
1817,1775,71.0,02/28/2026 10:13:33.640,18.06933009,-1.854087244,16.584817028974463,-1.8531959400648041,0.015874899627019105,0.40693515704485006,True
1818,1776,71.04,02/28/2026 10:13:33.680,18.24476048,-1.854087244,16.51254667883295,-1.8533853878040105,0.007647614330501944,0.5535482638890515,True
1819,1777,71.08,02/28/2026 10:13:33.720,17.8938997,-1.854087244,16.43997304002589,-1.8536197059417563,0.0022003355962750036,0.3898641911916754,True
1820,1778,71.12,02/28/2026 10:13:33.760,17.71846931,-1.854087244,16.36728614145554,-1.8538221886859778,-0.0008293577036616248,0.33660932706509444,True
1821,1779,71.16,02/28/2026 10:13:33.800,17.8938997,-1.854087244,16.294867401077326,-1.8539628399648593,-0.0021442984495182093,0.4713569747801914,True
1822,1780,71.2,02/28/2026 10:13:33.840,17.71846931,-1.854087244,16.222334830416074,-1.8540501546985926,-0.002423227497616813,0.41263684135011636,True
1823,1781,71.24,02/28/2026 10:13:33.880,17.54303892,-1.854087244,16.14968886939378,-1.8540953167851169,-0.002171795809908085,0.3578883089586196,True
1824,1782,71.28,02/28/2026 10:13:33.920,17.19217814,-1.854087244,16.076739394015068,-1.85411462728674,-0.0017195492949597978,0.22936151999592017,True
1825,1783,71.32000000000001,02/28/2026 10:13:33.960,17.36760853,-1.854087244,16.004058820575793,-1.8541118687118499,-0.0012728673971182485,0.34274403938478765,True
1826,1784,71.36,02/28/2026 10:13:34.000,17.54303892,-1.854087244,15.931646884226595,-1.8540993977015285,-0.000948290496772052,0.4786620864339438,True
1827,1785,71.4,02/28/2026 10:13:34.040,17.36760853,-1.854087244,15.859122455481433,-1.8540894465513387,-0.0007545052303979132,0.4194773956263349,True
1828,1786,71.44,02/28/2026 10:13:34.080,17.19217814,-1.854087244,15.786485767614801,-1.8540829413212148,-0.0006501618081684289,0.3642554823071073,True
1829,1787,71.48,02/28/2026 10:13:34.120,17.36760853,-1.854087244,15.714117488843312,-1.8540748946712893,-0.00061485371313315,0.5039980670207382,True
1830,1788,71.52,02/28/2026 10:13:34.160,17.36760853,-1.854087244,15.641826999749378,-1.8540697259693457,-0.0006335293176312825,0.54903062413137,True
1831,1789,71.56,02/28/2026 10:13:34.200,17.36760853,-1.854087244,15.569614141365896,-1.8540667985881323,-0.0006793103568130544,0.5959384346218252,True
1832,1790,71.60000000000001,02/28/2026 10:13:34.240,17.54303892,-1.854087244,15.497668751848645,-1.8540630194349081,-0.000742980935629435,0.771202400605349,True
1833,1791,71.64,02/28/2026 10:13:34.280,17.19217814,-1.685533858,15.430287232490977,-1.7604753067359644,0.8984508780918147,5.626644862827035,True
1834,1792,71.68,02/28/2026 10:13:34.320,17.36760853,-1.685533858,15.363885073184504,-1.7028535778060685,1.1064407196102677,1.0107431166956047,True
1835,1793,71.72,02/28/2026 10:13:34.360,17.36760853,-1.685533858,15.298118526780902,-1.6735259524703983,0.9626233647919394,0.9185876930037917,True
1836,1794,71.76,02/28/2026 10:13:34.400,17.19217814,-1.516980473,15.237475387512408,-1.5694518265526534,1.59228712360671,3.1830716099400496,True
1837,1795,71.8,02/28/2026 10:13:34.440,16.84131737,-1.516980473,15.177447204465414,-1.511968290712406,1.5323455334145493,0.532738917362446,True
1838,1796,71.84,02/28/2026 10:13:34.480,17.54303892,-1.516980473,15.118899776652976,-1.4874592781673432,1.1784779271536898,1.8653918837344947,True
1839,1797,71.88,02/28/2026 10:13:34.520,17.19217814,-1.348427087,15.06529981977956,-1.3892673208350792,1.6686337562083988,2.3361036045563477,True
1840,1798,71.92,02/28/2026 10:13:34.560,17.19217814,-1.348427087,15.012670744917688,-1.3368770418305918,1.5303211027895491,0.9950500747688584,True
1841,1799,71.96000000000001,02/28/2026 10:13:34.600,17.01674775,-1.348427087,14.960538099070773,-1.3160391520030792,1.142023230862854,1.7212545729431543,True
1842,1800,72.0,02/28/2026 10:13:34.640,17.19217814,-1.348427087,14.909019159265519,-1.313676352336144,0.7254063685177328,2.0451685409200153,True
1843,1801,72.04,02/28/2026 10:13:34.680,17.19217814,-1.348427087,14.85772921033948,-1.3200362870641416,0.3850890379017255,1.727961499947783,True
1844,1802,72.08,02/28/2026 10:13:34.720,16.49045659,-1.179873701,14.810654452559312,-1.2353366897899776,1.0506099816910401,3.289080693352451,True
1845,1803,72.12,02/28/2026 10:13:34.760,16.66588698,-1.011320315,14.769387387105466,-1.0922342085429266,2.0214642793680992,6.555130271107111,True
1846,1804,72.16,02/28/2026 10:13:34.800,16.49045659,-1.011320315,14.72921570601873,-1.0113214834990494,2.02167369606681,0.571820654937914,True
1847,1805,72.2,02/28/2026 10:13:34.840,16.3150262,-1.011320315,14.68979439934832,-0.9753344346234025,1.590167017874364,1.6502250857117104,True
1848,1806,72.24,02/28/2026 10:13:34.880,16.3150262,-0.842766929,14.655833903318719,-0.8734144953014464,1.9579996126744774,1.3534769688853103,True
1849,1807,72.28,02/28/2026 10:13:34.920,16.13959581,-0.842766929,14.622719303981594,-0.8215449090995943,1.7035883332992943,0.8284493956135268,True
1850,1808,72.32000000000001,02/28/2026 10:13:34.960,16.84131737,-0.842766929,14.591059672940089,-0.802992541595458,1.2267040277088914,2.3541521676214403,True
1851,1809,72.36,02/28/2026 10:13:35.000,16.3150262,-0.674213543,14.564109400783144,-0.709640850439251,1.6518846211614076,1.6954537311304119,True
1852,1810,72.4,02/28/2026 10:13:35.040,16.3150262,-0.674213543,14.538070763576416,-0.6605594694095605,1.488287355916465,0.7491667862873653,True
1853,1811,72.44,02/28/2026 10:13:35.080,16.84131737,-0.505660158,14.518093514795412,-0.5480431368403045,1.9969717470641892,2.6129215351576027,True
1854,1812,72.48,02/28/2026 10:13:35.120,16.84131737,-0.505660158,14.499202864065573,-0.4889530669519868,1.7968131528042148,1.2613106256007565,True
1855,1813,72.52,02/28/2026 10:13:35.160,16.49045659,-0.505660158,14.480681114208421,-0.46623850782173876,1.3241336047271695,2.1404211571806178,True
1856,1814,72.56,02/28/2026 10:13:35.200,16.84131737,-0.337106772,14.467841431876607,-0.37094943832011873,1.7303738935595905,2.07049165021086,True
1857,1815,72.60000000000001,02/28/2026 10:13:35.240,16.49045659,-0.337106772,14.455549901438786,-0.32134821954474324,1.541559894323147,0.985907289779005,True
1858,1816,72.64,02/28/2026 10:13:35.280,16.66588698,-0.337106772,14.444075709525197,-0.3026450079345896,1.1284027131003607,1.9762940505044098,True
1859,1817,72.68,02/28/2026 10:13:35.320,16.66588698,-0.168553386,14.43783388825188,-0.20808582263183775,1.6028814097825983,2.322810520022448,True
1860,1818,72.72,02/28/2026 10:13:35.360,16.3150262,-0.168553386,14.432101271139588,-0.1575953656527054,1.4716377804085008,0.7610651116927093,True
1861,1819,72.76,02/28/2026 10:13:35.400,16.3150262,-0.168553386,14.426980339589084,-0.13747493894269272,1.0990298748813756,1.5244204633368317,True
1862,1820,72.8,02/28/2026 10:13:35.440,16.49045659,0.0,14.427274161492885,-0.04156185834773512,1.5978352429576759,2.3403519322803943,True
1863,1821,72.84,02/28/2026 10:13:35.480,16.13959581,0.0,14.428077046773334,0.009963405042627063,1.4785040118962012,0.6288609821220249,True
1864,1822,72.88,02/28/2026 10:13:35.520,16.13959581,0.0,14.429491928530014,0.03075588153722239,1.1097458635593973,1.3886003737966206,True
1865,1823,72.92,02/28/2026 10:13:35.560,16.13959581,0.168553386,14.436132963419773,0.12703391649472123,1.6080028260100643,2.087055459108417,True
1866,1824,72.96000000000001,02/28/2026 10:13:35.600,15.96416542,0.168553386,14.443468584530576,0.17871398120222448,1.486284928972593,0.5187711592320325,True
1867,1825,73.0,02/28/2026 10:13:35.640,15.96416542,0.168553386,14.451411872601442,0.19953275933906833,1.114823875667927,1.2839003959922315,True
1868,1826,73.04,02/28/2026 10:13:35.680,15.96416542,0.168553386,14.459708979483853,0.20218344934823063,0.711564197229197,1.4332273166938325,True
1869,1827,73.08,02/28/2026 10:13:35.720,15.96416542,0.337106772,14.473036184032994,0.2897792468960803,1.2794710963323284,2.426126626433457,True
1870,1828,73.12,02/28/2026 10:13:35.760,16.13959581,0.337106772,14.487304610276347,0.33884159366884536,1.2588434623769271,0.5058967648907717,True
1871,1829,73.16,02/28/2026 10:13:35.800,16.3150262,0.337106772,14.502295419004646,0.3602967639578253,0.9808571856853424,1.0884076553775264,True
1872,1830,73.2,02/28/2026 10:13:35.840,16.3150262,0.505660158,14.52247293857879,0.4584841409394935,1.5469800316616138,2.596038771365029,True
1873,1831,73.24,02/28/2026 10:13:35.880,16.13959581,0.505660158,14.543328127984193,0.5122204938980092,1.4684592637096372,0.5081668050028042,True
1874,1832,73.28,02/28/2026 10:13:35.920,16.3150262,0.505660158,14.564970920038933,0.5347243977175499,1.1199984968585335,1.3231080837516065,True
1875,1833,73.32000000000001,02/28/2026 10:13:35.960,16.13959581,0.505660158,14.586776527244986,0.5385311826063205,0.7258496182602779,1.4150724997835973,True
1876,1834,73.36,02/28/2026 10:13:36.000,16.3150262,0.505660158,14.608927502684313,0.5332144996321616,0.3954967271133552,1.2183066653834556,True
1877,1835,73.4,02/28/2026 10:13:36.040,16.3150262,0.505660158,14.63111283038638,0.5249728152436344,0.16400870439024323,0.8573838039448054,True
1878,1836,73.44,02/28/2026 10:13:36.080,16.3150262,0.505660158,14.653264896994898,0.5171890327322994,0.02589255820304326,0.6281276568055734,True
1879,1837,73.48,02/28/2026 10:13:36.120,16.3150262,0.674213543,14.680222333086187,0.604860818447116,0.8580299106254958,4.821316867283917,True
1880,1838,73.52,02/28/2026 10:13:36.160,16.13959581,0.674213543,14.707639654603128,0.6586526717069745,1.0448571392382253,0.5963010703893076,True
1881,1839,73.56,02/28/2026 10:13:36.200,16.66588698,0.674213543,14.736116315139034,0.6859062721881725,0.9048051247189226,0.8089053606899339,True
1882,1840,73.60000000000001,02/28/2026 10:13:36.240,16.3150262,0.674213543,14.764541155891798,0.6955305243933672,0.64925840534242,0.8510596512672892,True
1883,1841,73.64,02/28/2026 10:13:36.280,16.3150262,0.674213543,14.79313279902664,0.6952643598925664,0.3969014258735817,0.8247483014121957,True
1884,1842,73.68,02/28/2026 10:13:36.320,16.3150262,0.674213543,14.821780330691315,0.6906562739688535,0.19981991377303665,0.6536120374612203,True
1885,1843,73.72,02/28/2026 10:13:36.360,16.49045659,0.674213543,14.850602075005895,0.6851028221559612,0.0693739302578204,0.6019285072603575,True
1886,1844,73.76,02/28/2026 10:13:36.400,16.84131737,0.674213543,14.879749630814434,0.6803166778638962,-0.0036217280526428947,0.7425013132495364,True
1887,1845,73.8,02/28/2026 10:13:36.440,17.19217814,0.674213543,14.909210467676775,0.6768938003526263,-0.03552085822801181,0.9670738616514052,True
1888,1846,73.84,02/28/2026 10:13:36.480,17.01674775,0.674213543,14.938426652054613,0.6748013135092508,-0.04234119803883039,0.796514456674381,True
1889,1847,73.88,02/28/2026 10:13:36.520,16.49045659,0.674213543,14.967032668890475,0.673741985978554,-0.03651539249365115,0.42803241953263726,True
1890,1848,73.92,02/28/2026 10:13:36.560,17.54303892,0.674213543,14.996708850167654,0.6733881103277529,-0.026331014269641403,1.195872305186736,True
1891,1849,73.96000000000001,02/28/2026 10:13:36.600,16.66588698,0.674213543,15.025416362523107,0.673399850128878,-0.016387959465252608,0.49670693292616563,True
1892,1850,74.0,02/28/2026 10:13:36.640,16.84131737,0.842766929,15.059141865150044,0.7671747765468444,0.8906139785776035,5.728046037243666,True
1893,1851,74.04,02/28/2026 10:13:36.680,16.49045659,0.674213543,15.088309750159311,0.7314194582197617,0.20452678416356918,3.303797954635416,True
1894,1852,74.08,02/28/2026 10:13:36.720,17.01674775,0.674213543,15.117850658549672,0.7033190248993427,-0.14441221884428146,1.4252727583818223,True
1895,1853,74.12,02/28/2026 10:13:36.760,16.84131737,0.674213543,15.146986813642188,0.6846114267940385,-0.268957378211745,0.6260060162328633,True
1896,1854,74.16,02/28/2026 10:13:36.800,17.19217814,0.674213543,15.176299296040698,0.6740800773235345,-0.2671326913622666,0.7491269196674909,True
1897,1855,74.2,02/28/2026 10:13:36.840,17.54303892,0.674213543,15.205833340666087,0.6694331000263869,-0.20952717156149303,1.0277694656382275,True
1898,1856,74.24,02/28/2026 10:13:36.880,17.54303892,0.674213543,15.235263300639618,0.6683907906655785,-0.13942136325187068,1.0125641009342254,True
1899,1857,74.28,02/28/2026 10:13:36.920,17.36760853,0.674213543,15.264439610601503,0.6691716659183475,-0.0787056407463135,0.8384994869373962,True
1900,1858,74.32000000000001,02/28/2026 10:13:36.960,17.36760853,0.674213543,15.293571384865926,0.6705986734714255,-0.03511154747047809,0.8048824125990113,True
1901,1859,74.36,02/28/2026 10:13:37.000,17.36760853,0.842766929,15.32753869812168,0.7655993273208067,0.8908181019681616,6.1267498686130075,True
1902,1860,74.4,02/28/2026 10:13:37.040,17.19217814,0.842766929,15.362007977521882,0.8243190560925896,1.1123220011637835,0.9243371383966765,True
1903,1861,74.44,02/28/2026 10:13:37.080,17.71846931,0.674213543,15.392700351487491,0.7607901984436181,0.07400556592956264,7.733777054612798,True
1904,1862,74.48,02/28/2026 10:13:37.120,17.54303892,0.674213543,15.422839887755286,0.7140623946505343,-0.40378646366001353,2.254804796773851,True
1905,1863,74.52,02/28/2026 10:13:37.160,17.54303892,0.674213543,15.452598931295102,0.6847805397086176,-0.5303163645112278,0.9054403925489969,True
1906,1864,74.56,02/28/2026 10:13:37.200,17.8938997,0.842766929,15.487282550452097,0.7631019516821147,0.4256124890131725,6.7802921872734,True
1907,1865,74.60000000000001,02/28/2026 10:13:37.240,17.8938997,0.674213543,15.517590020143604,0.7213488797456539,-0.13955988004311026,3.036476833961979,True
1908,1866,74.64,02/28/2026 10:13:37.280,17.8938997,0.842766929,15.552469751901196,0.7863158944683656,0.537887046956137,3.87989186871536,True
1909,1867,74.68,02/28/2026 10:13:37.320,17.54303892,0.674213543,15.582555142197904,0.7336648377707,-0.17507380957777852,3.8846032357227855,True
1910,1868,74.72,02/28/2026 10:13:37.360,17.54303892,0.674213543,15.612278234902453,0.6975651149544115,-0.4549853208087873,1.1765371576196706,True
1911,1869,74.76,02/28/2026 10:13:37.400,17.01674775,0.674213543,15.641115563819188,0.6765232191605296,-0.48253961758980063,0.35355343488178764,True
1912,1870,74.8,02/28/2026 10:13:37.440,17.19217814,0.674213543,15.66988300332607,0.6666768158724891,-0.39196009076366034,0.4785404194939855,True
1913,1871,74.84,02/28/2026 10:13:37.480,17.01674775,0.674213543,15.698294005029124,0.663906387066501,-0.2681690845154736,0.4163108702340599,True
1914,1872,74.88,02/28/2026 10:13:37.520,17.19217814,0.674213543,15.72678415831419,0.6648784144671942,-0.15602222876104432,0.47454519862684363,True
1915,1873,74.92,02/28/2026 10:13:37.560,17.19217814,0.674213543,15.755214738660273,0.6673053838654459,-0.07299247674512996,0.42378842301828623,True
1916,1874,74.96000000000001,02/28/2026 10:13:37.600,17.19217814,0.674213543,15.78361231713822,0.6698614430065059,-0.020628386667261127,0.3829154483358801,True
1917,1875,75.0,02/28/2026 10:13:37.640,17.19217814,0.674213543,15.81198929169149,0.6719293838275535,0.0069255161108616944,0.35591351266675864,True
1918,1876,75.04,02/28/2026 10:13:37.680,17.19217814,0.674213543,15.840349122533839,0.6733388756830225,0.017567994004154486,0.33757951920707835,True
1919,1877,75.08,02/28/2026 10:13:37.720,17.36760853,0.674213543,15.868874471263512,0.6741570134355314,0.01841237916060901,0.41406078094901205,True
1920,1878,75.12,02/28/2026 10:13:37.760,17.36760853,0.505660158,15.89251137616251,0.5809446427144487,-0.8845374332827657,5.496027581836548,True
1921,1879,75.16,02/28/2026 10:13:37.800,17.36760853,0.505660158,15.915411050758236,0.5234259396748198,-1.0974948382581828,0.671995791790517,True
1922,1880,75.2,02/28/2026 10:13:37.840,17.71846931,0.505660158,15.938091856725018,0.4940610050181197,-0.9581537828619371,0.7057968917629179,True
1923,1881,75.24,02/28/2026 10:13:37.880,17.71846931,0.505660158,15.960373209321599,0.483479766819518,-0.6918825581462689,1.0131749880153242,True
1924,1882,75.28,02/28/2026 10:13:37.920,17.54303892,0.505660158,15.982235001962449,0.4835081003247893,-0.4259731083765738,0.8912376406165851,True
1925,1883,75.32000000000001,02/28/2026 10:13:37.960,17.54303892,0.505660158,16.003979068645098,0.48825083582161183,-0.2169599742986143,0.7098723715460513,True
1926,1884,75.36,02/28/2026 10:13:38.000,17.54303892,0.505660158,16.025678048512116,0.4940780925999652,-0.07785307925159676,0.5454810339784498,True
1927,1885,75.4,02/28/2026 10:13:38.040,17.54303892,0.337106772,16.042502115994207,0.40555320334429795,-0.8987707134670033,4.626212662934981,True
1928,1886,75.44,02/28/2026 10:13:38.080,17.19217814,0.337106772,16.0582522287719,0.351573957750537,-1.072193435472538,0.42486769121515494,True
1929,1887,75.48,02/28/2026 10:13:38.120,17.54303892,0.337106772,16.073815403343588,0.32448656279848986,-0.9206382973913522,0.5416004237590155,True
1930,1888,75.52,02/28/2026 10:13:38.160,17.54303892,0.337106772,16.08900763278684,0.31513561585247285,-0.6569107899270534,0.8246569595057583,True
1931,1889,75.56,02/28/2026 10:13:38.200,17.36760853,0.337106772,16.10380285650189,0.3156659515182286,-0.39956629627460444,0.7085322605684083,True
1932,1890,75.60000000000001,02/28/2026 10:13:38.240,17.54303892,0.337106772,16.118679594119047,0.32048200600954285,-0.1999774315831152,0.6231247045806448,True
1933,1891,75.64,02/28/2026 10:13:38.280,17.71846931,0.337106772,16.133705701395648,0.32617663975872546,-0.06868365820713754,0.5708168083628335,True
1934,1892,75.68,02/28/2026 10:13:38.320,17.54303892,0.337106772,16.148549025092922,0.33104240413672015,0.004219249069031594,0.39173725519980795,True
1935,1893,75.72,02/28/2026 10:13:38.360,17.36760853,0.337106772,16.163221478483436,0.3345007889650619,0.0356142486860114,0.2735695884050941,True
1936,1894,75.76,02/28/2026 10:13:38.400,17.54303892,0.337106772,16.17808821825265,0.33659951245914493,0.041850750700274254,0.34368026384861183,True
1937,1895,75.8,02/28/2026 10:13:38.440,17.54303892,0.168553386,16.18809323936115,0.24405277402193898,-0.8636903762863495,5.462698841520291,True
1938,1896,75.84,02/28/2026 10:13:38.480,17.36760853,0.168553386,16.19720100571692,0.18678185510608677,-1.0822294467887983,0.550851371307999,True
1939,1897,75.88,02/28/2026 10:13:38.520,17.54303892,0.168553386,16.205924472309675,0.1574256757752763,-0.948592998580738,0.4412925008057289,True
1940,1898,75.92,02/28/2026 10:13:38.560,17.54303892,0.168553386,16.21426544953649,0.14674703421274504,-0.6868563827933425,0.7538424326379045,True
1941,1899,75.96000000000001,02/28/2026 10:13:38.600,17.54303892,0.168553386,16.222385795458163,0.14665389679173796,-0.42400339053537783,0.7535363555474046,True
1942,1900,76.0,02/28/2026 10:13:38.640,17.54303892,0.168553386,16.23040268350396,0.15128841878518406,-0.21674706085503145,0.5862459060856322,True
1943,1901,76.04,02/28/2026 10:13:38.680,17.54303892,0.0,16.233521610500894,0.06344560635614563,-0.9776959406435859,3.934516482569394,True
1944,1902,76.08,02/28/2026 10:13:38.720,17.36760853,0.0,16.235751540632396,0.010839042274138766,-1.1075956489584582,0.34152302682781965,True
1945,1903,76.12,02/28/2026 10:13:38.760,17.54303892,0.0,16.237624152717455,-0.014865761133892284,-0.9291210215626673,0.5133492815621945,True
1946,1904,76.16,02/28/2026 10:13:38.800,17.54303892,0.0,16.239145945984532,-0.023122745228803258,-0.6515956978107427,0.7949901385836136,True
1947,1905,76.2,02/28/2026 10:13:38.840,17.54303892,-0.168553386,16.23560863928349,-0.11544878119143168,-1.2884940499610167,2.8498358307413056,True
1948,1906,76.24,02/28/2026 10:13:38.880,17.54303892,-0.168553386,16.231277770753255,-0.16783998319578647,-1.296906528614368,0.3176219820105558,True
1949,1907,76.28,02/28/2026 10:13:38.920,17.54303892,-0.168553386,16.22637321008722,-0.19129004088060034,-1.0240113324048785,0.785229995845624,True
1950,1908,76.32000000000001,02/28/2026 10:13:38.960,17.8938997,-0.168553386,16.221480238214017,-0.19685979067152612,-0.684261898841418,1.2373603045771984,True
1951,1909,76.36,02/28/2026 10:13:39.000,17.8938997,-0.168553386,16.216409152883035,-0.1932928064151596,-0.3873014825266199,1.0701726955242026,True
1952,1910,76.4,02/28/2026 10:13:39.040,18.42019087,-0.168553386,16.211822243459906,-0.18641655338517057,-0.17276977997063864,1.1869123493686953,True
1953,1911,76.44,02/28/2026 10:13:39.080,18.24476048,-0.168553386,16.207057420334756,-0.17954424483134246,-0.04069729237101696,0.8745792457047661,True
1954,1912,76.48,02/28/2026 10:13:39.120,17.8938997,-0.337106772,16.197095715220538,-0.2677338091611422,-0.8727078433490049,4.856373227706422,True
1955,1913,76.52,02/28/2026 10:13:39.160,17.8938997,-0.337106772,16.186462233873055,-0.32175624123818697,-1.056663569195756,0.7487019770462746,True
1956,1914,76.56,02/28/2026 10:13:39.200,17.71846931,-0.337106772,16.1751241894771,-0.3490568658713152,-0.9131389258513172,0.5679467425801845,True
1957,1915,76.60000000000001,02/28/2026 10:13:39.240,17.54303892,-0.337106772,16.163262107823712,-0.3586474782354082,-0.6545833428424637,0.7689665747204958,True
1958,1916,76.64,02/28/2026 10:13:39.280,17.54303892,-0.337106772,16.15121353668039,-0.3583130463877878,-0.4000382714172261,0.762259323394072,True
1959,1917,76.68,02/28/2026 10:13:39.320,17.36760853,-0.337106772,16.138908648563884,-0.35363822570937165,-0.20159049132748325,0.5245712996317863,True
1960,1918,76.72,02/28/2026 10:13:39.360,17.54303892,-0.337106772,16.12677868165202,-0.348026342406962,-0.07044211572423267,0.4773464078736883,True
1961,1919,76.76,02/28/2026 10:13:39.400,18.06933009,-0.337106772,16.11522033788761,-0.34319027854488965,0.002752448779656122,0.7374549535018856,True
1962,1920,76.8,02/28/2026 10:13:39.440,17.54303892,-0.337106772,16.10315701219066,-0.33974422709593516,0.034551104462699773,0.3885176886901653,True
1963,1921,76.84,02/28/2026 10:13:39.480,17.54303892,-0.337106772,16.09113255364485,-0.33764578435324344,0.041178153192515936,0.38885997587692167,True
1964,1922,76.88,02/28/2026 10:13:39.520,17.54303892,-0.337106772,16.079140933240517,-0.3365944705918579,0.035194961257028506,0.3952431510692053,True
1965,1923,76.92,02/28/2026 10:13:39.560,17.54303892,-0.337106772,16.067174989721615,-0.3362331886037165,0.02487915399054758,0.4021647206180813,True
1966,1924,76.96000000000001,02/28/2026 10:13:39.600,18.06933009,-0.337106772,16.05577172365444,-0.33624887152713795,0.014811121900025107,0.7479828774039186,True
1967,1925,77.0,02/28/2026 10:13:39.640,17.8938997,-0.337106772,16.044201977119997,-0.3364371330038866,0.006983300143876072,0.631046464162068,True
1968,1926,77.04,02/28/2026 10:13:39.680,17.8938997,-0.337106772,16.032644252626813,-0.33665996049405034,0.0018298009690952037,0.6387383113199837,True
1969,1927,77.08,02/28/2026 10:13:39.720,17.8938997,-0.337106772,16.021097196792276,-0.33685058587896083,-0.001035673593507801,0.6465739355297815,True
1970,1928,77.12,02/28/2026 10:13:39.760,18.06933009,-0.337106772,16.00974115179762,-0.33698385489277516,-0.002281733118770092,0.7819292068886383,True
1971,1929,77.16,02/28/2026 10:13:39.800,18.06933009,-0.505660158,15.993528266911675,-0.430656012843469,-0.9018019695584496,5.850247563878362,True
1972,1930,77.2,02/28/2026 10:13:39.840,18.06933009,-0.505660158,15.976613121449883,-0.48831766112100716,-1.109610609530021,1.0769148808861402,True
1973,1931,77.24,02/28/2026 10:13:39.880,17.8938997,-0.505660158,15.958968843650384,-0.5176610411008356,-0.9654332664708041,0.8202214355399537,True
1974,1932,77.28,02/28/2026 10:13:39.920,17.71846931,-0.505660158,15.940784953318506,-0.5281484532854532,-0.6954662623571948,1.0383254239611865,True
1975,1933,77.32000000000001,02/28/2026 10:13:39.960,17.8938997,-0.505660158,15.922587428880648,-0.5280074435056352,-0.4271693356628192,1.166545290335287,True
1976,1934,77.36,02/28/2026 10:13:40.000,17.8938997,-0.505660158,15.90431409262559,-0.5231715916063404,-0.2168813110276875,1.006305841583762,True
1977,1935,77.4,02/28/2026 10:13:40.040,17.8938997,-0.505660158,15.886037691921931,-0.5172797105149691,-0.07727032506943762,0.8651272432646828,True
1978,1936,77.44,02/28/2026 10:13:40.080,17.54303892,-0.674213543,15.862567507893806,-0.6057710230385778,-0.8981210916314595,4.730936115991527,True
1979,1937,77.48,02/28/2026 10:13:40.120,17.36760853,-0.674213543,15.838251751547054,-0.659731278726793,-1.0716808430180769,0.6192469596249828,True
1980,1938,77.52,02/28/2026 10:13:40.160,17.01674775,-0.674213543,15.813063607651289,-0.6868214607541563,-0.9203026189183534,0.4104022030852678,True
1981,1939,77.56,02/28/2026 10:13:40.200,17.36760853,-0.674213543,15.78790718915109,-0.6961715889875406,-0.656718453139943,0.8944742880379848,True
1982,1940,77.60000000000001,02/28/2026 10:13:40.240,17.36760853,-0.674213543,15.762578672551413,-0.6956405710051203,-0.39950157526002894,0.8886154501865691,True
1983,1941,77.64,02/28/2026 10:13:40.280,17.19217814,-0.674213543,15.737009934068588,-0.6908306137165503,-0.2000016170619863,0.639253211024113,True
1984,1942,77.68,02/28/2026 10:13:40.320,17.36760853,-0.674213543,15.711629332234626,-0.6851397356054517,-0.06874721681110058,0.6132921047603075,True
1985,1943,77.72,02/28/2026 10:13:40.360,17.19217814,-0.842766929,15.68124380669058,-0.773866676809128,-0.8951077507429641,4.688003298115384,True
1986,1944,77.76,02/28/2026 10:13:40.400,17.19217814,-0.842766929,15.650199459416648,-0.828027318775708,-1.0717532283294378,0.6331415609290255,True
1987,1945,77.8,02/28/2026 10:13:40.440,17.19217814,-0.842766929,15.61864894342576,-0.855256761222027,-0.9217505374015385,0.5971773264404538,True
1988,1946,77.84,02/28/2026 10:13:40.480,16.84131737,-0.842766929,15.586415460727334,-0.8647025373321579,-0.6584715623780186,0.7237061910679012,True
1989,1947,77.88,02/28/2026 10:13:40.520,17.01674775,-0.842766929,15.55419598027402,-0.8642170610372856,-0.4009933336012752,0.8088686139925948,True
1990,1948,77.92,02/28/2026 10:13:40.560,16.66588698,-0.842766929,15.521563430588726,-0.8594249489301987,-0.2010366285416546,0.4914085365100013,True
1991,1949,77.96000000000001,02/28/2026 10:13:40.600,17.01674775,-0.842766929,15.48930518815749,-0.8537314561393521,-0.06933662576211694,0.5385876531175449,True
1992,1950,78.0,02/28/2026 10:13:40.640,17.54303892,-0.842766929,15.457634489607894,-0.8488490164422262,0.0038554692962869397,0.8352146089505468,True
1993,1951,78.04,02/28/2026 10:13:40.680,16.3150262,-0.842766929,15.424766936207952,-0.8453914440405422,0.03543792549690186,0.15234493322440598,True
1994,1952,78.08,02/28/2026 10:13:40.720,16.66588698,-0.842766929,15.392318765562088,-0.8432867832353049,0.041815365439108236,0.29923967110394917,True
1995,1953,78.12,02/28/2026 10:13:40.760,17.54303892,-0.842766929,15.360821536609638,-0.8422252135109543,0.035558990521952334,0.8780338868674895,True
1996,1954,78.16,02/28/2026 10:13:40.800,17.01674775,-0.842766929,15.328831734666249,-0.8418709665278168,0.02499823747428707,0.5258561720998631,True
1997,1955,78.2,02/28/2026 10:13:40.840,17.19217814,-0.842766929,15.29706110023673,-0.8418985332761506,0.014791157673524144,0.6626579147065234,True
1998,1956,78.24,02/28/2026 10:13:40.880,16.49045659,-0.842766929,15.264608647453976,-0.84210127855843,0.006941977629273267,0.27737370404499917,True
1999,1957,78.28,02/28/2026 10:13:40.920,16.84131737,-1.011320315,15.22768105053147,-0.9359168580839244,-0.8974196779694773,5.590764075892923,True
2000,1958,78.32000000000001,02/28/2026 10:13:40.960,16.49045659,-1.011320315,15.189714204913946,-0.9937328070743183,-1.1082553260613206,0.5895307953051796,True
2001,1959,78.36,02/28/2026 10:13:41.000,17.01674775,-0.842766929,15.156623996799167,-0.9295981806672722,-0.06642042427307326,7.4228502252194595,True
2002,1960,78.4,02/28/2026 10:13:41.040,16.84131737,-0.842766929,15.123728196984672,-0.8825430070230805,0.4109243248974322,1.9684077762520529,True
2003,1961,78.44,02/28/2026 10:13:41.080,16.49045659,-0.842766929,15.09085922693942,-0.8531281417242158,0.535372778855965,0.45798246270718324,True
2004,1962,78.48,02/28/2026 10:13:41.120,15.96416542,-0.842766929,15.057768339442047,-0.8378388455165906,0.47635597475465163,0.17317382821763821,True
2005,1963,78.52,02/28/2026 10:13:41.160,16.13959581,-0.842766929,15.025080272969056,-0.8320861987668419,0.34835344549585057,0.33128229340248394,True
2006,1964,78.56,02/28/2026 10:13:41.200,15.96416542,-0.842766929,14.992355671822958,-0.831806779236057,0.21698316796450456,0.2818699342195533,True
2007,1965,78.60000000000001,02/28/2026 10:13:41.240,16.13959581,-0.842766929,14.959892733216327,-0.83401676912995,0.11214701058143493,0.32514845703579603,True
2008,1966,78.64,02/28/2026 10:13:41.280,15.96416542,-0.842766929,14.927296591573889,-0.8368665345250328,0.04148082497654659,0.2293389762184577,True
2009,1967,78.68,02/28/2026 10:13:41.320,15.96416542,-0.842766929,14.894726886566081,-0.8393906295422613,0.0010973213210985558,0.22098459868618392,True
2010,1968,78.72,02/28/2026 10:13:41.360,16.3150262,-0.842766929,14.862533634230788,-0.8412265054069324,-0.01722050969525316,0.3909686287011794,True
2011,1969,78.76,02/28/2026 10:13:41.400,16.13959581,-0.842766929,14.830180318318115,-0.8423707637673784,-0.021827675616545923,0.31617562433862667,True
2012,1970,78.8,02/28/2026 10:13:41.440,16.49045659,-0.842766929,14.798205499885482,-0.8429565269735897,-0.01936555745939636,0.5279088613907968,True
2013,1971,78.84,02/28/2026 10:13:41.480,16.13959581,-0.842766929,14.765898420515665,-0.8431774779430636,-0.01428824234048509,0.3480042308298133,True
2014,1972,78.88,02/28/2026 10:13:41.520,15.96416542,-0.842766929,14.733441125931956,-0.8431873226813895,-0.009108687896555254,0.2793728161840856,True
2015,1973,78.92,02/28/2026 10:13:41.560,15.61330464,-0.842766929,14.700657808719907,-0.8431037911620338,-0.00496645855566124,0.15364234997714016,True
2016,1974,78.96000000000001,02/28/2026 10:13:41.600,15.78873503,-0.842766929,14.668085288511136,-0.8429901850332758,-0.0021639787338510897,0.23154266497164586,True
2017,1975,79.0,02/28/2026 10:13:41.640,15.61330464,-0.842766929,14.635367546467863,-0.8428917037676529,-0.0005587104519746671,0.17630284050957248,True
2018,1976,79.04,02/28/2026 10:13:41.680,15.61330464,-1.011320315,14.59781638489397,-0.9364097851556876,-0.8990735562694837,5.235334531942117,True
2019,1977,79.08,02/28/2026 10:13:41.720,15.61330464,-1.011320315,14.559586093522585,-0.993984740286296,-1.106914413255835,0.4745184799626988,True
2020,1978,79.12,02/28/2026 10:13:41.760,15.78873503,-0.842766929,14.525875006724284,-0.9296943184154487,-0.06399249284849606,7.092812370180152,True
2021,1979,79.16,02/28/2026 10:13:41.800,15.43787425,-1.011320315,14.487316392749607,-0.9761437142780515,-0.4858659220938097,1.2786662302577936,True
2022,1980,79.2,02/28/2026 10:13:41.840,15.61330464,-0.842766929,14.453476700641952,-0.9107128630652843,0.329342838265636,4.402069396702334,True
2023,1981,79.24,02/28/2026 10:13:41.880,15.26244386,-1.011320315,14.414883488654294,-0.9607059907289437,-0.2777331042821077,2.435484062304262,True
2024,1982,79.28,02/28/2026 10:13:41.920,15.26244386,-1.011320315,14.375990979799642,-0.9937390622420317,-0.4885396705907936,0.4224783403637812,True
2025,1983,79.32000000000001,02/28/2026 10:13:41.960,15.61330464,-1.011320315,14.337202132483274,-1.0121751743088112,-0.47814323077571763,0.30085240817283043,True
2026,1984,79.36,02/28/2026 10:13:42.000,15.26244386,-1.011320315,14.297888595835179,-1.020193649495463,-0.37159163626028324,0.24251417812348036,True
2027,1985,79.4,02/28/2026 10:13:42.040,15.26244386,-1.011320315,14.258487811895654,-1.021863752003294,-0.2450011050417198,0.28602517388676046,True
2028,1986,79.44,02/28/2026 10:13:42.080,15.26244386,-1.011320315,14.219063088708564,-1.020353993562945,-0.13651727882284098,0.27429227138438017,True
2029,1987,79.48,02/28/2026 10:13:42.120,15.26244386,-1.011320315,14.17965611917434,-1.0177521348009877,-0.05924100617319662,0.25348642366953494,True
2030,1988,79.52,02/28/2026 10:13:42.160,15.26244386,-1.011320315,14.140290072388286,-1.0152197457967929,-0.012338931719692393,0.24589332987860138,True
2031,1989,79.56,02/28/2026 10:13:42.200,15.26244386,-1.011320315,14.100974921577537,-1.0132585984112734,0.011041559162873919,0.25209475580138924,True
2032,1990,79.60000000000001,02/28/2026 10:13:42.240,15.08701347,-1.011320315,14.061535153977243,-1.0119722773555515,0.018976246130330908,0.1942398305768898,True
2033,1991,79.64,02/28/2026 10:13:42.280,15.26244386,-1.011320315,14.022323840197773,-1.0112561878407482,0.018344522584698274,0.2834809864746837,True
2034,1992,79.68,02/28/2026 10:13:42.320,14.91158308,-1.011320315,13.982805228630477,-1.0109530949572907,0.014042361431768687,0.15912051677368372,True
2035,1993,79.72,02/28/2026 10:13:42.360,15.08701347,-1.011320315,13.943508510830291,-1.0108919739805384,0.009030808453478333,0.24118246401346133,True
2036,1994,79.76,02/28/2026 10:13:42.400,14.73615269,-1.011320315,13.90389908713654,-1.0109580860900023,0.004777814894374256,0.12778546412274006,True
2037,1995,79.8,02/28/2026 10:13:42.440,14.91158308,-1.011320315,13.8645074445871,-1.011060289443049,0.0017746803199947857,0.20214640471510267,True
2038,1996,79.84,02/28/2026 10:13:42.480,14.91158308,-1.179873701,13.820288319906526,-1.10474951626623,-0.8992947665044229,5.2934615890379355,True
2039,1997,79.88,02/28/2026 10:13:42.520,14.91158308,-1.179873701,13.77539557128119,-1.1624459433246024,-1.1082323071701685,0.5106524120240417,True
2040,1998,79.92,02/28/2026 10:13:42.560,14.91158308,-1.179873701,13.729982582374653,-1.1918221697352662,-0.9647672996335022,0.3860977659211103,True
2041,1999,79.96000000000001,02/28/2026 10:13:42.600,14.91158308,-1.179873701,13.684238403066788,-1.2023341612016019,-0.6951952618535735,0.7320510332526036,True
2042,2000,80.0,02/28/2026 10:13:42.640,14.56072231,-1.179873701,13.637973635513573,-1.2022177384946282,-0.42705361577431367,0.6064745336065628,True
2043,2001,80.04,02/28/2026 10:13:42.680,14.73615269,-1.179873701,13.591838080710682,-1.1973928788206034,-0.21676646120167375,0.5178956932999093,True
2044,2002,80.08,02/28/2026 10:13:42.720,15.43787425,-1.179873701,13.546434890841146,-1.1914962038313022,-0.07713301463677533,0.7814626156262672,True
2045,2003,80.12,02/28/2026 10:13:42.760,14.91158308,-1.179873701,13.50056213727698,-1.1863960847688648,0.001266067112913355,0.40547635343363564,True
2046,2004,80.16,02/28/2026 10:13:42.800,14.73615269,-1.179873701,13.45458707654946,-1.182734891244939,0.035731075676322784,0.3101934440894122,True
2047,2005,80.2,02/28/2026 10:13:42.840,14.73615269,-1.179873701,13.408686294580143,-1.1804928820756586,0.04330601017549746,0.3251817468906579,True
2048,2006,80.24,02/28/2026 10:13:42.880,14.91158308,-1.179873701,13.36303020688478,-1.1793580738399774,0.03729229446448383,0.4422421075497561,True
2049,2007,80.28,02/28/2026 10:13:42.920,14.56072231,-1.179873701,13.31708111288667,-1.1789644178913796,0.02652245948525927,0.28580655278654676,True
2050,2008,80.32000000000001,02/28/2026 10:13:42.960,14.56072231,-1.348427087,13.266319205313476,-1.2725711956667694,-0.8833020217793085,5.481749835844225,True
2051,2009,80.36,02/28/2026 10:13:43.000,14.56072231,-1.348427087,13.21489408235247,-1.330386616003461,-1.0995664278840938,0.6260018206293101,True
2052,2010,80.4,02/28/2026 10:13:43.040,14.56072231,-1.348427087,13.162956373305816,-1.359946018713206,-0.961230177464266,0.47985404036768736,True
2053,2011,80.44,02/28/2026 10:13:43.080,14.38529192,-1.348427087,13.110517187728002,-1.3706329597751212,-0.6947069144199107,0.7437155422811486,True
2054,2012,80.48,02/28/2026 10:13:43.120,14.38529192,-1.348427087,13.057917082781392,-1.3706438278100797,-0.42804744454200444,0.7694075618012646,True
2055,2013,80.52,02/28/2026 10:13:43.160,14.38529192,-1.348427087,13.005274489373315,-1.3659041944566541,-0.2182388262092457,0.6263417909700257,True
2056,2014,80.56,02/28/2026 10:13:43.200,14.03443114,-1.348427087,12.952309726192292,-1.360067841046972,-0.07847620295730076,0.33802232720855147,True
2057,2015,80.60000000000001,02/28/2026 10:13:43.240,13.68357036,-1.348427087,12.899060360267269,-1.3549898189719913,0.0003374072760344432,0.15230560070493554,True
2058,2016,80.64,02/28/2026 10:13:43.280,13.68357036,-1.348427087,12.845892510558883,-1.351328648582424,0.0352374769778626,0.13697383803532506,True
2059,2017,80.68,02/28/2026 10:13:43.320,14.20986153,-1.348427087,12.793334426647826,-1.3490718187309294,0.04312879313694797,0.3702582706887973,True
2060,2018,80.72,02/28/2026 10:13:43.360,14.03443114,-1.516980473,12.735807902044321,-1.441520238141574,-0.8619489226069281,5.429924240373243,True
2061,2019,80.76,02/28/2026 10:13:43.400,14.03443114,-1.516980473,12.677635963896089,-1.498735957215489,-1.0806598374249945,0.638111881740187,True
2062,2020,80.8,02/28/2026 10:13:43.440,13.68357036,-1.516980473,12.618613578815348,-1.5280767454281663,-0.9474307257714558,0.3200756436267085,True
2063,2021,80.84,02/28/2026 10:13:43.480,13.68357036,-1.516980473,12.559277454273525,-1.5387548877869128,-0.6860999287007328,0.6600112146910992,True
2064,2022,80.88,02/28/2026 10:13:43.520,13.68357036,-1.516980473,12.499789175146008,-1.538854122945147,-0.42357210796251576,0.6892494315090272,True
2065,2023,80.92,02/28/2026 10:13:43.560,13.50813997,-1.516980473,12.44008984407653,-1.5342295307733629,-0.21653377790780035,0.4783079120739349,True
2066,2024,80.96000000000001,02/28/2026 10:13:43.600,13.50813997,-1.516980473,12.380427657494524,-1.5284888654552087,-0.07835391054696966,0.3538457178903241,True
2067,2025,81.0,02/28/2026 10:13:43.640,13.50813997,-1.685533858,12.315972488548264,-1.6170676748013297,-0.8995427193770766,4.476075796507381,True
2068,2026,81.04,02/28/2026 10:13:43.680,13.33270958,-1.685533858,12.250716095768459,-1.671072312700774,-1.072903560962313,0.40351674771775636,True
2069,2027,81.08,02/28/2026 10:13:43.720,13.33270958,-1.685533858,12.184987786086428,-1.6981734867430938,-0.9211511527429911,0.3868436428419904,True
2070,2028,81.12,02/28/2026 10:13:43.760,13.33270958,-1.685533858,12.118970556329424,-1.7075259718708267,-0.6571989158268334,0.7071810999476098,True
2071,2029,81.16,02/28/2026 10:13:43.800,13.33270958,-1.685533858,12.052821489861307,-1.70698891109885,-0.39968192902709054,0.7166179208217096,True
2072,2030,81.2,02/28/2026 10:13:43.840,13.68357036,-1.685533858,11.987003667749677,-1.7021633891345531,-0.2000057396927137,0.7799526322490078,True
2073,2031,81.24,02/28/2026 10:13:43.880,13.33270958,-1.854087244,11.916015775164864,-1.7900597863918848,-0.967922650034681,4.054888206966905,True
2074,2032,81.28,02/28/2026 10:13:43.920,12.9818488,-1.854087244,11.844046481764718,-1.8428154872492306,-1.103012566793626,0.35259284991296747,True
2075,2033,81.32000000000001,02/28/2026 10:13:43.960,12.80641841,-1.854087244,11.7714367006425,-1.8686826270238213,-0.9278114149688103,0.3894053925105808,True
2076,2034,81.36,02/28/2026 10:13:44.000,12.63098802,-1.854087244,11.698374795146119,-1.8770713843059648,-0.6519899989306372,0.6359621105391781,True
2077,2035,81.4,02/28/2026 10:13:44.040,12.63098802,-1.854087244,11.625194525494196,-1.8758944735661143,-0.39027869993945413,0.6147089665520727,True
2078,2036,81.44,02/28/2026 10:13:44.080,12.80641841,-1.854087244,11.552182285101436,-1.8707120080569464,-0.19070875582844532,0.5390441513296195,True
2079,2037,81.48,02/28/2026 10:13:44.120,12.63098802,-1.854087244,11.479053870488661,-1.8648582488146654,-0.061371913519957744,0.34923338977144763,True
2080,2038,81.52,02/28/2026 10:13:44.160,12.63098802,-2.02264063,11.401150103744474,-1.9535438962804483,-0.8901206367691593,4.570826632558147,True
2081,2039,81.56,02/28/2026 10:13:44.200,12.28012725,-2.02264063,11.322285300055793,-2.00773269045431,-1.0688501993747852,0.3686597593344076,True
2082,2040,81.60000000000001,02/28/2026 10:13:44.240,12.28012725,-2.02264063,11.242961840906927,-2.0350110927006413,-0.9203389731140709,0.33622335148356897,True
2083,2041,81.64,02/28/2026 10:13:44.280,12.28012725,-2.02264063,11.163362023704897,-2.0444998769316736,-0.6579913664000835,0.6602279068820365,True
2084,2042,81.68,02/28/2026 10:13:44.320,12.28012725,-2.191194016,11.07877584034387,-2.137642670947469,-1.3002606086990152,2.8437445934353827,True
2085,2043,81.72,02/28/2026 10:13:44.360,11.75383608,-2.191194016,10.992944884676584,-2.1904985823885834,-1.3085186489865235,0.10713908588238362,True
2086,2044,81.76,02/28/2026 10:13:44.400,11.75383608,-2.191194016,10.906616311548989,-2.2141514841715586,-1.0330266640177368,0.6067970379252873,True
2087,2045,81.8,02/28/2026 10:13:44.440,11.75383608,-2.191194016,10.82001334189927,-2.2197688323903106,-0.6901393077765416,0.895755408300198,True
2088,2046,81.84,02/28/2026 10:13:44.480,11.92926647,-2.359747402,10.72862000702497,-2.3097546484905997,-1.2897197284068167,2.512131787954094,True
2089,2047,81.88,02/28/2026 10:13:44.520,11.57840569,-2.359747402,10.636183698699671,-2.3604446858766845,-1.2812506050467032,0.1640945743135027,True
2090,2048,81.92,02/28/2026 10:13:44.560,11.4029753,-2.359747402,10.543099566211325,-2.3828390113860407,-1.004148057472739,0.6163446481450175,True
2091,2049,81.96000000000001,02/28/2026 10:13:44.600,11.4029753,-2.359747402,10.449761051222454,-2.387867879377045,-0.6667088064622253,0.8793355090250429,True
2092,2050,82.0,02/28/2026 10:13:44.640,11.4029753,-2.359747402,10.356339394528522,-2.384100264939927,-0.3744555356877482,0.7359303776063522,True
2093,2051,82.04,02/28/2026 10:13:44.680,11.4029753,-2.359747402,10.262948220492758,-2.377224343147005,-0.16467553527546622,0.514754755509054,True
2094,2052,82.08,02/28/2026 10:13:44.720,11.4029753,-2.528300788,10.164784298580468,-2.4640240724422533,-0.9356023471620636,3.9965630796779497,True
2095,2053,82.12,02/28/2026 10:13:44.760,11.05211452,-2.528300788,10.0656808086564,-2.5163452249869165,-1.0789120013790845,0.30763277601065325,True
2096,2054,82.16,02/28/2026 10:13:44.800,11.22754491,-2.528300788,9.966321041191234,-2.5421603051045247,-0.9125132156008862,0.4663856018747974,True
2097,2055,82.2,02/28/2026 10:13:44.840,11.05211452,-2.528300788,9.866539959263568,-2.5506821444490377,-0.6438947482837428,0.7102540284598408,True
2098,2056,82.24,02/28/2026 10:13:44.880,11.05211452,-2.528300788,9.766667705173031,-2.5496922030829383,-0.3871405514122285,0.7167928172810341,True
2099,2057,82.28,02/28/2026 10:13:44.920,10.87668413,-2.696854174,9.661772718236113,-2.638276256242548,-1.0897071093586064,3.3565454598256097,True
2100,2058,82.32000000000001,02/28/2026 10:13:44.960,10.87668413,-2.696854174,9.556249599645136,-2.690170113362365,-1.1697427253752029,0.36135162498911283,True
2101,2059,82.36,02/28/2026 10:13:45.000,10.87668413,-2.696854174,9.450284155421398,-2.7146717843683965,-0.9558442942634122,0.6611709828843202,True
2102,2060,82.4,02/28/2026 10:13:45.040,11.05211452,-2.696854174,9.34425002148361,-2.7217597464051337,-0.6568873825613395,1.096546906547327,True
2103,2061,82.44,02/28/2026 10:13:45.080,10.87668413,-2.865407559,9.233094678087562,-2.8131855136754815,-1.283161287950807,2.948676375475907,True
2104,2062,82.48,02/28/2026 10:13:45.120,10.70125374,-2.865407559,9.121084470947745,-2.864988226886736,-1.2880163514366556,0.4603911268623608,True
2105,2063,82.52,02/28/2026 10:13:45.160,10.52582335,-2.865407559,9.008438423665778,-2.888114175666846,-1.015459260908297,0.8889490725464475,True
2106,2064,82.56,02/28/2026 10:13:45.200,10.52582335,-2.865407559,8.89555039215434,-2.8935490276203373,-0.6776931112901734,1.203270571607177,True
2107,2065,82.60000000000001,02/28/2026 10:13:45.240,10.17496257,-2.865407559,8.78224556093743,-2.8899605591025432,-0.3830006128586764,0.9005513074121476,True
2108,2066,82.64,02/28/2026 10:13:45.280,10.17496257,-2.865407559,8.668987640134423,-2.8831206534455105,-0.17034713173984325,0.7008716846264382,True
2109,2067,82.68,02/28/2026 10:13:45.320,9.999532186,-2.865407559,8.555667890694268,-2.8762964783831984,-0.039563412750034055,0.49128814544596855,True
2110,2068,82.72,02/28/2026 10:13:45.360,9.999532186,-2.865407559,8.442489185612153,-2.870933397597958,0.026897286326274833,0.47454405061452726,True
2111,2069,82.76,02/28/2026 10:13:45.400,9.999532186,-3.033960945,8.324591051348756,-2.9609552789714866,-0.8486936693448827,5.307840018421885,True
2112,2070,82.8,02/28/2026 10:13:45.440,9.473241018,-3.033960945,8.205601640985993,-3.01657345506513,-1.057133589331278,0.5675777619153259,True
2113,2071,82.84,02/28/2026 10:13:45.480,9.297810629,-3.033960945,8.086013644256235,-3.0450178947652353,-0.9243599140296443,0.38095064335004813,True
2114,2072,82.88,02/28/2026 10:13:45.520,9.297810629,-3.202514331,7.961314198526124,-3.148895564013347,-1.567422966605565,2.913285289189973,True
2115,2073,82.92,02/28/2026 10:13:45.560,9.297810629,-3.202514331,7.835815095510521,-3.2065322958533056,-1.5190612783499862,0.40864258372618206,True
2116,2074,82.96000000000001,02/28/2026 10:13:45.600,9.12238024,-3.202514331,7.709610097569087,-3.2313059812970852,-1.1735196664339078,1.1144386309261618,True
2117,2075,83.0,02/28/2026 10:13:45.640,8.596089072,-3.202514331,7.582611445023378,-3.236182097126595,-0.7695284024667315,1.2096320754995034,True
2118,2076,83.04,02/28/2026 10:13:45.680,8.245228293,-3.371067717,7.450326405655837,-3.324757701844242,-1.3249756589131363,2.044460731281599,True
2119,2077,83.08,02/28/2026 10:13:45.720,7.718937126,-3.371067717,7.316867355712673,-3.3740372385828152,-1.289308656835635,0.037757526395144236,True
2120,2078,83.12,02/28/2026 10:13:45.760,8.069797904,-3.371067717,7.183327939787198,-3.3953128773197783,-0.9983651540791424,0.6740555138916553,True
2121,2079,83.16,02/28/2026 10:13:45.800,8.069797904,-3.371067717,7.049580904019173,-3.399597457666673,-0.6560089489367982,0.9246142458814719,True
2122,2080,83.2,02/28/2026 10:13:45.840,7.894367515,-3.371067717,6.91562313818472,-3.3954131528994007,-0.3638523059878333,0.7102180428281779,True
2123,2081,83.24,02/28/2026 10:13:45.880,7.368076347,-3.371067717,6.781220070726686,-3.3883600882692915,-0.15634775988810826,0.3326689476134871,True
2124,2082,83.28,02/28/2026 10:13:45.920,7.192645958,-3.371067717,6.646780708501588,-3.3815324293613287,-0.030752425729365068,0.1535533865531577,True
2125,2083,83.32000000000001,02/28/2026 10:13:45.960,7.192645958,-3.202514331,6.517371917027357,-3.2826689458274956,0.9308580404959365,5.863788710587796,True
2126,2084,83.36,02/28/2026 10:13:46.000,7.192645958,-3.371067717,6.383977528806903,-3.3151828830033123,0.26055268567712053,2.9283910194275227,True
2127,2085,83.4,02/28/2026 10:13:46.040,7.192645958,-3.371067717,6.250592626481794,-3.3415658265319954,-0.09324781701714868,0.9457208845258684,True
2128,2086,83.44,02/28/2026 10:13:46.080,7.017215569,-3.371067717,6.116999431775178,-3.3595939068896556,-0.2307879239277946,0.2675320217287297,True
2129,2087,83.48,02/28/2026 10:13:46.120,6.66635479,-3.371067717,5.983040825260104,-3.370061387207538,-0.24278408529479864,0.08695874128616603,True
2130,2088,83.52,02/28/2026 10:13:46.160,6.84178518,-3.371067717,5.849275351507522,-3.374925988249563,-0.19639015255679967,0.19505383609633492,True
2131,2089,83.56,02/28/2026 10:13:46.200,7.017215569,-3.371067717,5.7157440102460315,-3.3762600306873405,-0.13395876875085586,0.3366234451479645,True
2132,2090,83.60000000000001,02/28/2026 10:13:46.240,6.315494012,-3.371067717,5.581615380588042,-3.3757502556050456,-0.07770559933755088,0.11907565046249803,True
2133,2091,83.64,02/28/2026 10:13:46.280,6.315494012,-3.202514331,5.452471358573171,-3.280930161507235,0.8630672135338767,5.669365209995501,True
2134,2092,83.68,02/28/2026 10:13:46.320,6.315494012,-3.202514331,5.324170766024275,-3.2220221807742844,1.0971935177453327,0.5238751485323236,True
2135,2093,83.72,02/28/2026 10:13:46.360,6.140063623,-3.202514331,5.196393253106084,-3.1916590595397243,0.9670782252446319,0.26988072657135503,True
2136,2094,83.76,02/28/2026 10:13:46.400,6.140063623,-3.202514331,5.069124215812663,-3.180468368130493,0.7027333987597497,0.6479695202670406,True
2137,2095,83.8,02/28/2026 10:13:46.440,6.140063623,-3.202514331,4.942198314745169,-3.1801923198351463,0.43509117025692196,0.7119900005240136,True
2138,2096,83.84,02/28/2026 10:13:46.480,5.964633234,-3.202514331,4.815322683079751,-3.184831445386157,0.22309455423576902,0.5242187948798896,True
2139,2097,83.88,02/28/2026 10:13:46.520,5.613772455,-3.033960945,4.693117391258177,-3.0970780921324503,0.980350596346319,3.7406382257325115,True
2140,2098,83.92,02/28/2026 10:13:46.560,5.438342066,-3.033960945,4.5715629017772565,-3.044580089094152,1.107834083899502,0.2401261294667847,True
2141,2099,83.96000000000001,02/28/2026 10:13:46.600,5.438342066,-3.033960945,4.450664366892277,-3.0189626327011143,0.9280237111159502,0.3817745714063461,True
2142,2100,84.0,02/28/2026 10:13:46.640,5.613772455,-3.033960945,4.33040491683848,-3.010764343539425,0.6498993701413704,0.7868269275420982,True
2143,2101,84.04,02/28/2026 10:13:46.680,5.087481287,-3.033960945,4.209935884949812,-3.0120713573092144,0.38740897354572845,0.5724373651647101,True
2144,2102,84.08,02/28/2026 10:13:46.720,4.912050898,-2.865407559,4.094358533406908,-2.923732098623178,1.087161427999232,3.1839256432465795,True
2145,2103,84.12,02/28/2026 10:13:46.760,5.087481287,-2.865407559,3.97979724377478,-2.871991910525135,1.1662702187918623,0.2653254896918176,True
2146,2104,84.16,02/28/2026 10:13:46.800,5.262911677,-2.865407559,3.866065980998535,-2.847569812625193,0.9524433422830413,0.645228204120599,True
2147,2105,84.2,02/28/2026 10:13:46.840,5.087481287,-2.696854174,3.7574876128498786,-2.7469221752467834,1.5532070923482064,2.5822652301989613,True
2148,2106,84.24,02/28/2026 10:13:46.880,4.912050898,-2.865407559,3.644878301233013,-2.785064558085991,0.5895521641953796,6.099172486056562,True
2149,2107,84.28,02/28/2026 10:13:46.920,4.736620509,-2.696854174,3.5369940588667594,-2.725581007227101,0.9342925871411987,1.0082996187013515,True
2150,2108,84.32000000000001,02/28/2026 10:13:46.960,4.736620509,-2.696854174,3.429752175110259,-2.6929920645073895,0.8881076140436023,0.32810156993884737,True
2151,2109,84.36,02/28/2026 10:13:47.000,4.736620509,-2.528300788,3.3278599144218672,-2.58572777486172,1.5771585652412967,3.3338456856960605,True
2152,2110,84.4,02/28/2026 10:13:47.040,4.385759731,-2.696854174,3.2218000505041466,-2.619359294749424,0.6476582867678765,5.648880447217338,True
2153,2111,84.44,02/28/2026 10:13:47.080,5.087481287,-2.528300788,3.121356990353242,-2.5572504117405335,0.9951563108765074,1.4676622319762098,True
2154,2112,84.48,02/28/2026 10:13:47.120,4.034898952,-2.528300788,3.0205448231383922,-2.5234589130121168,0.9371856206510478,0.21062071190779974,True
2155,2113,84.52,02/28/2026 10:13:47.160,4.385759731,-2.359747402,2.9254374043833975,-2.4158648834929752,1.610533449679296,3.2274088769862854,True
2156,2114,84.56,02/28/2026 10:13:47.200,4.736620509,-2.359747402,2.8317198928702543,-2.3560289976583624,1.566138685644131,0.6811099586643357,True
2157,2115,84.60000000000001,02/28/2026 10:13:47.240,4.210329341,-2.359747402,2.7382572356296992,-2.330213104402634,1.2120082023935532,1.1829124874240704,True
2158,2116,84.64,02/28/2026 10:13:47.280,4.385759731,-2.191194016,2.6503368338148663,-2.2314371417337124,1.6949576059045233,2.013385593102866,True
2159,2117,84.68,02/28/2026 10:13:47.320,4.385759731,-2.191194016,2.563425316318876,-2.178914875455628,1.5478590060129214,0.747192941556615,True
2160,2118,84.72,02/28/2026 10:13:47.360,4.385759731,-2.02264063,2.4821000749437636,-2.0645809246616524,2.051186322211482,2.25192015453645,True
2161,2119,84.76,02/28/2026 10:13:47.400,4.034898952,-2.02264063,2.40159895132351,-2.0047816360442057,1.8371307798387688,0.7778731692421956,True
2162,2120,84.8,02/28/2026 10:13:47.440,3.684038174,-1.854087244,2.326438951872458,-1.8884071896577428,2.2489837538803807,1.4002045082079009,True
2163,2121,84.84,02/28/2026 10:13:47.480,3.157747006,-1.854087244,2.2519807975289985,-1.8293301178074877,1.9520974640071758,0.701941192824779,True
2164,2122,84.88,02/28/2026 10:13:47.520,3.333177395,-1.685533858,2.1833944392626394,-1.714743481063746,2.3026239093140095,1.0118502962269211,True
2165,2123,84.92,02/28/2026 10:13:47.560,3.333177395,-1.685533858,2.116020463160686,-1.657545585995278,1.9670112939155482,0.9767939970063826,True
2166,2124,84.96000000000001,02/28/2026 10:13:47.600,3.333177395,-1.516980473,2.0543325923276714,-1.5444860471099198,2.2971102631177964,0.9827398944791694,True
2167,2125,85.0,02/28/2026 10:13:47.640,2.982316617,-1.516980473,1.9934976518808276,-1.488335465918989,1.9535941245152164,0.9175379199400594,True
2168,2126,85.04,02/28/2026 10:13:47.680,2.982316617,-1.516980473,1.9334666391749993,-1.4694732682455107,1.3838135275888153,2.2314690517048614,True
2169,2127,85.08,02/28/2026 10:13:47.720,3.508607784,-1.348427087,1.8792871437662984,-1.3776220033733397,1.734216730508321,1.2570562803804775,True
2170,2128,85.12,02/28/2026 10:13:47.760,3.333177395,-1.348427087,1.8258824070334223,-1.3305401523667486,1.5198120362856584,0.7058811913111827,True
2171,2129,85.16,02/28/2026 10:13:47.800,3.684038174,-1.179873701,1.7783374160045067,-1.2198189021147732,1.9992064141785757,2.1063281804619702,True
2172,2130,85.2,02/28/2026 10:13:47.840,3.859468563,-1.179873701,1.732066599381573,-1.1620455364779414,1.7855754949866431,1.1191755646960901,True
2173,2131,85.24,02/28/2026 10:13:47.880,3.684038174,-1.011320315,1.6912527096914516,-1.0465626681450753,2.208564117806418,1.8507395561208864,True
2174,2132,85.28,02/28/2026 10:13:47.920,3.157747006,-0.842766929,1.6559612766564962,-0.8940936024695357,2.8244459603077683,2.7869671116644734,True
2175,2133,85.32000000000001,02/28/2026 10:13:47.960,3.333177395,-0.842766929,1.6223462514818168,-0.8153254198007858,2.495447063089565,1.2156599787835702,True
2176,2134,85.36,02/28/2026 10:13:48.000,3.157747006,-0.842766929,1.589582758354937,-0.7861487089431248,1.8164282234707818,3.334292066826619,True
2177,2135,85.4,02/28/2026 10:13:48.040,3.157747006,-0.674213543,1.5622829353915313,-0.6916608319645507,2.0259030123404167,0.7436449215618389,True
2178,2136,85.44,02/28/2026 10:13:48.080,3.157747006,-0.674213543,1.5359823299717474,-0.6459114608858244,1.6865707959314409,1.20411927548822,True
2179,2137,85.48,02/28/2026 10:13:48.120,3.157747006,-0.505660158,1.5152019343682372,-0.5380102542135657,2.074825033291857,1.4398147033462578,True
2180,2138,85.52,02/28/2026 10:13:48.160,3.157747006,-0.505660158,1.4954994708639429,-0.4831151098017018,1.8045587435236812,0.9655449867096269,True
2181,2139,85.56,02/28/2026 10:13:48.200,3.157747006,-0.505660158,1.4765205636969394,-0.46350871564255836,1.299096054112098,2.1173014237916203,True
2182,2140,85.60000000000001,02/28/2026 10:13:48.240,3.157747006,-0.337106772,1.4628240004122885,-0.37018982808200945,1.696148693581453,1.5152411700293777,True
2183,2141,85.64,02/28/2026 10:13:48.280,3.157747006,-0.337106772,1.4500336610845204,-0.32162359757522563,1.5106017550966133,0.7525154577995958,True
2184,2142,85.68,02/28/2026 10:13:48.320,3.157747006,-0.337106772,1.4378598236831688,-0.3033248920483315,1.1055447084620735,1.5702474780817441,True
2185,2143,85.72,02/28/2026 10:13:48.360,3.508607784,-0.168553386,1.431253091338081,-0.20879683527461745,1.5885359074828798,2.2540376166521705,True
2186,2144,85.76,02/28/2026 10:13:48.400,3.684038174,-0.168553386,1.425699197254638,-0.15816178783546947,1.4641286316013944,1.0366203800035547,True
2187,2145,85.8,02/28/2026 10:13:48.440,3.508607784,-0.168553386,1.420585084505484,-0.1378577742732695,1.0961353144067265,1.649514952615338,True
2188,2146,85.84,02/28/2026 10:13:48.480,3.508607784,-0.168553386,1.4158315200968405,-0.13537415740498732,0.6983490308931211,1.795731698212828,True
2189,2147,85.88,02/28/2026 10:13:48.520,3.157747006,-0.168553386,1.4109098731383456,-0.14135065683488557,0.3722185319582587,1.226856828980444,True
2190,2148,85.92,02/28/2026 10:13:48.560,2.982316617,-0.168553386,1.4058717982043327,-0.14981264538487235,0.1475792379271897,0.7732493107274163,True
2191,2149,85.96000000000001,02/28/2026 10:13:48.600,2.982316617,-0.168553386,1.400824406688453,-0.15757220789805695,0.016024294479109746,0.5690504453822693,True
2192,2150,86.0,02/28/2026 10:13:48.640,2.982316617,-0.168553386,1.395742374614642,-0.16336343920064392,-0.04605841581062012,0.48800692895446074,True
2193,2151,86.04,02/28/2026 10:13:48.680,2.456025449,0.0,1.3949783213853346,-0.07345951469003469,0.835280336744692,5.062820543931086,True
2194,2152,86.08,02/28/2026 10:13:48.720,2.456025449,0.0,1.394897875718851,-0.017796966174573787,1.048890598761993,0.49286604682483975,True
2195,2153,86.12,02/28/2026 10:13:48.760,2.456025449,0.0,1.3953583513228036,0.01075843689332032,0.9199499033464389,0.3111918067070154,True
2196,2154,86.16,02/28/2026 10:13:48.800,2.456025449,0.0,1.3961805945417756,0.021164354795274246,0.666179619427241,0.6093752375761643,True
2197,2155,86.2,02/28/2026 10:13:48.840,2.456025449,0.0,1.3972074658107612,0.021277797240718512,0.4110483647993298,0.613302217488836,True
2198,2156,86.24,02/28/2026 10:13:48.880,2.456025449,0.0,1.3983251508070702,0.016789550811278108,0.20975803604011675,0.4593124831111482,True
2199,2157,86.28,02/28/2026 10:13:48.920,2.456025449,0.0,1.399463392583136,0.011212557294564773,0.0753692520267989,0.31855297065899,True
2200,2158,86.32000000000001,02/28/2026 10:13:48.960,2.456025449,0.0,1.400586299473689,0.006341506477274408,-0.000586481357571389,0.24133424188563585,True
2201,2159,86.36,02/28/2026 10:13:49.000,2.456025449,0.0,1.4016809233028111,0.0028239178862526746,-0.034345307638216215,0.21200057385426127,True
2202,2160,86.4,02/28/2026 10:13:49.040,2.456025449,0.0,1.4027472834132542,0.0006589348565676803,-0.0421330937812492,0.20485914887143408,True
2203,2161,86.44,02/28/2026 10:13:49.080,2.456025449,0.0,1.4037911626259838,-0.0004424754281485098,-0.03670846678283048,0.20426731503395812,True
2204,2162,86.48,02/28/2026 10:13:49.120,2.456025449,0.0,1.4048196733616871,-0.0008358284659310789,-0.026565286889679084,0.20433063770199986,True
2205,2163,86.52,02/28/2026 10:13:49.160,2.456025449,0.0,1.4058390019733906,-0.0008303387456348585,-0.016488074874447076,0.20392739298647075,True
2206,2164,86.56,02/28/2026 10:13:49.200,2.456025449,0.0,1.4068536031862522,-0.0006486411377875624,-0.008590621827642683,0.20328846849219903,True
2207,2165,86.60000000000001,02/28/2026 10:13:49.240,2.456025449,0.0,1.4078662113683318,-0.0004273538389854665,-0.003347845864094673,0.20267725192859712,True
2208,2166,86.64,02/28/2026 10:13:49.280,2.456025449,0.0,1.408878212673724,-0.00023568506287466404,-0.00040444281601773394,0.20216725265746865,True
2209,2167,86.68,02/28/2026 10:13:49.320,2.456025449,0.0,1.409890098263204,-9.809376325921315e-05,0.0008883012890467312,0.2017320334731454,True
2210,2168,86.72,02/28/2026 10:13:49.360,2.456025449,0.0,1.4109018568640783,-1.3917452874455834e-05,0.0011711532208265876,0.20133140862875645,True
2211,2169,86.76,02/28/2026 10:13:49.400,2.456025449,0.0,1.4119132565777894,2.8537493038222392e-05,0.0009446029329681702,0.2009413846642969,True
2212,2170,86.8,02/28/2026 10:13:49.440,2.456025449,0.0,1.4129240172925945,4.337522004840742e-05,0.0005399469361642105,0.20055307672603132,True
2213,2171,86.84,02/28/2026 10:13:49.480,2.456025449,0.0,1.4139338976503184,4.276204413847461e-05,0.00014253451733660106,0.20016486274752543,True
2214,2172,86.88,02/28/2026 10:13:49.520,2.456025449,0.0,1.4149427254527953,3.540610655082966e-05,-0.0001667479686034928,0.1997771272554694,True
2215,2173,86.92,02/28/2026 10:13:49.560,2.456025449,0.0,1.4159503964248,2.661920447136342e-05,-0.0003707345283672977,0.19939027296139916,True
2216,2174,86.96000000000001,02/28/2026 10:13:49.600,2.456025449,0.0,1.4169568591678374,1.906908400270047e-05,-0.00048426147240670435,0.19900440477404224,True
2217,2175,87.0,02/28/2026 10:13:49.640,2.456025449,0.0,1.417962097183382,1.3678266939598239e-05,-0.0005332316901983738,0.1986194763722934,True
2218,2176,87.04,02/28/2026 10:13:49.680,2.456025449,0.0,1.418966113429102,1.0396233531996926e-05,-0.0005429420361115567,0.19823542290959975,True
2219,2177,87.08,02/28/2026 10:13:49.720,2.456025449,0.0,1.4199689192973772,8.750494450725188e-06,-0.0005330213789713275,0.19785220555896743,True
2220,2178,87.12,02/28/2026 10:13:49.760,2.456025449,0.0,1.4209705279126208,8.181724769576493e-06,-0.000516388921543511,0.1974698088984106,True
2221,2179,87.16,02/28/2026 10:13:49.800,2.456025449,0.0,1.421970950779732,8.211342613473338e-06,-0.0005002227948194337,0.19708822855676866,True
2222,2180,87.2,02/28/2026 10:13:49.840,2.456025449,0.0,1.4229701966381683,8.498807209356019e-06,-0.0004876160001760949,0.1967074631411949,True
2223,2181,87.24,02/28/2026 10:13:49.880,2.456025449,0.0,1.4239682715414943,8.837643070753456e-06,-0.00047918465762274447,0.19632751124484513,True
2224,2182,87.28,02/28/2026 10:13:49.920,2.456025449,0.0,1.4249651794649763,9.12506168588633e-06,-0.00047431183557568253,0.19594837100068788,True
2225,2183,87.32000000000001,02/28/2026 10:13:49.960,2.456025449,0.0,1.425960923018359,9.32632381578575e-06,-0.00047196387047708055,0.19557004031919925,True
2226,2184,87.36,02/28/2026 10:13:50.000,2.456025449,0.0,1.4269555040533162,9.444367968535387e-06,-0.00047114234934859993,0.19519251709242563,True
2227,2185,87.4,02/28/2026 10:13:50.040,2.456025449,0.0,1.4279489240944274,9.498262367617935e-06,-0.0004710776019854501,0.19481579926010625,True
2228,2186,87.44,02/28/2026 10:13:50.080,2.456025449,0.0,1.428941184599699,9.510179525263816e-06,-0.0004712659400284613,0.19443988480418228,True
2229,2187,87.48,02/28/2026 10:13:50.120,2.456025449,0.0,1.4299322870896878,9.498940842874331e-06,-0.00047142945701135274,0.1940647717293494,True
2230,2188,87.52,02/28/2026 10:13:50.160,2.456025449,0.0,1.4309222331906286,9.477860776647108e-06,-0.0004714499670016527,0.1936904580506478,True
2231,2189,87.56,02/28/2026 10:13:50.200,2.456025449,0.0,1.4319110246301203,9.454963257054668e-06,-0.0004713055394114104,0.19331694178894243,True
2232,2190,87.60000000000001,02/28/2026 10:13:50.240,2.456025449,0.0,1.432898663212633,9.434206960168807e-06,-0.0004710217321724882,0.19294422097027591,True
2233,2191,87.64,02/28/2026 10:13:50.280,2.456025449,0.0,1.433885150791271,9.416897777819195e-06,-0.0004706397689151429,0.19257229362623177,True
2234,2192,87.68,02/28/2026 10:13:50.320,2.456025449,0.0,1.4348704892439015,9.402883115414739e-06,-0.00047019904295279765,0.19220115779422636,True
2235,2193,87.72,02/28/2026 10:13:50.360,2.456025449,0.0,1.4358546804563186,9.391394291477596e-06,-0.00046972972669834343,0.19183081151758627,True
2236,2194,87.76,02/28/2026 10:13:50.400,2.456025449,0.0,1.436837726312135,9.38155266218498e-06,-0.0004692514525544826,0.19146125284551577,True
2237,2195,87.8,02/28/2026 10:13:50.440,2.456025449,0.0,1.4378196286878246,9.372618181751475e-06,-0.0004687749755364016,0.19109247983304636,True
2238,2196,87.84,02/28/2026 10:13:50.480,2.456025449,0.0,1.438800389451115,9.364070369820213e-06,-0.0004683048071799159,0.19072449054099655,True
2239,2197,87.88,02/28/2026 10:13:50.520,2.456025449,0.0,1.439780010461219,9.355597464722688e-06,-0.00046784171933203457,0.1903572830359444,True
2240,2198,87.92,02/28/2026 10:13:50.560,2.456025449,0.0,1.4407584935698352,9.347047058042739e-06,-0.0004673846557533626,0.18999085539020594,True
2241,2199,87.96000000000001,02/28/2026 10:13:50.600,2.456025449,0.0,1.441735840622279,9.338370133163168e-06,-0.0004669319724064625,0.1896252056818156,True
2242,2200,88.0,02/28/2026 10:13:50.640,2.456025449,0.0,1.4427120534584366,9.32957411271212e-06,-0.0004664821145010113,0.18926033199450593,True
2243,2201,88.04,02/28/2026 10:13:50.680,2.456025449,0.0,1.4436871339134352,9.32068993250577e-06,-0.00046603389855771145,0.18889623241768758,True
2244,2202,88.08,02/28/2026 10:13:50.720,2.456025449,0.0,1.4446610838180498,9.311752380199688e-06,-0.0004655865586145088,0.18853290504642894,True
2245,2203,88.12,02/28/2026 10:13:50.760,2.456025449,0.0,1.4456339049989075,9.302790529105755e-06,-0.00046513967767680345,0.18817034798143611,True
2246,2204,88.16,02/28/2026 10:13:50.800,2.456025449,0.0,1.4466055992785611,9.293824703199504e-06,-0.0004646930827598662,0.1878085593290324,True
2247,2205,88.2,02/28/2026 10:13:50.840,2.456025449,0.0,1.4475761684754918,9.284866994491063e-06,-0.00046424674613764166,0.1874475372011387,True
2248,2206,88.24,02/28/2026 10:13:50.880,2.456025449,0.0,1.4485456144040811,9.275923249865778e-06,-0.0004638007104257092,0.18708727971525338,True
2249,2207,88.28,02/28/2026 10:13:50.920,2.456025449,0.0,1.4495139388745812,9.266995287456745e-06,-0.00046335504025186796,0.1867277849944324,True
2250,2208,88.32000000000001,02/28/2026 10:13:50.960,2.456025449,0.0,1.4504811436930893,9.258082742116039e-06,-0.00046290979606501085,0.18636905116726982,True
2251,2209,88.36,02/28/2026 10:13:51.000,2.456025449,0.0,1.4514472306615354,9.249184352099701e-06,-0.0004624650233790832,0.1860110763678777,True
2252,2210,88.4,02/28/2026 10:13:51.040,2.456025449,0.0,1.4524122015776788,9.240298722653896e-06,-0.0004620207511770283,0.18565385873586696,True
2253,2211,88.44,02/28/2026 10:13:51.080,2.456025449,0.0,1.4533760582351145,9.231424694005371e-06,-0.00046157699472915153,0.18529739641632734,True
2254,2212,88.48,02/28/2026 10:13:51.120,2.456025449,0.0,1.4543388024232826,9.222561454883908e-06,-0.00046113375977330115,0.18494168755980875,True
2255,2213,88.52,02/28/2026 10:13:51.160,2.456025449,0.0,1.4553004359274815,9.213708518646295e-06,-0.00046069104640863453,0.1845867303223008,True
2256,2214,88.56,02/28/2026 10:13:51.200,2.456025449,0.0,1.456260960528882,9.20486564338904e-06,-0.0004602488520310562,0.18423252286521483,True
2257,2215,88.60000000000001,02/28/2026 10:13:51.240,2.456025449,0.0,1.4572203780045418,9.196032744198774e-06,-0.000459807173216013,0.18387906335536386,True
2258,2216,88.64,02/28/2026 10:13:51.280,2.456025449,0.0,1.4581786901274187,9.187209820632113e-06,-0.00045936600673133875,0.18352634996494335,True
2259,2217,88.68,02/28/2026 10:13:51.320,2.456025449,0.0,1.4591358986663838,9.1783969064448e-06,-0.00045892534994705,0.183174380871513,True
2260,2218,88.72,02/28/2026 10:13:51.360,2.456025449,0.0,1.4600920053862354,9.169594039943919e-06,-0.00045848520088948887,0.1828231542579773,True
2261,2219,88.76,02/28/2026 10:13:51.400,2.456025449,0.0,1.4610470120477106,9.16080124983906e-06,-0.0004580455581257362,0.18247266831256648,True
2262,2220,88.8,02/28/2026 10:13:51.440,2.456025449,0.0,1.462000920407498,9.152018551005738e-06,-0.0004576064205972064,0.18212292122881787,True
2263,2221,88.84,02/28/2026 10:13:51.480,2.456025449,0.0,1.4629537322182498,9.143245945561458e-06,-0.0004571677874661498,0.18177391120555753,True
2264,2222,88.88,02/28/2026 10:13:51.520,2.456025449,0.0,1.4639054492285934,9.134483426074671e-06,-0.0004567296580006528,0.1814256364468811,True
2265,2223,88.92,02/28/2026 10:13:51.560,2.456025449,0.0,1.4648560731831444,9.125730979037669e-06,-0.0004562920315012985,0.18107809516213555,True
2266,2224,88.96000000000001,02/28/2026 10:13:51.600,2.456025449,0.0,1.465805605822517,9.116988587715542e-06,-0.00045585490726200717,0.18073128556590054,True
2267,2225,89.0,02/28/2026 10:13:51.640,2.456025449,0.0,1.466754048883338,9.108256234109793e-06,-0.000455418284554431,0.18038520587797027,True
2268,2226,89.04,02/28/2026 10:13:51.680,2.456025449,0.0,1.4677014040982561,9.099533900109013e-06,-0.0004549821626261554,0.1800398543233348,True
2269,2227,89.08,02/28/2026 10:13:51.720,2.456025449,0.0,1.4686476731959566,9.09082156803252e-06,-0.00045454654070542277,0.17969522913216202,True
2270,2228,89.12,02/28/2026 10:13:51.760,2.456025449,0.0,1.469592857901171,9.082119220787919e-06,-0.00045411141800774706,0.17935132853977942,True
2271,2229,89.16,02/28/2026 10:13:51.800,2.456025449,0.0,1.47053695993469,9.073426841823357e-06,-0.0004536767937419578,0.17900815078665588,True
2272,2230,89.2,02/28/2026 10:13:51.840,2.456025449,0.0,1.471479981013375,9.06474441499862e-06,-0.00045324266711469874,0.17866569411838415,True
2273,2231,89.24,02/28/2026 10:13:51.880,2.456025449,0.0,1.4724219228501694,9.05607192444761e-06,-0.00045280903733327756,0.17832395678566204,True
2274,2232,89.28,02/28/2026 10:13:51.920,2.456025449,0.0,1.4733627871541108,9.047409354466313e-06,-0.00045237590360717414,0.17798293704427517,True
2275,2233,89.32000000000001,02/28/2026 10:13:51.960,2.456025449,0.0,1.4743025756303427,9.038756689436034e-06,-0.0004519432651486282,0.1776426331550792,True
2276,2234,89.36,02/28/2026 10:13:52.000,2.456025449,0.0,1.4752412899801257,9.030113913778597e-06,-0.00045151112117269116,0.17730304338398142,True
2277,2235,89.4,02/28/2026 10:13:52.040,2.456025449,0.0,1.4761789319008491,9.021481011935394e-06,-0.0004510794708970281,0.17696416600192405,True
2278,2236,89.44,02/28/2026 10:13:52.080,2.456025449,0.0,1.4771155030860432,9.012857968361373e-06,-0.0004506483135416488,0.17662599928486566,True
2279,2237,89.48,02/28/2026 10:13:52.120,2.456025449,0.0,1.4780510052253892,9.004244767527082e-06,-0.00045021764832866445,0.17628854151376458,True
2280,2238,89.52,02/28/2026 10:13:52.160,2.456025449,0.0,1.4789854400047322,8.995641393923678e-06,-0.000449787474482106,0.1759517909745609,True
2281,2239,89.56,02/28/2026 10:13:52.200,2.456025449,0.0,1.4799188091060915,8.987047832068253e-06,-0.0004493577912278076,0.17561574595815901,True
2282,2240,89.60000000000001,02/28/2026 10:13:52.240,2.456025449,0.0,1.4808511142076728,8.978464066508162e-06,-0.0004489285977933429,0.17528040476041093,True
2283,2241,89.64,02/28/2026 10:13:52.280,2.456025449,0.0,1.4817823569838786,8.969890081823902e-06,-0.0004484998934079974,0.1749457656820983,True
2284,2242,89.68,02/28/2026 10:13:52.320,2.456025449,0.0,1.4827125391053204,8.961325862630712e-06,-0.0004480716773027617,0.1746118270289158,True
2285,2243,89.72,02/28/2026 10:13:52.360,2.456025449,0.0,1.4836416622388295,8.952771393579294e-06,-0.0004476439487103338,0.1742785871114537,True
2286,2244,89.76,02/28/2026 10:13:52.400,2.456025449,0.0,1.4845697280474677,8.944226659355933e-06,-0.0004472167068651247,0.17394604424518118,True
2287,2245,89.8,02/28/2026 10:13:52.440,2.456025449,0.0,1.485496738190539,8.93569164468229e-06,-0.0004467899510032626,0.17361419675042916,True
2288,2246,89.84,02/28/2026 10:13:52.480,2.456025449,0.0,1.4864226943236014,8.927166334315109e-06,-0.0004463636803625945,0.17328304295237326,True
2289,2247,89.88,02/28/2026 10:13:52.520,2.456025449,0.0,1.4873475980984763,8.918650713045862e-06,-0.0004459378941826859,0.17295258118101728,True
2290,2248,89.92,02/28/2026 10:13:52.560,2.456025449,0.0,1.4882714511632609,8.910144765700532e-06,-0.0004455125917048173,0.17262280977117642,True
2291,2249,89.96000000000001,02/28/2026 10:13:52.600,2.456025449,0.0,1.4891942551623385,8.901648477139354e-06,-0.0004450877721719807,0.1722937270624606,True
2292,2250,90.0,02/28/2026 10:13:52.640,2.456025449,0.0,1.49011601173639,8.893161832256644e-06,-0.00044466343482887417,0.17196533139925763,True
2293,2251,90.04,02/28/2026 10:13:52.680,2.456025449,0.0,1.4910367225224044,8.884684815980709e-06,-0.0004442395789218965,0.17163762113071696,True
2294,2252,90.08,02/28/2026 10:13:52.720,2.456025449,0.0,1.4919563891536893,8.876217413273693e-06,-0.000443816203699142,0.17131059461073309,True
2295,2253,90.12,02/28/2026 10:13:52.760,2.456025449,0.0,1.492875013259883,8.867759609131507e-06,-0.000443393308410395,0.17098425019792907,True
2296,2254,90.16,02/28/2026 10:13:52.800,2.456025449,0.0,1.4937925964669638,8.859311388583722e-06,-0.00044297089230712456,0.17065858625564026,True
2297,2255,90.2,02/28/2026 10:13:52.840,2.456025449,0.0,1.494709140397262,8.85087273669348e-06,-0.0004425489546424796,0.17033360115189813,True
2298,2256,90.24,02/28/2026 10:13:52.880,2.456025449,0.0,1.4956246466694698,8.842443638557447e-06,-0.0004421274946712834,0.17000929325941413,True
2299,2257,90.28,02/28/2026 10:13:52.920,2.456025449,0.0,1.4965391168986524,8.834024079305651e-06,-0.00044170651165002914,0.16968566095556303,True
2300,2258,90.32000000000001,02/28/2026 10:13:52.960,2.456025449,0.0,1.4974525526962583,8.825614044101423e-06,-0.0004412860048368749,0.16936270262236758,True
2301,2259,90.36,02/28/2026 10:13:53.000,2.456025449,0.0,1.4983649556701304,8.817213518141277e-06,-0.0004408659734916387,0.16904041664648187,True
2302,2260,90.4,02/28/2026 10:13:53.040,2.456025449,0.0,1.4992763274245164,8.808822486654866e-06,-0.0004404464168757933,0.16871880141917586,True
2303,2261,90.44,02/28/2026 10:13:53.080,2.456025449,0.0,1.5001866695600792,8.800440934904829e-06,-0.00044002733425246214,0.16839785533631926,True
2304,2262,90.48,02/28/2026 10:13:53.120,2.456025449,0.0,1.501095983673907,8.7920688481867e-06,-0.0004396087248864138,0.16807757679836555,True
2305,2263,90.52,02/28/2026 10:13:53.160,2.456025449,0.0,1.5020042713595247,8.783706211828856e-06,-0.00043919058804405746,0.16775796421033667,True
2306,2264,90.56,02/28/2026 10:13:53.200,2.456025449,0.0,1.5029115342069037,8.775353011192377e-06,-0.00043877292299343833,0.167439015981807,True
2307,2265,90.60000000000001,02/28/2026 10:13:53.240,2.456025449,0.0,1.5038177738024723,8.767009231670957e-06,-0.0004383557290042326,0.16712073052688795,True
2308,2266,90.64,02/28/2026 10:13:53.280,2.456025449,0.0,1.5047229917291263,8.758674858690813e-06,-0.00043793900534774263,0.16680310626421205,True
2309,2267,90.68,02/28/2026 10:13:53.320,2.456025449,0.0,1.5056271895662392,8.750349877710618e-06,-0.0004375227512968923,0.16648614161691797,True
2310,2268,90.72,02/28/2026 10:13:53.360,2.456025449,0.0,1.5065303688896725,8.742034274221336e-06,-0.00043710696612622247,0.16616983501263446,True
2311,2269,90.76,02/28/2026 10:13:53.400,2.456025449,0.0,1.507432531271786,8.733728033746208e-06,-0.00043669164911188583,0.16585418488346562,True
2312,2270,90.8,02/28/2026 10:13:53.440,2.456025449,0.0,1.5083336782814476,8.7254311418406e-06,-0.00043627679953164253,0.16553918966597506,True
2313,2271,90.84,02/28/2026 10:13:53.480,2.456025449,0.0,1.5092338114840442,8.717143584091953e-06,-0.0004358624166648553,0.16522484780117092,True
2314,2272,90.88,02/28/2026 10:13:53.520,2.456025449,0.0,1.5101329324414912,8.708865346119663e-06,-0.0004354484997924852,0.16491115773449094,True
2315,2273,90.92,02/28/2026 10:13:53.560,2.456025449,0.0,1.5110310427122426,8.700596413574984e-06,-0.00043503504819708625,0.16459811791578663,True
2316,2274,90.96000000000001,02/28/2026 10:13:53.600,2.456025449,0.0,1.511928143851302,8.692336772140942e-06,-0.00043462206116280167,0.16428572679930875,True
2317,2275,91.0,02/28/2026 10:13:53.640,2.456025449,0.0,1.5128242374102312,8.684086407532251e-06,-0.00043420953797535845,0.16397398284369208,True
2318,2276,91.04,02/28/2026 10:13:53.680,2.456025449,0.0,1.5137193249371612,8.67584530549522e-06,-0.00043379747792206323,0.1636628845119409,True
2319,2277,91.08,02/28/2026 10:13:53.720,2.456025449,0.0,1.514613407976802,8.66761345180764e-06,-0.00043338588029179757,0.16335243027141322,True
2320,2278,91.12,02/28/2026 10:13:53.760,2.456025449,0.0,1.5155064880704525,8.659390832278729e-06,-0.00043297474437501327,0.1630426185938069,True
2321,2279,91.16,02/28/2026 10:13:53.800,2.456025449,0.0,1.5163985667560103,8.651177432749012e-06,-0.0004325640694637281,0.1627334479551443,True
2322,2280,91.2,02/28/2026 10:13:53.840,2.456025449,0.0,1.517289645567981,8.642973239090236e-06,-0.00043215385485152107,0.16242491683575774,True
2323,2281,91.24,02/28/2026 10:13:53.880,2.456025449,0.0,1.5181797260374892,8.634778237205292e-06,-0.00043174409983352786,0.16211702372027498,True
2324,2282,91.28,02/28/2026 10:13:53.920,2.456025449,0.0,1.5190688096922877,8.62659241302809e-06,-0.0004313348037064366,0.16180976709760433,True
2325,2283,91.32000000000001,02/28/2026 10:13:53.960,2.456025449,0.0,1.5199568980567673,8.61841575252353e-06,-0.0004309259657684828,0.16150314546092046,True
2326,2284,91.36,02/28/2026 10:13:54.000,2.456025449,0.0,1.5208439926519657,8.610248241687344e-06,-0.00043051758531944547,0.1611971573076496,True
2327,2285,91.4,02/28/2026 10:13:54.040,2.456025449,0.0,1.5217300949955788,8.602089866546072e-06,-0.0004301096616606425,0.16089180113945548,True
2328,2286,91.44,02/28/2026 10:13:54.080,2.456025449,0.0,1.522615206601969,8.593940613156922e-06,-0.00042970219409492607,0.16058707546222473,True
2329,2287,91.48,02/28/2026 10:13:54.120,2.456025449,0.0,1.5234993289821754,8.585800467607691e-06,-0.00042929518192667826,0.16028297878605244,True
2330,2288,91.52,02/28/2026 10:13:54.160,2.456025449,0.0,1.5243824636439236,8.577669416016713e-06,-0.00042888862446180674,0.1599795096252284,True
2331,2289,91.56,02/28/2026 10:13:54.200,2.456025449,0.0,1.5252646120916347,8.569547444532723e-06,-0.0004284825210077402,0.15967666649822232,True
2332,2290,91.60000000000001,02/28/2026 10:13:54.240,2.456025449,0.0,1.526145775826435,8.561434539334811e-06,-0.00042807687087342426,0.15937444792767036,True
2333,2291,91.64,02/28/2026 10:13:54.280,2.456025449,0.0,1.527025956346166,8.553330686632282e-06,-0.0004276716733693168,0.15907285244036024,True
2334,2292,91.68,02/28/2026 10:13:54.320,2.456025449,0.0,1.527905155145393,8.54523587266463e-06,-0.0004272669278073838,0.1587718785672181,True
2335,2293,91.72,02/28/2026 10:13:54.360,2.456025449,0.0,1.5287833737154155,8.537150083701404e-06,-0.0004268626335010947,0.15847152484329374,True
2336,2294,91.76,02/28/2026 10:13:54.400,2.456025449,0.0,1.529660613544275,8.529073306042149e-06,-0.00042645878976541854,0.15817178980774743,True
2337,2295,91.8,02/28/2026 10:13:54.440,2.456025449,0.0,1.5305368761167666,8.521005526016319e-06,-0.0004260553959168193,0.1578726720038354,True
2338,2296,91.84,02/28/2026 10:13:54.480,2.456025449,0.0,1.5314121629144462,8.512946729983164e-06,-0.0004256524512732519,0.15757416997889678,True
2339,2297,91.88,02/28/2026 10:13:54.520,2.456025449,0.0,1.5322864754156413,8.504896904331681e-06,-0.0004252499551541574,0.15727628228433882,True
2340,2298,91.92,02/28/2026 10:13:54.560,2.456025449,0.0,1.5331598150954595,8.496856035480507e-06,-0.0004248479068804595,0.15697900747562443,True
2341,2299,91.96000000000001,02/28/2026 10:13:54.600,2.456025449,0.0,1.534032183425798,8.488824109877817e-06,-0.0004244463057745596,0.15668234411225748,True
2342,2300,92.0,02/28/2026 10:13:54.640,2.456025449,0.0,1.5349035818753523,8.480801114001288e-06,-0.00042404515116033285,0.15638629075777,True
2343,2301,92.04,02/28/2026 10:13:54.680,2.456025449,0.0,1.5357740119096261,8.472787034357981e-06,-0.000423644442363124,0.15609084597970813,True
2344,2302,92.08,02/28/2026 10:13:54.720,2.456025449,0.0,1.5366434749909406,8.46478185748426e-06,-0.0004232441787097431,0.15579600834961888,True
2345,2303,92.12,02/28/2026 10:13:54.760,2.456025449,0.0,1.5375119725784423,8.456785569945689e-06,-0.00042284435952846133,0.15550177644303653,True
2346,2304,92.16,02/28/2026 10:13:54.800,2.456025449,0.0,1.5383795061281134,8.448798158337008e-06,-0.00042244498414900676,0.15520814883946976,True
2347,2305,92.2,02/28/2026 10:13:54.840,2.456025449,0.0,1.5392460770927796,8.440819609281993e-06,-0.0004220460519025602,0.15491512412238773,True
2348,2306,92.24,02/28/2026 10:13:54.880,2.456025449,0.0,1.5401116869221207,8.432849909433393e-06,-0.0004216475621217512,0.15462270087920718,True
2349,2307,92.28,02/28/2026 10:13:54.920,2.456025449,0.0,1.5409763370626783,8.424889045472848e-06,-0.00042124951414065383,0.15433087770127907,True
2350,2308,92.32000000000001,02/28/2026 10:13:54.960,2.456025449,0.0,1.5418400289578655,8.416937004110807e-06,-0.0004208519072947825,0.15403965318387539,True
2351,2309,92.36,02/28/2026 10:13:55.000,2.456025449,0.0,1.5427027640479751,8.40899377208644e-06,-0.00042045474092108784,0.15374902592617623,True
2352,2310,92.4,02/28/2026 10:13:55.040,2.456025449,0.0,1.5435645437701888,8.401059336167564e-06,-0.00042005801435795266,0.15345899453125664,True
2353,2311,92.44,02/28/2026 10:13:55.080,2.456025449,0.0,1.5444253695585863,8.393133683150562e-06,-0.00041966172694518796,0.1531695576060736,True
2354,2312,92.48,02/28/2026 10:13:55.120,2.456025449,0.0,1.5452852428441541,8.385216799860294e-06,-0.0004192658780240288,0.15288071376145318,True
2355,2313,92.52,02/28/2026 10:13:55.160,2.456025449,0.0,1.546144165054794,8.377308673150013e-06,-0.00041887046693713035,0.15259246161207732,True
2356,2314,92.56,02/28/2026 10:13:55.200,2.456025449,0.0,1.5470021376153322,8.369409289901285e-06,-0.0004184754930285634,0.15230479977647124,True
2357,2315,92.60000000000001,02/28/2026 10:13:55.240,2.456025449,0.0,1.5478591619475275,8.36151863702394e-06,-0.0004180809556438108,0.152017726876991,True
2358,2316,92.64,02/28/2026 10:13:55.280,2.456025449,0.0,1.5487152394700807,8.353636701455949e-06,-0.00041768685412976346,0.15173124153980974,True
2359,2317,92.68,02/28/2026 10:13:55.320,2.456025449,0.0,1.5495703715986426,8.34576347016336e-06,-0.00041729318783471605,0.15144534239490612,True
2360,2318,92.72,02/28/2026 10:13:55.360,2.456025449,0.0,1.5504245597458233,8.337898930140239e-06,-0.00041689995610836336,0.15116002807605092,True
2361,2319,92.76,02/28/2026 10:13:55.400,2.456025449,0.0,1.5512778053212002,8.330043068408543e-06,-0.0004165071583017962,0.15087529722079476,True
2362,2320,92.8,02/28/2026 10:13:55.440,2.456025449,0.0,1.5521301097313271,8.32219587201809e-06,-0.00041611479376749735,0.15059114847045535,True
2363,2321,92.84,02/28/2026 10:13:55.480,2.456025449,0.0,1.5529814743797425,8.31435732804644e-06,-0.00041572286185933763,0.15030758047010526,True
2364,2322,92.88,02/28/2026 10:13:55.520,2.456025449,0.0,1.553831900666978,8.306527423598856e-06,-0.0004153313619325719,0.15002459186855915,True
2365,2323,92.92,02/28/2026 10:13:55.560,2.456025449,0.0,1.5546813899905674,8.298706145808198e-06,-0.0004149402933438356,0.1497421813183617,True
2366,2324,92.96000000000001,02/28/2026 10:13:55.600,2.456025449,0.0,1.5555299437450543,8.290893481834861e-06,-0.00041454965545114025,0.14946034747577497,True
2367,2325,93.0,02/28/2026 10:13:55.640,2.456025449,0.0,1.5563775633220014,8.283089418866671e-06,-0.00041415944761387017,0.14917908900076612,True
2368,2326,93.04,02/28/2026 10:13:55.680,2.456025449,0.0,1.557224250109998,8.275293944118826e-06,-0.0004137696691927778,0.14889840455699543,True
2369,2327,93.08,02/28/2026 10:13:55.720,2.456025449,0.0,1.5580700054946695,8.267507044833855e-06,-0.00041338031954998064,0.1486182928118038,True
2370,2328,93.12,02/28/2026 10:13:55.760,2.456025449,0.0,1.5589148308586847,8.259728708281452e-06,-0.00041299139804895705,0.1483387524362006,True
2371,2329,93.16,02/28/2026 10:13:55.800,2.456025449,0.0,1.5597587275817644,8.251958921758479e-06,-0.0004126029040545423,0.14805978210485185,True
2372,2330,93.2,02/28/2026 10:13:55.840,2.456025449,0.0,1.5606016970406904,8.244197672588861e-06,-0.000412214836932925,0.14778138049606773,True
2373,2331,93.24,02/28/2026 10:13:55.880,2.456025449,0.0,1.5614437406093131,8.23644494812352e-06,-0.00041182719605164305,0.14750354629179094,True
2374,2332,93.28,02/28/2026 10:13:55.920,2.456025449,0.0,1.56228485965856,8.22870073574028e-06,-0.00041143998077958015,0.1472262781775843,True
2375,2333,93.32000000000001,02/28/2026 10:13:55.960,2.456025449,0.0,1.5631250555564433,8.2209650228438e-06,-0.0004110531904869618,0.14694957484261945,True
2376,2334,93.36,02/28/2026 10:13:56.000,2.456025449,0.0,1.5639643296680694,8.213237796865497e-06,-0.0004106668245453515,0.14667343497966406,True
2377,2335,93.4,02/28/2026 10:13:56.040,2.456025449,0.0,1.5648026833556454,8.205519045263484e-06,-0.00041028088232764715,0.14639785728507115,True
2378,2336,93.44,02/28/2026 10:13:56.080,2.456025449,0.0,1.565640117978489,8.197808755522476e-06,-0.0004098953632080772,0.1461228404587661,True
2379,2337,93.48,02/28/2026 10:13:56.120,2.456025449,0.0,1.5664766348930346,8.190106915153723e-06,-0.00040951026656219693,0.14584838320423582,True
2380,2338,93.52,02/28/2026 10:13:56.160,2.456025449,0.0,1.5673122354528437,8.182413511694948e-06,-0.00040912559176688466,0.14557448422851665,True
2381,2339,93.56,02/28/2026 10:13:56.200,2.456025449,0.0,1.5681469210086112,8.174728532710259e-06,-0.00040874133820033813,0.1453011422421826,True
2382,2340,93.60000000000001,02/28/2026 10:13:56.240,2.456025449,0.0,1.5689806929081735,8.167051965790064e-06,-0.00040835750524207087,0.14502835595933405,True
2383,2341,93.64,02/28/2026 10:13:56.280,2.456025449,0.0,1.5698135524965178,8.159383798551031e-06,-0.0004079740922729084,0.14475612409758604,True
2384,2342,93.68,02/28/2026 10:13:56.320,2.456025449,0.0,1.5706455011157885,8.151724018635986e-06,-0.0004075910986749846,0.14448444537805677,True
2385,2343,93.72,02/28/2026 10:13:56.360,2.456025449,0.0,1.5714765401052966,8.144072613713858e-06,-0.00040720852383173807,0.14421331852535593,True
2386,2344,93.76,02/28/2026 10:13:56.400,2.456025449,0.0,1.5723066708015263,8.136429571479584e-06,-0.00040682636712790853,0.1439427422675737,True
2387,2345,93.8,02/28/2026 10:13:56.440,2.456025449,0.0,1.5731358945381437,8.12879487965405e-06,-0.00040644462794953325,0.14367271533626888,True
2388,2346,93.84,02/28/2026 10:13:56.480,2.456025449,0.0,1.5739642126460047,8.121168525984011e-06,-0.000406063305683943,0.14340323646645786,True
2389,2347,93.88,02/28/2026 10:13:56.520,2.456025449,0.0,1.574791626453162,8.113550498242054e-06,-0.00040568239971975896,0.14313430439660327,True
2390,2348,93.92,02/28/2026 10:13:56.560,2.456025449,0.0,1.575618137284874,8.105940784226472e-06,-0.0004053019094468887,0.14286591786860262,True
2391,2349,93.96000000000001,02/28/2026 10:13:56.600,2.456025449,0.0,1.576443746463612,8.098339371761227e-06,-0.00040492183425652306,0.14259807562777727,True
2392,2350,94.0,02/28/2026 10:13:56.640,2.456025449,0.0,1.5772684553090681,8.09074624869587e-06,-0.00040454217354113223,0.14233077642286104,True
2393,2351,94.04,02/28/2026 10:13:56.680,2.456025449,0.0,1.5780922651381624,8.083161402905466e-06,-0.00040416292669446233,0.1420640190059892,True
2394,2352,94.08,02/28/2026 10:13:56.720,2.456025449,0.0,1.5789151772650516,8.075584822290536e-06,-0.0004037840931115318,0.14179780213268753,True
2395,2353,94.12,02/28/2026 10:13:56.760,2.456025449,0.0,1.5797371930011366,8.068016494776966e-06,-0.0004034056721886278,0.14153212456186084,True
2396,2354,94.16,02/28/2026 10:13:56.800,2.456025449,0.0,1.580558313655069,8.060456408315947e-06,-0.000403027663323303,0.14126698505578245,True
2397,2355,94.2,02/28/2026 10:13:56.840,2.456025449,0.0,1.5813785405327603,8.05290455088391e-06,-0.00040265006591437157,0.14100238238008309,True
2398,2356,94.24,02/28/2026 10:13:56.880,2.456025449,0.0,1.5821978749373884,8.045360910482445e-06,-0.00040227287936190606,0.14073831530373979,True
2399,2357,94.28,02/28/2026 10:13:56.920,2.456025449,0.0,1.5830163181694055,8.037825475138254e-06,-0.0004018961030672338,0.14047478259906523,True
2400,2358,94.32000000000001,02/28/2026 10:13:56.960,2.456025449,0.0,1.583833871526546,8.030298232903047e-06,-0.00040151973643293333,0.14021178304169687,True
2401,2359,94.36,02/28/2026 10:13:57.000,2.456025449,0.0,1.5846505363038337,8.022779171853495e-06,-0.0004011437788628312,0.13994931541058606,True
2402,2360,94.4,02/28/2026 10:13:57.040,2.456025449,0.0,1.5854663137935887,8.01526828009116e-06,-0.00040076822976199813,0.13968737848798726,True
2403,2361,94.44,02/28/2026 10:13:57.080,2.456025449,0.0,1.5862812052854363,8.00776554574242e-06,-0.0004003930885367459,0.1394259710594478,True
2404,2362,94.48,02/28/2026 10:13:57.120,2.456025449,0.0,1.587095212066313,8.000270956958401e-06,-0.0004000183545946238,0.13916509191379642,True
2405,2363,94.52,02/28/2026 10:13:57.160,2.456025449,0.0,1.5879083354204753,7.99278450191492e-06,-0.00039964402734441525,0.13890473984313328,True
2406,2364,94.56,02/28/2026 10:13:57.200,2.456025449,0.0,1.5887205766295054,7.985306168812399e-06,-0.00039927010619613426,0.13864491364281922,True
2407,2365,94.60000000000001,02/28/2026 10:13:57.240,2.456025449,0.0,1.5895319369723206,7.977835945875796e-06,-0.00039889659056102227,0.13838561211146508,True
2408,2366,94.64,02/28/2026 10:13:57.280,2.456025449,0.0,1.5903424177251795,7.970373821354558e-06,-0.0003985234798515444,0.13812683405092108,True
2409,2367,94.68,02/28/2026 10:13:57.320,2.456025449,0.0,1.5911520201616887,7.962919783522527e-06,-0.00039815077348138636,0.13786857826626675,True
2410,2368,94.72,02/28/2026 10:13:57.360,2.456025449,0.0,1.5919607455528115,7.955473820677932e-06,-0.00039777847086545085,0.13761084356580056,True
2411,2369,94.76,02/28/2026 10:13:57.400,2.456025449,0.0,1.5927685951668742,7.94803592114323e-06,-0.0003974065714198547,0.13735362876102875,True
2412,2370,94.8,02/28/2026 10:13:57.440,2.456025449,0.0,1.5935755702695742,7.94060607326511e-06,-0.000397035074561925,0.13709693266665585,True
2413,2371,94.84,02/28/2026 10:13:57.480,2.456025449,0.0,1.5943816721239863,7.933184265414393e-06,-0.0003966639797101961,0.13684075410057395,True
2414,2372,94.88,02/28/2026 10:13:57.520,2.456025449,0.0,1.5951869019905707,7.92577048598598e-06,-0.00039629328628440605,0.13658509188385257,True
2415,2373,94.92,02/28/2026 10:13:57.560,2.456025449,0.0,1.5959912611271794,7.918364723398772e-06,-0.0003959229937054935,0.13632994484072822,True
2416,2374,94.96000000000001,02/28/2026 10:13:57.600,2.456025449,0.0,1.596794750789064,7.910966966095638e-06,-0.00039555310139559405,0.1360753117985947,True
2417,2375,95.0,02/28/2026 10:13:57.640,2.456025449,0.0,1.5975973722288828,7.903577202543308e-06,-0.00039518360877803754,0.13582119158799233,True
2418,2376,95.04,02/28/2026 10:13:57.680,2.456025449,0.0,1.5983991266967075,7.896195421232316e-06,-0.0003948145152773443,0.13556758304259828,True
2419,2377,95.08,02/28/2026 10:13:57.720,2.456025449,0.0,1.5992000154400308,7.888821610676964e-06,-0.00039444582031922194,0.13531448499921628,True
2420,2378,95.12,02/28/2026 10:13:57.760,2.456025449,0.0,1.600000039703773,7.881455759415227e-06,-0.0003940775233305623,0.13506189629776663,True
2421,2379,95.16,02/28/2026 10:13:57.800,2.456025449,0.0,1.6007992007302896,7.874097856008693e-06,-0.00039370962373943815,0.13480981578127632,True
2422,2380,95.2,02/28/2026 10:13:57.840,2.456025449,0.0,1.6015974997593774,7.866747889042507e-06,-0.0003933421209750999,0.13455824229586885,True
2423,2381,95.24,02/28/2026 10:13:57.880,2.456025449,0.0,1.6023949380282823,7.85940584712531e-06,-0.00039297501446797244,0.1343071746907547,True
2424,2382,95.28,02/28/2026 10:13:57.920,2.456025449,0.0,1.6031915167717066,7.852071718889156e-06,-0.00039260830364965167,0.13405661181822084,True
2425,2383,95.32000000000001,02/28/2026 10:13:57.960,2.456025449,0.0,1.6039872372218147,7.84474549298945e-06,-0.00039224198795290166,0.13380655253362136,True
2426,2384,95.36,02/28/2026 10:13:58.000,2.456025449,0.0,1.604782100608241,7.837427158104916e-06,-0.00039187606681165125,0.13355699569536772,True
2427,2385,95.4,02/28/2026 10:13:58.040,2.456025449,0.0,1.6055761081580966,7.830116702937495e-06,-0.00039151053966099094,0.13330794016491837,True
2428,2386,95.44,02/28/2026 10:13:58.080,2.456025449,0.0,1.6063692610959763,7.822814116212311e-06,-0.00039114540593716964,0.13305938480676976,True
2429,2387,95.48,02/28/2026 10:13:58.120,2.456025449,0.0,1.6071615606439646,7.815519386677585e-06,-0.0003907806650775918,0.13281132848844618,True
2430,2388,95.52,02/28/2026 10:13:58.160,2.456025449,0.0,1.607953008021644,7.808232503104565e-06,-0.0003904163165208139,0.13256377008049025,True
2431,2389,95.56,02/28/2026 10:13:58.200,2.456025449,0.0,1.6087436044461005,7.80095345428751e-06,-0.00039005235970654135,0.13231670845645324,True
2432,2390,95.60000000000001,02/28/2026 10:13:58.240,2.456025449,0.0,1.6095333511319314,7.79368222904358e-06,-0.0003896887940756255,0.1320701424928855,True
2433,2391,95.64,02/28/2026 10:13:58.280,2.456025449,0.0,1.610322249291251,7.786418816212791e-06,-0.00038932561907006067,0.13182407106932695,True
2434,2392,95.68,02/28/2026 10:13:58.320,2.456025449,0.0,1.6111103001336988,7.779163204657956e-06,-0.00038896283413298075,0.1315784930682975,True
2435,2393,95.72,02/28/2026 10:13:58.360,2.456025449,0.0,1.6118975048664446,7.771915383264618e-06,-0.00038860043870865617,0.1313334073752875,True
2436,2394,95.76,02/28/2026 10:13:58.400,2.456025449,0.0,1.6126838646941963,7.764675340940997e-06,-0.0003882384322424908,0.13108881287874852,True
2437,2395,95.8,02/28/2026 10:13:58.440,2.456025449,0.0,1.6134693808192064,7.757443066617897e-06,-0.00038787681418101915,0.13084470847008364,True
2438,2396,95.84,02/28/2026 10:13:58.480,2.456025449,0.0,1.6142540544412782,7.750218549248687e-06,-0.00038751558397190296,0.13060109304363843,True
2439,2397,95.88,02/28/2026 10:13:58.520,2.456025449,0.0,1.6150378867577733,7.743001777809237e-06,-0.00038715474106392806,0.13035796549669124,True
2440,2398,95.92,02/28/2026 10:13:58.560,2.456025449,0.0,1.6158208789636173,7.735792741297812e-06,-0.00038679428490700184,0.1301153247294441,True
2441,2399,95.96000000000001,02/28/2026 10:13:58.600,2.456025449,0.0,1.6166030322513065,7.728591428735048e-06,-0.00038643421495214984,0.1298731696450134,True
2442,2400,96.0,02/28/2026 10:13:58.640,2.456025449,0.0,1.6173843478109156,7.721397829163905e-06,-0.0003860745306515126,0.1296314991494208,True
2443,2401,96.04,02/28/2026 10:13:58.680,2.456025449,0.0,1.6181648268301025,7.714211931649568e-06,-0.00038571523145834307,0.1293903121515837,True
2444,2402,96.08,02/28/2026 10:13:58.720,2.456025449,0.0,1.6189444704941165,7.707033725279404e-06,-0.00038535631682700333,0.1291496075633064,True
2445,2403,96.12,02/28/2026 10:13:58.760,2.456025449,0.0,1.6197232799858037,7.699863199162907e-06,-0.00038499778621296153,0.12890938429927074,True
2446,2404,96.16,02/28/2026 10:13:58.800,2.456025449,0.0,1.6205012564856138,7.692700342431634e-06,-0.000384639639072789,0.12866964127702712,True
2447,2405,96.2,02/28/2026 10:13:58.840,2.456025449,0.0,1.6212784011716068,7.685545144239141e-06,-0.00038428187486415724,0.12843037741698538,True
2448,2406,96.24000000000001,02/28/2026 10:13:58.880,2.456025449,0.0,1.6220547152194589,7.678397593760944e-06,-0.000383924493045835,0.12819159164240593,True
2449,2407,96.28,02/28/2026 10:13:58.920,2.456025449,0.0,1.62283019980247,7.67125768019444e-06,-0.0003835674930776854,0.1279532828793904,True
2450,2408,96.32000000000001,02/28/2026 10:13:58.960,2.456025449,0.0,1.6236048560915683,7.664125392758837e-06,-0.0003832108744206629,0.12771545005687304,True
2451,2409,96.36,02/28/2026 10:13:59.000,2.456025449,0.0,1.624378685255319,7.657000720695115e-06,-0.00038285463653681026,0.12747809210661148,True
2452,2410,96.4,02/28/2026 10:13:59.040,2.456025449,0.0,1.6251516884599286,7.649883653265976e-06,-0.0003824987788892556,0.12724120796317825,True
2453,2411,96.44,02/28/2026 10:13:59.080,2.456025449,0.0,1.6259238668692524,7.642774179755756e-06,-0.0003821433009422098,0.12700479656395136,True
2454,2412,96.48,02/28/2026 10:13:59.120,2.456025449,0.0,1.6266952216448003,7.635672289470408e-06,-0.0003817882021609632,0.126768856849106,True
2455,2413,96.52,02/28/2026 10:13:59.160,2.456025449,0.0,1.6274657539457436,7.628577971737397e-06,-0.000381433482011883,0.12653338776160536,True
2456,2414,96.56,02/28/2026 10:13:59.200,2.456025449,0.0,1.6282354649289206,7.621491215905662e-06,-0.0003810791399624103,0.12629838824719197,True
2457,2415,96.60000000000001,02/28/2026 10:13:59.240,2.456025449,0.0,1.6290043557488438,7.6144120113455724e-06,-0.0003807251754810569,0.12606385725437913,True
2458,2416,96.64,02/28/2026 10:13:59.280,2.456025449,0.0,1.629772427557705,7.607340347448851e-06,-0.0003803715880374027,0.12582979373444195,True
2459,2417,96.68,02/28/2026 10:13:59.320,2.456025449,0.0,1.6305396815053825,7.60027621362854e-06,-0.000380018377102093,0.12559619664140897,True
2460,2418,96.72,02/28/2026 10:13:59.360,2.456025449,0.0,1.6313061187394469,7.593219599318903e-06,-0.0003796655421468354,0.1253630649320531,True
2461,2419,96.76,02/28/2026 10:13:59.400,2.456025449,0.0,1.632071740405167,7.58617049397543e-06,-0.00037931308264439696,0.12513039756588365,True
2462,2420,96.8,02/28/2026 10:13:59.440,2.456025449,0.0,1.6328365476455164,7.579128887074709e-06,-0.0003789609980686015,0.12489819350513692,True
2463,2421,96.84,02/28/2026 10:13:59.480,2.456025449,0.0,1.6336005416011796,7.572094768114415e-06,-0.00037860928789432667,0.1246664517147685,True
2464,2422,96.88,02/28/2026 10:13:59.520,2.456025449,0.0,1.6343637234105581,7.565068126613256e-06,-0.00037825795159750105,0.12443517116244412,True
2465,2423,96.92,02/28/2026 10:13:59.560,2.456025449,0.0,1.635126094209776,7.5580489521108936e-06,-0.00037790698865510154,0.12420435081853161,True
2466,2424,96.96000000000001,02/28/2026 10:13:59.600,2.456025449,0.0,1.6358876551326869,7.551037234167905e-06,-0.0003775563985451505,0.12397398965609221,True
2467,2425,97.0,02/28/2026 10:13:59.640,2.456025449,0.0,1.6366484073108791,7.544032962365705e-06,-0.000377206180746713,0.12374408665087215,True
2468,2426,97.04,02/28/2026 10:13:59.680,2.456025449,0.0,1.6374083518736828,7.537036126306514e-06,-0.0003768563347398937,0.1235146407812943,True
2469,2427,97.08,02/28/2026 10:13:59.720,2.456025449,0.0,1.6381674899481746,7.5300467156133e-06,-0.00037650686000583453,0.12328565102845004,True
2470,2428,97.12,02/28/2026 10:13:59.760,2.456025449,0.0,1.6389258226591847,7.523064719929715e-06,-0.0003761577560267118,0.12305711637609068,True
2471,2429,97.16,02/28/2026 10:13:59.800,2.456025449,0.0,1.639683351129303,7.516090128920038e-06,-0.0003758090222857332,0.12282903581061892,True
2472,2430,97.2,02/28/2026 10:13:59.840,2.456025449,0.0,1.6404400764788836,7.509122932269123e-06,-0.0003754606582671355,0.12260140832108117,True
2473,2431,97.24000000000001,02/28/2026 10:13:59.880,2.456025449,0.0,1.6411959998260524,7.502163119682354e-06,-0.00037511266345618136,0.12237423289915915,True
2474,2432,97.28,02/28/2026 10:13:59.920,2.456025449,0.0,1.6419511222867118,7.495210680885564e-06,-0.0003747650373391569,0.12214750853916126,True
2475,2433,97.32000000000001,02/28/2026 10:13:59.960,2.456025449,0.0,1.642705444974548,7.488265605625018e-06,-0.0003744177794033687,0.121921234238015,True
2476,2434,97.36,02/28/2026 10:14:00.000,2.456025449,0.0,1.6434589690010353,7.481327883667322e-06,-0.0003740708891371414,0.12169540899525819,True
2477,2435,97.4,02/28/2026 10:14:00.040,2.456025449,0.0,1.6442116954754427,7.474397504799399e-06,-0.00037372436602981483,0.12147003181303173,True
2478,2436,97.44,02/28/2026 10:14:00.080,2.456025449,0.0,1.64496362550484,7.467474458828436e-06,-0.00037337820957174136,0.12124510169607056,True
2479,2437,97.48,02/28/2026 10:14:00.120,2.456025449,0.0,1.6457147601941038,7.460558735581791e-06,-0.0003730324192542833,0.12102061765169633,True
2480,2438,97.52,02/28/2026 10:14:00.160,2.456025449,0.0,1.6464651006459219,7.453650324906966e-06,-0.00037268699456981003,0.12079657868980889,True
2481,2439,97.56,02/28/2026 10:14:00.200,2.456025449,0.0,1.6472146479608005,7.446749216671568e-06,-0.00037234193501169556,0.12057298382287873,True
2482,2440,97.60000000000001,02/28/2026 10:14:00.240,2.456025449,0.0,1.6479634032370702,7.439855400763234e-06,-0.00037199724007431557,0.12034983206593858,True
2483,2441,97.64,02/28/2026 10:14:00.280,2.456025449,0.0,1.6487113675708904,7.432968867089576e-06,-0.000371652909253045,0.12012712243657572,True
2484,2442,97.68,02/28/2026 10:14:00.320,2.456025449,0.0,1.649458542056256,7.4260896055781485e-06,-0.00037130894204425536,0.1199048539549241,True
2485,2443,97.72,02/28/2026 10:14:00.360,2.456025449,0.0,1.6502049277850028,7.419217606176386e-06,-0.000370965337945312,0.11968302564365643,True
2486,2444,97.76,02/28/2026 10:14:00.400,2.456025449,0.0,1.6509505258468136,7.4123528588515445e-06,-0.00037062209645457174,0.11946163652797623,True
2487,2445,97.8,02/28/2026 10:14:00.440,2.456025449,0.0,1.651695337329223,7.405495353590638e-06,-0.0003702792170713799,0.11924068563560998,True
2488,2446,97.84,02/28/2026 10:14:00.480,2.456025449,0.0,1.652439363317624,7.398645080400428e-06,-0.00036993669929606795,0.11902017199679968,True
2489,2447,97.88,02/28/2026 10:14:00.520,2.456025449,0.0,1.653182604895273,7.391802029307337e-06,-0.00036959454262995085,0.11880009464429471,True
2490,2448,97.92,02/28/2026 10:14:00.560,2.456025449,0.0,1.6539250631432962,7.384966190357398e-06,-0.0003692527465753245,0.1185804526133442,True
2491,2449,97.96000000000001,02/28/2026 10:14:00.600,2.456025449,0.0,1.6546667391406942,7.378137553616206e-06,-0.00036891131063546297,0.11836124494168927,True
2492,2450,98.0,02/28/2026 10:14:00.640,2.456025449,0.0,1.6554076339643486,7.371316109168882e-06,-0.0003685702343146161,0.11814247066955555,True
2493,2451,98.04,02/28/2026 10:14:00.680,2.456025449,0.0,1.656147748689027,7.3645018471200025e-06,-0.00036822951711800676,0.11792412883964526,True
2494,2452,98.08,02/28/2026 10:14:00.720,2.456025449,0.0,1.6568870843873882,7.357694757593558e-06,-0.00036788915855182866,0.11770621849712977,True
2495,2453,98.12,02/28/2026 10:14:00.760,2.456025449,0.0,1.6576256421299886,7.350894830732905e-06,-0.0003675491581232434,0.11748873868964212,True
2496,2454,98.16,02/28/2026 10:14:00.800,2.456025449,0.0,1.6583634229852873,7.344102056700702e-06,-0.00036720951534037813,0.11727168846726908,True
2497,2455,98.2,02/28/2026 10:14:00.840,2.456025449,0.0,1.6591004280196513,7.337316425678861e-06,-0.00036687022971232294,0.11705506688254395,True
2498,2456,98.24000000000001,02/28/2026 10:14:00.880,2.456025449,0.0,1.6598366582973616,7.330537927868511e-06,-0.0003665313007491284,0.1168388729904388,True
2499,2457,98.28,02/28/2026 10:14:00.920,2.456025449,0.0,1.660572114880618,7.323766553489948e-06,-0.0003661927279618029,0.11662310584835729,True
2500,2458,98.32000000000001,02/28/2026 10:14:00.960,2.456025449,0.0,1.6613067988295458,7.3170022927825575e-06,-0.0003658545108623104,0.11640776451612679,True
2501,2459,98.36,02/28/2026 10:14:01.000,2.456025449,0.0,1.6620407112021995,7.310245136004797e-06,-0.00036551664896356754,0.11619284805599131,True
2502,2460,98.4,02/28/2026 10:14:01.040,2.456025449,0.0,1.6627738530545695,7.303495073434128e-06,-0.0003651791417794415,0.11597835553260392,True
2503,2461,98.44,02/28/2026 10:14:01.080,2.456025449,0.0,1.6635062254405868,7.296752095366965e-06,-0.00036484198882474753,0.11576428601301941,True
2504,2462,98.48,02/28/2026 10:14:01.120,2.456025449,0.0,1.6642378294121285,7.290016192118646e-06,-0.00036450518961524613,0.11555063856668715,True
2505,2463,98.52,02/28/2026 10:14:01.160,2.456025449,0.0,1.664968666019024,7.2832873540233644e-06,-0.000364168743667641,0.11533741226544332,True
2506,2464,98.56,02/28/2026 10:14:01.200,2.456025449,0.0,1.6656987363090592,7.276565571434101e-06,-0.0003638326504995762,0.11512460618350373,True
2507,2465,98.60000000000001,02/28/2026 10:14:01.240,2.456025449,0.0,1.6664280413279826,7.26985083472262e-06,-0.0003634969096296339,0.114912219397457,True
2508,2466,98.64,02/28/2026 10:14:01.280,2.456025449,0.0,1.6671565821195098,7.263143134279389e-06,-0.0003631615205773318,0.11470025098625682,True
2509,2467,98.68,02/28/2026 10:14:01.320,2.456025449,0.0,1.6678843597253301,7.256442460513545e-06,-0.0003628264828631209,0.11448870003121485,True
2510,2468,98.72,02/28/2026 10:14:01.360,2.456025449,0.0,1.6686113751851104,7.24974880385284e-06,-0.00036249179600838285,0.11427756561599368,True
2511,2469,98.76,02/28/2026 10:14:01.400,2.456025449,0.0,1.669337629536501,7.243062154743585e-06,-0.00036215745953542766,0.11406684682659944,True
2512,2470,98.8,02/28/2026 10:14:01.440,2.456025449,0.0,1.6700631238151418,7.236382503650618e-06,-0.00036182347296749123,0.11385654275137476,True
2513,2471,98.84,02/28/2026 10:14:01.480,2.456025449,0.0,1.6707878590546659,7.2297098410572315e-06,-0.000361489835828733,0.1136466524809917,True
2514,2472,98.88,02/28/2026 10:14:01.520,2.456025449,0.0,1.6715118362867054,7.223044157465157e-06,-0.00036115654764423336,0.11343717510844471,True
2515,2473,98.92,02/28/2026 10:14:01.560,2.456025449,0.0,1.6722350565408974,7.216385443394492e-06,-0.00036082360793999156,0.11322810972904333,True
2516,2474,98.96000000000001,02/28/2026 10:14:01.600,2.456025449,0.0,1.6729575208448884,7.209733689383658e-06,-0.00036049101624292313,0.11301945544040527,True
2517,2475,99.0,02/28/2026 10:14:01.640,2.456025449,0.0,1.6736792302243393,7.20308888598936e-06,-0.00036015877208085754,0.11281121134244965,True
2518,2476,99.04,02/28/2026 10:14:01.680,2.456025449,0.0,1.6744001857029314,7.1964510237865314e-06,-0.0003598268749825358,0.11260337653738943,True
2519,2477,99.08,02/28/2026 10:14:01.720,2.456025449,0.0,1.6751203883023702,7.189820093368287e-06,-0.000359495324477608,0.11239595012972507,True
2520,2478,99.12,02/28/2026 10:14:01.760,2.456025449,0.0,1.6758398390423925,7.183196085345876e-06,-0.0003591641200966314,0.11218893122623719,True
2521,2479,99.16,02/28/2026 10:14:01.800,2.456025449,0.0,1.6765585389407691,7.176578990348653e-06,-0.0003588332613710673,0.11198231893597985,True
2522,2480,99.2,02/28/2026 10:14:01.840,2.456025449,0.0,1.6772764890133118,7.169968799023998e-06,-0.0003585027478332796,0.11177611237027354,True
2523,2481,99.24000000000001,02/28/2026 10:14:01.880,2.456025449,0.0,1.677993690273878,7.163365502037293e-06,-0.00035817257901653174,0.11157031064269832,True
2524,2482,99.28,02/28/2026 10:14:01.920,2.456025449,0.0,1.6787101437343748,7.1567690900718726e-06,-0.00035784275445498474,0.11136491286908706,True
2525,2483,99.32000000000001,02/28/2026 10:14:01.960,2.456025449,0.0,1.6794258504047657,7.15017955382897e-06,-0.00035751327368369474,0.11115991816751852,True
2526,2484,99.36,02/28/2026 10:14:02.000,2.456025449,0.0,1.6801408112930738,7.143596884027675e-06,-0.00035718413623861075,0.11095532565831072,True
2527,2485,99.4,02/28/2026 10:14:02.040,2.456025449,0.0,1.6808550274053884,7.137021071404897e-06,-0.00035685534165657244,0.11075113446401405,True
2528,2486,99.44,02/28/2026 10:14:02.080,2.456025449,0.0,1.6815684997458689,7.130452106715304e-06,-0.0003565268894753077,0.11054734370940451,True
2529,2487,99.48,02/28/2026 10:14:02.120,2.456025449,0.0,1.6822812293167504,7.1238899807312784e-06,-0.00035619877923343034,0.11034395252147713,True
2530,2488,99.52,02/28/2026 10:14:02.160,2.456025449,0.0,1.6829932171183482,7.117334684242882e-06,-0.00035587101047043773,0.11014096002943895,True
2531,2489,99.56,02/28/2026 10:14:02.200,2.456025449,0.0,1.6837044641490633,7.110786208057804e-06,-0.00035554358272670884,0.10993836536470276,True
2532,2490,99.60000000000001,02/28/2026 10:14:02.240,2.456025449,0.0,1.6844149714053869,7.104244543001314e-06,-0.00035521649554350174,0.1097361676608802,True
2533,2491,99.64,02/28/2026 10:14:02.280,2.456025449,0.0,1.6851247398819051,7.097709679916232e-06,-0.0003548897484629514,0.10953436605377526,True
2534,2492,99.68,02/28/2026 10:14:02.320,2.456025449,0.0,1.685833770571305,7.091181609662842e-06,-0.0003545633410280673,0.10933295968137743,True
2535,2493,99.72,02/28/2026 10:14:02.360,2.456025449,0.0,1.6865420644643774,7.084660323118905e-06,-0.0003542372727827314,0.10913194768385556,True
2536,2494,99.76,02/28/2026 10:14:02.400,2.456025449,0.0,1.6872496225500242,7.0781458111795645e-06,-0.00035391154327169574,0.1089313292035509,True
2537,2495,99.8,02/28/2026 10:14:02.440,2.456025449,0.0,1.6879564458152612,7.071638064757331e-06,-0.0003535861520405803,0.10873110338497073,True
2538,2496,99.84,02/28/2026 10:14:02.480,2.456025449,0.0,1.6886625352452242,7.065137074782018e-06,-0.00035326109863587063,0.1085312693747819,True
2539,2497,99.88,02/28/2026 10:14:02.520,2.456025449,0.0,1.6893678918231736,7.0586428322007265e-06,-0.00035293638260491583,0.10833182632180423,True
2540,2498,99.92,02/28/2026 10:14:02.560,2.456025449,0.0,1.6900725165304982,7.052155327977763e-06,-0.0003526120034959262,0.10813277337700405,True
2541,2499,99.96000000000001,02/28/2026 10:14:02.600,2.456025449,0.0,1.6907764103467215,7.045674553094632e-06,-0.000352287960857971,0.1079341096934881,True
2542,2500,100.0,02/28/2026 10:14:02.640,2.456025449,0.0,1.691479574249506,7.039200498549951e-06,-0.00035196425424097644,0.10773583442649637,True
2543,2501,100.04,02/28/2026 10:14:02.680,2.456025449,0.0,1.6921820092146564,7.0327331553594585e-06,-0.0003516408831957233,0.10753794673339659,True
2544,2502,100.08,02/28/2026 10:14:02.720,2.456025449,0.0,1.6928837162161272,7.026272514555925e-06,-0.00035131784727384486,0.10734044577367732,True
2545,2503,100.12,02/28/2026 10:14:02.760,2.456025449,0.0,1.6935846962260248,7.019818567189121e-06,-0.0003509951460278248,0.10714333070894164,True
2546,2504,100.16,02/28/2026 10:14:02.800,2.456025449,0.0,1.694284950214614,7.013371304325796e-06,-0.00035067277901099466,0.10694660070290093,True
2547,2505,100.2,02/28/2026 10:14:02.840,2.456025449,0.0,1.694984479150322,7.006930717049603e-06,-0.000350350745777532,0.10675025492136855,True
2548,2506,100.24000000000001,02/28/2026 10:14:02.880,2.456025449,0.0,1.6956832839997427,7.000496796461076e-06,-0.0003500290458824582,0.10655429253225354,True
2549,2507,100.28,02/28/2026 10:14:02.920,2.456025449,0.0,1.6963813657276423,6.994069533677574e-06,-0.0003497076788816363,0.10635871270555432,True
2550,2508,100.32000000000001,02/28/2026 10:14:02.960,2.456025449,0.0,1.697078725296963,6.987648919833267e-06,-0.0003493866443317686,0.10616351461335272,True
2551,2509,100.36,02/28/2026 10:14:03.000,2.456025449,0.0,1.6977753636688284,6.981234946079046e-06,-0.00034906594179039493,0.10596869742980722,True
2552,2510,100.4,02/28/2026 10:14:03.040,2.456025449,0.0,1.6984712818025478,6.974827603582523e-06,-0.0003487455708158903,0.10577426033114738,True
2553,2511,100.44,02/28/2026 10:14:03.080,2.456025449,0.0,1.6991664806556206,6.968426883527967e-06,-0.00034842553096746284,0.10558020249566719,True
2554,2512,100.48,02/28/2026 10:14:03.120,2.456025449,0.0,1.6998609611837414,6.962032777116267e-06,-0.0003481058218051516,0.10538652310371917,True
2555,2513,100.52,02/28/2026 10:14:03.160,2.456025449,0.0,1.7005547243408046,6.955645275564885e-06,-0.0003477864428898245,0.10519322133770817,True
2556,2514,100.56,02/28/2026 10:14:03.200,2.456025449,0.0,1.7012477710789078,6.949264370107821e-06,-0.0003474673937831763,0.1050002963820853,True
2557,2515,100.60000000000001,02/28/2026 10:14:03.240,2.456025449,0.0,1.7019401023483585,6.942890051995555e-06,-0.0003471486740477263,0.10480774742334172,True
2558,2516,100.64,02/28/2026 10:14:03.280,2.456025449,0.0,1.7026317190976765,6.9365223124950425e-06,-0.00034683028324681626,0.10461557365000274,True
2559,2517,100.68,02/28/2026 10:14:03.320,2.456025449,0.0,1.7033226222735995,6.93016114288963e-06,-0.0003465122209446086,0.1044237742526217,True
2560,2518,100.72,02/28/2026 10:14:03.360,2.456025449,0.0,1.7040128128210883,6.923806534479034e-06,-0.000346194486706084,0.10423234842377391,True
2561,2519,100.76,02/28/2026 10:14:03.400,2.456025449,0.0,1.704702291683329,6.9174584785793e-06,-0.00034587708009703954,0.10404129535805079,True
2562,2520,100.8,02/28/2026 10:14:03.440,2.456025449,0.0,1.7053910598017403,6.911116966522763e-06,-0.00034556000068408643,0.10385061425205372,True
2563,2521,100.84,02/28/2026 10:14:03.480,2.456025449,0.0,1.706079118115976,6.904781989657997e-06,-0.00034524324803464823,0.10366030430438816,True
2564,2522,100.88,02/28/2026 10:14:03.520,2.456025449,0.0,1.7067664675639302,6.898453539349772e-06,-0.00034492682171695854,0.10347036471565776,True
2565,2523,100.92,02/28/2026 10:14:03.560,2.456025449,0.0,1.7074531090817417,6.892131606979026e-06,-0.000344610721300059,0.10328079468845831,True
2566,2524,100.96000000000001,02/28/2026 10:14:03.600,2.456025449,0.0,1.7081390436037984,6.8858161839428215e-06,-0.0003442949463537974,0.10309159342737208,True
2567,2525,101.0,02/28/2026 10:14:03.640,2.456025449,0.0,1.7088242720627418,6.8795072616542965e-06,-0.0003439794964488255,0.10290276013896153,True
2568,2526,101.04,02/28/2026 10:14:03.680,2.456025449,0.0,1.7095087953894712,6.873204831542629e-06,-0.00034366437115659703,0.10271429403176399,True
2569,2527,101.08,02/28/2026 10:14:03.720,2.456025449,0.0,1.7101926145131483,6.866908885052983e-06,-0.00034334957004936563,0.10252619431628535,True
2570,2528,101.12,02/28/2026 10:14:03.760,2.456025449,0.0,1.7108757303612012,6.860619413646507e-06,-0.00034303509270018287,0.10233846020499461,True
2571,2529,101.16,02/28/2026 10:14:03.800,2.456025449,0.0,1.7115581438593293,6.854336408800251e-06,-0.0003427209386828964,0.10215109091231789,True
2572,2530,101.2,02/28/2026 10:14:03.840,2.456025449,0.0,1.7122398559315077,6.848059862007147e-06,-0.00034240710757214767,0.10196408565463251,True
2573,2531,101.24000000000001,02/28/2026 10:14:03.880,2.456025449,0.0,1.7129208674999907,6.8417897647759635e-06,-0.00034209359894337007,0.1017774436502617,True
2574,2532,101.28,02/28/2026 10:14:03.920,2.456025449,0.0,1.713601179485317,6.835526108631273e-06,-0.0003417804123727869,0.10159116411946845,True
2575,2533,101.32000000000001,02/28/2026 10:14:03.960,2.456025449,0.0,1.7142807928063137,6.829268885113404e-06,-0.0003414675474374094,0.10140524628444983,True
2576,2534,101.36,02/28/2026 10:14:04.000,2.456025449,0.0,1.7149597083801007,6.8230180857783996e-06,-0.00034115500371503495,0.1012196893693316,True
2577,2535,101.4,02/28/2026 10:14:04.040,2.456025449,0.0,1.7156379271220945,6.816773702197986e-06,-0.0003408427807842448,0.10103449260016209,True
2578,2536,101.44,02/28/2026 10:14:04.080,2.456025449,0.0,1.7163154499460134,6.81053572595952e-06,-0.0003405308782244022,0.100849655204907,True
2579,2537,101.48,02/28/2026 10:14:04.120,2.456025449,0.0,1.7169922777638806,6.804304148665982e-06,-0.0003402192956156504,0.10066517641344355,True
2580,2538,101.52,02/28/2026 10:14:04.160,2.456025449,0.0,1.71766841148603,6.798078961935892e-06,-0.00033990803253891084,0.10048105545755467,True
2581,2539,101.56,02/28/2026 10:14:04.200,2.456025449,0.0,1.7183438520211083,6.791860157403314e-06,-0.0003395970885758811,0.10029729157092383,True
2582,2540,101.60000000000001,02/28/2026 10:14:04.240,2.456025449,0.0,1.7190186002760814,6.785647726717772e-06,-0.000339286463309033,0.10011388398912903,True
2583,2541,101.64,02/28/2026 10:14:04.280,2.456025449,0.0,1.7196926571562372,6.779441661544257e-06,-0.0003389761563216107,0.09993083194963769,True
2584,2542,101.68,02/28/2026 10:14:04.320,2.456025449,0.0,1.7203660235651903,6.773241953563149e-06,-0.00033866616719762857,0.09974813469180062,True
2585,2543,101.72,02/28/2026 10:14:04.360,2.456025449,0.0,1.7210387004048862,6.767048594470212e-06,-0.00033835649552186947,0.09956579145684703,True
2586,2544,101.76,02/28/2026 10:14:04.400,2.456025449,0.0,1.721710688575605,6.760861575976539e-06,-0.0003380471408798827,0.09938380148787852,True
2587,2545,101.8,02/28/2026 10:14:04.440,2.456025449,0.0,1.7223819889759668,6.754680889808493e-06,-0.0003377381028579822,0.0992021640298639,True
2588,2546,101.84,02/28/2026 10:14:04.480,2.456025449,0.0,1.7230526025029347,6.7485065277077175e-06,-0.0003374293810432446,0.09902087832963369,True
2589,2547,101.88,02/28/2026 10:14:04.520,2.456025449,0.0,1.7237225300518182,6.742338481431057e-06,-0.00033712097502350724,0.09883994363587471,True
2590,2548,101.92,02/28/2026 10:14:04.560,2.456025449,0.0,1.7243917725162798,6.7361767427505336e-06,-0.0003368128843873665,0.0986593591991245,True
2591,2549,101.96000000000001,02/28/2026 10:14:04.600,2.456025449,0.0,1.7250603307883372,6.730021303453305e-06,-0.00033650510872417557,0.0984791242717659,True
2592,2550,102.0,02/28/2026 10:14:04.640,2.456025449,0.0,1.725728205758367,6.723872155341643e-06,-0.00033619764762404277,0.09829923810802214,True
2593,2551,102.04,02/28/2026 10:14:04.680,2.456025449,0.0,1.7263953983151108,6.717729290232869e-06,-0.00033589050067782964,0.0981196999639508,True
2594,2552,102.08,02/28/2026 10:14:04.720,2.456025449,0.0,1.7270619093456776,6.711592699959342e-06,-0.000335583667477149,0.09794050909743882,True
2595,2553,102.12,02/28/2026 10:14:04.760,2.456025449,0.0,1.7277277397355486,6.705462376368413e-06,-0.00033527714761436326,0.09776166476819723,True
2596,2554,102.16,02/28/2026 10:14:04.800,2.456025449,0.0,1.7283928903685806,6.69933831132238e-06,-0.0003349709406825824,0.09758316623775552,True
2597,2555,102.2,02/28/2026 10:14:04.840,2.456025449,0.0,1.7290573621270109,6.693220496698446e-06,-0.0003346650462756622,0.09740501276945672,True
2598,2556,102.24000000000001,02/28/2026 10:14:04.880,2.456025449,0.0,1.7297211558914605,6.6871089243887115e-06,-0.0003343594639882023,0.09722720362845197,True
2599,2557,102.28,02/28/2026 10:14:04.920,2.456025449,0.0,1.7303842725409386,6.681003586300102e-06,-0.00033405419341554435,0.09704973808169517,True
2600,2558,102.32000000000001,02/28/2026 10:14:04.960,2.456025449,0.0,1.7310467129528468,6.674904474354352e-06,-0.00033374923415377026,0.09687261539793784,True
2601,2559,102.36,02/28/2026 10:14:05.000,2.456025449,0.0,1.7317084780029826,6.668811580487961e-06,-0.0003334445857997003,0.09669583484772372,True
2602,2560,102.4,02/28/2026 10:14:05.040,2.456025449,0.0,1.732369568565543,6.662724896652173e-06,-0.0003331402479508913,0.09651939570338401,True
2603,2561,102.44,02/28/2026 10:14:05.080,2.456025449,0.0,1.7330299855131295,6.656644414812916e-06,-0.00033283622020563496,0.09634329723903173,True
2604,2562,102.48,02/28/2026 10:14:05.120,2.456025449,0.0,1.7336897297167517,6.650570126950773e-06,-0.0003325325021629557,0.09616753873055676,True
2605,2563,102.52,02/28/2026 10:14:05.160,2.456025449,0.0,1.7343488020458309,6.6445020250609446e-06,-0.0003322290934226092,0.09599211945562049,True
2606,2564,102.56,02/28/2026 10:14:05.200,2.456025449,0.0,1.735007203368204,6.638440101153232e-06,-0.0003319259935850802,0.09581703869365106,True
2607,2565,102.60000000000001,02/28/2026 10:14:05.240,2.456025449,0.0,1.7356649345501278,6.632384347251978e-06,-0.0003316232022515812,0.09564229572583793,True
2608,2566,102.64,02/28/2026 10:14:05.280,2.456025449,0.0,1.7363219964562828,6.62633475539603e-06,-0.00033132071902405033,0.0954678898351269,True
2609,2567,102.68,02/28/2026 10:14:05.320,2.456025449,0.0,1.7369783899497768,6.620291317638733e-06,-0.00033101854350514945,0.09529382030621494,True
2610,2568,102.72,02/28/2026 10:14:05.360,2.456025449,0.0,1.7376341158921493,6.614254026047871e-06,-0.00033071667529826267,0.09512008642554533,True
2611,2569,102.76,02/28/2026 10:14:05.400,2.456025449,0.0,1.7382891751433749,6.608222872705623e-06,-0.0003304151140074945,0.0949466874813023,True
2612,2570,102.8,02/28/2026 10:14:05.440,2.456025449,0.0,1.7389435685618673,6.602197849708534e-06,-0.0003301138592376679,0.0947736227634062,True
2613,2571,102.84,02/28/2026 10:14:05.480,2.456025449,0.0,1.739597297004483,6.596178949167505e-06,-0.0003298129105943227,0.09460089156350876,True
2614,2572,102.88,02/28/2026 10:14:05.520,2.456025449,0.0,1.7402503613265257,6.590166163207723e-06,-0.0003295122676837136,0.09442849317498736,True
2615,2573,102.92,02/28/2026 10:14:05.560,2.456025449,0.0,1.7409027623817492,6.584159483968651e-06,-0.0003292119301128088,0.0942564268929408,True
2616,2574,102.96000000000001,02/28/2026 10:14:05.600,2.456025449,0.0,1.7415545010223623,6.578158903603965e-06,-0.00032891189748928795,0.09408469201418387,True
2617,2575,103.0,02/28/2026 10:14:05.640,2.456025449,0.0,1.7422055780990315,6.572164414281557e-06,-0.0003286121694215404,0.09391328783724272,True
2618,2576,103.04,02/28/2026 10:14:05.680,2.456025449,0.0,1.7428559944608857,6.566176008183465e-06,-0.0003283127455186636,0.09374221366234968,True
2619,2577,103.08,02/28/2026 10:14:05.720,2.456025449,0.0,1.7435057509555194,6.5601936775058575e-06,-0.0003280136253904612,0.09357146879143846,True
2620,2578,103.12,02/28/2026 10:14:05.760,2.456025449,0.0,1.7441548484289966,6.554217414458994e-06,-0.00032771480864744154,0.0934010525281392,True
2621,2579,103.16,02/28/2026 10:14:05.800,2.456025449,0.0,1.7448032877258546,6.548247211267181e-06,-0.0003274162949008157,0.09323096417777374,True
2622,2580,103.2,02/28/2026 10:14:05.840,2.456025449,0.0,1.745451069689108,6.542283060168759e-06,-0.0003271180837624958,0.09306120304735063,True
2623,2581,103.24000000000001,02/28/2026 10:14:05.880,2.456025449,0.0,1.7460981951602514,6.536324953416059e-06,-0.00032682017484509345,0.09289176844556032,True
2624,2582,103.28,02/28/2026 10:14:05.920,2.456025449,0.0,1.746744664979265,6.530372883275355e-06,-0.000326522567761918,0.09272265968277033,True
2625,2583,103.32000000000001,02/28/2026 10:14:05.960,2.456025449,0.0,1.747390479984616,6.524426842026846e-06,-0.00032622526212697456,0.09255387607102039,True
2626,2584,103.36,02/28/2026 10:14:06.000,2.456025449,0.0,1.748035641013265,6.518486821964621e-06,-0.0003259282575549627,0.09238541692401778,True
2627,2585,103.4,02/28/2026 10:14:06.040,2.456025449,0.0,1.7486801489006665,6.512552815396605e-06,-0.00032563155366127454,0.09221728155713232,True
2628,2586,103.44,02/28/2026 10:14:06.080,2.456025449,0.0,1.749324004480775,6.5066248146445625e-06,-0.000325335150061993,0.09204946928739197,True
2629,2587,103.48,02/28/2026 10:14:06.120,2.456025449,0.0,1.7499672085860485,6.500702812044017e-06,-0.00032503904637389035,0.09188197943347765,True
2630,2588,103.52,02/28/2026 10:14:06.160,2.456025449,0.0,1.7506097620474501,6.494786799944257e-06,-0.0003247432422144263,0.09171481131571887,True
2631,2589,103.56,02/28/2026 10:14:06.200,2.456025449,0.0,1.7512516656944546,6.488876770708291e-06,-0.0003244477372017464,0.09154796425608888,True
2632,2590,103.60000000000001,02/28/2026 10:14:06.240,2.456025449,0.0,1.75189292035505,6.4829727167127995e-06,-0.0003241525309546802,0.09138143757819983,True
2633,2591,103.64,02/28/2026 10:14:06.280,2.456025449,0.0,1.7525335268557416,6.477074630348112e-06,-0.00032385762309274004,0.0912152306072982,True
2634,2592,103.68,02/28/2026 10:14:06.320,2.456025449,0.0,1.753173486021556,6.471182504018188e-06,-0.00032356301323611887,0.09104934267026037,True
2635,2593,103.72,02/28/2026 10:14:06.360,2.456025449,0.0,1.7538127986760446,6.465296330140563e-06,-0.0003232687010056889,0.09088377309558758,True
2636,2594,103.76,02/28/2026 10:14:06.400,2.456025449,0.0,1.7544514656412864,6.459416101146318e-06,-0.000322974686023,0.09071852121340147,True
2637,2595,103.8,02/28/2026 10:14:06.440,2.456025449,0.0,1.755089487737893,6.4535418094800556e-06,-0.00032268096791027764,0.0905535863554396,True
2638,2596,103.84,02/28/2026 10:14:06.480,2.456025449,0.0,1.7557268657850111,6.447673447599863e-06,-0.0003223875462904218,0.0903889678550505,True
2639,2597,103.88,02/28/2026 10:14:06.520,2.456025449,0.0,1.7563636006003256,6.441811007977299e-06,-0.00032209442078700494,0.09022466504718951,True
2640,2598,103.92,02/28/2026 10:14:06.560,2.456025449,0.0,1.756999693000065,6.435954483097316e-06,-0.0003218015910242706,0.0900606772684139,True
2641,2599,103.96000000000001,02/28/2026 10:14:06.600,2.456025449,0.0,1.7576351437990034,6.430103865458246e-06,-0.0003215090566271317,0.08989700385687807,True
2642,2600,104.0,02/28/2026 10:14:06.640,2.456025449,0.0,1.7582699538104645,6.4242591475718e-06,-0.00032121681722116865,0.08973364415232991,True
2643,2601,104.04,02/28/2026 10:14:06.680,2.456025449,0.0,1.7589041238463248,6.418420321963004e-06,-0.0003209248724326281,0.08957059749610526,True
2644,2602,104.08,02/28/2026 10:14:06.720,2.456025449,0.0,1.7595376547170176,6.412587381170168e-06,-0.00032063322188842123,0.08940786323112396,True
2645,2603,104.12,02/28/2026 10:14:06.760,2.456025449,0.0,1.7601705472315365,6.406760317744864e-06,-0.0003203418652161221,0.08924544070188524,True
2646,2604,104.16,02/28/2026 10:14:06.800,2.456025449,0.0,1.760802802197438,6.400939124251881e-06,-0.00032005080204396607,0.08908332925446323,True
2647,2605,104.2,02/28/2026 10:14:06.840,2.456025449,0.0,1.761434420420846,6.3951237932692135e-06,-0.00031976003200084814,0.08892152823650241,True
2648,2606,104.24000000000001,02/28/2026 10:14:06.880,2.456025449,0.0,1.7620654027064548,6.389314317388013e-06,-0.0003194695547163215,0.08876003699721337,True
2649,2607,104.28,02/28/2026 10:14:06.920,2.456025449,0.0,1.7626957498575329,6.3835106892125655e-06,-0.0003191793698205957,0.08859885488736807,True
2650,2608,104.32000000000001,02/28/2026 10:14:06.960,2.456025449,0.0,1.7633254626759254,6.37771290136024e-06,-0.0003188894769445353,0.08843798125929574,True
2651,2609,104.36,02/28/2026 10:14:07.000,2.456025449,0.0,1.7639545419620593,6.371920946461491e-06,-0.00031859987571965817,0.08827741546687817,True
2652,2610,104.4,02/28/2026 10:14:07.040,2.456025449,0.0,1.7645829885149449,6.3661348171597905e-06,-0.000318310565778134,0.08811715686554546,True
2653,2611,104.44,02/28/2026 10:14:07.080,2.456025449,0.0,1.7652108031321805,6.3603545061116305e-06,-0.00031802154675278257,0.0879572048122718,True
2654,2612,104.48,02/28/2026 10:14:07.120,2.456025449,0.0,1.765837986609955,6.354580005986476e-06,-0.00031773281827707233,0.08779755866557098,True
2655,2613,104.52,02/28/2026 10:14:07.160,2.456025449,0.0,1.7664645397430523,6.3488113094667214e-06,-0.00031744437998511895,0.08763821778549173,True
2656,2614,104.56,02/28/2026 10:14:07.200,2.456025449,0.0,1.767090463324854,6.343048409247674e-06,-0.0003171562315116835,0.08747918153361388,True
2657,2615,104.60000000000001,02/28/2026 10:14:07.240,2.456025449,0.0,1.7677157581473428,6.3372912980375175e-06,-0.00031686837249217105,0.08732044927304379,True
2658,2616,104.64,02/28/2026 10:14:07.280,2.456025449,0.0,1.7683404250011057,6.331539968557299e-06,-0.00031658080256262894,0.08716202036841006,True
2659,2617,104.68,02/28/2026 10:14:07.320,2.456025449,0.0,1.7689644646753375,6.325794413540866e-06,-0.0003162935213597456,0.08700389418585928,True
2660,2618,104.72,02/28/2026 10:14:07.360,2.456025449,0.0,1.769587877957845,6.320054625734857e-06,-0.00031600652852084864,0.0868460700930517,True
2661,2619,104.76,02/28/2026 10:14:07.400,2.456025449,0.0,1.7702106656350485,6.314320597898669e-06,-0.0003157198236839036,0.08668854745915706,True
2662,2620,104.8,02/28/2026 10:14:07.440,2.456025449,0.0,1.770832828491987,6.3085923228044195e-06,-0.0003154334064875121,0.08653132565485012,True
2663,2621,104.84,02/28/2026 10:14:07.480,2.456025449,0.0,1.7714543673123198,6.302869793236939e-06,-0.00031514727657091076,0.086374404052307,True
2664,2622,104.88,02/28/2026 10:14:07.520,2.456025449,0.0,1.7720752828783317,6.297153001993694e-06,-0.0003148614335739692,0.08621778202520002,True
2665,2623,104.92,02/28/2026 10:14:07.560,2.456025449,0.0,1.7726955759709349,6.29144194188481e-06,-0.0003145758771371888,0.08606145894869427,True
2666,2624,104.96000000000001,02/28/2026 10:14:07.600,2.456025449,0.0,1.773315247369672,6.285736605733003e-06,-0.00031429060690170137,0.08590543419944321,True
2667,2625,105.0,02/28/2026 10:14:07.640,2.456025449,0.0,1.773934297852721,6.280036986373573e-06,-0.00031400562250926713,0.08574970715558454,True
2668,2626,105.04,02/28/2026 10:14:07.680,2.456025449,0.0,1.7745527281968967,6.2743430766543425e-06,-0.0003137209236022737,0.08559427719673554,True
2669,2627,105.08,02/28/2026 10:14:07.720,2.456025449,0.0,1.7751705391776553,6.2686548694356615e-06,-0.0003134365098237343,0.08543914370398975,True
2670,2628,105.12,02/28/2026 10:14:07.760,2.456025449,0.0,1.7757877315690966,6.262972357590373e-06,-0.0003131523808172862,0.08528430605991216,True
2671,2629,105.16,02/28/2026 10:14:07.800,2.456025449,0.0,1.776404306143968,6.257295534003764e-06,-0.0003128685362271897,0.08512976364853542,True
2672,2630,105.2,02/28/2026 10:14:07.840,2.456025449,0.0,1.7770202636736672,6.251624391573545e-06,-0.0003125849756983261,0.08497551585535573,True
2673,2631,105.24000000000001,02/28/2026 10:14:07.880,2.456025449,0.0,1.777635604928246,6.245958923209829e-06,-0.0003123016988761965,0.08482156206732848,True
2674,2632,105.28,02/28/2026 10:14:07.920,2.456025449,0.0,1.778250330676413,6.240299121835085e-06,-0.0003120187054069204,0.08466790167286445,True
2675,2633,105.32000000000001,02/28/2026 10:14:07.960,2.456025449,0.0,1.7788644416855373,6.234644980384118e-06,-0.00031173599493723394,0.0845145340618255,True
2676,2634,105.36,02/28/2026 10:14:08.000,2.456025449,0.0,1.7794779387216504,6.22899649180405e-06,-0.00031145356711448867,0.08436145862552093,True
2677,2635,105.4,02/28/2026 10:14:08.040,2.456025449,0.0,1.7800908225494514,6.223353649054275e-06,-0.00031117142158665,0.08420867475670289,True
2678,2636,105.44,02/28/2026 10:14:08.080,2.456025449,0.0,1.7807030939323085,6.217716445106428e-06,-0.00031088955800229575,0.08405618184956273,True
2679,2637,105.48,02/28/2026 10:14:08.120,2.456025449,0.0,1.781314753632263,6.212084872944369e-06,-0.00031060797601061474,0.08390397929972679,True
2680,2638,105.52,02/28/2026 10:14:08.160,2.456025449,0.0,1.7819258024100322,6.206458925564149e-06,-0.00031032667526140526,0.08375206650425264,True
2681,2639,105.56,02/28/2026 10:14:08.200,2.456025449,0.0,1.7825362410250123,6.200838595973974e-06,-0.00031004565540507364,0.08360044286162475,True
2682,2640,105.60000000000001,02/28/2026 10:14:08.240,2.456025449,0.0,1.783146070235282,6.1952238771942e-06,-0.00030976491609263277,0.08344910777175085,True
2683,2641,105.64,02/28/2026 10:14:08.280,2.456025449,0.0,1.7837552907976053,6.189614762257267e-06,-0.00030948445697570094,0.08329806063595767,True
2684,2642,105.68,02/28/2026 10:14:08.320,2.456025449,0.0,1.784363903467435,6.1840112442077e-06,-0.0003092042777065,0.0831473008569872,True
2685,2643,105.72,02/28/2026 10:14:08.360,2.456025449,0.0,1.7849719089989151,6.178413316102061e-06,-0.00030892437793785416,0.08299682783899265,True
2686,2644,105.76,02/28/2026 10:14:08.400,2.456025449,0.0,1.7855793081448845,6.172820971008939e-06,-0.00030864475732318854,0.08284664098753458,True
2687,2645,105.8,02/28/2026 10:14:08.440,2.456025449,0.0,1.7861861016568803,6.167234202008909e-06,-0.00030836541551652777,0.08269673970957696,True
2688,2646,105.84,02/28/2026 10:14:08.480,2.456025449,0.0,1.7867922902851399,6.161653002194506e-06,-0.0003080863521724945,0.08254712341348325,True
2689,2647,105.88,02/28/2026 10:14:08.520,2.456025449,0.0,1.7873978747786048,6.156077364670198e-06,-0.00030780756694630805,0.0823977915090126,True
2690,2648,105.92,02/28/2026 10:14:08.560,2.456025449,0.0,1.7880028558849235,6.150507282552363e-06,-0.00030752905949378296,0.08224874340731587,True
2691,2649,105.96000000000001,02/28/2026 10:14:08.600,2.456025449,0.0,1.7886072343504547,6.1449427489692495e-06,-0.0003072508294713276,0.08209997852093183,True
2692,2650,106.0,02/28/2026 10:14:08.640,2.456025449,0.0,1.7892110109202701,6.139383757060952e-06,-0.00030697287653594276,0.08195149626378334,True
2693,2651,106.04,02/28/2026 10:14:08.680,2.456025449,0.0,1.7898141863381578,6.1338302999793975e-06,-0.0003066952003452203,0.08180329605117344,True
2694,2652,106.08,02/28/2026 10:14:08.720,2.456025449,0.0,1.7904167613466246,6.128282370888293e-06,-0.0003064178005573417,0.08165537729978145,True
2695,2653,106.12,02/28/2026 10:14:08.760,2.456025449,0.0,1.7910187366868997,6.12273996296311e-06,-0.0003061406768310767,0.08150773942765943,True
2696,2654,106.16,02/28/2026 10:14:08.800,2.456025449,0.0,1.7916201130989378,6.117203069391074e-06,-0.0003058638288257819,0.08136038185422817,True
2697,2655,106.2,02/28/2026 10:14:08.840,2.456025449,0.0,1.792220891321421,6.111671683371098e-06,-0.0003055872562013994,0.08121330400027343,True
2698,2656,106.24000000000001,02/28/2026 10:14:08.880,2.456025449,0.0,1.7928210720917632,6.106145798113801e-06,-0.0003053109586184555,0.08106650528794238,True
2699,2657,106.28,02/28/2026 10:14:08.920,2.456025449,0.0,1.7934206561461123,6.100625406841435e-06,-0.0003050349357380591,0.08091998514073932,True
2700,2658,106.32000000000001,02/28/2026 10:14:08.960,2.456025449,0.0,1.7940196442193532,6.09511050278789e-06,-0.0003047591872219007,0.0807737429835225,True
2701,2659,106.36,02/28/2026 10:14:09.000,2.456025449,0.0,1.7946180370451112,6.089601079198655e-06,-0.0003044837127322505,0.08062777824250011,True
2702,2660,106.4,02/28/2026 10:14:09.040,2.456025449,0.0,1.7952158353557544,6.084097129330786e-06,-0.00030420851193195753,0.08048209034522652,True
2703,2661,106.44,02/28/2026 10:14:09.080,2.456025449,0.0,1.7958130398823966,6.078598646452895e-06,-0.00030393358448444814,0.08033667872059876,True
2704,2662,106.48,02/28/2026 10:14:09.120,2.456025449,0.0,1.7964096513549013,6.073105623845106e-06,-0.0003036589300537245,0.08019154279885261,True
2705,2663,106.52,02/28/2026 10:14:09.160,2.456025449,0.0,1.797005670501883,6.067618054799041e-06,-0.0003033845483043635,0.08004668201155901,True
2706,2664,106.56,02/28/2026 10:14:09.200,2.456025449,0.0,1.7976010980507116,6.0621359326177795e-06,-0.0003031104389015153,0.0799020957916205,True
2707,2665,106.60000000000001,02/28/2026 10:14:09.240,2.456025449,0.0,1.798195934727514,6.056659250615836e-06,-0.00030283660151090176,0.07975778357326728,True
2708,2666,106.64,02/28/2026 10:14:09.280,2.456025449,0.0,1.7987901812571787,6.051188002119147e-06,-0.0003025630357988155,0.07961374479205378,True
2709,2667,106.68,02/28/2026 10:14:09.320,2.456025449,0.0,1.799383838363357,6.045722180465032e-06,-0.00030228974143211836,0.07946997888485496,True
2710,2668,106.72,02/28/2026 10:14:09.360,2.456025449,0.0,1.7999769067684666,6.040261779002154e-06,-0.00030201671807824,0.07932648528986264,True
2711,2669,106.76,02/28/2026 10:14:09.400,2.456025449,0.0,1.8005693871936945,6.034806791090533e-06,-0.0003017439654051767,0.07918326344658193,True
2712,2670,106.8,02/28/2026 10:14:09.440,2.456025449,0.0,1.801161280359,6.029357210101468e-06,-0.00030147148308149005,0.07904031279582766,True
2713,2671,106.84,02/28/2026 10:14:09.480,2.456025449,0.0,1.801752586983117,6.023913029417556e-06,-0.00030119927077630555,0.07889763277972076,True
2714,2672,106.88,02/28/2026 10:14:09.520,2.456025449,0.0,1.8023433077835576,6.018474242432637e-06,-0.00030092732815931134,0.07875522284168451,True
2715,2673,106.92,02/28/2026 10:14:09.560,2.456025449,0.0,1.8029334434766144,6.01304084255179e-06,-0.0003006556549007569,0.07861308242644133,True
2716,2674,106.96000000000001,02/28/2026 10:14:09.600,2.456025449,0.0,1.8035229947773639,6.007612823191267e-06,-0.0003003842506714517,0.07847121098000875,True
2717,2675,107.0,02/28/2026 10:14:09.640,2.456025449,0.0,1.8041119623996684,6.002190177778514e-06,-0.00030011311514276405,0.07832960794969643,True
2718,2676,107.04,02/28/2026 10:14:09.680,2.456025449,0.0,1.8047003470561798,5.996772899752122e-06,-0.00029984224798661945,0.07818827278410197,True
2719,2677,107.08,02/28/2026 10:14:09.720,2.456025449,0.0,1.8052881494583415,5.991360982561805e-06,-0.0002995716488754995,0.07804720493310804,True
2720,2678,107.12,02/28/2026 10:14:09.760,2.456025449,0.0,1.8058753703163923,5.9859544196683716e-06,-0.0002993013174824408,0.0779064038478784,True
2721,2679,107.16,02/28/2026 10:14:09.800,2.456025449,0.0,1.806462010339368,5.980553204543709e-06,-0.0002990312534810334,0.07776586898085468,True
2722,2680,107.2,02/28/2026 10:14:09.840,2.456025449,0.0,1.8070480702351055,5.975157330670736e-06,-0.0002987614565454197,0.0776255997857526,True
2723,2681,107.24000000000001,02/28/2026 10:14:09.880,2.456025449,0.0,1.8076335507102441,5.969766791543394e-06,-0.00029849192635029304,0.07748559571755871,True
2724,2682,107.28,02/28/2026 10:14:09.920,2.456025449,0.0,1.8082184524702294,5.964381580666636e-06,-0.00029822266257089627,0.07734585623252707,True
2725,2683,107.32000000000001,02/28/2026 10:14:09.960,2.456025449,0.0,1.8088027762193157,5.959001691556357e-06,-0.000297953664883021,0.07720638078817528,True
2726,2684,107.36,02/28/2026 10:14:10.000,2.456025449,0.0,1.8093865226605688,5.953627117739401e-06,-0.0002976849329630058,0.07706716884328153,True
2727,2685,107.4,02/28/2026 10:14:10.040,2.456025449,0.0,1.8099696924958684,5.948257852753544e-06,-0.00029741646648773505,0.07692821985788112,True
2728,2686,107.44,02/28/2026 10:14:10.080,2.456025449,0.0,1.8105522864259116,5.9428938901474404e-06,-0.00029714826513463794,0.07678953329326256,True
2729,2687,107.48,02/28/2026 10:14:10.120,2.456025449,0.0,1.8111343051502147,5.937535223480618e-06,-0.00029688032858168683,0.07665110861196478,True
2730,2688,107.52,02/28/2026 10:14:10.160,2.456025449,0.0,1.811715749367117,5.932181846323445e-06,-0.0002966126565073963,0.07651294527777333,True
2731,2689,107.56,02/28/2026 10:14:10.200,2.456025449,0.0,1.8122966197737824,5.9268337522571094e-06,-0.0002963452485908218,0.0763750427557171,True
2732,2690,107.60000000000001,02/28/2026 10:14:10.240,2.456025449,0.0,1.8128769170662027,5.921490934873596e-06,-0.00029607810451155844,0.07623740051206511,True
2733,2691,107.64,02/28/2026 10:14:10.280,2.456025449,0.0,1.8134566419392006,5.916153387775642e-06,-0.00029581122394973966,0.07610001801432277,True
2734,2692,107.68,02/28/2026 10:14:10.320,2.456025449,0.0,1.8140357950864319,5.910821104576736e-06,-0.0002955446065860359,0.07596289473122878,True
2735,2693,107.72,02/28/2026 10:14:10.360,2.456025449,0.0,1.8146143772003875,5.9054940789010825e-06,-0.0002952782521016538,0.0758260301327518,True
2736,2694,107.76,02/28/2026 10:14:10.400,2.456025449,0.0,1.8151923889723982,5.900172304383588e-06,-0.00029501216017833434,0.0756894236900872,True
2737,2695,107.8,02/28/2026 10:14:10.440,2.456025449,0.0,1.8157698310926353,5.894855774669815e-06,-0.0002947463304983522,0.07555307487565319,True
2738,2696,107.84,02/28/2026 10:14:10.480,2.456025449,0.0,1.8163467042501147,5.889544483415968e-06,-0.00029448076274451405,0.0754169831630882,True
2739,2697,107.88,02/28/2026 10:14:10.520,2.456025449,0.0,1.8169230091326978,5.884238424288874e-06,-0.00029421545660015755,0.07528114802724718,True
2740,2698,107.92,02/28/2026 10:14:10.560,2.456025449,0.0,1.817498746427096,5.878937590965975e-06,-0.0002939504117491501,0.07514556894419847,True
2741,2699,107.96000000000001,02/28/2026 10:14:10.600,2.456025449,0.0,1.8180739168188726,5.873641977135253e-06,-0.00029368562787588786,0.07501024539122027,True
2742,2700,108.0,02/28/2026 10:14:10.640,2.456025449,0.0,1.8186485209924454,5.868351576495261e-06,-0.000293421104665294,0.07487517684679772,True
2743,2701,108.04,02/28/2026 10:14:10.680,2.456025449,0.0,1.819222559631089,5.8630663827550605e-06,-0.00029315684180281814,0.07474036279061942,True
2744,2702,108.08,02/28/2026 10:14:10.720,2.456025449,0.0,1.8197960334169376,5.857786389634216e-06,-0.0002928928389744346,0.07460580270357425,True
2745,2703,108.12,02/28/2026 10:14:10.760,2.456025449,0.0,1.8203689430309888,5.852511590862766e-06,-0.00029262909586664154,0.07447149606774796,True
2746,2704,108.16,02/28/2026 10:14:10.800,2.456025449,0.0,1.8209412891531043,5.847241980181194e-06,-0.00029236561216645956,0.07433744236642022,True
2747,2705,108.2,02/28/2026 10:14:10.840,2.456025449,0.0,1.8215130724620134,5.841977551340422e-06,-0.0002921023875614306,0.0742036410840612,True
2748,2706,108.24000000000001,02/28/2026 10:14:10.880,2.456025449,0.0,1.8220842936353163,5.8367182981017495e-06,-0.00029183942173961676,0.07407009170632835,True
2749,2707,108.28,02/28/2026 10:14:10.920,2.456025449,0.0,1.8226549533494851,5.831464214236884e-06,-0.0002915767143895989,0.07393679372006338,True
2750,2708,108.32000000000001,02/28/2026 10:14:10.960,2.456025449,0.0,1.8232250522798674,5.826215293527865e-06,-0.0002913142652004759,0.07380374661328885,True
2751,2709,108.36,02/28/2026 10:14:11.000,2.456025449,0.0,1.8237945911006894,5.820971529767082e-06,-0.0002910520738618629,0.0736709498752052,True
2752,2710,108.4,02/28/2026 10:14:11.040,2.456025449,0.0,1.824363570485057,5.815732916757221e-06,-0.0002907901400638907,0.07353840299618734,True
2753,2711,108.44,02/28/2026 10:14:11.080,2.456025449,0.0,1.824931991104959,5.8104994483112535e-06,-0.00029052846349720423,0.07340610546778169,True
2754,2712,108.48,02/28/2026 10:14:11.120,2.456025449,0.0,1.8254998536312705,5.805271118252414e-06,-0.00029026704385296144,0.07327405678270303,True
2755,2713,108.52,02/28/2026 10:14:11.160,2.456025449,0.0,1.8260671587337542,5.80004792041417e-06,-0.0002900058808228321,0.07314225643483116,True
2756,2714,108.56,02/28/2026 10:14:11.200,2.456025449,0.0,1.8266339070810635,5.79482984864021e-06,-0.00028974497409899676,0.07301070391920798,True
2757,2715,108.60000000000001,02/28/2026 10:14:11.240,2.456025449,0.0,1.827200099340745,5.7896168967844075e-06,-0.0002894843233741455,0.07287939873203428,True
2758,2716,108.64,02/28/2026 10:14:11.280,2.456025449,0.0,1.8277657361792405,5.78440905871081e-06,-0.00028922392834147684,0.07274834037066662,True
2759,2717,108.68,02/28/2026 10:14:11.320,2.456025449,0.0,1.8283308182618907,5.779206328293606e-06,-0.0002889637886946965,0.07261752833361429,True
2760,2718,108.72,02/28/2026 10:14:11.360,2.456025449,0.0,1.828895346252937,5.774008699417102e-06,-0.00028870390412801623,0.07248696212053612,True
2761,2719,108.76,02/28/2026 10:14:11.400,2.456025449,0.0,1.8294593208155232,5.768816165975701e-06,-0.0002884442743361528,0.07235664123223746,True
2762,2720,108.8,02/28/2026 10:14:11.440,2.456025449,0.0,1.8300227426116993,5.763628721873883e-06,-0.00028818489901432666,0.07222656517066717,True
2763,2721,108.84,02/28/2026 10:14:11.480,2.456025449,0.0,1.8305856123024238,5.758446361026201e-06,-0.00028792577785826084,0.07209673343891446,True
2764,2722,108.88,02/28/2026 10:14:11.520,2.456025449,0.0,1.8311479305475646,5.753269077357213e-06,-0.00028766691056418016,0.07196714554120584,True
2765,2723,108.92,02/28/2026 10:14:11.560,2.456025449,0.0,1.8317096980059044,5.748096864801486e-06,-0.0002874082968288096,0.07183780098290213,True
2766,2724,108.96000000000001,02/28/2026 10:14:11.600,2.456025449,0.0,1.8322709153351402,5.742929717303584e-06,-0.00028714993634937336,0.07170869927049543,True
2767,2725,109.0,02/28/2026 10:14:11.640,2.456025449,0.0,1.832831583191887,5.737767628818021e-06,-0.0002868918288235938,0.07157983991160602,True
2768,2726,109.04,02/28/2026 10:14:11.680,2.456025449,0.0,1.833391702231681,5.732610593309259e-06,-0.00028663397394969016,0.07145122241497948,True
2769,2727,109.08,02/28/2026 10:14:11.720,2.456025449,0.0,1.8339512731089809,5.727458604751677e-06,-0.0002863763714263777,0.07132284629048356,True
2770,2728,109.12,02/28/2026 10:14:11.760,2.456025449,0.0,1.8345102964771707,5.722311657129544e-06,-0.00028611902095286633,0.07119471104910519,True
2771,2729,109.16,02/28/2026 10:14:11.800,2.456025449,0.0,1.8350687729885622,5.717169744436996e-06,-0.00028586192222885957,0.0710668162029476,True
2772,2730,109.2,02/28/2026 10:14:11.840,2.456025449,0.0,1.8356267032943974,5.712032860678025e-06,-0.0002856050749545534,0.07093916126522722,True
2773,2731,109.24000000000001,02/28/2026 10:14:11.880,2.456025449,0.0,1.836184088044851,5.706900999866457e-06,-0.0002853484788306352,0.0708117457502708,True
2774,2732,109.28,02/28/2026 10:14:11.920,2.456025449,0.0,1.8367409278890325,5.701774156025913e-06,-0.0002850921335582827,0.07068456917351248,True
2775,2733,109.32000000000001,02/28/2026 10:14:11.960,2.456025449,0.0,1.8372972234749887,5.696652323189804e-06,-0.00028483603883916263,0.07055763105149071,True
2776,2734,109.36,02/28/2026 10:14:12.000,2.456025449,0.0,1.8378529754497062,5.691535495401309e-06,-0.0002845801943754301,0.07043093090184553,True
2777,2735,109.4,02/28/2026 10:14:12.040,2.456025449,0.0,1.8384081844591142,5.6864236667133385e-06,-0.0002843245998697269,0.07030446824331532,True
2778,2736,109.44,02/28/2026 10:14:12.080,2.456025449,0.0,1.8389628511480862,5.681316831188504e-06,-0.00028406925502518095,0.07017824259573403,True
2779,2737,109.48,02/28/2026 10:14:12.120,2.456025449,0.0,1.8395169761604429,5.676214982899139e-06,-0.0002838141595454048,0.07005225348002851,True
2780,2738,109.52,02/28/2026 10:14:12.160,2.456025449,0.0,1.8400705601389533,5.671118115927235e-06,-0.00028355931313449475,0.06992650041821524,True
2781,2739,109.56,02/28/2026 10:14:12.200,2.456025449,0.0,1.8406236037253394,5.666026224364449e-06,-0.0002833047154970297,0.06980098293339769,True
2782,2740,109.60000000000001,02/28/2026 10:14:12.240,2.456025449,0.0,1.8411761075602766,5.660939302312053e-06,-0.00028305036633807004,0.06967570054976313,True
2783,2741,109.64,02/28/2026 10:14:12.280,2.456025449,0.0,1.8417280722833964,5.6558573438809315e-06,-0.0002827962653631566,0.06955065279258024,True
2784,2742,109.68,02/28/2026 10:14:12.320,2.456025449,0.0,1.8422794985332893,5.650780343191562e-06,-0.00028254241227830974,0.06942583918819584,True
2785,2743,109.72,02/28/2026 10:14:12.360,2.456025449,0.0,1.8428303869475067,5.645708294373988e-06,-0.00028228880679002786,0.06930125926403213,True
2786,2744,109.76,02/28/2026 10:14:12.400,2.456025449,0.0,1.8433807381625635,5.6406411915678e-06,-0.00028203544860528674,0.06917691254858395,True
2787,2745,109.8,02/28/2026 10:14:12.440,2.456025449,0.0,1.8439305528139402,5.635579028922102e-06,-0.0002817823374315384,0.06905279857141579,True
2788,2746,109.84,02/28/2026 10:14:12.480,2.456025449,0.0,1.8444798315360853,5.630521800595514e-06,-0.00028152947297670975,0.06892891686315909,True
2789,2747,109.88,02/28/2026 10:14:12.520,2.456025449,0.0,1.8450285749624173,5.625469500756121e-06,-0.000281276854949202,0.06880526695550937,True
2790,2748,109.92,02/28/2026 10:14:12.560,2.456025449,0.0,1.8455767837253283,5.620422123581466e-06,-0.00028102448305788904,0.06868184838122325,True
2791,2749,109.96000000000001,02/28/2026 10:14:12.600,2.456025449,0.0,1.846124458456184,5.615379663258545e-06,-0.0002807723570121169,0.06855866067411606,True
2792,2750,110.0,02/28/2026 10:14:12.640,2.456025449,0.0,1.846671599785328,5.610342113983768e-06,-0.0002805204765217023,0.06843570336905862,True
2793,2751,110.04,02/28/2026 10:14:12.680,2.456025449,0.0,1.8472182083420834,5.605309469962918e-06,-0.0002802688412969319,0.06831297600197463,True
2794,2752,110.08,02/28/2026 10:14:12.720,2.456025449,0.0,1.847764284754755,5.600281725411185e-06,-0.00028001745104856094,0.06819047810983789,True
2795,2753,110.12,02/28/2026 10:14:12.760,2.456025449,0.0,1.8483098296506313,5.595258874553107e-06,-0.0002797663054878126,0.06806820923066965,True
2796,2754,110.16,02/28/2026 10:14:12.800,2.456025449,0.0,1.8488548436559873,5.590240911622537e-06,-0.0002795154043263766,0.06794616890353557,True
2797,2755,110.2,02/28/2026 10:14:12.840,2.456025449,0.0,1.8493993273960863,5.585227830862654e-06,-0.0002792647472764084,0.06782435666854324,True
2798,2756,110.24000000000001,02/28/2026 10:14:12.880,2.456025449,0.0,1.849943281495183,5.580219626525927e-06,-0.00027901433405052786,0.06770277206683917,True
2799,2757,110.28,02/28/2026 10:14:12.920,2.456025449,0.0,1.8504867065765245,5.575216292874106e-06,-0.0002787641643618186,0.06758141464060641,True
2800,2758,110.32000000000001,02/28/2026 10:14:12.960,2.456025449,0.0,1.8510296032623537,5.570217824178166e-06,-0.00027851423792382685,0.06746028393306136,True
2801,2759,110.36,02/28/2026 10:14:13.000,2.456025449,0.0,1.8515719721739101,5.5652242147183395e-06,-0.00027826455445056,0.0673393794884516,True
2802,2760,110.4,02/28/2026 10:14:13.040,2.456025449,0.0,1.8521138139314341,5.560235458784048e-06,-0.0002780151136564863,0.06721870085205266,True
2803,2761,110.44,02/28/2026 10:14:13.080,2.456025449,0.0,1.8526551291541673,5.5552515506739195e-06,-0.0002777659152565332,0.06709824757016564,True
2804,2762,110.48,02/28/2026 10:14:13.120,2.456025449,0.0,1.8531959184603555,5.550272484695738e-06,-0.0002775169589660868,0.06697801919011442,True
2805,2763,110.52,02/28/2026 10:14:13.160,2.456025449,0.0,1.8537361824672511,5.545298255166441e-06,-0.00027726824450099037,0.06685801526024304,True
2806,2764,110.56,02/28/2026 10:14:13.200,2.456025449,0.0,1.8542759217911147,5.540328856412086e-06,-0.0002770197715775439,0.06673823532991285,True
2807,2765,110.60000000000001,02/28/2026 10:14:13.240,2.456025449,0.0,1.8548151370472181,5.5353642827678585e-06,-0.00027677153991250255,0.06661867894950008,True
2808,2766,110.64,02/28/2026 10:14:13.280,2.456025449,0.0,1.855353828849846,5.53040452857802e-06,-0.00027652354922307596,0.06649934567039294,True
2809,2767,110.68,02/28/2026 10:14:13.320,2.456025449,0.0,1.8558919978122976,5.52544958819589e-06,-0.00027627579922692724,0.06638023504498916,True
2810,2768,110.72,02/28/2026 10:14:13.360,2.456025449,0.0,1.8564296445468904,5.520499455983841e-06,-0.0002760282896421718,0.06626134662669322,True
2811,2769,110.76,02/28/2026 10:14:13.400,2.456025449,0.0,1.8569667696649608,5.51555412631328e-06,-0.00027578102018737636,0.06614267996991381,True
2812,2770,110.8,02/28/2026 10:14:13.440,2.456025449,0.0,1.8575033737768667,5.510613593564628e-06,-0.00027553399058155803,0.0660242346300612,True
2813,2771,110.84,02/28/2026 10:14:13.480,2.456025449,0.0,1.8580394574919903,5.505677852127275e-06,-0.0002752872005441835,0.06590601016354446,True
2814,2772,110.88,02/28/2026 10:14:13.520,2.456025449,0.0,1.8585750214187393,5.500746896399588e-06,-0.00027504064979516776,0.06578800612776903,True
2815,2773,110.92,02/28/2026 10:14:13.560,2.456025449,0.0,1.85911006616455,5.495820720788887e-06,-0.0002747943380548732,0.06567022208113411,True
2816,2774,110.96000000000001,02/28/2026 10:14:13.600,2.456025449,0.0,1.8596445923358884,5.490899319711421e-06,-0.0002745482650441086,0.06555265758302997,True
2817,2775,111.0,02/28/2026 10:14:13.640,2.456025449,0.0,1.8601786005382532,5.485982687592333e-06,-0.0002743024304841285,0.06543531219383539,True
2818,2776,111.04,02/28/2026 10:14:13.680,2.456025449,0.0,1.8607120913761777,5.4810708188656666e-06,-0.0002740568340966315,0.06531818547491508,True
2819,2777,111.08,02/28/2026 10:14:13.720,2.456025449,0.0,1.8612450654532313,5.476163707974338e-06,-0.0002738114756037599,0.0652012769886172,True
2820,2778,111.12,02/28/2026 10:14:13.760,2.456025449,0.0,1.8617775233720228,5.471261349370109e-06,-0.00027356635472809845,0.0650845862982707,True
2821,2779,111.16,02/28/2026 10:14:13.800,2.456025449,0.0,1.8623094657342016,5.46636373751357e-06,-0.00027332147119267356,0.06496811296818267,True
2822,2780,111.2,02/28/2026 10:14:13.840,2.456025449,0.0,1.8628408931404603,5.461470866874122e-06,-0.00027307682472095204,0.06485185656363605,True
2823,2781,111.24000000000001,02/28/2026 10:14:13.880,2.456025449,0.0,1.863371806190536,5.456582731929959e-06,-0.0002728324150368404,0.0647358166508869,True
2824,2782,111.28,02/28/2026 10:14:13.920,2.456025449,0.0,1.8639022054832135,5.451699327168056e-06,-0.00027258824186468365,0.06461999279716191,True
2825,2783,111.32000000000001,02/28/2026 10:14:13.960,2.456025449,0.0,1.8644320916163266,5.446820647084141e-06,-0.0002723443049292648,0.06450438457065591,True
2826,2784,111.36,02/28/2026 10:14:14.000,2.456025449,0.0,1.8649614651867608,5.4419466861826615e-06,-0.00027210060395580323,0.06438899154052927,True
2827,2785,111.4,02/28/2026 10:14:14.040,2.456025449,0.0,1.8654903267904546,5.437077438976791e-06,-0.00027185713866995434,0.0642738132769055,True
2828,2786,111.44,02/28/2026 10:14:14.080,2.456025449,0.0,1.8660186770224019,5.4322128999884025e-06,-0.00027161390879780814,0.06415884935086867,True
2829,2787,111.48,02/28/2026 10:14:14.120,2.456025449,0.0,1.8665465164766546,5.427353063748043e-06,-0.00027137091406588873,0.06404409933446098,True
2830,2788,111.52,02/28/2026 10:14:14.160,2.456025449,0.0,1.8670738457463238,5.422497924794916e-06,-0.000271128154201153,0.06392956280068025,True
2831,2789,111.56,02/28/2026 10:14:14.200,2.456025449,0.0,1.867600665423583,5.417647477676862e-06,-0.00027088562893098987,0.06381523932347735,True
2832,2790,111.60000000000001,02/28/2026 10:14:14.240,2.456025449,0.0,1.8681269760996684,5.412801716950342e-06,-0.00027064333798321915,0.06370112847775385,True
2833,2791,111.64,02/28/2026 10:14:14.280,2.456025449,0.0,1.8686527783648827,5.407960637180411e-06,-0.00027040128108609085,0.06358722983935948,True
2834,2792,111.68,02/28/2026 10:14:14.320,2.456025449,0.0,1.869178072808596,5.403124232940733e-06,-0.000270159457968284,0.06347354298508984,True
2835,2793,111.72,02/28/2026 10:14:14.360,2.456025449,0.0,1.8697028600192487,5.398292498813512e-06,-0.000269917868358906,0.06336006749268362,True
2836,2794,111.76,02/28/2026 10:14:14.400,2.456025449,0.0,1.8702271405843525,5.393465429389506e-06,-0.0002696765119874913,0.0632468029408206,True
2837,2795,111.8,02/28/2026 10:14:14.440,2.456025449,0.0,1.8707509150904935,5.388643019267998e-06,-0.000269435388584001,0.06313374890911871,True
2838,2796,111.84,02/28/2026 10:14:14.480,2.456025449,0.0,1.8712741841233334,5.38382526305678e-06,-0.0002691944978788214,0.06302090497813212,True
2839,2797,111.88,02/28/2026 10:14:14.520,2.456025449,0.0,1.8717969482676118,5.379012155372125e-06,-0.0002689538396027633,0.06290827072934836,True
2840,2798,111.92,02/28/2026 10:14:14.560,2.456025449,0.0,1.8723192081071485,5.374203690838795e-06,-0.000268713413487061,0.06279584574518629,True
2841,2799,111.96000000000001,02/28/2026 10:14:14.600,2.456025449,0.0,1.8728409642248447,5.369399864089995e-06,-0.0002684732192633717,0.06268362960899347,True
2842,2800,112.0,02/28/2026 10:14:14.640,2.456025449,0.0,1.8733622172026858,5.364600669767367e-06,-0.00026823325666377405,0.06257162190504387,True
2843,2801,112.04,02/28/2026 10:14:14.680,2.456025449,0.0,1.8738829676217432,5.359806102520966e-06,-0.0002679935254207678,0.06245982221853534,True
2844,2802,112.08,02/28/2026 10:14:14.720,2.456025449,0.0,1.8744032160621764,5.355016157009244e-06,-0.0002677540252672723,0.062348230135587324,True
2845,2803,112.12,02/28/2026 10:14:14.760,2.456025449,0.0,1.874922963103234,5.350230827899034e-06,-0.0002675147559366261,0.06223684524323855,True
2846,2804,112.16,02/28/2026 10:14:14.800,2.456025449,0.0,1.8754422093232574,5.345450109865532e-06,-0.00026727571716258575,0.062125667129444576,True
2847,2805,112.2,02/28/2026 10:14:14.840,2.456025449,0.0,1.875960955299681,5.340673997592278e-06,-0.00026703690867932504,0.06201469538307543,True
2848,2806,112.24000000000001,02/28/2026 10:14:14.880,2.456025449,0.0,1.876479201609035,5.335902485771133e-06,-0.0002667983302214339,0.061903929593913304,True
2849,2807,112.28,02/28/2026 10:14:14.920,2.456025449,0.0,1.876996948826948,5.331135569102278e-06,-0.00026655998152391773,0.06179336935265016,True
2850,2808,112.32000000000001,02/28/2026 10:14:14.960,2.456025449,0.0,1.8775141975281473,5.32637324229417e-06,-0.0002663218623221965,0.06168301425088545,True
2851,2809,112.36,02/28/2026 10:14:15.000,2.456025449,0.0,1.878030948286463,5.321615500063533e-06,-0.0002660839723521036,0.061572863881123666,True
2852,2810,112.4,02/28/2026 10:14:15.040,2.456025449,0.0,1.8785472016748277,5.316862337135362e-06,-0.0002658463113498851,0.06146291783677214,True
2853,2811,112.44,02/28/2026 10:14:15.080,2.456025449,0.0,1.8790629582652802,5.312113748242869e-06,-0.000265608879052199,0.06135317571213862,True
2854,2812,112.48,02/28/2026 10:14:15.120,2.456025449,0.0,1.8795782186289665,5.3073697281274925e-06,-0.00026537167519611406,0.06124363710242917,True
2855,2813,112.52,02/28/2026 10:14:15.160,2.456025449,0.0,1.8800929833361415,5.302630271538883e-06,-0.000265134699519109,0.06113430160374555,True
2856,2814,112.56,02/28/2026 10:14:15.200,2.456025449,0.0,1.8806072529561721,5.297895373234848e-06,-0.00026489795175907194,0.061025168813083126,True
2857,2815,112.60000000000001,02/28/2026 10:14:15.240,2.456025449,0.0,1.881121028057538,5.293165027981388e-06,-0.00026466143165429897,0.06091623832832865,True
2858,2816,112.64,02/28/2026 10:14:15.280,2.456025449,0.0,1.8816343092078334,5.288439230552635e-06,-0.00026442513894349374,0.06080750974825774,True
2859,2817,112.68,02/28/2026 10:14:15.320,2.456025449,0.0,1.8821470969737706,5.283717975730858e-06,-0.0002641890733657664,0.06069898267253285,True
2860,2818,112.72,02/28/2026 10:14:15.360,2.456025449,0.0,1.8826593919211803,5.279001258306432e-06,-0.0002639532346606326,0.06059065670170073,True
2861,2819,112.76,02/28/2026 10:14:15.400,2.456025449,0.0,1.883171194615014,5.274289073077824e-06,-0.00026371762256801294,0.06048253143719036,True
2862,2820,112.8,02/28/2026 10:14:15.440,2.456025449,0.0,1.883682505619346,5.269581414851578e-06,-0.00026348223682823166,0.0603746064813107,True
2863,2821,112.84,02/28/2026 10:14:15.480,2.456025449,0.0,1.8841933254973748,5.264878278442317e-06,-0.00026324707718201613,0.060266881437248364,True
2864,2822,112.88,02/28/2026 10:14:15.520,2.456025449,0.0,1.8847036548114255,5.260179658672689e-06,-0.00026301214337049584,0.0601593559090654,True
2865,2823,112.92,02/28/2026 10:14:15.560,2.456025449,0.0,1.885213494122952,5.255485550373374e-06,-0.00026277743513520164,0.06005202950169706,True
2866,2824,112.96000000000001,02/28/2026 10:14:15.600,2.456025449,0.0,1.8857228439925375,5.2507959483830545e-06,-0.0002625429522180648,0.05994490182094947,True
2867,2825,113.0,02/28/2026 10:14:15.640,2.456025449,0.0,1.886231704979898,5.246110847548405e-06,-0.0002623086943614161,0.05983797247349772,True
2868,2826,113.04,02/28/2026 10:14:15.680,2.456025449,0.0,1.8867400776438827,5.241430242724087e-06,-0.00026207466130798515,0.059731241066883344,True
2869,2827,113.08,02/28/2026 10:14:15.720,2.456025449,0.0,1.8872479625424776,5.236754128772697e-06,-0.0002618408528008992,0.05962470720951204,True
2870,2828,113.12,02/28/2026 10:14:15.760,2.456025449,0.0,1.8877553602328054,5.232082500564794e-06,-0.0002616072685836826,0.05951837051065182,True
2871,2829,113.16,02/28/2026 10:14:15.800,2.456025449,0.0,1.8882622712711286,5.22741535297885e-06,-0.0002613739084002559,0.05941223058043057,True
2872,2830,113.2,02/28/2026 10:14:15.840,2.456025449,0.0,1.8887686962128505,5.222752680901241e-06,-0.00026114077199493503,0.059306287029833864,True
2873,2831,113.24000000000001,02/28/2026 10:14:15.880,2.456025449,0.0,1.8892746356125183,5.2180944792262425e-06,-0.0002609078591124303,0.05920053947070299,True
2874,2832,113.28,02/28/2026 10:14:15.920,2.456025449,0.0,1.8897800900238237,5.213440742855989e-06,-0.0002606751694978457,0.059094987515732396,True
2875,2833,113.32000000000001,02/28/2026 10:14:15.960,2.456025449,0.0,1.8902850599996053,5.208791466700476e-06,-0.000260442702896678,0.058989630778467916,True
2876,2834,113.36,02/28/2026 10:14:16.000,2.456025449,0.0,1.8907895460918502,5.204146645677539e-06,-0.00026021045905481584,0.058884468873304355,True
2877,2835,113.4,02/28/2026 10:14:16.040,2.456025449,0.0,1.8912935488516962,5.199506274712829e-06,-0.00025997843771853905,0.05877950141548334,True
2878,2836,113.44,02/28/2026 10:14:16.080,2.456025449,0.0,1.8917970688294328,5.19487034873982e-06,-0.0002597466386345176,0.05867472802109144,True
2879,2837,113.48,02/28/2026 10:14:16.120,2.456025449,0.0,1.892300106574504,5.190238862699759e-06,-0.00025951506154981124,0.058570148307057646,True
2880,2838,113.52,02/28/2026 10:14:16.160,2.456025449,0.0,1.892802662635509,5.1856118115416705e-06,-0.0002592837062118681,0.0584657618911515,True
2881,2839,113.56,02/28/2026 10:14:16.200,2.456025449,0.0,1.8933047375602055,5.1809891902223334e-06,-0.0002590525723685241,0.05836156839198081,True
2882,2840,113.60000000000001,02/28/2026 10:14:16.240,2.456025449,0.0,1.8938063318955096,5.176370993706265e-06,-0.0002588216597680023,0.058257567428989694,True
2883,2841,113.64,02/28/2026 10:14:16.280,2.456025449,0.0,1.8943074461874998,5.171757216965712e-06,-0.00025859096815891166,0.0581537586224562,True
2884,2842,113.68,02/28/2026 10:14:16.320,2.456025449,0.0,1.8948080809814165,5.1671478549806255e-06,-0.00025836049729024665,0.05805014159349049,True
2885,2843,113.72,02/28/2026 10:14:16.360,2.456025449,0.0,1.8953082368216654,5.162542902738647e-06,-0.00025813024691138627,0.05794671596403255,True
2886,2844,113.76,02/28/2026 10:14:16.400,2.456025449,0.0,1.8958079142518183,5.157942355235077e-06,-0.00025790021677209315,0.05784348135685009,True
2887,2845,113.8,02/28/2026 10:14:16.440,2.456025449,0.0,1.8963071138146157,5.1533462074728924e-06,-0.00025767040662251283,0.057740437395536595,True
2888,2846,113.84,02/28/2026 10:14:16.480,2.456025449,0.0,1.896805836051968,5.148754454462712e-06,-0.0002574408162131729,0.05763758370450913,True
2889,2847,113.88,02/28/2026 10:14:16.520,2.456025449,0.0,1.8973040815049573,5.1441670912227646e-06,-0.00025721144529498223,0.05753491990900607,True
2890,2848,113.92,02/28/2026 10:14:16.560,2.456025449,0.0,1.8978018507138397,5.139584112778908e-06,-0.0002569822936192302,0.057432445635085545,True
2891,2849,113.96000000000001,02/28/2026 10:14:16.600,2.456025449,0.0,1.8982991442180457,5.135005514164565e-06,-0.0002567533609375859,0.057330160509622766,True
2892,2850,114.0,02/28/2026 10:14:16.640,2.456025449,0.0,1.8987959625561834,5.130431290420765e-06,-0.0002565246470020971,0.05722806416030854,True
2893,2851,114.04,02/28/2026 10:14:16.680,2.456025449,0.0,1.89929230626604,5.125861436596083e-06,-0.0002562961515651897,0.05712615621564665,True
2894,2852,114.08,02/28/2026 10:14:16.720,2.456025449,0.0,1.899788175884583,5.121295947746634e-06,-0.0002560678743796669,0.05702443630495215,True
2895,2853,114.12,02/28/2026 10:14:16.760,2.456025449,0.0,1.9002835719479614,5.1167348189360785e-06,-0.0002558398151987082,0.05692290405834937,True
2896,2854,114.16,02/28/2026 10:14:16.800,2.456025449,0.0,1.9007784949915092,5.112178045235583e-06,-0.0002556119737758689,0.05682155910676964,True
2897,2855,114.2,02/28/2026 10:14:16.840,2.456025449,0.0,1.9012729455497457,5.1076256217238105e-06,-0.00025538434986507934,0.05672040108194942,True
2898,2856,114.24000000000001,02/28/2026 10:14:16.880,2.456025449,0.0,1.9017669241563775,5.103077543486894e-06,-0.00025515694322064366,0.056619429616428206,True
2899,2857,114.28,02/28/2026 10:14:16.920,2.456025449,0.0,1.9022604313443003,5.098533805618453e-06,-0.00025492975359723945,0.05651864434354659,True
2900,2858,114.32000000000001,02/28/2026 10:14:16.960,2.456025449,0.0,1.9027534676456008,5.093994403219541e-06,-0.00025470278074991675,0.056418044897444085,True
2901,2859,114.36,02/28/2026 10:14:17.000,2.456025449,0.0,1.9032460335915582,5.08945933139866e-06,-0.0002544760244340973,0.05631763091305732,True
2902,2860,114.4,02/28/2026 10:14:17.040,2.456025449,0.0,1.9037381297126457,5.084928585271719e-06,-0.0002542494844055738,0.056217402026117885,True
2903,2861,114.44,02/28/2026 10:14:17.080,2.456025449,0.0,1.9042297565385324,5.0804021599620435e-06,-0.0002540231604205093,0.05611735787315048,True
2904,2862,114.48,02/28/2026 10:14:17.120,2.456025449,0.0,1.9047209145980857,5.075880050600323e-06,-0.0002537970522354361,0.05601749809147065,True
2905,2863,114.52,02/28/2026 10:14:17.160,2.456025449,0.0,1.9052116044193712,5.071362252324645e-06,-0.000253571159607255,0.05591782231918319,True
2906,2864,114.56,02/28/2026 10:14:17.200,2.456025449,0.0,1.9057018265296564,5.066848760280437e-06,-0.0002533454822932348,0.05581833019517982,True
2907,2865,114.60000000000001,02/28/2026 10:14:17.240,2.456025449,0.0,1.9061915814554107,5.062339569620473e-06,-0.0002531200200510113,0.05571902135913741,True
2908,2866,114.64,02/28/2026 10:14:17.280,2.456025449,0.0,1.9066808697223083,5.05783467550486e-06,-0.0002528947726385867,0.05561989545151597,True
2909,2867,114.68,02/28/2026 10:14:17.320,2.456025449,0.0,1.907169691855229,5.053334073101003e-06,-0.0002526697398143287,0.05552095211355666,True
2910,2868,114.72,02/28/2026 10:14:17.360,2.456025449,0.0,1.9076580483782606,5.048837757583618e-06,-0.0002524449213369696,0.055422190987279865,True
2911,2869,114.76,02/28/2026 10:14:17.400,2.456025449,0.0,1.9081459398147,5.044345724134687e-06,-0.000252220316965606,0.05532361171548319,True
2912,2870,114.8,02/28/2026 10:14:17.440,2.456025449,0.0,1.9086333666870552,5.039857967943459e-06,-0.00025199592645969756,0.05522521394173956,True
2913,2871,114.84,02/28/2026 10:14:17.480,2.456025449,0.0,1.9091203295170467,5.035374484206436e-06,-0.0002517717495790665,0.05512699731039531,True
2914,2872,114.88,02/28/2026 10:14:17.520,2.456025449,0.0,1.9096068288256087,5.030895268127357e-06,-0.0002515477860838967,0.05502896146656824,True
2915,2873,114.92,02/28/2026 10:14:17.560,2.456025449,0.0,1.910092865132892,5.026420314917181e-06,-0.000251324035734733,0.05493110605614567,True
2916,2874,114.96000000000001,02/28/2026 10:14:17.600,2.456025449,0.0,1.9105784389582647,5.021949619794066e-06,-0.0002511004982924807,0.054833430725782464,True
2917,2875,115.0,02/28/2026 10:14:17.640,2.456025449,0.0,1.9110635508203142,5.017483177983357e-06,-0.00025087717351840433,0.05473593512289911,True
2918,2876,115.04,02/28/2026 10:14:17.680,2.456025449,0.0,1.9115482012368483,5.013020984717578e-06,-0.00025065406117412724,0.05463861889568002,True
2919,2877,115.08,02/28/2026 10:14:17.720,2.456025449,0.0,1.9120323907248975,5.008563035236414e-06,-0.00025043116102163067,0.05454148169307141,True
2920,2878,115.12,02/28/2026 10:14:17.760,2.456025449,0.0,1.912516119800716,5.004109324786695e-06,-0.0002502084728232533,0.054444523164779476,True
2921,2879,115.16,02/28/2026 10:14:17.800,2.456025449,0.0,1.9129993889797836,4.999659848622378e-06,-0.00024998599634169,0.05434774296126843,True
2922,2880,115.2,02/28/2026 10:14:17.840,2.456025449,0.0,1.9134821987768076,4.99521460200454e-06,-0.0002497637313399917,0.05425114073375881,True
2923,2881,115.24000000000001,02/28/2026 10:14:17.880,2.456025449,0.0,1.9139645497057243,4.990773580201351e-06,-0.00024954167758156414,0.054154716134225324,True
2924,2882,115.28,02/28/2026 10:14:17.920,2.456025449,0.0,1.9144464422796998,4.986336778488069e-06,-0.00024931983483016747,0.05405846881539513,True
2925,2883,115.32000000000001,02/28/2026 10:14:17.960,2.456025449,0.0,1.914927877011133,4.9819041921470225e-06,-0.00024909820284991526,0.053962398430745975,True
2926,2884,115.36,02/28/2026 10:14:18.000,2.456025449,0.0,1.915408854411656,4.977475816467592e-06,-0.0002488767814052739,0.053866504634504285,True
2927,2885,115.4,02/28/2026 10:14:18.040,2.456025449,0.0,1.915889374992136,4.973051646746209e-06,-0.000248655570261062,0.05377078708164337,True
2928,2886,115.44,02/28/2026 10:14:18.080,2.456025449,0.0,1.916369439262677,4.968631678286332e-06,-0.0002484345691824492,0.05367524542788146,True
2929,2887,115.48,02/28/2026 10:14:18.120,2.456025449,0.0,1.9168490477326219,4.964215906398423e-06,-0.00024821377793495615,0.05357987932967994,True
2930,2888,115.52,02/28/2026 10:14:18.160,2.456025449,0.0,1.917328200910553,4.959804326399941e-06,-0.00024799319628445316,0.05348468844424142,True
2931,2889,115.56,02/28/2026 10:14:18.200,2.456025449,0.0,1.9178068993042945,4.9553969336153294e-06,-0.0002477728239971598,0.053389672429507984,True
2932,2890,115.60000000000001,02/28/2026 10:14:18.240,2.456025449,0.0,1.9182851434209132,4.950993723376007e-06,-0.0002475526608396439,0.053294830944159405,True
2933,2891,115.64,02/28/2026 10:14:18.280,2.456025449,0.0,1.918762933766721,4.946594691020348e-06,-0.00024733270657882134,0.05320016364761115,True
2934,2892,115.68,02/28/2026 10:14:18.320,2.456025449,0.0,1.9192402708472756,4.94219983189366e-06,-0.0002471129609819546,0.05310567020001273,True
2935,2893,115.72,02/28/2026 10:14:18.360,2.456025449,0.0,1.919717155167383,4.9378091413481835e-06,-0.00024689342381665287,0.053011350262245696,True
2936,2894,115.76,02/28/2026 10:14:18.400,2.456025449,0.0,1.9201935872310985,4.933422614743063e-06,-0.0002466740948508707,0.05291720349592202,True
2937,2895,115.8,02/28/2026 10:14:18.440,2.456025449,0.0,1.9206695675417276,4.929040247444335e-06,-0.0002464549738529075,0.05282322956338207,True
2938,2896,115.84,02/28/2026 10:14:18.480,2.456025449,0.0,1.9211450966018289,4.924662034824941e-06,-0.0002462360605914069,0.052729428127693156,True
2939,2897,115.88,02/28/2026 10:14:18.520,2.456025449,0.0,1.9216201749132145,4.920287972264672e-06,-0.00024601735483535594,0.052635798852647304,True
2940,2898,115.92,02/28/2026 10:14:18.560,2.456025449,0.0,1.9220948029769525,4.915918055150173e-06,-0.00024579885635408447,0.05254234140275975,True
2941,2899,115.96000000000001,02/28/2026 10:14:18.600,2.456025449,0.0,1.9225689812933675,4.911552278874941e-06,-0.0002455805649172643,0.052449055443267084,True
2942,2900,116.0,02/28/2026 10:14:18.640,2.456025449,0.0,1.9230427103620429,4.907190638839297e-06,-0.00024536248029490855,0.05235594064012552,True
2943,2901,116.04,02/28/2026 10:14:18.680,2.456025449,0.0,1.9235159906818222,4.902833130450371e-06,-0.000245144602257371,0.052262996660008984,True
2944,2902,116.08,02/28/2026 10:14:18.720,2.456025449,0.0,1.9239888227508102,4.898479749122091e-06,-0.0002449269305753455,0.05217022317030741,True
2945,2903,116.12,02/28/2026 10:14:18.760,2.456025449,0.0,1.9244612070663754,4.894130490275175e-06,-0.00024470946501986486,0.05207761983912507,True
2946,2904,116.16,02/28/2026 10:14:18.800,2.456025449,0.0,1.9249331441251505,4.889785349337101e-06,-0.00024449220536230064,0.051985186335278606,True
2947,2905,116.2,02/28/2026 10:14:18.840,2.456025449,0.0,1.925404634423034,4.8854443217421135e-06,-0.0002442751513743622,0.05189292232829555,True
2948,2906,116.24000000000001,02/28/2026 10:14:18.880,2.456025449,0.0,1.9258756784551927,4.881107402931204e-06,-0.00024405830282809608,0.05180082748841241,True
2949,2907,116.28,02/28/2026 10:14:18.920,2.456025449,0.0,1.9263462767160622,4.876774588352085e-06,-0.0002438416594958852,0.05170890148657278,True
2950,2908,116.32000000000001,02/28/2026 10:14:18.960,2.456025449,0.0,1.9268164296993489,4.872445873459173e-06,-0.00024362522115044832,0.05161714399442587,True
2951,2909,116.36,02/28/2026 10:14:19.000,2.456025449,0.0,1.9272861378980308,4.868121253713609e-06,-0.00024340898756483926,0.05152555468432471,True
2952,2910,116.4,02/28/2026 10:14:19.040,2.456025449,0.0,1.9277554018043601,4.863800724583209e-06,-0.0002431929585124462,0.051434133229324296,True
2953,2911,116.44,02/28/2026 10:14:19.080,2.456025449,0.0,1.9282242219098638,4.8594842815424686e-06,-0.00024297713376699112,0.051342879303179954,True
2954,2912,116.48,02/28/2026 10:14:19.120,2.456025449,0.0,1.9286925987053456,4.855171920072544e-06,-0.00024276151310252895,0.051251792580345575,True
2955,2913,116.52,02/28/2026 10:14:19.160,2.456025449,0.0,1.929160532680887,4.850863635661233e-06,-0.00024254609629344707,0.051160872735971974,True
2956,2914,116.56,02/28/2026 10:14:19.200,2.456025449,0.0,1.929628024325849,4.846559423802971e-06,-0.00024233088311446452,0.05107011944590518,True
2957,2915,116.60000000000001,02/28/2026 10:14:19.240,2.456025449,0.0,1.9300950741288743,4.842259279998816e-06,-0.00024211587334063134,0.05097953238668455,True
2958,2916,116.64,02/28/2026 10:14:19.280,2.456025449,0.0,1.9305616825778873,4.837963199756424e-06,-0.0002419010667473279,0.050889111235541316,True
2959,2917,116.68,02/28/2026 10:14:19.320,2.456025449,0.0,1.9310278501600966,4.833671178590045e-06,-0.00024168646311026418,0.05079885567039666,True
2960,2918,116.72,02/28/2026 10:14:19.360,2.456025449,0.0,1.931493577361996,4.829383212020516e-06,-0.0002414720622054791,0.05070876536986032,True
2961,2919,116.76,02/28/2026 10:14:19.400,2.456025449,0.0,1.931958864669366,4.825099295575239e-06,-0.00024125786380934,0.0506188400132286,True
2962,2920,116.8,02/28/2026 10:14:19.440,2.456025449,0.0,1.932423712567276,4.820819424788172e-06,-0.00024104386769854185,0.050529079280482815,True
2963,2921,116.84,02/28/2026 10:14:19.480,2.456025449,0.0,1.9328881215400846,4.816543595199801e-06,-0.00024083007365010656,0.05043948285228762,True
2964,2922,116.88,02/28/2026 10:14:19.520,2.456025449,0.0,1.9333520920714415,4.81227180235715e-06,-0.0002406164814413825,0.05035005040998942,True
2965,2923,116.92,02/28/2026 10:14:19.560,2.456025449,0.0,1.9338156246442892,4.808004041813747e-06,-0.00024040309085004356,0.05026078163561448,True
2966,2924,116.96000000000001,02/28/2026 10:14:19.600,2.456025449,0.0,1.9342787197408642,4.803740309129618e-06,-0.00024018990165408869,0.05017167621186751,True
2967,2925,117.0,02/28/2026 10:14:19.640,2.456025449,0.0,1.9347413778426987,4.799480599871292e-06,-0.000239976913631841,0.050082733822129806,True
2968,2926,117.04,02/28/2026 10:14:19.680,2.456025449,0.0,1.9352035994306214,4.7952249096117525e-06,-0.00023976412656194753,0.049993954150457716,True
2969,2927,117.08,02/28/2026 10:14:19.720,2.456025449,0.0,1.9356653849847594,4.790973233930454e-06,-0.00023955154022337822,0.04990533688158105,True
2970,2928,117.12,02/28/2026 10:14:19.760,2.456025449,0.0,1.9361267349845397,4.786725568413304e-06,-0.0002393391543954254,0.04981688170090123,True
2971,2929,117.16,02/28/2026 10:14:19.800,2.456025449,0.0,1.9365876499086905,4.78248190865263e-06,-0.00023912696885770317,0.04972858829448983,True
2972,2930,117.2,02/28/2026 10:14:19.840,2.456025449,0.0,1.9370481302352425,4.778242250247181e-06,-0.00023891498339014659,0.04964045634908682,True
2973,2931,117.24000000000001,02/28/2026 10:14:19.880,2.456025449,0.0,1.93750817644153,4.774006588802123e-06,-0.00023870319777301118,0.04955248555209912,True
2974,2932,117.28,02/28/2026 10:14:19.920,2.456025449,0.0,1.9379677890041933,4.769774919929022e-06,-0.0002384916117868722,0.049464675591598804,True
2975,2933,117.32000000000001,02/28/2026 10:14:19.960,2.456025449,0.0,1.938426968399179,4.765547239245816e-06,-0.0002382802252126242,0.0493770261563215,True
2976,2934,117.36,02/28/2026 10:14:20.000,2.456025449,0.0,1.9388857151017422,4.761323542376818e-06,-0.00023806903783148001,0.049289536935664874,True
2977,2935,117.4,02/28/2026 10:14:20.040,2.456025449,0.0,1.9393440295864472,4.757103824952691e-06,-0.00023785804942497044,0.04920220761968686,True
2978,2936,117.44,02/28/2026 10:14:20.080,2.456025449,0.0,1.93980191232717,4.752888082610447e-06,-0.0002376472597749434,0.04911503789910423,True
2979,2937,117.48,02/28/2026 10:14:20.120,2.456025449,0.0,1.940259363797098,4.748676310993431e-06,-0.00023743666866356345,0.04902802746529091,True
2980,2938,117.52,02/28/2026 10:14:20.160,2.456025449,0.0,1.940716384468733,4.744468505751305e-06,-0.00023722627587331103,0.04894117601027636,True
2981,2939,117.56,02/28/2026 10:14:20.200,2.456025449,0.0,1.9411729748138917,4.740264662540036e-06,-0.00023701608118698188,0.048854483226744,True
2982,2940,117.60000000000001,02/28/2026 10:14:20.240,2.456025449,0.0,1.9416291353037074,4.736064777021879e-06,-0.0002368060843876864,0.048767948808029635,True
2983,2941,117.64,02/28/2026 10:14:20.280,2.456025449,0.0,1.942084866408631,4.731868844865384e-06,-0.00023659628525884893,0.0486815724481199,True
2984,2942,117.68,02/28/2026 10:14:20.320,2.456025449,0.0,1.942540168598433,4.727676861745355e-06,-0.0002363866835842074,0.04859535384165062,True
2985,2943,117.72,02/28/2026 10:14:20.360,2.456025449,0.0,1.9429950423422042,4.723488823342855e-06,-0.00023617727914781238,0.04850929268390525,True
2986,2944,117.76,02/28/2026 10:14:20.400,2.456025449,0.0,1.9434494881083577,4.7193047253451845e-06,-0.00023596807173402654,0.04842338867081332,True
2987,2945,117.8,02/28/2026 10:14:20.440,2.456025449,0.0,1.9439035063646297,4.71512456344588e-06,-0.00023575906112752407,0.0483376414989489,True
2988,2946,117.84,02/28/2026 10:14:20.480,2.456025449,0.0,1.944357097578081,4.7109483333447e-06,-0.00023555024711329004,0.04825205086552897,True
2989,2947,117.88,02/28/2026 10:14:20.520,2.456025449,0.0,1.944810262215099,4.706776030747606e-06,-0.00023534162947661986,0.04816661646841196,True
2990,2948,117.92,02/28/2026 10:14:20.560,2.456025449,0.0,1.9452630007413976,4.702607651366743e-06,-0.00023513320800311855,0.04808133800609603,True
2991,2949,117.96000000000001,02/28/2026 10:14:20.600,2.456025449,0.0,1.9457153136220202,4.698443190920446e-06,-0.00023492498247870008,0.0479962151777177,True
2992,2950,118.0,02/28/2026 10:14:20.640,2.456025449,0.0,1.9461672013213398,4.6942826451332134e-06,-0.00023471695268958696,0.04791124768305032,True
2993,2951,118.04,02/28/2026 10:14:20.680,2.456025449,0.0,1.946618664303061,4.690126009735704e-06,-0.00023450911842230935,0.047826435222502316,True
2994,2952,118.08,02/28/2026 10:14:20.720,2.456025449,0.0,1.947069703030221,4.685973280464711e-06,-0.00023430147946370468,0.04774177749711583,True
2995,2953,118.12,02/28/2026 10:14:20.760,2.456025449,0.0,1.9475203179651919,4.681824453063168e-06,-0.00023409403560091687,0.047657274208565144,True
2996,2954,118.16,02/28/2026 10:14:20.800,2.456025449,0.0,1.9479705095696795,4.6776795232801244e-06,-0.0002338867866213958,0.04757292505915524,True
2997,2955,118.2,02/28/2026 10:14:20.840,2.456025449,0.0,1.948420278304728,4.67353848687074e-06,-0.00023367973231289672,0.04748872975182011,True
2998,2956,118.24000000000001,02/28/2026 10:14:20.880,2.456025449,0.0,1.948869624630719,4.669401339596263e-06,-0.00023347287246347964,0.04740468799012131,True
2999,2957,118.28,02/28/2026 10:14:20.920,2.456025449,0.0,1.9493185490073732,4.665268077224024e-06,-0.00023326620686150868,0.047320799478246536,True
3000,2958,118.32000000000001,02/28/2026 10:14:20.960,2.456025449,0.0,1.9497670518937524,4.661138695527431e-06,-0.0002330597352956514,0.047237063921008036,True
3001,2959,118.36,02/28/2026 10:14:21.000,2.456025449,0.0,1.9502151337482605,4.6570131902859425e-06,-0.00023285345755487841,0.047153481023841044,True
3002,2960,118.4,02/28/2026 10:14:21.040,2.456025449,0.0,1.9506627950286444,4.652891557285062e-06,-0.00023264737342846255,0.04707005049280238,True
3003,2961,118.44,02/28/2026 10:14:21.080,2.456025449,0.0,1.9511100361919955,4.64877379231633e-06,-0.0002324414827059783,0.04698677203456892,True
3004,2962,118.48,02/28/2026 10:14:21.120,2.456025449,0.0,1.9515568576947515,4.644659891177317e-06,-0.0002322357851773013,0.04690364535643616,True
3005,2963,118.52,02/28/2026 10:14:21.160,2.456025449,0.0,1.9520032599926973,4.640549849671593e-06,-0.0002320302806326078,0.046820670166316594,True
3006,2964,118.56,02/28/2026 10:14:21.200,2.456025449,0.0,1.952449243540966,4.636443663608733e-06,-0.00023182496886237384,0.046737846172738344,True
3007,2965,118.60000000000001,02/28/2026 10:14:21.240,2.456025449,0.0,1.9528948087940403,4.632341328804297e-06,-0.00023161984965737489,0.04665517308484371,True
3008,2966,118.64,02/28/2026 10:14:21.280,2.456025449,0.0,1.9533399562057547,4.628242841079815e-06,-0.00023141492280868506,0.046572650612387516,True
3009,2967,118.68,02/28/2026 10:14:21.320,2.456025449,0.0,1.9537846862292958,4.624148196262784e-06,-0.0002312101881076767,0.04649027846573581,True
3010,2968,118.72,02/28/2026 10:14:21.360,2.456025449,0.0,1.9542289993172037,4.6200573901866495e-06,-0.0002310056453460196,0.046408056355864376,True
3011,2969,118.76,02/28/2026 10:14:21.400,2.456025449,0.0,1.9546728959213735,4.615970418690799e-06,-0.00023080129431568057,0.04632598399435718,True
3012,2970,118.8,02/28/2026 10:14:21.440,2.456025449,0.0,1.9551163764930566,4.611887277620538e-06,-0.00023059713480892276,0.046244061093404995,True
3013,2971,118.84,02/28/2026 10:14:21.480,2.456025449,0.0,1.9555594414828619,4.6078079628271065e-06,-0.0002303931666183051,0.04616228736580394,True
3014,2972,118.88,02/28/2026 10:14:21.520,2.456025449,0.0,1.9560020913407568,4.6037324701676286e-06,-0.00023018938953668175,0.04608066252495392,True
3015,2973,118.92,02/28/2026 10:14:21.560,2.456025449,0.0,1.9564443265160687,4.599660795505144e-06,-0.0002299858033572015,0.045999186284857475,True
3016,2974,118.96000000000001,02/28/2026 10:14:21.600,2.456025449,0.0,1.9568861474574868,4.595592934708545e-06,-0.00022978240787330717,0.04591785836011793,True
3017,2975,119.0,02/28/2026 10:14:21.640,2.456025449,0.0,1.9573275546130624,4.59152888365261e-06,-0.00022957920287873504,0.04583667846593818,True
3018,2976,119.04,02/28/2026 10:14:21.680,2.456025449,0.0,1.957768548430211,4.587468638217972e-06,-0.00022937618816751425,0.045755646318119354,True
3019,2977,119.08,02/28/2026 10:14:21.720,2.456025449,0.0,1.9582091293557125,4.583412194291104e-06,-0.00022917336353396627,0.04567476163305912,True
3020,2978,119.12,02/28/2026 10:14:21.760,2.456025449,0.0,1.9586492978357133,4.579359547764323e-06,-0.00022897072877270424,0.045594024127750564,True
3021,2979,119.16,02/28/2026 10:14:21.800,2.456025449,0.0,1.959089054315728,4.575310694535772e-06,-0.00022876828367863247,0.0455134335197805,True
3022,2980,119.2,02/28/2026 10:14:21.840,2.456025449,0.0,1.9595283992406394,4.571265630509389e-06,-0.00022856602804694596,0.04543298952732812,True
3023,2981,119.24000000000001,02/28/2026 10:14:21.880,2.456025449,0.0,1.9599673330547003,4.567224351594928e-06,-0.0002283639616731296,0.045352691869163714,True
3024,2982,119.28,02/28/2026 10:14:21.920,2.456025449,0.0,1.9604058562015352,4.5631868537079224e-06,-0.0002281620843529577,0.04527254026464716,True
3025,2983,119.32000000000001,02/28/2026 10:14:21.960,2.456025449,0.0,1.9608439691241406,4.559153132769683e-06,-0.0002279603958824936,0.04519253443372641,True
3026,2984,119.36,02/28/2026 10:14:22.000,2.456025449,0.0,1.9612816722648867,4.555123184707294e-06,-0.00022775889605808876,0.04511267409693639,True
3027,2985,119.4,02/28/2026 10:14:22.040,2.456025449,0.0,1.961718966065519,4.551097005453592e-06,-0.00022755758467638253,0.04503295897539729,True
3028,2986,119.44,02/28/2026 10:14:22.080,2.456025449,0.0,1.9621558509671593,4.5470745909471535e-06,-0.00022735646153430137,0.04495338879081326,True
3029,2987,119.48,02/28/2026 10:14:22.120,2.456025449,0.0,1.9625923274103068,4.543055937132285e-06,-0.00022715552642905832,0.04487396326547109,True
3030,2988,119.52,02/28/2026 10:14:22.160,2.456025449,0.0,1.963028395834839,4.539041039959016e-06,-0.00022695477915815252,0.04479468212223876,True
3031,2989,119.56,02/28/2026 10:14:22.200,2.456025449,0.0,1.963464056680013,4.5350298953830955e-06,-0.00022675421951936852,0.04471554508456416,True
3032,2990,119.60000000000001,02/28/2026 10:14:22.240,2.456025449,0.0,1.963899310384468,4.531022499365959e-06,-0.00022655384731077593,0.04463655187647354,True
3033,2991,119.64,02/28/2026 10:14:22.280,2.456025449,0.0,1.9643341573862245,4.527018847874733e-06,-0.0002263536623307287,0.044557702222570224,True
3034,2992,119.68,02/28/2026 10:14:22.320,2.456025449,0.0,1.9647685981226868,4.523018936882215e-06,-0.00022615366437786456,0.04447899584803326,True
3035,2993,119.72,02/28/2026 10:14:22.360,2.456025449,0.0,1.9652026330306438,4.519022762366885e-06,-0.00022595385325110452,0.04440043247861615,True
3036,2994,119.76,02/28/2026 10:14:22.400,2.456025449,0.0,1.9656362625462704,4.515030320312862e-06,-0.00022575422874965232,0.04432201184064515,True
3037,2995,119.8,02/28/2026 10:14:22.440,2.456025449,0.0,1.9660694871051287,4.5110416067099034e-06,-0.0002255547906729939,0.04424373366101822,True
3038,2996,119.84,02/28/2026 10:14:22.480,2.456025449,0.0,1.9665023071421686,4.5070566175534235e-06,-0.00022535553882089667,0.04416559766720367,True
3039,2997,119.88,02/28/2026 10:14:22.520,2.456025449,0.0,1.9669347230917298,4.503075348844432e-06,-0.00022515647299340932,0.04408760358723859,True
3040,2998,119.92,02/28/2026 10:14:22.560,2.456025449,0.0,1.967366735387543,4.499097796589558e-06,-0.0002249575929908609,0.04400975114972755,True
3041,2999,119.96000000000001,02/28/2026 10:14:22.600,2.456025449,0.0,1.9677983444627298,4.495123956801035e-06,-0.0002247588986138604,0.04393204008384157,True
3042,3000,120.0,02/28/2026 10:14:22.640,2.456025449,0.0,1.9682295507498058,4.4911538254966815e-06,-0.00022456038966329643,0.043854470119316286,True
3043,3001,120.04,02/28/2026 10:14:22.680,2.456025449,0.0,1.96866035468068,4.487187398699891e-06,-0.00022436206594033634,0.043777040986450994,True
3044,3002,120.08,02/28/2026 10:14:22.720,2.456025449,0.0,1.9690907566866576,4.483224672439622e-06,-0.00022416392724642587,0.04369975241610717,True
3045,3003,120.12,02/28/2026 10:14:22.760,2.456025449,0.0,1.9695207571984397,4.479265642750394e-06,-0.00022396597338328854,0.04362260413970708,True
3046,3004,120.16,02/28/2026 10:14:22.800,2.456025449,0.0,1.9699503566461252,4.475310305672276e-06,-0.0002237682041529251,0.04354559588923267,True
3047,3005,120.2,02/28/2026 10:14:22.840,2.456025449,0.0,1.9703795554592118,4.471358657250858e-06,-0.0002235706193576131,0.04346872739722393,True
3048,3006,120.24000000000001,02/28/2026 10:14:22.880,2.456025449,0.0,1.970808354066598,4.467410693537265e-06,-0.00022337321879990622,0.043391998396777834,True
3049,3007,120.28,02/28/2026 10:14:22.920,2.456025449,0.0,1.9712367528965824,4.46346641058814e-06,-0.0002231760022826338,0.04331540862154693,True
3050,3008,120.32000000000001,02/28/2026 10:14:22.960,2.456025449,0.0,1.9716647523768671,4.45952580446561e-06,-0.0002229789696089004,0.043238957805737964,True
3051,3009,120.36,02/28/2026 10:14:23.000,2.456025449,0.0,1.9720923529345569,4.455588871237307e-06,-0.00022278212058208504,0.043162645684110726,True
3052,3010,120.4,02/28/2026 10:14:23.040,2.456025449,0.0,1.9725195549961616,4.451655606976339e-06,-0.0002225854550058409,0.04308647199197655,True
3053,3011,120.44,02/28/2026 10:14:23.080,2.456025449,0.0,1.9729463589875968,4.447726007761288e-06,-0.00022238897268409458,0.043010436465197255,True
3054,3012,120.48,02/28/2026 10:14:23.120,2.456025449,0.0,1.9733727653341853,4.443800069676182e-06,-0.00022219267342104575,0.042934538840183535,True
3055,3013,120.52,02/28/2026 10:14:23.160,2.456025449,0.0,1.9737987744606575,4.439877788810523e-06,-0.00022199655702116646,0.042858778853894,True
3056,3014,120.56,02/28/2026 10:14:23.200,2.456025449,0.0,1.9742243867911535,4.435959161259239e-06,-0.00022180062328920085,0.04278315624383365,True
3057,3015,120.60000000000001,02/28/2026 10:14:23.240,2.456025449,0.0,1.9746496027492237,4.432044183122687e-06,-0.00022160487203016436,0.04270767074805273,True
3058,3016,120.64,02/28/2026 10:14:23.280,2.456025449,0.0,1.97507442275783,4.428132850506639e-06,-0.00022140930304934343,0.04263232210514522,True
3059,3017,120.68,02/28/2026 10:14:23.320,2.456025449,0.0,1.975498847239347,4.424225159522282e-06,-0.00022121391615229484,0.0425571100542479,True
3060,3018,120.72,02/28/2026 10:14:23.360,2.456025449,0.0,1.9759228766155634,4.420321106286187e-06,-0.0002210187111448452,0.042482034335038735,True
3061,3019,120.76,02/28/2026 10:14:23.400,2.456025449,0.0,1.9763465113076824,4.416420686920331e-06,-0.0002208236878330905,0.042407094687735875,True
3062,3020,120.8,02/28/2026 10:14:23.440,2.456025449,0.0,1.9767697517363232,4.412523897552045e-06,-0.00022062884602339552,0.04233229085309615,True
3063,3021,120.84,02/28/2026 10:14:23.480,2.456025449,0.0,1.9771925983215228,4.408630734314038e-06,-0.00022043418552239333,0.04225762257241399,True
3064,3022,120.88,02/28/2026 10:14:23.520,2.456025449,0.0,1.977615051482736,4.40474119334438e-06,-0.00022023970613698477,0.04218308958752011,True
3065,3023,120.92,02/28/2026 10:14:23.560,2.456025449,0.0,1.9780371116388373,4.400855270786471e-06,-0.00022004540767433798,0.04210869164078013,True
3066,3024,120.96000000000001,02/28/2026 10:14:23.600,2.456025449,0.0,1.9784587792081214,4.396972962789062e-06,-0.00021985128994188785,0.0420344284750935,True
3067,3025,121.0,02/28/2026 10:14:23.640,2.456025449,0.0,1.978880054608305,4.393094265506225e-06,-0.00021965735274733552,0.04196029983389215,True
3068,3026,121.04,02/28/2026 10:14:23.680,2.456025449,0.0,1.9793009382565272,4.3892191750973445e-06,-0.00021946359589864793,0.041886305461139285,True
3069,3027,121.08,02/28/2026 10:14:23.720,2.456025449,0.0,1.9797214305693513,4.385347687727101e-06,-0.00021927001920405721,0.041812445101328026,True
3070,3028,121.12,02/28/2026 10:14:23.760,2.456025449,0.0,1.9801415319627653,4.381479799565477e-06,-0.00021907662247206019,0.04173871849948036,True
3071,3029,121.16,02/28/2026 10:14:23.800,2.456025449,0.0,1.9805612428521837,4.377615506787746e-06,-0.00021888340551141786,0.041665125401145725,True
3072,3030,121.2,02/28/2026 10:14:23.840,2.456025449,0.0,1.9809805636524476,4.3737548055744465e-06,-0.00021869036813115502,0.04159166555239987,True
3073,3031,121.24000000000001,02/28/2026 10:14:23.880,2.456025449,0.0,1.9813994947778266,4.369897692111385e-06,-0.00021849751014055963,0.04151833869984356,True
3074,3032,121.28,02/28/2026 10:14:23.920,2.456025449,0.0,1.9818180366420197,4.366044162589622e-06,-0.00021830483134918237,0.041445144590601474,True
3075,3033,121.32000000000001,02/28/2026 10:14:23.960,2.456025449,0.0,1.9822361896581564,4.3621942132054635e-06,-0.00021811233156683612,0.041372082972320805,True
3076,3034,121.36,02/28/2026 10:14:24.000,2.456025449,0.0,1.9826539542387973,4.358347840160442e-06,-0.0002179200106035955,0.04129915359317015,True
3077,3035,121.4,02/28/2026 10:14:24.040,2.456025449,0.0,1.9830713307959362,4.354505039661319e-06,-0.00021772786826979628,0.04122635620183829,True
3078,3036,121.44,02/28/2026 10:14:24.080,2.456025449,0.0,1.9834883197410005,4.350665807920068e-06,-0.0002175359043760349,0.04115369054753285,True
3079,3037,121.48,02/28/2026 10:14:24.120,2.456025449,0.0,1.983904921484852,4.34683014115387e-06,-0.00021734411873316808,0.04108115637997933,True
3080,3038,121.52,02/28/2026 10:14:24.160,2.456025449,0.0,1.9843211364377886,4.3429980355850985e-06,-0.0002171525111523122,0.04100875344941965,True
3081,3039,121.56,02/28/2026 10:14:24.200,2.456025449,0.0,1.984736965009545,4.33916948744131e-06,-0.0002169610814448429,0.04093648150661111,True
3082,3040,121.60000000000001,02/28/2026 10:14:24.240,2.456025449,0.0,1.9851524076092943,4.335344492955234e-06,-0.00021676982942239444,0.04086434030282502,True
3083,3041,121.64,02/28/2026 10:14:24.280,2.456025449,0.0,1.9855674646456483,4.331523048364764e-06,-0.00021657875489685942,0.04079232958984568,True
3084,3042,121.68,02/28/2026 10:14:24.320,2.456025449,0.0,1.9859821365266586,4.327705149912958e-06,-0.00021638785768038812,0.0407204491199692,True
3085,3043,121.72,02/28/2026 10:14:24.360,2.456025449,0.0,1.9863964236598186,4.323890793848012e-06,-0.0002161971375853881,0.04064869864600201,True
3086,3044,121.76,02/28/2026 10:14:24.400,2.456025449,0.0,1.9868103264520638,4.320079976423257e-06,-0.0002160065944245237,0.040577077921260064,True
3087,3045,121.8,02/28/2026 10:14:24.440,2.456025449,0.0,1.9872238453097726,4.316272693897151e-06,-0.00021581622801071556,0.040505586699567366,True
3088,3046,121.84,02/28/2026 10:14:24.480,2.456025449,0.0,1.9876369806387684,4.312468942533263e-06,-0.00021562603815714006,0.0404342247352549,True
3089,3047,121.88,02/28/2026 10:14:24.520,2.456025449,0.0,1.9880497328443194,4.308668718600275e-06,-0.00021543602467722885,0.04036299178315951,True
3090,3048,121.92,02/28/2026 10:14:24.560,2.456025449,0.0,1.9884621023311408,4.304872018371963e-06,-0.00021524618738466848,0.04029188759862258,True
3091,3049,121.96000000000001,02/28/2026 10:14:24.600,2.456025449,0.0,1.9888740895033952,4.301078838127185e-06,-0.00021505652609339984,0.04022091193748888,True
3092,3050,122.0,02/28/2026 10:14:24.640,2.456025449,0.0,1.989285694764693,4.2972891741498836e-06,-0.0002148670406176176,0.040150064556105626,True
3093,3051,122.04,02/28/2026 10:14:24.680,2.456025449,0.0,1.9896969185180955,4.293503022729067e-06,-0.0002146777307717699,0.04007934521132096,True
3094,3052,122.08,02/28/2026 10:14:24.720,2.456025449,0.0,1.9901077611661138,4.2897203801588005e-06,-0.00021448859637055777,0.040008753660483086,True
3095,3053,122.12,02/28/2026 10:14:24.760,2.456025449,0.0,1.9905182231107106,4.285941242738197e-06,-0.00021429963722893465,0.03993828966143889,True
3096,3054,122.16,02/28/2026 10:14:24.800,2.456025449,0.0,1.9909283047533017,4.282165606771403e-06,-0.00021411085316210598,0.039867952972532955,True
3097,3055,122.2,02/28/2026 10:14:24.840,2.456025449,0.0,1.9913380064947566,4.278393468567599e-06,-0.00021392224398552855,0.03979774335260628,True
3098,3056,122.24000000000001,02/28/2026 10:14:24.880,2.456025449,0.0,1.9917473287353993,4.274624824440987e-06,-0.00021373380951491015,0.03972766056099519,True
3099,3057,122.28,02/28/2026 10:14:24.920,2.456025449,0.0,1.99215627187501,4.270859670710788e-06,-0.00021354554956620918,0.03965770435753019,True
3100,3058,122.32000000000001,02/28/2026 10:14:24.960,2.456025449,0.0,1.9925648363128257,4.267098003701208e-06,-0.00021335746395563407,0.039587874502534794,True
3101,3059,122.36,02/28/2026 10:14:25.000,2.456025449,0.0,1.9929730224475406,4.263339819741449e-06,-0.00021316955249964288,0.0395181707568244,True
3102,3060,122.4,02/28/2026 10:14:25.040,2.456025449,0.0,1.9933808306773084,4.2595851151657035e-06,-0.00021298181501494271,0.03944859288170516,True
3103,3061,122.44,02/28/2026 10:14:25.080,2.456025449,0.0,1.9937882613997424,4.255833886313125e-06,-0.00021279425131848933,0.03937914063897282,True
3104,3062,122.48,02/28/2026 10:14:25.120,2.456025449,0.0,1.9941953150119172,4.25208612952784e-06,-0.0002126068612274867,0.039309813790911606,True
3105,3063,122.52,02/28/2026 10:14:25.160,2.456025449,0.0,1.9946019919103688,4.2483418411589255e-06,-0.00021241964455938648,0.039240612100293046,True
3106,3064,122.56,02/28/2026 10:14:25.200,2.456025449,0.0,1.9950082924910963,4.244601017560405e-06,-0.00021223260113188756,0.039171535330374936,True
3107,3065,122.60000000000001,02/28/2026 10:14:25.240,2.456025449,0.0,1.995414217149563,4.240863655091237e-06,-0.00021204573076293568,0.039102583244900145,True
3108,3066,122.64,02/28/2026 10:14:25.280,2.456025449,0.0,1.995819766280697,4.2371297501152975e-06,-0.00021185903327072285,0.039033755608095466,True
3109,3067,122.68,02/28/2026 10:14:25.320,2.456025449,0.0,1.9962249402788919,4.233399299001394e-06,-0.00021167250847368692,0.03896505218467065,True
3110,3068,122.72,02/28/2026 10:14:25.360,2.456025449,0.0,1.9966297395380088,4.229672298123232e-06,-0.00021148615619051114,0.03889647273981708,True
3111,3069,122.76,02/28/2026 10:14:25.400,2.456025449,0.0,1.9970341644513765,4.225948743859426e-06,-0.00021129997624012373,0.038828017039206845,True
3112,3070,122.8,02/28/2026 10:14:25.440,2.456025449,0.0,1.997438215411793,4.222228632593466e-06,-0.00021111396844169744,0.03875968484899146,True
3113,3071,122.84,02/28/2026 10:14:25.480,2.456025449,0.0,1.9978418928115254,4.21851196071373e-06,-0.00021092813261464895,0.038691475935800995,True
3114,3072,122.88,02/28/2026 10:14:25.520,2.456025449,0.0,1.9982451970423127,4.214798724613476e-06,-0.00021074246857863855,0.03862339006674274,True
3115,3073,122.92,02/28/2026 10:14:25.560,2.456025449,0.0,1.9986481284953654,4.211088920690804e-06,-0.00021055697615356963,0.038555427009400074,True
3116,3074,122.96000000000001,02/28/2026 10:14:25.600,2.456025449,0.0,1.999050687561367,4.207382545348685e-06,-0.00021037165515958828,0.03848758653183176,True
3117,3075,123.0,02/28/2026 10:14:25.640,2.456025449,0.0,1.9994528746304743,4.2036795949949244e-06,-0.0002101865054170827,0.03841986840257036,True
3118,3076,123.04,02/28/2026 10:14:25.680,2.456025449,0.0,1.9998546900923195,4.199980066042174e-06,-0.00021000152674668305,0.038352272390621535,True
3119,3077,123.08,02/28/2026 10:14:25.720,2.456025449,0.0,2.0002561343360106,4.196283954907898e-06,-0.00020981671896926063,0.03828479826546261,True
3120,3078,123.12,02/28/2026 10:14:25.760,2.456025449,0.0,2.0006572077501326,4.192591258014387e-06,-0.0002096320819059276,0.03821744579704178,True
3121,3079,123.16,02/28/2026 10:14:25.800,2.456025449,0.0,2.0010579107227477,4.18890197178872e-06,-0.00020944761537803662,0.03815021475577675,True
3122,3080,123.2,02/28/2026 10:14:25.840,2.456025449,0.0,2.0014582436413972,4.185216092662807e-06,-0.00020926331920718017,0.038083104912554205,True
3123,3081,123.24000000000001,02/28/2026 10:14:25.880,2.456025449,0.0,2.001858206893102,4.181533617073337e-06,-0.00020907919321519036,0.038016116038727905,True
3124,3082,123.28,02/28/2026 10:14:25.920,2.456025449,0.0,2.002257800864364,4.177854541461764e-06,-0.00020889523722413838,0.03794924790611826,True
3125,3083,123.32000000000001,02/28/2026 10:14:25.960,2.456025449,0.0,2.0026570259411662,4.174178862274331e-06,-0.000208711451056334,0.037882500287011095,True
3126,3084,123.36,02/28/2026 10:14:26.000,2.456025449,0.0,2.003055882508975,4.170506575962037e-06,-0.00020852783453432518,0.037815872954156365,True
3127,3085,123.4,02/28/2026 10:14:26.040,2.456025449,0.0,2.0034543709527393,4.166837678980637e-06,-0.00020834438748089758,0.037749365680767415,True
3128,3086,123.44,02/28/2026 10:14:26.080,2.456025449,0.0,2.0038524916568936,4.163172167790638e-06,-0.00020816110971907424,0.0376829782405198,True
3129,3087,123.48,02/28/2026 10:14:26.120,2.456025449,0.0,2.004250245005357,4.159510038857278e-06,-0.000207978001072115,0.03761671040755,True
3130,3088,123.52,02/28/2026 10:14:26.160,2.456025449,0.0,2.0046476313815362,4.155851288650525e-06,-0.00020779506136351611,0.03755056195645473,True
3131,3089,123.56,02/28/2026 10:14:26.200,2.456025449,0.0,2.005044651168324,4.152195913645063e-06,-0.0002076122904170099,0.037484532662289585,True
3132,3090,123.60000000000001,02/28/2026 10:14:26.240,2.456025449,0.0,2.0054413047481012,4.148543910320299e-06,-0.0002074296880565641,0.03741862230056832,True
3133,3091,123.64,02/28/2026 10:14:26.280,2.456025449,0.0,2.0058375925027403,4.144895275160335e-06,-0.00020724725410638177,0.03735283064726135,True
3134,3092,123.68,02/28/2026 10:14:26.320,2.456025449,0.0,2.0062335148136015,4.141250004653961e-06,-0.0002070649883909005,0.03728715747879512,True
3135,3093,123.72,02/28/2026 10:14:26.360,2.456025449,0.0,2.006629072061538,4.1376080952946474e-06,-0.0002068828907347921,0.037221602572050705,True
3136,3094,123.76,02/28/2026 10:14:26.400,2.456025449,0.0,2.007024264626893,4.1339695435805546e-06,-0.00020670096096296224,0.03715616570436316,True
3137,3095,123.8,02/28/2026 10:14:26.440,2.456025449,0.0,2.0074190928895055,4.130334346014509e-06,-0.00020651919890054993,0.037090846653520276,True
3138,3096,123.84,02/28/2026 10:14:26.480,2.456025449,0.0,2.007813557228705,4.126702499103995e-06,-0.0002063376043729272,0.037025645197761456,True
3139,3097,123.88000000000001,02/28/2026 10:14:26.520,2.456025449,0.0,2.00820765802332,4.123073999361142e-06,-0.0002061561772056986,0.03696056111577677,True
3140,3098,123.92,02/28/2026 10:14:26.560,2.456025449,0.0,2.0086013956516715,4.119448843302727e-06,-0.00020597491722470072,0.036895594186705946,True
3141,3099,123.96000000000001,02/28/2026 10:14:26.600,2.456025449,0.0,2.0089947704915785,4.115827027450149e-06,-0.00020579382425600193,0.036830744190137384,True
3142,3100,124.0,02/28/2026 10:14:26.640,2.456025449,0.0,2.0093877829203572,4.112208548329456e-06,-0.00020561289812590165,0.036766010906107205,True
3143,3101,124.04,02/28/2026 10:14:26.680,2.456025449,0.0,2.0097804333148237,4.1085934024712895e-06,-0.00020543213866093036,0.03670139411509783,True
3144,3102,124.08,02/28/2026 10:14:26.720,2.456025449,0.0,2.010172722051293,4.104981586410905e-06,-0.00020525154568784877,0.03663689359803735,True
3145,3103,124.12,02/28/2026 10:14:26.760,2.456025449,0.0,2.0105646495055796,4.1013730966881525e-06,-0.00020507111903364755,0.03657250913629839,True
3146,3104,124.16,02/28/2026 10:14:26.800,2.456025449,0.0,2.0109562160530006,4.097767929847482e-06,-0.00020489085852554696,0.03650824051169717,True
3147,3105,124.2,02/28/2026 10:14:26.840,2.456025449,0.0,2.0113474220683747,4.094166082437929e-06,-0.00020471076399099637,0.036444087506492466,True
3148,3106,124.24000000000001,02/28/2026 10:14:26.880,2.456025449,0.0,2.0117382679260243,4.090567551013084e-06,-0.00020453083525767387,0.03638004990338428,True
3149,3107,124.28,02/28/2026 10:14:26.920,2.456025449,0.0,2.0121287539997756,4.0869723321311216e-06,-0.0002043510721534858,0.036316127485513515,True
3150,3108,124.32000000000001,02/28/2026 10:14:26.960,2.456025449,0.0,2.0125188806629595,4.0833804223547764e-06,-0.0002041714745065664,0.036252320036460374,True
3151,3109,124.36,02/28/2026 10:14:27.000,2.456025449,0.0,2.0129086482884135,4.079791818251321e-06,-0.00020399204214527743,0.03618862734024356,True
3152,3110,124.4,02/28/2026 10:14:27.040,2.456025449,0.0,2.0132980572484818,4.076206516392561e-06,-0.00020381277489820763,0.03612504918131923,True
3153,3111,124.44,02/28/2026 10:14:27.080,2.456025449,0.0,2.0136871079150156,4.072624513354844e-06,-0.0002036336725941723,0.03606158534458021,True
3154,3112,124.48,02/28/2026 10:14:27.120,2.456025449,0.0,2.0140758006593757,4.069045805719054e-06,-0.00020345473506221294,0.03599823561535479,True
3155,3113,124.52,02/28/2026 10:14:27.160,2.456025449,0.0,2.0144641358524313,4.0654703900705755e-06,-0.00020327596213159696,0.0359349997794058,True
3156,3114,124.56,02/28/2026 10:14:27.200,2.456025449,0.0,2.014852113864564,4.061898262999298e-06,-0.0002030973536318171,0.0358718776229295,True
3157,3115,124.60000000000001,02/28/2026 10:14:27.240,2.456025449,0.0,2.0152397350656646,4.058329421099617e-06,-0.000202918909392591,0.035808868932554846,True
3158,3116,124.64,02/28/2026 10:14:27.280,2.456025449,0.0,2.0156269998251366,4.0547638609704265e-06,-0.00020274062924386096,0.035745973495342406,True
3159,3117,124.68,02/28/2026 10:14:27.320,2.456025449,0.0,2.0160139085118973,4.051201579215092e-06,-0.0002025625130157934,0.03568319109878324,True
3160,3118,124.72,02/28/2026 10:14:27.360,2.456025449,0.0,2.016400461494378,4.04764257244146e-06,-0.0002023845605387785,0.0356205215307981,True
3161,3119,124.76,02/28/2026 10:14:27.400,2.456025449,0.0,2.0167866591405237,4.044086837261832e-06,-0.00020220677164342979,0.035557964579736326,True
3162,3120,124.8,02/28/2026 10:14:27.440,2.456025449,0.0,2.017172501817796,4.040534370292987e-06,-0.00020202914616058358,0.0354955200343751,True
3163,3121,124.84,02/28/2026 10:14:27.480,2.456025449,0.0,2.017557989893174,4.0369851681561345e-06,-0.00020185168392129887,0.035433187683918045,True
3164,3122,124.88000000000001,02/28/2026 10:14:27.520,2.456025449,0.0,2.017943123733153,4.0334392274769425e-06,-0.00020167438475685666,0.03537096731799479,True
3165,3123,124.92,02/28/2026 10:14:27.560,2.456025449,0.0,2.018327903703746,4.029896544885509e-06,-0.00020149724849875982,0.03530885872665973,True
3166,3124,124.96000000000001,02/28/2026 10:14:27.600,2.456025449,0.0,2.0187123301704872,4.026357117016351e-06,-0.0002013202749787324,0.03524686170039086,True
3167,3125,125.0,02/28/2026 10:14:27.640,2.456025449,0.0,2.0190964034984296,4.022820940508414e-06,-0.0002011434640287194,0.03518497603008934,True
3168,3126,125.04,02/28/2026 10:14:27.680,2.456025449,0.0,2.019480124052148,4.019288012005048e-06,-0.0002009668154808864,0.03512320150707804,True
3169,3127,125.08,02/28/2026 10:14:27.720,2.456025449,0.0,2.0198634921957384,4.015758328154002e-06,-0.00020079032916761898,0.035061537923100794,True
3170,3128,125.12,02/28/2026 10:14:27.760,2.456025449,0.0,2.0202465082928196,4.01223188560743e-06,-0.0002006140049215225,0.0349999850703216,True
3171,3129,125.16,02/28/2026 10:14:27.800,2.456025449,0.0,2.0206291727065344,4.00870868102186e-06,-0.00020043784257542163,0.0349385427413233,True
3172,3130,125.2,02/28/2026 10:14:27.840,2.456025449,0.0,2.02101148579955,4.005188711058206e-06,-0.00020026184196235997,0.03487721072910701,True
3173,3131,125.24000000000001,02/28/2026 10:14:27.880,2.456025449,0.0,2.021393447934059,4.001671972381747e-06,-0.00020008600291559957,0.03481598882709092,True
3174,3132,125.28,02/28/2026 10:14:27.920,2.456025449,0.0,2.02177505947178,3.9981584616621325e-06,-0.00019991032526862071,0.03475487682910948,True
3175,3133,125.32000000000001,02/28/2026 10:14:27.960,2.456025449,0.0,2.0221563207739575,3.994648175573356e-06,-0.00019973480885512139,0.03469387452941246,True
3176,3134,125.36,02/28/2026 10:14:28.000,2.456025449,0.0,2.0225372322013664,3.991141110793765e-06,-0.00019955945350901683,0.0346329817226639,True
3177,3135,125.4,02/28/2026 10:14:28.040,2.456025449,0.0,2.0229177941143077,3.9876372640060455e-06,-0.00019938425906443932,0.03457219820394141,True
3178,3136,125.44,02/28/2026 10:14:28.080,2.456025449,0.0,2.0232980068726136,3.984136631897219e-06,-0.0001992092253557377,0.03451152376873496,True
3179,3137,125.48,02/28/2026 10:14:28.120,2.456025449,0.0,2.0236778708356464,3.980639211158616e-06,-0.000199034352217477,0.03445095821294612,True
3180,3138,125.52,02/28/2026 10:14:28.160,2.456025449,0.0,2.0240573863622995,3.9771449984859085e-06,-0.00019885963948443794,0.03439050133288717,True
3181,3139,125.56,02/28/2026 10:14:28.200,2.456025449,0.0,2.024436553810999,3.973653990579036e-06,-0.00019868508699161675,0.03433015292527979,True
3182,3140,125.60000000000001,02/28/2026 10:14:28.240,2.456025449,0.0,2.024815373539703,3.970166184142273e-06,-0.0001985106945742245,0.034269912787254844,True
3183,3141,125.64,02/28/2026 10:14:28.280,2.456025449,0.0,2.025193845905904,3.966681575884178e-06,-0.000198336462067687,0.03420978071635092,True
3184,3142,125.68,02/28/2026 10:14:28.320,2.456025449,0.0,2.0255719712666282,3.963200162517594e-06,-0.00019816238930764433,0.034149756510513524,True
3185,3143,125.72,02/28/2026 10:14:28.360,2.456025449,0.0,2.0259497499784396,3.959721940759623e-06,-0.00019798847612995032,0.034089839968094074,True
3186,3144,125.76,02/28/2026 10:14:28.400,2.456025449,0.0,2.0263271823974356,3.956246907331662e-06,-0.0001978147223706723,0.03403003088784943,True
3187,3145,125.8,02/28/2026 10:14:28.440,2.456025449,0.0,2.026704268879253,3.952775058959355e-06,-0.00019764112786609068,0.03397032906894044,True
3188,3146,125.84,02/28/2026 10:14:28.480,2.456025449,0.0,2.027081009779066,3.949306392372604e-06,-0.00019746769245269856,0.033910734310931216,True
3189,3147,125.88000000000001,02/28/2026 10:14:28.520,2.456025449,0.0,2.0274574054515866,3.945840904305549e-06,-0.00019729441596720134,0.033851246413788415,True
3190,3148,125.92,02/28/2026 10:14:28.560,2.456025449,0.0,2.0278334562510674,3.942378591496585e-06,-0.00019712129824651632,0.033791865177880145,True
3191,3149,125.96000000000001,02/28/2026 10:14:28.600,2.456025449,0.0,2.028209162531301,3.938919450688335e-06,-0.00019694833912777243,0.03373259040397523,True
3192,3150,126.0,02/28/2026 10:14:28.640,2.456025449,0.0,2.028584524645621,3.935463478627645e-06,-0.00019677553844830986,0.03367342189324203,True
3193,3151,126.04,02/28/2026 10:14:28.680,2.456025449,0.0,2.0289595429469043,3.932010672065552e-06,-0.0001966028960456796,0.03361435944724767,True
3194,3152,126.08,02/28/2026 10:14:28.720,2.456025449,0.0,2.02933421778757,3.928561027757337e-06,-0.00019643041175764284,0.03355540286795741,True
3195,3153,126.12,02/28/2026 10:14:28.760,2.456025449,0.0,2.029708549519581,3.92511454246245e-06,-0.000196258085422171,0.03349655195773326,True
3196,3154,126.16,02/28/2026 10:14:28.800,2.456025449,0.0,2.030082538494444,3.921671212944561e-06,-0.0001960859168774451,0.033437806519333646,True
3197,3155,126.2,02/28/2026 10:14:28.840,2.456025449,0.0,2.030456185063212,3.918231035971517e-06,-0.00019591390596185545,0.033379166355912114,True
3198,3156,126.24000000000001,02/28/2026 10:14:28.880,2.456025449,0.0,2.030829489576484,3.914794008315337e-06,-0.0001957420525140013,0.033320631271016456,True
3199,3157,126.28,02/28/2026 10:14:28.920,2.456025449,0.0,2.031202452384406,3.911360126752215e-06,-0.00019557035637269053,0.033262201068588085,True
3200,3158,126.32000000000001,02/28/2026 10:14:28.960,2.456025449,0.0,2.0315750738366707,3.907929388062518e-06,-0.00019539881737693908,0.03320387555296109,True
3201,3159,126.36,02/28/2026 10:14:29.000,2.456025449,0.0,2.0319473542825213,3.904501789030754e-06,-0.0001952274353659708,0.033145654528861035,True
3202,3160,126.4,02/28/2026 10:14:29.040,2.456025449,0.0,2.0323192940707484,3.901077326445594e-06,-0.00019505621017921698,0.033087537801404665,True
3203,3161,126.44,02/28/2026 10:14:29.080,2.456025449,0.0,2.0326908935496943,3.8976559970998435e-06,-0.00019488514165631602,0.03302952517609844,True
3204,3162,126.48,02/28/2026 10:14:29.120,2.456025449,0.0,2.0330621530672515,3.894237797790442e-06,-0.00019471422963711295,0.03297161645883807,True
3205,3163,126.52,02/28/2026 10:14:29.160,2.456025449,0.0,2.033433072970865,3.890822725318452e-06,-0.00019454347396165916,0.03291381145590736,True
3206,3164,126.56,02/28/2026 10:14:29.200,2.456025449,0.0,2.0338036536075315,3.887410776489055e-06,-0.000194372874470212,0.032856109973977546,True
3207,3165,126.60000000000001,02/28/2026 10:14:29.240,2.456025449,0.0,2.0341738953238013,3.884001948111555e-06,-0.00019420243100323447,0.03279851182010652,True
3208,3166,126.64,02/28/2026 10:14:29.280,2.456025449,0.0,2.03454379846578,3.880596236999346e-06,-0.0001940321434013947,0.03274101680173754,True
3209,3167,126.68,02/28/2026 10:14:29.320,2.456025449,0.0,2.034913363379126,3.877193639969938e-06,-0.0001938620115055658,0.03268362472669897,True
3210,3168,126.72,02/28/2026 10:14:29.360,2.456025449,0.0,2.035282590409055,3.873794153844915e-06,-0.0001936920351568254,0.03262633540320289,True
3211,3169,126.76,02/28/2026 10:14:29.400,2.456025449,0.0,2.035651479900339,3.8703977754499595e-06,-0.00019352221419645529,0.03256914863984457,True
3212,3170,126.8,02/28/2026 10:14:29.440,2.456025449,0.0,2.036020032197307,3.867004501614812e-06,-0.000193352548465941,0.032512064245601324,True
3213,3171,126.84,02/28/2026 10:14:29.480,2.456025449,0.0,2.036388247643847,3.863614329173295e-06,-0.0001931830378069715,0.03245508202983207,True
3214,3172,126.88000000000001,02/28/2026 10:14:29.520,2.456025449,0.0,2.0367561265834038,3.860227254963285e-06,-0.00019301368206143895,0.03239820180227616,True
3215,3173,126.92,02/28/2026 10:14:29.560,2.456025449,0.0,2.0371236693589845,3.856843275826717e-06,-0.00019284448107143807,0.032341423373052534,True
3216,3174,126.96000000000001,02/28/2026 10:14:29.600,2.456025449,0.0,2.037490876313155,3.853462388609573e-06,-0.00019267543467926598,0.032284746552659,True
3217,3175,127.0,02/28/2026 10:14:29.640,2.456025449,0.0,2.037857747788043,3.850084590161862e-06,-0.00019250654272742184,0.032228171151971435,True
3218,3176,127.04,02/28/2026 10:14:29.680,2.456025449,0.0,2.0382242841253366,3.846709877337647e-06,-0.00019233780505860637,0.03217169698224288,True
3219,3177,127.08,02/28/2026 10:14:29.720,2.456025449,0.0,2.038590485666289,3.843338246995018e-06,-0.00019216922151572168,0.03211532385510272,True
3220,3178,127.12,02/28/2026 10:14:29.760,2.456025449,0.0,2.038956352751716,3.839969695996061e-06,-0.00019200079194187084,0.03205905158255557,True
3221,3179,127.16,02/28/2026 10:14:29.800,2.456025449,0.0,2.0393218857219977,3.836604221206887e-06,-0.0001918325161803574,0.03200287997698093,True
3222,3180,127.2,02/28/2026 10:14:29.840,2.456025449,0.0,2.039687084917079,3.833241819497604e-06,-0.00019166439407468516,0.031946808851132,True
3223,3181,127.24000000000001,02/28/2026 10:14:29.880,2.456025449,0.0,2.0400519506764705,3.829882487742327e-06,-0.0001914964254685578,0.03189083801813506,True
3224,3182,127.28,02/28/2026 10:14:29.920,2.456025449,0.0,2.0404164833392495,3.8265262228191615e-06,-0.00019132861020587855,0.03183496729148858,True
3225,3183,127.32000000000001,02/28/2026 10:14:29.960,2.456025449,0.0,2.040780683244061,3.823173021610203e-06,-0.00019116094813074983,0.03177919648506228,True
3226,3184,127.36,02/28/2026 10:14:30.000,2.456025449,0.0,2.0411445507291184,3.819822881001498e-06,-0.00019099343908747293,0.03172352541309626,True
3227,3185,127.4,02/28/2026 10:14:30.040,2.456025449,0.0,2.0415080861322035,3.8164757978830776e-06,-0.00019082608292054747,0.03166795389020053,True
3228,3186,127.44,02/28/2026 10:14:30.080,2.456025449,0.0,2.0418712897906675,3.813131769148934e-06,-0.00019065887947467122,0.031612481731353816,True
3229,3187,127.48,02/28/2026 10:14:30.120,2.456025449,0.0,2.0422341620414315,3.809790791697021e-06,-0.00019049182859473982,0.03155710875190308,True
3230,3188,127.52,02/28/2026 10:14:30.160,2.456025449,0.0,2.0425967032209895,3.806452862429243e-06,-0.0001903249301258463,0.03150183476756242,True
3231,3189,127.56,02/28/2026 10:14:30.200,2.456025449,0.0,2.0429589136654056,3.803117978251433e-06,-0.0001901581839132808,0.0314466595944123,True
3232,3190,127.60000000000001,02/28/2026 10:14:30.240,2.456025449,0.0,2.0433207937103175,3.7997861360733684e-06,-0.00018999158980253017,0.03139158304889888,True
3233,3191,127.64,02/28/2026 10:14:30.280,2.456025449,0.0,2.043682343690936,3.7964573328087464e-06,-0.0001898251476392777,0.0313366049478331,True
3234,3192,127.68,02/28/2026 10:14:30.320,2.456025449,0.0,2.044043563942046,3.7931315653751977e-06,-0.0001896588572694027,0.031281725108389995,True
3235,3193,127.72,02/28/2026 10:14:30.360,2.456025449,0.0,2.0444044547980065,3.7898088306942686e-06,-0.00018949271853898028,0.031226943348107758,True
3236,3194,127.76,02/28/2026 10:14:30.400,2.456025449,0.0,2.0447650165927542,3.7864891256913884e-06,-0.00018932673129428085,0.03117225948488682,True
3237,3195,127.8,02/28/2026 10:14:30.440,2.456025449,0.0,2.0451252496598,3.7831724472959022e-06,-0.00018916089538176988,0.03111767333698939,True
3238,3196,127.84,02/28/2026 10:14:30.480,2.456025449,0.0,2.045485154332233,3.7798587924410547e-06,-0.00018899521064810745,0.031063184723038414,True
3239,3197,127.88000000000001,02/28/2026 10:14:30.520,2.456025449,0.0,2.04584473094272,3.7765481580639715e-06,-0.00018882967694014807,0.031008793462016876,True
3240,3198,127.92,02/28/2026 10:14:30.560,2.456025449,0.0,2.046203979823506,3.773240541105657e-06,-0.0001886642941049402,0.030954499373266924,True
3241,3199,127.96000000000001,02/28/2026 10:14:30.600,2.456025449,0.0,2.0465629013064155,3.769935938510995e-06,-0.00018849906198972603,0.030900302276489194,True
3242,3200,128.0,02/28/2026 10:14:30.640,2.456025449,0.0,2.046921495722853,3.766634347228735e-06,-0.00018833398044194107,0.030846201991741873,True
3243,3201,128.04,02/28/2026 10:14:30.680,2.456025449,0.0,2.047279763403804,3.7633357642114835e-06,-0.0001881690493092139,0.030792198339440056,True
3244,3202,128.08,02/28/2026 10:14:30.720,2.456025449,0.0,2.047637704679835,3.760040186415695e-06,-0.00018800426843936573,0.030738291140354836,True
3245,3203,128.12,02/28/2026 10:14:30.760,2.456025449,0.0,2.0479953198810947,3.7567476108016753e-06,-0.00018783963768041002,0.030684480215612556,True
3246,3204,128.16,02/28/2026 10:14:30.800,2.456025449,0.0,2.0483526093373152,3.7534580343335863e-06,-0.0001876751568805523,0.030630765386694236,True
3247,3205,128.2,02/28/2026 10:14:30.840,2.456025449,0.0,2.048709573377812,3.750171453979401e-06,-0.00018751082588818984,0.030577146475434407,True
3248,3206,128.24,02/28/2026 10:14:30.880,2.456025449,0.0,2.049066212331485,3.7468878667109227e-06,-0.00018734664455191113,0.030523623304020517,True
3249,3207,128.28,02/28/2026 10:14:30.920,2.456025449,0.0,2.0494225265268198,3.7436072695037792e-06,-0.00018718261272049574,0.030470195694992288,True
3250,3208,128.32,02/28/2026 10:14:30.960,2.456025449,0.0,2.0497785162918865,3.7403296593374157e-06,-0.00018701873024291383,0.030416863471240806,True
3251,3209,128.36,02/28/2026 10:14:31.000,2.456025449,0.0,2.0501341819543426,3.737055033195076e-06,-0.00018685499696832598,0.030363626456007733,True
3252,3210,128.4,02/28/2026 10:14:31.040,2.456025449,0.0,2.050489523841433,3.7337833880638028e-06,-0.00018669141274608273,0.030310484472884498,True
3253,3211,128.44,02/28/2026 10:14:31.080,2.456025449,0.0,2.0508445422799904,3.7305147209344384e-06,-0.0001865279774257243,0.030257437345811686,True
3254,3212,128.48,02/28/2026 10:14:31.120,2.456025449,0.0,2.0511992375964354,3.7272490288016185e-06,-0.00018636469085698033,0.03020448489907831,True
3255,3213,128.52,02/28/2026 10:14:31.160,2.456025449,0.0,2.051553610116779,3.723986308663744e-06,-0.0001862015528897694,0.030151626957320654,True
3256,3214,128.56,02/28/2026 10:14:31.200,2.456025449,0.0,2.051907660166622,3.7207265575230063e-06,-0.0001860385633741989,0.030098863345522045,True
3257,3215,128.6,02/28/2026 10:14:31.240,2.456025449,0.0,2.052261388071156,3.717469772385345e-06,-0.00018587572216056453,0.03004619388901154,True
3258,3216,128.64000000000001,02/28/2026 10:14:31.280,2.456025449,0.0,2.0526147941551645,3.71421595026047e-06,-0.00018571302909935002,0.029993618413463707,True
3259,3217,128.68,02/28/2026 10:14:31.320,2.456025449,0.0,2.0529678787430217,3.7109650881618584e-06,-0.00018555048404122684,0.02994113674489753,True
3260,3218,128.72,02/28/2026 10:14:31.360,2.456025449,0.0,2.0533206421586967,3.707717183106718e-06,-0.00018538808683705389,0.02988874870967571,True
3261,3219,128.76,02/28/2026 10:14:31.400,2.456025449,0.0,2.05367308472575,3.7044722321160117e-06,-0.00018522583733787717,0.02983645413450404,True
3262,3220,128.8,02/28/2026 10:14:31.440,2.456025449,0.0,2.0540252067673386,3.7012302322144283e-06,-0.0001850637353949295,0.029784252846430454,True
3263,3221,128.84,02/28/2026 10:14:31.480,2.456025449,0.0,2.054377008606214,3.697991180430379e-06,-0.00018490178085963006,0.029732144672844338,True
3264,3222,128.88,02/28/2026 10:14:31.520,2.456025449,0.0,2.0547284905647225,3.694755073796003e-06,-0.0001847399735835841,0.029680129441475935,True
3265,3223,128.92000000000002,02/28/2026 10:14:31.560,2.456025449,0.0,2.0550796529648077,3.6915219093471614e-06,-0.00018457831341858267,0.029628206980395453,True
3266,3224,128.96,02/28/2026 10:14:31.600,2.456025449,0.0,2.0554304961280097,3.688291684123415e-06,-0.0001844168002166023,0.02957637711801232,True
3267,3225,129.0,02/28/2026 10:14:31.640,2.456025449,0.0,2.0557810203754663,3.685064395168048e-06,-0.00018425543382980477,0.02952463968307462,True
3268,3226,129.04,02/28/2026 10:14:31.680,2.456025449,0.0,2.0561312260279143,3.681840039528021e-06,-0.00018409421411053666,0.02947299450466802,True
3269,3227,129.08,02/28/2026 10:14:31.720,2.456025449,0.0,2.0564811134056895,3.6786186142540017e-06,-0.0001839331409113291,0.029421441412215445,True
3270,3228,129.12,02/28/2026 10:14:31.760,2.456025449,0.0,2.056830682828727,3.6754001164003247e-06,-0.00018377221408489748,0.02936998023547591,True
3271,3229,129.16,02/28/2026 10:14:31.800,2.456025449,0.0,2.057179934616564,3.6721845430250062e-06,-0.00018361143348414103,0.029318610804544086,True
3272,3230,129.2,02/28/2026 10:14:31.840,2.456025449,0.0,2.057528869088337,3.668971891189734e-06,-0.0001834507989621425,0.02926733294984945,True
3273,3231,129.24,02/28/2026 10:14:31.880,2.456025449,0.0,2.057877486562785,3.665762157959871e-06,-0.00018329031037216795,0.029216146502155715,True
3274,3232,129.28,02/28/2026 10:14:31.920,2.456025449,0.0,2.058225787358251,3.6625553404044338e-06,-0.00018312996756766642,0.0291650512925598,True
3275,3233,129.32,02/28/2026 10:14:31.960,2.456025449,0.0,2.0585737717926786,3.6593514355960916e-06,-0.0001829697704022696,0.029114047152491426,True
3276,3234,129.36,02/28/2026 10:14:32.000,2.456025449,0.0,2.0589214401836173,3.6561504406111563e-06,-0.0001828097187297915,0.029063133913712125,True
3277,3235,129.4,02/28/2026 10:14:32.040,2.456025449,0.0,2.059268792848221,3.6529523525295883e-06,-0.00018264981240422815,0.029012311408314694,True
3278,3236,129.44,02/28/2026 10:14:32.080,2.456025449,0.0,2.059615830103249,3.6497571684349783e-06,-0.0001824900512797573,0.02896157946872239,True
3279,3237,129.48,02/28/2026 10:14:32.120,2.456025449,0.0,2.059962552265065,3.646564885414543e-06,-0.00018233043521073805,0.02891093792768823,True
3280,3238,129.52,02/28/2026 10:14:32.160,2.456025449,0.0,2.0603089596496416,3.6433755005591135e-06,-0.00018217096405171067,0.02886038661829422,True
3281,3239,129.56,02/28/2026 10:14:32.200,2.456025449,0.0,2.0606550525725575,3.6401890109631413e-06,-0.00018201163765739609,0.028809925373950718,True
3282,3240,129.6,02/28/2026 10:14:32.240,2.456025449,0.0,2.061000831348999,3.637005413724701e-06,-0.00018185245588269575,0.028759554028395837,True
3283,3241,129.64000000000001,02/28/2026 10:14:32.280,2.456025449,0.0,2.061346296293762,3.6338247059454586e-06,-0.00018169341858269132,0.02870927241569442,True
3284,3242,129.68,02/28/2026 10:14:32.320,2.456025449,0.0,2.0616914477212505,3.63064688473068e-06,-0.00018153452561264435,0.028659080370237597,True
3285,3243,129.72,02/28/2026 10:14:32.360,2.456025449,0.0,2.0620362859454797,3.6274719471892255e-06,-0.0001813757768279959,0.02860897772674196,True
3286,3244,129.76,02/28/2026 10:14:32.400,2.456025449,0.0,2.062380811280075,3.6242998904335233e-06,-0.0001812171720843663,0.028558964320248743,True
3287,3245,129.8,02/28/2026 10:14:32.440,2.456025449,0.0,2.062725024038273,3.6211307115795925e-06,-0.00018105871123755475,0.0285090399861234,True
3288,3246,129.84,02/28/2026 10:14:32.480,2.456025449,0.0,2.0630689245329212,3.617964407747042e-06,-0.00018090039414353913,0.0284592045600549,True
3289,3247,129.88,02/28/2026 10:14:32.520,2.456025449,0.0,2.0634125130764818,3.6148009760590304e-06,-0.00018074222065847574,0.028409457878054524,True
3290,3248,129.92000000000002,02/28/2026 10:14:32.560,2.456025449,0.0,2.063755789981029,3.6116404136422676e-06,-0.00018058419063869894,0.02835979977645568,True
3291,3249,129.96,02/28/2026 10:14:32.600,2.456025449,0.0,2.064098755558251,3.60848271762703e-06,-0.0001804263039407207,0.02831023009191309,True
3292,3250,130.0,02/28/2026 10:14:32.640,2.456025449,0.0,2.064441410119451,3.605327885147143e-06,-0.00018026856042123045,0.028260748661401994,True
3293,3251,130.04,02/28/2026 10:14:32.680,2.456025449,0.0,2.064783753975546,3.602175913339971e-06,-0.0001801109599370948,0.02821135532221749,True
3294,3252,130.08,02/28/2026 10:14:32.720,2.456025449,0.0,2.065125787437071,3.599026799346423e-06,-0.00017995350234535718,0.02816204991197389,True
3295,3253,130.12,02/28/2026 10:14:32.760,2.456025449,0.0,2.0654675108141767,3.595880540310918e-06,-0.00017979618750323754,0.028112832268603873,True
3296,3254,130.16,02/28/2026 10:14:32.800,2.456025449,0.0,2.06580892441663,3.592737133381431e-06,-0.00017963901526813207,0.028063702230358204,True
3297,3255,130.2,02/28/2026 10:14:32.840,2.456025449,0.0,2.0661500285538166,3.5895965757094353e-06,-0.00017948198549761296,0.02801465963580449,True
3298,3256,130.24,02/28/2026 10:14:32.880,2.456025449,0.0,2.0664908235347403,3.586458864449917e-06,-0.00017932509804942801,0.027965704323826793,True
3299,3257,130.28,02/28/2026 10:14:32.920,2.456025449,0.0,2.066831309668024,3.58332399676138e-06,-0.00017916835278150039,0.027916836133625094,True
3300,3258,130.32,02/28/2026 10:14:32.960,2.456025449,0.0,2.067171487261911,3.580191969805821e-06,-0.0001790117495519283,0.02786805490471425,True
3301,3259,130.36,02/28/2026 10:14:33.000,2.456025449,0.0,2.067511356624264,3.577062780748727e-06,-0.00017885528821898477,0.027819360476923512,True
3302,3260,130.4,02/28/2026 10:14:33.040,2.456025449,0.0,2.0678509180625673,3.573936426759082e-06,-0.00017869896864111716,0.027770752690395903,True
3303,3261,130.44,02/28/2026 10:14:33.080,2.456025449,0.0,2.068190171883927,3.570812905009352e-06,-0.00017854279067694708,0.02772223138558737,True
3304,3262,130.48,02/28/2026 10:14:33.120,2.456025449,0.0,2.068529118395071,3.567692212675485e-06,-0.00017838675418527,0.027673796403266317,True
3305,3263,130.52,02/28/2026 10:14:33.160,2.456025449,0.0,2.06886775790235,3.5645743469368875e-06,-0.00017823085902505503,0.02762544758451273,True
3306,3264,130.56,02/28/2026 10:14:33.200,2.456025449,0.0,2.069206090711739,3.5614593049764506e-06,-0.00017807510505544447,0.027577184770717605,True
3307,3265,130.6,02/28/2026 10:14:33.240,2.456025449,0.0,2.0695441171288365,3.558347083980509e-06,-0.00017791949213575374,0.02752900780358229,True
3308,3266,130.64000000000001,02/28/2026 10:14:33.280,2.456025449,0.0,2.0698818374588663,3.555237681138859e-06,-0.00017776402012547088,0.027480916525117714,True
3309,3267,130.68,02/28/2026 10:14:33.320,2.456025449,0.0,2.070219252006677,3.5521310936447486e-06,-0.00017760868888425644,0.02743291077764393,True
3310,3268,130.72,02/28/2026 10:14:33.360,2.456025449,0.0,2.0705563610767443,3.5490273186948715e-06,-0.0001774534982719431,0.027384990403789243,True
3311,3269,130.76,02/28/2026 10:14:33.400,2.456025449,0.0,2.07089316497317,3.545926353489344e-06,-0.00017729844814853534,0.02733715524648946,True
3312,3270,130.8,02/28/2026 10:14:33.440,2.456025449,0.0,2.071229663999683,3.542828195231722e-06,-0.00017714353837420928,0.027289405148987592,True
3313,3271,130.84,02/28/2026 10:14:33.480,2.456025449,0.0,2.071565858459641,3.539732841128983e-06,-0.00017698876880931227,0.027241739954832877,True
3314,3272,130.88,02/28/2026 10:14:33.520,2.456025449,0.0,2.0719017486560287,3.5366402883915242e-06,-0.0001768341393143626,0.027194159507880258,True
3315,3273,130.92000000000002,02/28/2026 10:14:33.560,2.456025449,0.0,2.0722373348914616,3.5335505342331656e-06,-0.00017667964975004932,0.027146663652289686,True
3316,3274,130.96,02/28/2026 10:14:33.600,2.456025449,0.0,2.072572617468184,3.530463575871129e-06,-0.00017652529997723188,0.027099252232525475,True
3317,3275,131.0,02/28/2026 10:14:33.640,2.456025449,0.0,2.072907596688072,3.5273794105260366e-06,-0.00017637108985693982,0.027051925093355533,True
3318,3276,131.04,02/28/2026 10:14:33.680,2.456025449,0.0,2.073242272852631,3.524298035421916e-06,-0.0001762170192503726,0.027004682079850986,True
3319,3277,131.08,02/28/2026 10:14:33.720,2.456025449,0.0,2.073576646262999,3.521219447786176e-06,-0.00017606308801889923,0.026957523037385238,True
3320,3278,131.12,02/28/2026 10:14:33.760,2.456025449,0.0,2.0739107172199467,3.5181436448496136e-06,-0.00017590929602405794,0.02691044781163345,True
3321,3279,131.16,02/28/2026 10:14:33.800,2.456025449,0.0,2.0742444860238765,3.5150706238464073e-06,-0.00017575564312755608,0.026863456248571938,True
3322,3280,131.2,02/28/2026 10:14:33.840,2.456025449,0.0,2.074577952974825,3.5120003820141166e-06,-0.00017560212919126957,0.02681654819447744,True
3323,3281,131.24,02/28/2026 10:14:33.880,2.456025449,0.0,2.074911118372463,3.5089329165936506e-06,-0.00017544875407724287,0.026769723495926392,True
3324,3282,131.28,02/28/2026 10:14:33.920,2.456025449,0.0,2.075243982516096,3.5058682248292987e-06,-0.00017529551764768856,0.02672298199979455,True
3325,3283,131.32,02/28/2026 10:14:33.960,2.456025449,0.0,2.0755765457046644,3.5028063039687146e-06,-0.0001751424197649871,0.02667632355325622,True
3326,3284,131.36,02/28/2026 10:14:34.000,2.456025449,0.0,2.0759088082367443,3.4997471512628955e-06,-0.00017498946029168664,0.02662974800378348,True
3327,3285,131.4,02/28/2026 10:14:34.040,2.456025449,0.0,2.0762407704105494,3.4966907639661753e-06,-0.00017483663909050265,0.026583255199145568,True
3328,3286,131.44,02/28/2026 10:14:34.080,2.456025449,0.0,2.07657243252393,3.493637139336236e-06,-0.00017468395602431757,0.0265368449874085,True
3329,3287,131.48,02/28/2026 10:14:34.120,2.456025449,0.0,2.076903794874374,3.490586274634094e-06,-0.0001745314109561806,0.026490517216934132,True
3330,3288,131.52,02/28/2026 10:14:34.160,2.456025449,0.0,2.0772348577590085,3.487538167124093e-06,-0.00017437900374930748,0.02644427173637967,True
3331,3289,131.56,02/28/2026 10:14:34.200,2.456025449,0.0,2.077565621474598,3.4844928140739056e-06,-0.00017422673426708006,0.026398108394697046,True
3332,3290,131.6,02/28/2026 10:14:34.240,2.456025449,0.0,2.0778960863175477,3.4814502127545194e-06,-0.00017407460237304625,0.02635202704113226,True
3333,3291,131.64000000000001,02/28/2026 10:14:34.280,2.456025449,0.0,2.078226252583902,3.4784103604402406e-06,-0.00017392260793091955,0.026306027525224762,True
3334,3292,131.68,02/28/2026 10:14:34.320,2.456025449,0.0,2.0785561205693472,3.4753732544086917e-06,-0.0001737707508045789,0.026260109696806866,True
3335,3293,131.72,02/28/2026 10:14:34.360,2.456025449,0.0,2.0788856905692104,3.472338891940773e-06,-0.0001736190308580684,0.02621427340600287,True
3336,3294,131.76,02/28/2026 10:14:34.400,2.456025449,0.0,2.07921496287846,3.4693072703207043e-06,-0.00017346744795559697,0.026168518503228846,True
3337,3295,131.8,02/28/2026 10:14:34.440,2.456025449,0.0,2.0795439377917075,3.466278386835986e-06,-0.00017331600196153807,0.026122844839191712,True
3338,3296,131.84,02/28/2026 10:14:34.480,2.456025449,0.0,2.0798726156032075,3.463252238777405e-06,-0.00017316469274042957,0.026077252264888696,True
3339,3297,131.88,02/28/2026 10:14:34.520,2.456025449,0.0,2.0802009966068584,3.460228823439027e-06,-0.00017301352015697323,0.026031740631606688,True
3340,3298,131.92000000000002,02/28/2026 10:14:34.560,2.456025449,0.0,2.080529081096203,3.4572081381182007e-06,-0.00017286248407603465,0.02598630979092173,True
3341,3299,131.96,02/28/2026 10:14:34.600,2.456025449,0.0,2.080856869364428,3.4541901801155347e-06,-0.0001727115843626429,0.025940959594698214,True
3342,3300,132.0,02/28/2026 10:14:34.640,2.456025449,0.0,2.081184361704366,3.451174946734912e-06,-0.00017256082088199025,0.025895689895088496,True
3343,3301,132.04,02/28/2026 10:14:34.680,2.456025449,0.0,2.0815115584084967,3.448162435283469e-06,-0.00017241019349943196,0.025850500544532033,True
3344,3302,132.08,02/28/2026 10:14:34.720,2.456025449,0.0,2.081838459768945,3.4451526430715945e-06,-0.00017225970208048597,0.02580539139575497,True
3345,3303,132.12,02/28/2026 10:14:34.760,2.456025449,0.0,2.0821650660774833,3.4421455674129276e-06,-0.00017210934649083265,0.025760362301769448,True
3346,3304,132.16,02/28/2026 10:14:34.800,2.456025449,0.0,2.0824913776255327,3.439141205624356e-06,-0.0001719591265963145,0.025715413115872953,True
3347,3305,132.2,02/28/2026 10:14:34.840,2.456025449,0.0,2.0828173947041613,3.4361395550259946e-06,-0.00017180904226293592,0.025670543691647795,True
3348,3306,132.24,02/28/2026 10:14:34.880,2.456025449,0.0,2.083143117604086,3.4331406129411973e-06,-0.00017165909335686296,0.025625753882960466,True
3349,3307,132.28,02/28/2026 10:14:34.920,2.456025449,0.0,2.0834685466156753,3.43014437669656e-06,-0.00017150927974442302,0.025581043543961082,True
3350,3308,132.32,02/28/2026 10:14:34.960,2.456025449,0.0,2.0837936820289458,3.4271508436218624e-06,-0.00017135960129210465,0.02553641252908249,True
3351,3309,132.36,02/28/2026 10:14:35.000,2.456025449,0.0,2.0841185241335647,3.4241600110501406e-06,-0.0001712100578665571,0.025491860693040228,True
3352,3310,132.4,02/28/2026 10:14:35.040,2.456025449,0.0,2.084443073218852,3.421171876317607e-06,-0.0001710606493345903,0.025447387890831286,True
3353,3311,132.44,02/28/2026 10:14:35.080,2.456025449,0.0,2.0847673295737783,3.418186436763701e-06,-0.00017091137556317438,0.025402993977734007,True
3354,3312,132.48,02/28/2026 10:14:35.120,2.456025449,0.0,2.0850912934869665,3.415203689731068e-06,-0.00017076223641943953,0.02535867880930728,True
3355,3313,132.52,02/28/2026 10:14:35.160,2.456025449,0.0,2.085414965246693,3.4122236325655333e-06,-0.0001706132317706758,0.02531444224138987,True
3356,3314,132.56,02/28/2026 10:14:35.200,2.456025449,0.0,2.0857383451408875,3.409246262616115e-06,-0.00017046436148433265,0.025270284130099928,True
3357,3315,132.6,02/28/2026 10:14:35.240,2.456025449,0.0,2.0860614334571332,3.4062715772350178e-06,-0.00017031562542801882,0.025226204331834468,True
3358,3316,132.64000000000001,02/28/2026 10:14:35.280,2.456025449,0.0,2.0863842304826687,3.4032995737776424e-06,-0.0001701670234695021,0.025182202703268704,True
3359,3317,132.68,02/28/2026 10:14:35.320,2.456025449,0.0,2.0867067365043876,3.4003302496025413e-06,-0.000170018555476709,0.025138279101355247,True
3360,3318,132.72,02/28/2026 10:14:35.360,2.456025449,0.0,2.087028951808839,3.397363602071448e-06,-0.00016987022131772453,0.02509443338332394,True
3361,3319,132.76,02/28/2026 10:14:35.400,2.456025449,0.0,2.087350876682228,3.3943996285492623e-06,-0.00016972202086079188,0.025050665406680928,True
3362,3320,132.8,02/28/2026 10:14:35.440,2.456025449,0.0,2.087672511410417,3.3914383264040383e-06,-0.00016957395397431226,0.02500697502920822,True
3363,3321,132.84,02/28/2026 10:14:35.480,2.456025449,0.0,2.0879938562789264,3.3884796930069806e-06,-0.00016942602052684457,0.024963362108962984,True
3364,3322,132.88,02/28/2026 10:14:35.520,2.456025449,0.0,2.0883149115729336,3.3855237257324535e-06,-0.0001692782203871051,0.024919826504277185,True
3365,3323,132.92000000000002,02/28/2026 10:14:35.560,2.456025449,0.0,2.0886356775772748,3.3825704219579534e-06,-0.00016913055342396744,0.024876368073756757,True
3366,3324,132.96,02/28/2026 10:14:35.600,2.456025449,0.0,2.0889561545764455,3.3796197790641323e-06,-0.00016898301950646198,0.0248329866762812,True
3367,3325,133.0,02/28/2026 10:14:35.640,2.456025449,0.0,2.089276342854601,3.3766717944347496e-06,-0.00016883561850377594,0.02478968217100279,True
3368,3326,133.04,02/28/2026 10:14:35.680,2.456025449,0.0,2.0895962426955563,3.3737264654567165e-06,-0.0001686883502852529,0.02474645441734632,True
3369,3327,133.08,02/28/2026 10:14:35.720,2.456025449,0.0,2.089915854382787,3.370783789520069e-06,-0.00016854121472039267,0.024703303275008342,True
3370,3328,133.12,02/28/2026 10:14:35.760,2.456025449,0.0,2.090235178199431,3.3678437640179373e-06,-0.00016839421167885098,0.024660228603956412,True
3371,3329,133.16,02/28/2026 10:14:35.800,2.456025449,0.0,2.090554214428287,3.3649063863465845e-06,-0.00016824734103043914,0.02461723026442882,True
3372,3330,133.2,02/28/2026 10:14:35.840,2.456025449,0.0,2.090872963351817,3.3619716539053695e-06,-0.00016810060264512387,0.024574308116933823,True
3373,3331,133.24,02/28/2026 10:14:35.880,2.456025449,0.0,2.0911914252521453,3.359039564096774e-06,-0.00016795399639302712,0.0245314620222493,True
3374,3332,133.28,02/28/2026 10:14:35.920,2.456025449,0.0,2.0915096004110603,3.3561101143263584e-06,-0.00016780752214442572,0.024488691841421797,True
3375,3333,133.32,02/28/2026 10:14:35.960,2.456025449,0.0,2.091827489110013,3.353183302002796e-06,-0.00016766117976975124,0.024445997435766424,True
3376,3334,133.36,02/28/2026 10:14:36.000,2.456025449,0.0,2.09214509163012,3.350259124537829e-06,-0.0001675149691395897,0.02440337866686591,True
3377,3335,133.4,02/28/2026 10:14:36.040,2.456025449,0.0,2.092462408252164,3.3473375793462914e-06,-0.00016736889012468114,0.02436083539657016,True
3378,3336,133.44,02/28/2026 10:14:36.080,2.456025449,0.0,2.092779439256592,3.344418663846084e-06,-0.00016722294259591963,0.024318367486995708,True
3379,3337,133.48,02/28/2026 10:14:36.120,2.456025449,0.0,2.093096184923517,3.341502375458208e-06,-0.0001670771264243528,0.024275974800525325,True
3380,3338,133.52,02/28/2026 10:14:36.160,2.456025449,0.0,2.0934126455327196,3.3385887116067165e-06,-0.00016693144148118184,0.024233657199807135,True
3381,3339,133.56,02/28/2026 10:14:36.200,2.456025449,0.0,2.0937288213636474,3.3356776697187133e-06,-0.00016678588763776106,0.024191414547754125,True
3382,3340,133.6,02/28/2026 10:14:36.240,2.456025449,0.0,2.094044712695415,3.332769247224387e-06,-0.00016664046476559766,0.024149246707543936,True
3383,3341,133.64000000000001,02/28/2026 10:14:36.280,2.456025449,0.0,2.094360319806807,3.3298634415569647e-06,-0.00016649517273635155,0.024107153542617756,True
3384,3342,133.68,02/28/2026 10:14:36.320,2.456025449,0.0,2.0946756429762754,3.32696025015272e-06,-0.00016635001142183514,0.024065134916680195,True
3385,3343,133.72,02/28/2026 10:14:36.360,2.456025449,0.0,2.0949906824819426,3.3240596704509736e-06,-0.00016620498069401296,0.02402319069369851,True
3386,3344,133.76,02/28/2026 10:14:36.400,2.456025449,0.0,2.0953054386016,3.321161699894087e-06,-0.00016606008042500145,0.023981320737902167,True
3387,3345,133.8,02/28/2026 10:14:36.440,2.456025449,0.0,2.09561991161271,3.318266335927457e-06,-0.00016591531048706882,0.023939524913782238,True
3388,3346,133.84,02/28/2026 10:14:36.480,2.456025449,0.0,2.0959341017924062,3.3153735759995074e-06,-0.0001657706707526347,0.023897803086090824,True
3389,3347,133.88,02/28/2026 10:14:36.520,2.456025449,0.0,2.0962480094174936,3.312483417561684e-06,-0.00016562616109427002,0.023856155119840544,True
3390,3348,133.92000000000002,02/28/2026 10:14:36.560,2.456025449,0.0,2.0965616347644485,3.3095958580684543e-06,-0.00016548178138469657,0.023814580880303974,True
3391,3349,133.96,02/28/2026 10:14:36.600,2.456025449,0.0,2.0968749781094203,3.3067108949773104e-06,-0.00016533753149678698,0.023773080233013194,True
3392,3350,134.0,02/28/2026 10:14:36.640,2.456025449,0.0,2.0971880397282323,3.3038285257487323e-06,-0.00016519341130356434,0.023731653043758922,True
3393,3351,134.04,02/28/2026 10:14:36.680,2.456025449,0.0,2.0975008198963803,3.3009487478462206e-06,-0.00016504942067820192,0.0236902991785904,True
3394,3352,134.08,02/28/2026 10:14:36.720,2.456025449,0.0,2.097813318889034,3.2980715587362726e-06,-0.00016490555949402313,0.023649018503814588,True
3395,3353,134.12,02/28/2026 10:14:36.760,2.456025449,0.0,2.0981255369810397,3.295196955888389e-06,-0.00016476182762450103,0.023607810885995725,True
3396,3354,134.16,02/28/2026 10:14:36.800,2.456025449,0.0,2.098437474446917,3.292324936775035e-06,-0.0001646182249432583,0.023566676191954555,True
3397,3355,134.2,02/28/2026 10:14:36.840,2.456025449,0.0,2.0987491315608615,3.2894554988716915e-06,-0.00016447475132406683,0.023525614288768273,True
3398,3356,134.24,02/28/2026 10:14:36.880,2.456025449,0.0,2.0990605085967453,3.286588639656807e-06,-0.0001643314066408476,0.02348462504376943,True
3399,3357,134.28,02/28/2026 10:14:36.920,2.456025449,0.0,2.0993716058281175,3.2837243566118088e-06,-0.0001641881907676704,0.023443708324545825,True
3400,3358,134.32,02/28/2026 10:14:36.960,2.456025449,0.0,2.0996824235282046,3.280862647221085e-06,-0.00016404510357875365,0.023402863998939642,True
3401,3359,134.36,02/28/2026 10:14:37.000,2.456025449,0.0,2.09999296196991,3.2780035089720133e-06,-0.000163902144948464,0.02336209193504726,True
3402,3360,134.4,02/28/2026 10:14:37.040,2.456025449,0.0,2.1003032214258157,3.275146939354915e-06,-0.00016375931475131632,0.023321392001218424,True
3403,3361,134.44,02/28/2026 10:14:37.080,2.456025449,0.0,2.1006132021681827,3.2722929358630714e-06,-0.00016361661286197333,0.023280764066055816,True
3404,3362,134.48,02/28/2026 10:14:37.120,2.456025449,0.0,2.1009229044689515,3.2694414959927208e-06,-0.00016347403915524533,0.023240207998414617,True
3405,3363,134.52,02/28/2026 10:14:37.160,2.456025449,0.0,2.1012323285997416,3.2665926172430536e-06,-0.00016333159350609004,0.02319972366740179,True
3406,3364,134.56,02/28/2026 10:14:37.200,2.456025449,0.0,2.1015414748318544,3.263746297116189e-06,-0.00016318927578961242,0.0231593109423757,True
3407,3365,134.6,02/28/2026 10:14:37.240,2.456025449,0.0,2.10185034343627,3.2609025331172033e-06,-0.00016304708588106426,0.023118969692945596,True
3408,3366,134.64000000000001,02/28/2026 10:14:37.280,2.456025449,0.0,2.1021589346836516,3.258061322754088e-06,-0.00016290502365584413,0.023078699788970904,True
3409,3367,134.68,02/28/2026 10:14:37.320,2.456025449,0.0,2.102467248844343,3.2552226635377854e-06,-0.000162763088989497,0.023038501100561014,True
3410,3368,134.72,02/28/2026 10:14:37.360,2.456025449,0.0,2.1027752861883715,3.2523865529821393e-06,-0.0001626212817577141,0.022998373498074348,True
3411,3369,134.76,02/28/2026 10:14:37.400,2.456025449,0.0,2.1030830469854465,3.2495529886039268e-06,-0.00016247960183633274,0.02295831685211825,True
3412,3370,134.8,02/28/2026 10:14:37.440,2.456025449,0.0,2.103390531504961,3.246721967922833e-06,-0.00016233804910133583,0.022918331033548123,True
3413,3371,134.84,02/28/2026 10:14:37.480,2.456025449,0.0,2.103697740015992,3.2438934884614602e-06,-0.00016219662342885195,0.022878415913467218,True
3414,3372,134.88,02/28/2026 10:14:37.520,2.456025449,0.0,2.1040046727873003,3.2410675477453186e-06,-0.00016205532469515488,0.02283857136322587,True
3415,3373,134.92000000000002,02/28/2026 10:14:37.560,2.456025449,0.0,2.1043113300873317,3.238244143302813e-06,-0.00016191415277666362,0.02279879725442111,True
3416,3374,134.96,02/28/2026 10:14:37.600,2.456025449,0.0,2.104617712184218,3.2354232726652564e-06,-0.00016177310754994195,0.022759093458896124,True
3417,3375,135.0,02/28/2026 10:14:37.640,2.456025449,0.0,2.104923819345776,3.23260493336684e-06,-0.00016163218889169828,0.02271945984873967,True
3418,3376,135.04,02/28/2026 10:14:37.680,2.456025449,0.0,2.105229651839509,3.2297891229446574e-06,-0.0001614913966787854,0.02267989629628571,True
3419,3377,135.08,02/28/2026 10:14:37.720,2.456025449,0.0,2.105535209932608,3.226975838938674e-06,-0.00016135073078820034,0.02264040267411276,True
3420,3378,135.12,02/28/2026 10:14:37.760,2.456025449,0.0,2.1058404938919506,3.2241650788917314e-06,-0.00016121019109708402,0.02260097885504334,True
3421,3379,135.16,02/28/2026 10:14:37.800,2.456025449,0.0,2.1061455039841017,3.2213568403495594e-06,-0.00016106977748272104,0.022561624712143777,True
3422,3380,135.2,02/28/2026 10:14:37.840,2.456025449,0.0,2.106450240475316,3.2185511208607487e-06,-0.00016092948982253952,0.022522340118723286,True
3423,3381,135.24,02/28/2026 10:14:37.880,2.456025449,0.0,2.1067547036315357,3.2157479179767425e-06,-0.00016078932799411082,0.022483124948333613,True
3424,3382,135.28,02/28/2026 10:14:37.920,2.456025449,0.0,2.107058893718393,3.21294722925187e-06,-0.00016064929187514925,0.022443979074768774,True
3425,3383,135.32,02/28/2026 10:14:37.960,2.456025449,0.0,2.107362811001209,3.2101490522433056e-06,-0.00016050938134351208,0.022404902372064214,True
3426,3384,135.36,02/28/2026 10:14:38.000,2.456025449,0.0,2.1076664557449964,3.2073533845110737e-06,-0.00016036959627719916,0.02236589471449647,True
3427,3385,135.4,02/28/2026 10:14:38.040,2.456025449,0.0,2.107969828214457,3.2045602236180516e-06,-0.0001602299365543526,0.022326955976582612,True
3428,3386,135.44,02/28/2026 10:14:38.080,2.456025449,0.0,2.108272928673986,3.201769567129945e-06,-0.00016009040205325676,0.022288086033079694,True
3429,3387,135.48,02/28/2026 10:14:38.120,2.456025449,0.0,2.1085757573876687,3.1989814126153132e-06,-0.00015995099265233778,0.02224928475898446,True
3430,3388,135.52,02/28/2026 10:14:38.160,2.456025449,0.0,2.108878314619283,3.196195757645544e-06,-0.00015981170823016358,0.02221055202953259,True
3431,3389,135.56,02/28/2026 10:14:38.200,2.456025449,0.0,2.109180600632299,3.193412599794852e-06,-0.0001596725486654436,0.022171887720198413,True
3432,3390,135.6,02/28/2026 10:14:38.240,2.456025449,0.0,2.109482615689881,3.190631936640277e-06,-0.00015953351383702835,0.022133291706694192,True
3433,3391,135.64000000000001,02/28/2026 10:14:38.280,2.456025449,0.0,2.109784360054887,3.1878537657616803e-06,-0.00015939460362390958,0.022094763864969863,True
3434,3392,135.68,02/28/2026 10:14:38.320,2.456025449,0.0,2.1100858339898685,3.185078084741738e-06,-0.00015925581790521965,0.022056304071212375,True
3435,3393,135.72,02/28/2026 10:14:38.360,2.456025449,0.0,2.110387037757071,3.182304891165938e-06,-0.0001591171565602316,0.022017912201845243,True
3436,3394,135.76,02/28/2026 10:14:38.400,2.456025449,0.0,2.110687971618436,3.179534182622591e-06,-0.00015897861946835882,0.021979588133528214,True
3437,3395,135.8,02/28/2026 10:14:38.440,2.456025449,0.0,2.1109886358356005,3.176765956702794e-06,-0.0001588402065091549,0.021941331743156416,True
3438,3396,135.84,02/28/2026 10:14:38.480,2.456025449,0.0,2.111289030669898,3.174000211000433e-06,-0.00015870191756231332,0.021903142907860107,True
3439,3397,135.88,02/28/2026 10:14:38.520,2.456025449,0.0,2.1115891563823572,3.1712369431122133e-06,-0.00015856375250766723,0.021865021505004356,True
3440,3398,135.92000000000002,02/28/2026 10:14:38.560,2.456025449,0.0,2.111889013233705,3.168476150637611e-06,-0.00015842571122518935,0.021826967412188116,True
3441,3399,135.96,02/28/2026 10:14:38.600,2.456025449,0.0,2.112188601484365,3.1657178311788946e-06,-0.00015828779359499165,0.021788980507244135,True
3442,3400,136.0,02/28/2026 10:14:38.640,2.456025449,0.0,2.11248792139446,3.1629619823411103e-06,-0.00015814999949732508,0.021751060668238203,True
3443,3401,136.04,02/28/2026 10:14:38.680,2.456025449,0.0,2.1127869732238094,3.1602086017320842e-06,-0.0001580123288125795,0.02171320777346896,True
3444,3402,136.08,02/28/2026 10:14:38.720,2.456025449,0.0,2.1130857572319326,3.1574576869624127e-06,-0.00015787478142128333,0.021675421701466985,True
3445,3403,136.12,02/28/2026 10:14:38.760,2.456025449,0.0,2.1133842736780477,3.1547092356454715e-06,-0.00015773735720410345,0.021637702330994886,True
3446,3404,136.16,02/28/2026 10:14:38.800,2.456025449,0.0,2.113682522821074,3.1519632453973843e-06,-0.00015760005604184495,0.02160004954104614,True
3447,3405,136.2,02/28/2026 10:14:38.840,2.456025449,0.0,2.1139805049196294,3.14921971383704e-06,-0.00015746287781545092,0.02156246321084523,True
3448,3406,136.24,02/28/2026 10:14:38.880,2.456025449,0.0,2.1142782202320336,3.146478638586079e-06,-0.00015732582240600215,0.02152494321984679,True
3449,3407,136.28,02/28/2026 10:14:38.920,2.456025449,0.0,2.1145756690163062,3.1437400172689057e-06,-0.00015718888969471693,0.02148748944773535,True
3450,3408,136.32,02/28/2026 10:14:38.960,2.456025449,0.0,2.11487285153017,3.1410038475126647e-06,-0.00015705207956295104,0.021450101774424683,True
3451,3409,136.36,02/28/2026 10:14:39.000,2.456025449,0.0,2.1151697680310497,3.1382701269472394e-06,-0.00015691539189219733,0.021412780080057394,True
3452,3410,136.4,02/28/2026 10:14:39.040,2.456025449,0.0,2.115466418776072,3.1355388532052476e-06,-0.00015677882656408556,0.021375524245004433,True
3453,3411,136.44,02/28/2026 10:14:39.080,2.456025449,0.0,2.115762804022067,3.1328100239220465e-06,-0.00015664238346038212,0.0213383341498647,True
3454,3412,136.48,02/28/2026 10:14:39.120,2.456025449,0.0,2.116058924025568,3.1300836367357254e-06,-0.00015650606246298994,0.021301209675464547,True
3455,3413,136.52,02/28/2026 10:14:39.160,2.456025449,0.0,2.1163547790428128,3.1273596892870956e-06,-0.00015636986345394816,0.021264150702857205,True
3456,3414,136.56,02/28/2026 10:14:39.200,2.456025449,0.0,2.116650369329743,3.1246381792196846e-06,-0.00015623378631543207,0.021227157113322372,True
3457,3415,136.6,02/28/2026 10:14:39.240,2.456025449,0.0,2.116945695142006,3.1219191041797543e-06,-0.00015609783092975277,0.021190228788365885,True
3458,3416,136.64000000000001,02/28/2026 10:14:39.280,2.456025449,0.0,2.1172407567349536,3.1192024618162624e-06,-0.00015596199717935705,0.021153365609719015,True
3459,3417,136.68,02/28/2026 10:14:39.320,2.456025449,0.0,2.117535554363644,3.116488249780885e-06,-0.0001558262849468271,0.021116567459338164,True
3460,3418,136.72,02/28/2026 10:14:39.360,2.456025449,0.0,2.1178300882828407,3.113776465727996e-06,-0.00015569069411488037,0.021079834219404365,True
3461,3419,136.76,02/28/2026 10:14:39.400,2.456025449,0.0,2.118124358747016,3.111067107314669e-06,-0.00015555522456636928,0.021043165772322726,True
3462,3420,136.8,02/28/2026 10:14:39.440,2.456025449,0.0,2.1184183660103466,3.1083601722006813e-06,-0.00015541987618428112,0.02100656200072214,True
3463,3421,136.84,02/28/2026 10:14:39.480,2.456025449,0.0,2.118712110326719,3.1056556580485024e-06,-0.00015528464885173772,0.02097002278745471,True
3464,3422,136.88,02/28/2026 10:14:39.520,2.456025449,0.0,2.1190055919497266,3.1029535625232793e-06,-0.00015514954245199534,0.020933548015595257,True
3465,3423,136.92000000000002,02/28/2026 10:14:39.560,2.456025449,0.0,2.1192988111326723,3.1002538832928526e-06,-0.0001550145568684444,0.020897137568440922,True
3466,3424,136.96,02/28/2026 10:14:39.600,2.456025449,0.0,2.1195917681285676,3.0975566180277282e-06,-0.00015487969198460936,0.020860791329510665,True
3467,3425,137.0,02/28/2026 10:14:39.640,2.456025449,0.0,2.119884463190133,3.0948617644010985e-06,-0.00015474494768414837,0.020824509182544918,True
3468,3426,137.04,02/28/2026 10:14:39.680,2.456025449,0.0,2.1201768965697982,3.092169320088833e-06,-0.00015461032385085313,0.02078829101150505,True
3469,3427,137.08,02/28/2026 10:14:39.720,2.456025449,0.0,2.120469068519704,3.0894792827694653e-06,-0.00015447582036864883,0.020752136700572913,True
3470,3428,137.12,02/28/2026 10:14:39.760,2.456025449,0.0,2.120760979291703,3.086791650124198e-06,-0.00015434143712159373,0.020716046134150356,True
3471,3429,137.16,02/28/2026 10:14:39.800,2.456025449,0.0,2.121052629137358,3.084106419836866e-06,-0.00015420717399387916,0.02068001919685863,True
3472,3430,137.20000000000002,02/28/2026 10:14:39.840,2.456025449,0.0,2.1213440183079415,3.08142358959399e-06,-0.0001540730308698291,0.0206440557735385,True
3473,3431,137.24,02/28/2026 10:14:39.880,2.456025449,0.0,2.121635147054442,3.0787431570847283e-06,-0.00015393900763390015,0.020608155749249048,True
3474,3432,137.28,02/28/2026 10:14:39.920,2.456025449,0.0,2.1219260156275577,3.0760651200008777e-06,-0.00015380510417068122,0.0205723190092677,True
3475,3433,137.32,02/28/2026 10:14:39.960,2.456025449,0.0,2.122216624277701,3.0733894760368858e-06,-0.00015367132036489333,0.020536545439089653,True
3476,3434,137.36,02/28/2026 10:14:40.000,2.456025449,0.0,2.122506973254997,3.0707162228898414e-06,-0.0001535376561013894,0.020500834924427416,True
3477,3435,137.4,02/28/2026 10:14:40.040,2.456025449,0.0,2.1227970628092847,3.068045358259464e-06,-0.00015340411126515412,0.020465187351210376,True
3478,3436,137.44,02/28/2026 10:14:40.080,2.456025449,0.0,2.1230868931901177,3.065376879848116e-06,-0.00015327068574130375,0.020429602605584414,True
3479,3437,137.48,02/28/2026 10:14:40.120,2.456025449,0.0,2.1233764646467637,3.062710785360779e-06,-0.00015313737941508593,0.020394080573911347,True
3480,3438,137.52,02/28/2026 10:14:40.160,2.456025449,0.0,2.123665777428206,3.0600470725050506e-06,-0.0001530041921718794,0.020358621142768468,True
3481,3439,137.56,02/28/2026 10:14:40.200,2.456025449,0.0,2.1239548317831445,3.0573857389911546e-06,-0.00015287112389719384,0.02032322419894826,True
3482,3440,137.6,02/28/2026 10:14:40.240,2.456025449,0.0,2.1242436279599928,3.054726782531922e-06,-0.0001527381744766697,0.020287889629457816,True
3483,3441,137.64000000000001,02/28/2026 10:14:40.280,2.456025449,0.0,2.1245321662068832,3.0520702008427955e-06,-0.0001526053437960779,0.020252617321518382,True
3484,3442,137.68,02/28/2026 10:14:40.320,2.456025449,0.0,2.1248204467716634,3.0494159916418334e-06,-0.0001524726317413197,0.020217407162565166,True
3485,3443,137.72,02/28/2026 10:14:40.360,2.456025449,0.0,2.125108469901899,3.046764152649688e-06,-0.0001523400381984265,0.02018225904024651,True
3486,3444,137.76,02/28/2026 10:14:40.400,2.456025449,0.0,2.1253962358448737,3.0441146815896116e-06,-0.0001522075630535597,0.020147172842423733,True
3487,3445,137.8,02/28/2026 10:14:40.440,2.456025449,0.0,2.125683744847588,3.0414675761874553e-06,-0.0001520752061930103,0.020112148457170652,True
3488,3446,137.84,02/28/2026 10:14:40.480,2.456025449,0.0,2.1259709971567626,3.0388228341716653e-06,-0.000151942967503199,0.02007718577277312,True
3489,3447,137.88,02/28/2026 10:14:40.520,2.456025449,0.0,2.1262579930188363,3.036180453273264e-06,-0.0001518108468706758,0.02004228467772849,True
3490,3448,137.92000000000002,02/28/2026 10:14:40.560,2.456025449,0.0,2.126544732679968,3.033540431225865e-06,-0.00015167884418211989,0.020007445060745335,True
3491,3449,137.96,02/28/2026 10:14:40.600,2.456025449,0.0,2.1268312163860355,3.0309027657656507e-06,-0.00015154695932433938,0.019972666810742928,True
3492,3450,138.0,02/28/2026 10:14:40.640,2.456025449,0.0,2.127117444382637,3.028267454631396e-06,-0.0001514151921842711,0.019937949816850903,True
3493,3451,138.04,02/28/2026 10:14:40.680,2.456025449,0.0,2.1274034169150933,3.025634495564427e-06,-0.0001512835426489805,0.019903293968408637,True
3494,3452,138.08,02/28/2026 10:14:40.720,2.456025449,0.0,2.1276891342284436,3.0230038863086554e-06,-0.00015115201060566141,0.019868699154965076,True
3495,3453,138.12,02/28/2026 10:14:40.760,2.456025449,0.0,2.127974596567451,3.020375624610538e-06,-0.00015102059594163583,0.019834165266277983,True
3496,3454,138.16,02/28/2026 10:14:40.800,2.456025449,0.0,2.1282598041765985,3.0177497082191137e-06,-0.00015088929854435368,0.019799692192313947,True
3497,3455,138.20000000000002,02/28/2026 10:14:40.840,2.456025449,0.0,2.1285447573000935,3.0151261348859586e-06,-0.00015075811830139282,0.019765279823247522,True
3498,3456,138.24,02/28/2026 10:14:40.880,2.456025449,0.0,2.128829456181865,3.0125049023652065e-06,-0.00015062705510045856,0.01973092804946101,True
3499,3457,138.28,02/28/2026 10:14:40.920,2.456025449,0.0,2.1291139010655646,3.009886008413547e-06,-0.0001504961088293837,0.01969663676154412,True
3500,3458,138.32,02/28/2026 10:14:40.960,2.456025449,0.0,2.12939809219457,3.007269450790205e-06,-0.00015036527937612823,0.019662405850293285,True
3501,3459,138.36,02/28/2026 10:14:41.000,2.456025449,0.0,2.129682029811981,3.0046552272569357e-06,-0.00015023456662877915,0.019628235206711395,True
3502,3460,138.4,02/28/2026 10:14:41.040,2.456025449,0.0,2.1299657141606225,3.0020433355780513e-06,-0.00015010397047555027,0.01959412472200755,True
3503,3461,138.44,02/28/2026 10:14:41.080,2.456025449,0.0,2.1302491454830443,2.999433773520385e-06,-0.0001499734908047821,0.01956007428759627,True
3504,3462,138.48,02/28/2026 10:14:41.120,2.456025449,0.0,2.130532324021521,2.996826538853303e-06,-0.00014984312750494146,0.019526083795097363,True
3505,3463,138.52,02/28/2026 10:14:41.160,2.456025449,0.0,2.130815250018054,2.9942216293486935e-06,-0.00014971288046462155,0.01949215313633534,True
3506,3464,138.56,02/28/2026 10:14:41.200,2.456025449,0.0,2.1310979237143695,2.99161904278097e-06,-0.0001495827495725416,0.019458282203339144,True
3507,3465,138.6,02/28/2026 10:14:41.240,2.456025449,0.0,2.131380345351922,2.9890187769270636e-06,-0.0001494527347175467,0.019424470888341608,True
3508,3466,138.64000000000001,02/28/2026 10:14:41.280,2.456025449,0.0,2.1316625151718913,2.986420829566412e-06,-0.00014932283578860767,0.019390719083779036,True
3509,3467,138.68,02/28/2026 10:14:41.320,2.456025449,0.0,2.131944433415186,2.9838251984809697e-06,-0.00014919305267482074,0.019357026682290904,True
3510,3468,138.72,02/28/2026 10:14:41.360,2.456025449,0.0,2.1322261003224408,2.981231881455199e-06,-0.00014906338526540753,0.019323393576719406,True
3511,3469,138.76,02/28/2026 10:14:41.400,2.456025449,0.0,2.1325075161340203,2.978640876276058e-06,-0.0001489338334497148,0.019289819660108898,True
3512,3470,138.8,02/28/2026 10:14:41.440,2.456025449,0.0,2.1327886810900174,2.9760521807330053e-06,-0.0001488043971172142,0.019256304825705683,True
3513,3471,138.84,02/28/2026 10:14:41.480,2.456025449,0.0,2.1330695954302534,2.9734657926179897e-06,-0.0001486750761575021,0.019222848966957456,True
3514,3472,138.88,02/28/2026 10:14:41.520,2.456025449,0.0,2.1333502593942795,2.97088170972546e-06,-0.0001485458704602994,0.019189451977512997,True
3515,3473,138.92000000000002,02/28/2026 10:14:41.560,2.456025449,0.0,2.1336306732213757,2.9682999298523516e-06,-0.00014841677991545143,0.019156113751221775,True
3516,3474,138.96,02/28/2026 10:14:41.600,2.456025449,0.0,2.1339108371505535,2.96572045079808e-06,-0.0001482878044129277,0.01912283418213337,True
3517,3475,139.0,02/28/2026 10:14:41.640,2.456025449,0.0,2.134190751420555,2.963143270364546e-06,-0.00014815894384282173,0.01908961316449725,True
3518,3476,139.04,02/28/2026 10:14:41.680,2.456025449,0.0,2.1344704162698527,2.9605683863561197e-06,-0.00014803019809535086,0.01905645059276224,True
3519,3477,139.08,02/28/2026 10:14:41.720,2.456025449,0.0,2.1347498319366514,2.9579957965796457e-06,-0.00014790156706085601,0.01902334636157619,True
3520,3478,139.12,02/28/2026 10:14:41.760,2.456025449,0.0,2.135028998658886,2.955425498844439e-06,-0.0001477730506298016,0.018990300365785563,True
3521,3479,139.16,02/28/2026 10:14:41.800,2.456025449,0.0,2.1353079166742264,2.9528574909622738e-06,-0.00014764464869277525,0.01895731250043497,True
3522,3480,139.20000000000002,02/28/2026 10:14:41.840,2.456025449,0.0,2.135586586220072,2.9502917707473917e-06,-0.0001475163611404877,0.01892438266076688,True
3523,3481,139.24,02/28/2026 10:14:41.880,2.456025449,0.0,2.1358650075335572,2.9477283360165045e-06,-0.00014738818786377259,0.018891510742221188,True
3524,3482,139.28,02/28/2026 10:14:41.920,2.456025449,0.0,2.1361431808515507,2.945167184588751e-06,-0.00014726012875358624,0.018858696640434575,True
3525,3483,139.32,02/28/2026 10:14:41.960,2.456025449,0.0,2.136421106410653,2.94260831428573e-06,-0.0001471321837010075,0.018825940251240444,True
3526,3484,139.36,02/28/2026 10:14:42.000,2.456025449,0.0,2.136698784447199,2.940051722931507e-06,-0.00014700435259723746,0.018793241470668475,True
3527,3485,139.4,02/28/2026 10:14:42.040,2.456025449,0.0,2.13697621519726,2.937497408352572e-06,-0.00014687663533359964,0.01876060019494401,True
3528,3486,139.44,02/28/2026 10:14:42.080,2.456025449,0.0,2.137253398896641,2.934945368377849e-06,-0.00014674903180153932,0.018728016320487754,True
3529,3487,139.48,02/28/2026 10:14:42.120,2.456025449,0.0,2.137530335780882,2.932395600838718e-06,-0.00014662154189262367,0.018695489743915585,True
3530,3488,139.52,02/28/2026 10:14:42.160,2.456025449,0.0,2.13780702608526,2.9298481035689707e-06,-0.0001464941654985414,0.018663020362037732,True
3531,3489,139.56,02/28/2026 10:14:42.200,2.456025449,0.0,2.1380834700447884,2.9273028744048423e-06,-0.0001463669025111027,0.018630608071858835,True
3532,3490,139.6,02/28/2026 10:14:42.240,2.456025449,0.0,2.1383596678942154,2.9247599111849787e-06,-0.00014623975282223903,0.01859825277057719,True
3533,3491,139.64000000000001,02/28/2026 10:14:42.280,2.456025449,0.0,2.1386356198680274,2.9222192117504713e-06,-0.00014611271632400285,0.01856595435558472,True
3534,3492,139.68,02/28/2026 10:14:42.320,2.456025449,0.0,2.1389113262004487,2.919680773944806e-06,-0.00014598579290856767,0.01853371272446614,True
3535,3493,139.72,02/28/2026 10:14:42.360,2.456025449,0.0,2.139186787125441,2.917144595613889e-06,-0.00014585898246822755,0.018501527774998895,True
3536,3494,139.76,02/28/2026 10:14:42.400,2.456025449,0.0,2.139462002876703,2.9146106746060444e-06,-0.00014573228489539718,0.018469399405152697,True
3537,3495,139.8,02/28/2026 10:14:42.440,2.456025449,0.0,2.1397369736876732,2.9120790087719957e-06,-0.00014560570008261158,0.01843732751308908,True
3538,3496,139.84,02/28/2026 10:14:42.480,2.456025449,0.0,2.1400116997915295,2.9095495959648754e-06,-0.00014547922792252597,0.018405311997161056,True
3539,3497,139.88,02/28/2026 10:14:42.520,2.456025449,0.0,2.140286181421188,2.907022434040201e-06,-0.00014535286830791555,0.018373352755912654,True
3540,3498,139.92000000000002,02/28/2026 10:14:42.560,2.456025449,0.0,2.140560418809305,2.9044975208559054e-06,-0.00014522662113167526,0.018341449688078687,True
3541,3499,139.96,02/28/2026 10:14:42.600,2.456025449,0.0,2.1408344121882754,2.9019748542723164e-06,-0.00014510048628681984,0.01830960269258427,True
3542,3500,140.0,02/28/2026 10:14:42.640,2.456025449,0.0,2.1411081617902377,2.8994544321521434e-06,-0.0001449744636664835,0.01827781166854441,True
3543,3501,140.04,02/28/2026 10:14:42.680,2.456025449,0.0,2.1413816678470687,2.896936252360474e-06,-0.00014484855316391966,0.018246076515263544,True
3544,3502,140.08,02/28/2026 10:14:42.720,2.456025449,0.0,2.141654930590388,2.894420312764785e-06,-0.0001447227546725009,0.018214397132235417,True
3545,3503,140.12,02/28/2026 10:14:42.760,2.456025449,0.0,2.1419279502515547,2.891906611234935e-06,-0.00014459706808571878,0.018182773419142487,True
3546,3504,140.16,02/28/2026 10:14:42.800,2.456025449,0.0,2.1422007270616725,2.889395145643154e-06,-0.00014447149329718353,0.01815120527585557,True
3547,3505,140.20000000000002,02/28/2026 10:14:42.840,2.456025449,0.0,2.142473261251586,2.886885913864042e-06,-0.00014434603020062401,0.018119692602433485,True
3548,3506,140.24,02/28/2026 10:14:42.880,2.456025449,0.0,2.1427455530518826,2.8843789137745717e-06,-0.00014422067868988755,0.018088235299122724,True
3549,3507,140.28,02/28/2026 10:14:42.920,2.456025449,0.0,2.143017602692893,2.881874143254087e-06,-0.00014409543865893964,0.018056833266357063,True
3550,3508,140.32,02/28/2026 10:14:42.960,2.456025449,0.0,2.1432894104046913,2.879371600184293e-06,-0.00014397031000186396,0.01802548640475709,True
3551,3509,140.36,02/28/2026 10:14:43.000,2.456025449,0.0,2.1435609764170964,2.8768712824492334e-06,-0.00014384529261286208,0.017994194615129792,True
3552,3510,140.4,02/28/2026 10:14:43.040,2.456025449,0.0,2.143832300959671,2.8743731879353075e-06,-0.0001437203863862532,0.017962957798468328,True
3553,3511,140.44,02/28/2026 10:14:43.080,2.456025449,0.0,2.144103384261722,2.8718773145312867e-06,-0.00014359559121647405,0.017931775855951734,True
3554,3512,140.48,02/28/2026 10:14:43.120,2.456025449,0.0,2.1443742265523014,2.8693836601282772e-06,-0.0001434709069980788,0.017900648688944237,True
3555,3513,140.52,02/28/2026 10:14:43.160,2.456025449,0.0,2.1446448280602066,2.8668922226197257e-06,-0.0001433463336257388,0.017869576198995107,True
3556,3514,140.56,02/28/2026 10:14:43.200,2.456025449,0.0,2.144915189013981,2.864402999901441e-06,-0.0001432218709942424,0.017838558287838358,True
3557,3515,140.6,02/28/2026 10:14:43.240,2.456025449,0.0,2.1451853096419145,2.861915989871549e-06,-0.00014309751899849494,0.017807594857392042,True
3558,3516,140.64000000000001,02/28/2026 10:14:43.280,2.456025449,0.0,2.145455190172043,2.85943119043051e-06,-0.00014297327753351837,0.017776685809758185,True
3559,3517,140.68,02/28/2026 10:14:43.320,2.456025449,0.0,2.1457248308321493,2.8569485994811193e-06,-0.00014284914649445116,0.017745831047222327,True
3560,3518,140.72,02/28/2026 10:14:43.360,2.456025449,0.0,2.1459942318497633,2.854468214928498e-06,-0.00014272512577654815,0.0177150304722531,True
3561,3519,140.76,02/28/2026 10:14:43.400,2.456025449,0.0,2.1462633934521635,2.8519900346800963e-06,-0.00014260121527518032,0.01768428398750196,True
3562,3520,140.8,02/28/2026 10:14:43.440,2.456025449,0.0,2.146532315866375,2.849514056645676e-06,-0.0001424774148858347,0.017653591495802708,True
3563,3521,140.84,02/28/2026 10:14:43.480,2.456025449,0.0,2.1468009993191726,2.8470402787373217e-06,-0.00014235372450411418,0.01762295290017118,True
3564,3522,140.88,02/28/2026 10:14:43.520,2.456025449,0.0,2.147069444037079,2.8445686988694217e-06,-0.00014223014402573727,0.017592368103804833,True
3565,3523,140.92000000000002,02/28/2026 10:14:43.560,2.456025449,0.0,2.147337650246366,2.8420993149586826e-06,-0.00014210667334653798,0.01756183701008252,True
3566,3524,140.96,02/28/2026 10:14:43.600,2.456025449,0.0,2.147605618173055,2.839632124924126e-06,-0.00014198331236246566,0.017531359522564,True
3567,3525,141.0,02/28/2026 10:14:43.640,2.456025449,0.0,2.1478733480429177,2.837167126687063e-06,-0.00014186006096958488,0.017500935544989514,True
3568,3526,141.04,02/28/2026 10:14:43.680,2.456025449,0.0,2.148140840081475,2.8347043181711086e-06,-0.00014173691906407517,0.017470564981279618,True
3569,3527,141.08,02/28/2026 10:14:43.720,2.456025449,0.0,2.148408094514,2.8322436973021733e-06,-0.0001416138865422309,0.017440247735534615,True
3570,3528,141.12,02/28/2026 10:14:43.760,2.456025449,0.0,2.1486751115655145,2.82978526200847e-06,-0.00014149096330046102,0.017409983712034362,True
3571,3529,141.16,02/28/2026 10:14:43.800,2.456025449,0.0,2.148941891460794,2.8273290102204916e-06,-0.00014136814923528917,0.017379772815237796,True
3572,3530,141.20000000000002,02/28/2026 10:14:43.840,2.456025449,0.0,2.1492084344243634,2.8248749398710087e-06,-0.00014124544424335317,0.01734961494978254,True
3573,3531,141.24,02/28/2026 10:14:43.880,2.456025449,0.0,2.1494747406805015,2.8224230488950928e-06,-0.000141122848221405,0.017319510020484784,True
3574,3532,141.28,02/28/2026 10:14:43.920,2.456025449,0.0,2.149740810453238,2.8199733352300957e-06,-0.00014100036106631065,0.01728945793233868,True
3575,3533,141.32,02/28/2026 10:14:43.960,2.456025449,0.0,2.150006643966356,2.81752579681563e-06,-0.00014087798267505003,0.017259458590516006,True
3576,3534,141.36,02/28/2026 10:14:44.000,2.456025449,0.0,2.1502722414433926,2.815080431593594e-06,-0.0001407557129447166,0.017229511900365917,True
3577,3535,141.4,02/28/2026 10:14:44.040,2.456025449,0.0,2.150537603107636,2.8126372375081514e-06,-0.00014063355177251739,0.017199617767414577,True
3578,3536,141.44,02/28/2026 10:14:44.080,2.456025449,0.0,2.1508027291821303,2.8101962125057363e-06,-0.0001405114990557727,0.017169776097364732,True
3579,3537,141.48,02/28/2026 10:14:44.120,2.456025449,0.0,2.1510676198896728,2.8077573545350446e-06,-0.00014038955469191614,0.01713998679609536,True
3580,3538,141.52,02/28/2026 10:14:44.160,2.456025449,0.0,2.151332275452816,2.8053206615470227e-06,-0.0001402677185784942,0.017110249769661336,True
3581,3539,141.56,02/28/2026 10:14:44.200,2.456025449,0.0,2.1515966960938666,2.8028861314948943e-06,-0.0001401459906131662,0.017080564924293218,True
3582,3540,141.6,02/28/2026 10:14:44.240,2.456025449,0.0,2.151860882034887,2.800453762334122e-06,-0.00014002437069370426,0.017050932166396623,True
3583,3541,141.64000000000001,02/28/2026 10:14:44.280,2.456025449,0.0,2.1521248334976946,2.79802355202242e-06,-0.00013990285871799302,0.0170213514025521,True
3584,3542,141.68,02/28/2026 10:14:44.320,2.456025449,0.0,2.152388550703863,2.79559549851975e-06,-0.00013978145458402934,0.016991822539514628,True
3585,3543,141.72,02/28/2026 10:14:44.360,2.456025449,0.0,2.1526520338747224,2.793169599788327e-06,-0.0001396601581899224,0.01696234548421348,True
3586,3544,141.76,02/28/2026 10:14:44.400,2.456025449,0.0,2.152915283231359,2.7907458537926e-06,-0.0001395389694338934,0.0169329201437516,True
3587,3545,141.8,02/28/2026 10:14:44.440,2.456025449,0.0,2.153178298994617,2.788324258499241e-06,-0.0001394178882142754,0.01690354642540534,True
3588,3546,141.84,02/28/2026 10:14:44.480,2.456025449,0.0,2.1534410813850973,2.785904811877177e-06,-0.0001392969144295131,0.016874224236624366,True
3589,3547,141.88,02/28/2026 10:14:44.520,2.456025449,0.0,2.153703630623158,2.7834875118975604e-06,-0.0001391760479781628,0.01684495348503095,True
3590,3548,141.92000000000002,02/28/2026 10:14:44.560,2.456025449,0.0,2.1539659469289156,2.781072356533767e-06,-0.00013905528875889222,0.016815734078419773,True
3591,3549,141.96,02/28/2026 10:14:44.600,2.456025449,0.0,2.1542280305222463,2.7786593437614023e-06,-0.00013893463667048031,0.016786565924757683,True
3592,3550,142.0,02/28/2026 10:14:44.640,2.456025449,0.0,2.154489881622783,2.776248471558282e-06,-0.00013881409161181703,0.01675744893218311,True
3593,3551,142.04,02/28/2026 10:14:44.680,2.456025449,0.0,2.154751500449919,2.7738397379044568e-06,-0.00013869365348190323,0.016728383009006084,True
3594,3552,142.08,02/28/2026 10:14:44.720,2.456025449,0.0,2.155012887222806,2.7714331407821805e-06,-0.00013857332217985058,0.01669936806370744,True
3595,3553,142.12,02/28/2026 10:14:44.760,2.456025449,0.0,2.1552740421603565,2.769028678175928e-06,-0.00013845309760488134,0.016670404004938917,True
3596,3554,142.16,02/28/2026 10:14:44.800,2.456025449,0.0,2.1555349654812423,2.7666263480723758e-06,-0.00013833297965632822,0.016641490741522477,True
3597,3555,142.20000000000002,02/28/2026 10:14:44.840,2.456025449,0.0,2.155795657403897,2.7642261484603947e-06,-0.0001382129682336341,0.01661262818245003,True
3598,3556,142.24,02/28/2026 10:14:44.880,2.456025449,0.0,2.1560561181465134,2.7618280773310786e-06,-0.00013809306323635205,0.016583816236883403,True
3599,3557,142.28,02/28/2026 10:14:44.920,2.456025449,0.0,2.156316347927046,2.759432132677705e-06,-0.00013797326456414503,0.01655505481415352,True
3600,3558,142.32,02/28/2026 10:14:44.960,2.456025449,0.0,2.1565763469632113,2.757038312495765e-06,-0.00013785357211678584,0.016526343823760524,True
3601,3559,142.36,02/28/2026 10:14:45.000,2.456025449,0.0,2.156836115472487,2.7546466147829254e-06,-0.00013773398579415696,0.016497683175373,True
3602,3560,142.4,02/28/2026 10:14:45.040,2.456025449,0.0,2.157095653672113,2.7522570375390562e-06,-0.00013761450549625034,0.01646907277882807,True
3603,3561,142.44,02/28/2026 10:14:45.080,2.456025449,0.0,2.157354961779092,2.7498695787661977e-06,-0.00013749513112316727,0.016440512544130644,True
3604,3562,142.48,02/28/2026 10:14:45.120,2.456025449,0.0,2.15761404001019,2.7474842364685896e-06,-0.00013737586257511815,0.016412002381453458,True
3605,3563,142.52,02/28/2026 10:14:45.160,2.456025449,0.0,2.157872888581936,2.7451010086526275e-06,-0.00013725669975242242,0.016383542201136372,True
3606,3564,142.56,02/28/2026 10:14:45.200,2.456025449,0.0,2.1581315077106207,2.7427198933269146e-06,-0.00013713764255550832,0.016355131913686465,True
3607,3565,142.6,02/28/2026 10:14:45.240,2.456025449,0.0,2.1583898976123015,2.7403408885022185e-06,-0.00013701869088491287,0.01632677142977735,True
3608,3566,142.64000000000001,02/28/2026 10:14:45.280,2.456025449,0.0,2.158648058502798,2.7379639921914745e-06,-0.00013689984464128167,0.016298460660248967,True
3609,3567,142.68,02/28/2026 10:14:45.320,2.456025449,0.0,2.158905990597695,2.7355892024097858e-06,-0.0001367811037253687,0.016270199516107264,True
3610,3568,142.72,02/28/2026 10:14:45.360,2.456025449,0.0,2.1591636941123427,2.7332165171744172e-06,-0.00013666246803803618,0.016241987908523815,True
3611,3569,142.76,02/28/2026 10:14:45.400,2.456025449,0.0,2.1594211692618557,2.7308459345047903e-06,-0.00013654393748025438,0.01621382574883547,True
3612,3570,142.8,02/28/2026 10:14:45.440,2.456025449,0.0,2.159678416261115,2.7284774524225e-06,-0.00013642551195310144,0.01618571294854424,True
3613,3571,142.84,02/28/2026 10:14:45.480,2.456025449,0.0,2.159935435324766,2.726111068951291e-06,-0.00013630719135776338,0.016157649419316713,True
3614,3572,142.88,02/28/2026 10:14:45.520,2.456025449,0.0,2.160192226667222,2.7237467821170586e-06,-0.00013618897559553383,0.0161296350729838,True
3615,3573,142.92000000000002,02/28/2026 10:14:45.560,2.456025449,0.0,2.160448790502662,2.7213845899478496e-06,-0.00013607086456781387,0.016101669821540463,True
3616,3574,142.96,02/28/2026 10:14:45.600,2.456025449,0.0,2.1607051270450324,2.719024490473848e-06,-0.0001359528581761119,0.016073753577145324,True
3617,3575,143.0,02/28/2026 10:14:45.640,2.456025449,0.0,2.1609612365080455,2.716666481727393e-06,-0.00013583495632204351,0.01604588625212042,True
3618,3576,143.04,02/28/2026 10:14:45.680,2.456025449,0.0,2.1612171191051828,2.714310561742958e-06,-0.0001357171589073312,0.016018067758950767,True
3619,3577,143.08,02/28/2026 10:14:45.720,2.456025449,0.0,2.1614727750496923,2.711956728557162e-06,-0.00013559946583380445,0.015990298010284162,True
3620,3578,143.12,02/28/2026 10:14:45.760,2.456025449,0.0,2.1617282045545907,2.709604980208754e-06,-0.00013548187700339939,0.015962576918930785,True
3621,3579,143.16,02/28/2026 10:14:45.800,2.456025449,0.0,2.1619834078326647,2.7072553147386045e-06,-0.0001353643923181588,0.015934904397862763,True
3622,3580,143.20000000000002,02/28/2026 10:14:45.840,2.456025449,0.0,2.1622383850964675,2.704907730189717e-06,-0.00013524701168023177,0.015907280360214115,True
3623,3581,143.24,02/28/2026 10:14:45.880,2.456025449,0.0,2.162493136558322,2.70256222460723e-06,-0.00013512973499187368,0.01587970471928027,True
3624,3582,143.28,02/28/2026 10:14:45.920,2.456025449,0.0,2.162747662430322,2.7002187960383947e-06,-0.00013501256215544603,0.01585217738851771,True
3625,3583,143.32,02/28/2026 10:14:45.960,2.456025449,0.0,2.16300196292433,2.6978774425325857e-06,-0.00013489549307341627,0.01582469828154371,True
3626,3584,143.36,02/28/2026 10:14:46.000,2.456025449,0.0,2.163256038251979,2.6955381621412834e-06,-0.00013477852764835768,0.015797267312135994,True
3627,3585,143.4,02/28/2026 10:14:46.040,2.456025449,0.0,2.163509888624672,2.6932009529180973e-06,-0.00013466166578294912,0.01576988439423251,True
3628,3586,143.44,02/28/2026 10:14:46.080,2.456025449,0.0,2.1637635142535836,2.6908658129187318e-06,-0.000134544907379975,0.015742549441930934,True
3629,3587,143.48,02/28/2026 10:14:46.120,2.456025449,0.0,2.164016915349659,2.6885327402010136e-06,-0.00013442825234232514,0.015715262369488562,True
3630,3588,143.52,02/28/2026 10:14:46.160,2.456025449,0.0,2.164270092123615,2.686201732824858e-06,-0.0001343117005729945,0.01568802309132176,True
3631,3589,143.56,02/28/2026 10:14:46.200,2.456025449,0.0,2.1645230447859407,2.6838727888522932e-06,-0.0001341952519750831,0.015660831522005893,True
3632,3590,143.6,02/28/2026 10:14:46.240,2.456025449,0.0,2.1647757735468964,2.681545906347436e-06,-0.00013407890645179585,0.01563368757627475,True
3633,3591,143.64000000000001,02/28/2026 10:14:46.280,2.456025449,0.0,2.1650282786165156,2.6792210833765024e-06,-0.00013396266390644252,0.01560659116902051,True
3634,3592,143.68,02/28/2026 10:14:46.320,2.456025449,0.0,2.1652805602046032,2.676898318007813e-06,-0.00013384652424243738,0.01557954221529327,True
3635,3593,143.72,02/28/2026 10:14:46.360,2.456025449,0.0,2.1655326185207384,2.6745776083117673e-06,-0.0001337304873632993,0.015552540630300734,True
3636,3594,143.76,02/28/2026 10:14:46.400,2.456025449,0.0,2.165784453774274,2.6722589523608504e-06,-0.00013361455317265148,0.015525586329407863,True
3637,3595,143.8,02/28/2026 10:14:46.440,2.456025449,0.0,2.166036066174336,2.6699423482296327e-06,-0.0001334987215742212,0.015498679228136676,True
3638,3596,143.84,02/28/2026 10:14:46.480,2.456025449,0.0,2.166287455929824,2.6676277939947568e-06,-0.00013338299247183985,0.015471819242165799,True
3639,3597,143.88,02/28/2026 10:14:46.520,2.456025449,0.0,2.1665386232494135,2.6653152877349474e-06,-0.0001332673657694426,0.015445006287330318,True
3640,3598,143.92000000000002,02/28/2026 10:14:46.560,2.456025449,0.0,2.166789568341552,2.6630048275310134e-06,-0.0001331518413710684,0.015418240279621399,True
3641,3599,143.96,02/28/2026 10:14:46.600,2.456025449,0.0,2.1670402914144646,2.6606964114658287e-06,-0.00013303641918085984,0.015391521135185915,True
3642,3600,144.0,02/28/2026 10:14:46.640,2.456025449,0.0,2.16729079267615,2.6583900376243395e-06,-0.00013292109910306292,0.01536484877032625,True
3643,3601,144.04,02/28/2026 10:14:46.680,2.456025449,0.0,2.1675410723343838,2.656085704093549e-06,-0.00013280588104202696,0.015338223101499838,True
3644,3602,144.08,02/28/2026 10:14:46.720,2.456025449,0.0,2.167791130596716,2.653783408962531e-06,-0.0001326907649022044,0.015311644045319022,True
3645,3603,144.12,02/28/2026 10:14:46.760,2.456025449,0.0,2.1680409676704735,2.6514831503224256e-06,-0.00013257575058815078,0.015285111518550715,True
3646,3604,144.16,02/28/2026 10:14:46.800,2.456025449,0.0,2.168290583762761,2.6491849262664128e-06,-0.00013246083800452446,0.015258625438115897,True
3647,3605,144.20000000000002,02/28/2026 10:14:46.840,2.456025449,0.0,2.1685399790804585,2.646888734889742e-06,-0.00013234602705608647,0.015232185721089664,True
3648,3606,144.24,02/28/2026 10:14:46.880,2.456025449,0.0,2.168789153830223,2.6445945742897095e-06,-0.0001322313176477005,0.0152057922847006,True
3649,3607,144.28,02/28/2026 10:14:46.920,2.456025449,0.0,2.16903810821849,2.642302442565656e-06,-0.00013211670968433264,0.015179445046330628,True
3650,3608,144.32,02/28/2026 10:14:46.960,2.456025449,0.0,2.1692868424514726,2.640012337818982e-06,-0.00013200220307105128,0.015153143923514757,True
3651,3609,144.36,02/28/2026 10:14:47.000,2.456025449,0.0,2.1695353567351616,2.6377242581531134e-06,-0.000131887797713027,0.015126888833940548,True
3652,3610,144.4,02/28/2026 10:14:47.040,2.456025449,0.0,2.1697836512753264,2.6354382016735286e-06,-0.00013177349351553238,0.015100679695448142,True
3653,3611,144.44,02/28/2026 10:14:47.080,2.456025449,0.0,2.170031726277515,2.6331541664877377e-06,-0.00013165929038394183,0.015074516426029671,True
3654,3612,144.48,02/28/2026 10:14:47.120,2.456025449,0.0,2.1702795819470544,2.630872150705283e-06,-0.00013154518822373155,0.01504839894382907,True
3655,3613,144.52,02/28/2026 10:14:47.160,2.456025449,0.0,2.1705272184890516,2.6285921524377407e-06,-0.0001314311869404792,0.015022327167141835,True
3656,3614,144.56,02/28/2026 10:14:47.200,2.456025449,0.0,2.1707746361083924,2.6263141697987243e-06,-0.000131317286439864,0.014996301014414693,True
3657,3615,144.6,02/28/2026 10:14:47.240,2.456025449,0.0,2.1710218350097428,2.6240382009038632e-06,-0.00013120348662766645,0.014970320404245206,True
3658,3616,144.64000000000001,02/28/2026 10:14:47.280,2.456025449,0.0,2.1712688153975495,2.6217642438708105e-06,-0.00013108978740976814,0.014944385255381535,True
3659,3617,144.68,02/28/2026 10:14:47.320,2.456025449,0.0,2.171515577476039,2.6194922968192457e-06,-0.0001309761886921518,0.014918495486722246,True
3660,3618,144.72,02/28/2026 10:14:47.360,2.456025449,0.0,2.1717621214492193,2.617222357870859e-06,-0.0001308626903809009,0.014892651017315834,True
3661,3619,144.76,02/28/2026 10:14:47.400,2.456025449,0.0,2.17200844752088,2.6149544251493528e-06,-0.00013074929238219974,0.014866851766360531,True
3662,3620,144.8,02/28/2026 10:14:47.440,2.456025449,0.0,2.1722545558945896,2.612688496780458e-06,-0.0001306359946023332,0.01484109765320411,True
3663,3621,144.84,02/28/2026 10:14:47.480,2.456025449,0.0,2.172500446773702,2.610424570891904e-06,-0.00013052279694768663,0.014815388597343328,True
3664,3622,144.88,02/28/2026 10:14:47.520,2.456025449,0.0,2.1727461203613507,2.6081626456134244e-06,-0.00013040969932474569,0.014789724518423851,True
3665,3623,144.92000000000002,02/28/2026 10:14:47.560,2.456025449,0.0,2.172991576860453,2.6059027190767528e-06,-0.00013029670164009624,0.014764105336239826,True
3666,3624,144.96,02/28/2026 10:14:47.600,2.456025449,0.0,2.1732368164737075,2.6036447894156345e-06,-0.0001301838038004242,0.014738530970733773,True
3667,3625,145.0,02/28/2026 10:14:47.640,2.456025449,0.0,2.173481839403597,2.601388854765801e-06,-0.00013007100571251525,0.01471300134199603,True
3668,3626,145.04,02/28/2026 10:14:47.680,2.456025449,0.0,2.1737266458523874,2.599134913264987e-06,-0.00012995830728325497,0.014687516370264712,True
3669,3627,145.08,02/28/2026 10:14:47.720,2.456025449,0.0,2.1739712360221275,2.5968829630529254e-06,-0.0001298457084196285,0.014662075975925306,True
3670,3628,145.12,02/28/2026 10:14:47.760,2.456025449,0.0,2.17421561011465,2.5946330022713307e-06,-0.00012973320902872053,0.014636680079510337,True
3671,3629,145.16,02/28/2026 10:14:47.800,2.456025449,0.0,2.1744597683315727,2.5923850290639084e-06,-0.00012962080901771515,0.014611328601699183,True
3672,3630,145.20000000000002,02/28/2026 10:14:47.840,2.456025449,0.0,2.1747037108742973,2.5901390415763403e-06,-0.00012950850829389555,0.014586021463317647,True
3673,3631,145.24,02/28/2026 10:14:47.880,2.456025449,0.0,2.1749474379440104,2.5878950379562967e-06,-0.0001293963067646441,0.014560758585337886,True
3674,3632,145.28,02/28/2026 10:14:47.920,2.456025449,0.0,2.1751909497416837,2.585653016353418e-06,-0.000129284204337442,0.014535539888877815,True
3675,3633,145.32,02/28/2026 10:14:47.960,2.456025449,0.0,2.1754342464680736,2.5834129749193306e-06,-0.00012917220091986933,0.014510365295201187,True
3676,3634,145.36,02/28/2026 10:14:48.000,2.456025449,0.0,2.1756773283237236,2.5811749118076303e-06,-0.00012906029641960478,0.014485234725717017,True
3677,3635,145.4,02/28/2026 10:14:48.040,2.456025449,0.0,2.175920195508962,2.578938825173889e-06,-0.00012894849074442558,0.014460148101979415,True
3678,3636,145.44,02/28/2026 10:14:48.080,2.456025449,0.0,2.1761628482239037,2.5767047131756372e-06,-0.00012883678380220737,0.014435105345687236,True
3679,3637,145.48,02/28/2026 10:14:48.120,2.456025449,0.0,2.17640528666845,2.5744725739723794e-06,-0.00012872517550092407,0.014410106378683955,True
3680,3638,145.52,02/28/2026 10:14:48.160,2.456025449,0.0,2.176647511042289,2.5722424057255804e-06,-0.00012861366574864775,0.014385151122957216,True
3681,3639,145.56,02/28/2026 10:14:48.200,2.456025449,0.0,2.1768895215448967,2.570014206598658e-06,-0.0001285022544535484,0.014360239500638505,True
3682,3640,145.6,02/28/2026 10:14:48.240,2.456025449,0.0,2.1771313183755354,2.567787974756996e-06,-0.000128390941523894,0.014335371434003135,True
3683,3641,145.64000000000001,02/28/2026 10:14:48.280,2.456025449,0.0,2.177372901733256,2.5655637083679326e-06,-0.00012827972686805012,0.01431054684546973,True
3684,3642,145.68,02/28/2026 10:14:48.320,2.456025449,0.0,2.1776142718168976,2.5633414056007414e-06,-0.00012816861039447998,0.014285765657599894,True
3685,3643,145.72,02/28/2026 10:14:48.360,2.456025449,0.0,2.1778554288250866,2.561121064626656e-06,-0.00012805759201174418,0.01426102779309819,True
3686,3644,145.76,02/28/2026 10:14:48.400,2.456025449,0.0,2.1780963729562384,2.558902683618865e-06,-0.00012794667162850066,0.014236333174811723,True
3687,3645,145.8,02/28/2026 10:14:48.440,2.456025449,0.0,2.1783371044085573,2.5566862607525034e-06,-0.0001278358491535046,0.01421168172572981,True
3688,3646,145.84,02/28/2026 10:14:48.480,2.456025449,0.0,2.1785776233800376,2.554471794204626e-06,-0.00012772512449560821,0.014187073368983668,True
3689,3647,145.88,02/28/2026 10:14:48.520,2.456025449,0.0,2.178817930068462,2.552259282154237e-06,-0.00012761449756376063,0.014162508027846332,True
3690,3648,145.92000000000002,02/28/2026 10:14:48.560,2.456025449,0.0,2.179058024671403,2.550048722782276e-06,-0.00012750396826700778,0.014137985625732152,True
3691,3649,145.96,02/28/2026 10:14:48.600,2.456025449,0.0,2.179297907386224,2.5478401142716198e-06,-0.0001273935365144922,0.01411350608619675,True
3692,3650,146.0,02/28/2026 10:14:48.640,2.456025449,0.0,2.179537578410078,2.545633454807067e-06,-0.00012728320221545302,0.014089069332936473,True
3693,3651,146.04,02/28/2026 10:14:48.680,2.456025449,0.0,2.1797770379399086,2.5434287425753555e-06,-0.00012717296527922566,0.014064675289788402,True
3694,3652,146.08,02/28/2026 10:14:48.720,2.456025449,0.0,2.180016286172451,2.5412259757651424e-06,-0.00012706282561524191,0.01404032388072982,True
3695,3653,146.12,02/28/2026 10:14:48.760,2.456025449,0.0,2.18025532330423,2.539025152567004e-06,-0.0001269527831330297,0.014016015029878096,True
3696,3654,146.16,02/28/2026 10:14:48.800,2.456025449,0.0,2.1804941495315644,2.5368262711734394e-06,-0.00012684283774221282,0.013991748661490366,True
3697,3655,146.20000000000002,02/28/2026 10:14:48.840,2.456025449,0.0,2.1807327650505623,2.53462932977886e-06,-0.000126732989352511,0.013967524699963228,True
3698,3656,146.24,02/28/2026 10:14:48.880,2.456025449,0.0,2.1809711700571257,2.5324343265796004e-06,-0.00012662323787373972,0.01394334306983255,True
3699,3657,146.28,02/28/2026 10:14:48.920,2.456025449,0.0,2.1812093647469477,2.5302412597739054e-06,-0.00012651358321581004,0.01391920369577314,True
3700,3658,146.32,02/28/2026 10:14:48.960,2.456025449,0.0,2.1814473493155146,2.5280501275619204e-06,-0.00012640402528872846,0.013895106502598406,True
3701,3659,146.36,02/28/2026 10:14:49.000,2.456025449,0.0,2.181685123958105,2.5258609281457146e-06,-0.00012629456400259687,0.013871051415260304,True
3702,3660,146.4,02/28/2026 10:14:49.040,2.456025449,0.0,2.181922688869791,2.5236736597292525e-06,-0.0001261851992676124,0.01384703835884885,True
3703,3661,146.44,02/28/2026 10:14:49.080,2.456025449,0.0,2.182160044245439,2.5214883205183985e-06,-0.00012607593099406728,0.0138230672585919,True
3704,3662,146.48,02/28/2026 10:14:49.120,2.456025449,0.0,2.182397190279708,2.519304908720907e-06,-0.00012596675909234866,0.013799138039854858,True
3705,3663,146.52,02/28/2026 10:14:49.160,2.456025449,0.0,2.1826341271670513,2.5171234225464447e-06,-0.00012585768347293845,0.013775250628140615,True
3706,3664,146.56,02/28/2026 10:14:49.200,2.456025449,0.0,2.1828708551017164,2.5149438602065648e-06,-0.0001257487040464133,0.013751404949088985,True
3707,3665,146.6,02/28/2026 10:14:49.240,2.456025449,0.0,2.1831073742777463,2.512766219914715e-06,-0.00012563982072344445,0.013727600928476608,True
3708,3666,146.64000000000001,02/28/2026 10:14:49.280,2.456025449,0.0,2.1833436848889773,2.510590499886229e-06,-0.00012553103341479756,0.013703838492216684,True
3709,3667,146.68,02/28/2026 10:14:49.320,2.456025449,0.0,2.1835797871290423,2.5084166983383247e-06,-0.00012542234203133262,0.013680117566358611,True
3710,3668,146.72,02/28/2026 10:14:49.360,2.456025449,0.0,2.1838156811913687,2.5062448134901132e-06,-0.00012531374648400379,0.013656438077087864,True
3711,3669,146.76,02/28/2026 10:14:49.400,2.456025449,0.0,2.1840513672691797,2.5040748435625783e-06,-0.00012520524668385927,0.013632799950725557,True
3712,3670,146.8,02/28/2026 10:14:49.440,2.456025449,0.0,2.184286845555495,2.5019067867785795e-06,-0.00012509684254204123,0.013609203113728268,True
3713,3671,146.84,02/28/2026 10:14:49.480,2.456025449,0.0,2.18452211624313,2.4997406413628646e-06,-0.00012498853396978557,0.013585647492687852,True
3714,3672,146.88,02/28/2026 10:14:49.520,2.456025449,0.0,2.1847571795246963,2.4975764055420442e-06,-0.000124880320878422,0.013562133014331037,True
3715,3673,146.92000000000002,02/28/2026 10:14:49.560,2.456025449,0.0,2.184992035592603,2.4954140775446113e-06,-0.00012477220317937365,0.01353865960551928,True
3716,3674,146.96,02/28/2026 10:14:49.600,2.456025449,0.0,2.1852266846390567,2.493253655600912e-06,-0.0001246641807841572,0.013515227193248321,True
3717,3675,147.0,02/28/2026 10:14:49.640,2.456025449,0.0,2.1854611268560604,2.4910951379431566e-06,-0.00012455625360438248,0.013491835704648082,True
3718,3676,147.04,02/28/2026 10:14:49.680,2.456025449,0.0,2.1856953624354145,2.4889385228054337e-06,-0.00012444842155175253,0.01346848506698251,True
3719,3677,147.08,02/28/2026 10:14:49.720,2.456025449,0.0,2.185929391568718,2.4867838084236945e-06,-0.00012434068453806346,0.01344517520764908,True
3720,3678,147.12,02/28/2026 10:14:49.760,2.456025449,0.0,2.1861632144473684,2.484630993035729e-06,-0.00012423304247520433,0.013421906054178536,True
3721,3679,147.16,02/28/2026 10:14:49.800,2.456025449,0.0,2.18639683126256,2.482480074881208e-06,-0.00012412549527515698,0.013398677534234937,True
3722,3680,147.20000000000002,02/28/2026 10:14:49.840,2.456025449,0.0,2.186630242205288,2.4803310522016334e-06,-0.0001240180428499959,0.013375489575614961,True
3723,3681,147.24,02/28/2026 10:14:49.880,2.456025449,0.0,2.1868634474663446,2.4781839232403635e-06,-0.00012391068511188806,0.013352342106247993,True
3724,3682,147.28,02/28/2026 10:14:49.920,2.456025449,0.0,2.187096447236323,2.47603868624261e-06,-0.0001238034219730929,0.013329235054195721,True
3725,3683,147.32,02/28/2026 10:14:49.960,2.456025449,0.0,2.1873292417056143,2.473895339455432e-06,-0.00012369625334596215,0.013306168347651939,True
3726,3684,147.36,02/28/2026 10:14:50.000,2.456025449,0.0,2.1875618310644103,2.471753881127724e-06,-0.0001235891791429397,0.01328314191494219,True
3727,3685,147.4,02/28/2026 10:14:50.040,2.456025449,0.0,2.1877942155027026,2.4696143095102367e-06,-0.00012348219927656151,0.01326015568452367,True
3728,3686,147.44,02/28/2026 10:14:50.080,2.456025449,0.0,2.1880263952102834,2.467476622855546e-06,-0.00012337531365945554,0.013237209584984784,True
3729,3687,147.48,02/28/2026 10:14:50.120,2.456025449,0.0,2.1882583703767446,2.4653408194180606e-06,-0.00012326852220434143,0.013214303545044985,True
3730,3688,147.52,02/28/2026 10:14:50.160,2.456025449,0.0,2.1884901411914806,2.463206897454031e-06,-0.00012316182482403055,0.013191437493554573,True
3731,3689,147.56,02/28/2026 10:14:50.200,2.456025449,0.0,2.1887217078436856,2.4610748552215398e-06,-0.0001230552214314258,0.013168611359494356,True
3732,3690,147.6,02/28/2026 10:14:50.240,2.456025449,0.0,2.188953070522355,2.458944690980489e-06,-0.0001229487119395215,0.013145825071975393,True
3733,3691,147.64000000000001,02/28/2026 10:14:50.280,2.456025449,0.0,2.1891842294162878,2.4568164029926095e-06,-0.00012284229626140328,0.0131230785602388,True
3734,3692,147.68,02/28/2026 10:14:50.320,2.456025449,0.0,2.189415184714082,2.454689989521463e-06,-0.00012273597431024797,0.013100371753655502,True
3735,3693,147.72,02/28/2026 10:14:50.360,2.456025449,0.0,2.18964593660414,2.452565448832431e-06,-0.00012262974599932345,0.013077704581725932,True
3736,3694,147.76,02/28/2026 10:14:50.400,2.456025449,0.0,2.1898764852746666,2.4504427791927095e-06,-0.00012252361124198856,0.013055076974079741,True
3737,3695,147.8,02/28/2026 10:14:50.440,2.456025449,0.0,2.1901068309136678,2.448321978871308e-06,-0.00012241756995169296,0.01303248886047565,True
3738,3696,147.84,02/28/2026 10:14:50.480,2.456025449,0.0,2.1903369737089537,2.446203046139061e-06,-0.00012231162204197698,0.01300994017080119,True
3739,3697,147.88,02/28/2026 10:14:50.520,2.456025449,0.0,2.190566913848138,2.4440859792685976e-06,-0.00012220576742647156,0.012987430835072292,True
3740,3698,147.92000000000002,02/28/2026 10:14:50.560,2.456025449,0.0,2.190796651518637,2.441970776534372e-06,-0.00012210000601889804,0.012964960783433298,True
3741,3699,147.96,02/28/2026 10:14:50.600,2.456025449,0.0,2.191026186907671,2.4398574362126403e-06,-0.0001219943377330681,0.012942529946156496,True
3742,3700,148.0,02/28/2026 10:14:50.640,2.456025449,0.0,2.1912555202022643,2.437745956581464e-06,-0.00012188876248288371,0.012920138253641973,True
3743,3701,148.04,02/28/2026 10:14:50.680,2.456025449,0.0,2.191484651589246,2.4356363359206988e-06,-0.00012178328018233691,0.012897785636417308,True
3744,3702,148.08,02/28/2026 10:14:50.720,2.456025449,0.0,2.1917135812552497,2.433528572512009e-06,-0.00012167789074550967,0.012875472025137438,True
3745,3703,148.12,02/28/2026 10:14:50.760,2.456025449,0.0,2.1919423093867128,2.431422664638849e-06,-0.00012157259408657382,0.01285319735058423,True
3746,3704,148.16,02/28/2026 10:14:50.800,2.456025449,0.0,2.1921708361698786,2.4293186105864773e-06,-0.00012146739011979097,0.012830961543666456,True
3747,3705,148.20000000000002,02/28/2026 10:14:50.840,2.456025449,0.0,2.1923991617907967,2.4272164086419337e-06,-0.00012136227875951232,0.012808764535419292,True
3748,3706,148.24,02/28/2026 10:14:50.880,2.456025449,0.0,2.1926272864353202,2.4251160570940473e-06,-0.00012125725992017856,0.012786606257004287,True
3749,3707,148.28,02/28/2026 10:14:50.920,2.456025449,0.0,2.1928552102891095,2.4230175542334464e-06,-0.00012115233351631971,0.012764486639709093,True
3750,3708,148.32,02/28/2026 10:14:50.960,2.456025449,0.0,2.1930829335376307,2.4209208983525387e-06,-0.00012104749946255514,0.01274240561494708,True
3751,3709,148.36,02/28/2026 10:14:51.000,2.456025449,0.0,2.1933104563661567,2.4188260877455016e-06,-0.00012094275767359327,0.01272036311425715,True
3752,3710,148.4,02/28/2026 10:14:51.040,2.456025449,0.0,2.193537778959766,2.4167331207083156e-06,-0.00012083810806423147,0.012698359069303654,True
3753,3711,148.44,02/28/2026 10:14:51.080,2.456025449,0.0,2.193764901503345,2.414641995538725e-06,-0.00012073355054935618,0.012676393411875927,True
3754,3712,148.48,02/28/2026 10:14:51.120,2.456025449,0.0,2.193991824181587,2.412552710536259e-06,-0.00012062908504394258,0.012654466073888211,True
3755,3713,148.52,02/28/2026 10:14:51.160,2.456025449,0.0,2.1942185471789917,2.4104652640022135e-06,-0.00012052471146305449,0.012632576987379265,True
3756,3714,148.56,02/28/2026 10:14:51.200,2.456025449,0.0,2.1944450706798677,2.4083796542396614e-06,-0.00012042042972184435,0.012610726084512287,True
3757,3715,148.6,02/28/2026 10:14:51.240,2.456025449,0.0,2.1946713948683314,2.406295879553436e-06,-0.00012031623973555297,0.012588913297574498,True
3758,3716,148.64000000000001,02/28/2026 10:14:51.280,2.456025449,0.0,2.194897519928307,2.404213938250129e-06,-0.00012021214141950947,0.012567138558976974,True
3759,3717,148.68,02/28/2026 10:14:51.320,2.456025449,0.0,2.1951234460435276,2.4021338286381188e-06,-0.00012010813468913111,0.012545401801254545,True
3760,3718,148.72,02/28/2026 10:14:51.360,2.456025449,0.0,2.195349173397534,2.4000555490275245e-06,-0.00012000421945992334,0.012523702957065333,True
3761,3719,148.76,02/28/2026 10:14:51.400,2.456025449,0.0,2.1955747021736767,2.397979097730234e-06,-0.00011990039564747945,0.012502041959190626,True
3762,3720,148.8,02/28/2026 10:14:51.440,2.456025449,0.0,2.1958000325551144,2.395904473059901e-06,-0.00011979666316748066,0.01248041874053475,True
3763,3721,148.84,02/28/2026 10:14:51.480,2.456025449,0.0,2.196025164724817,2.393831673331922e-06,-0.00011969302193569594,0.012458833234124536,True
3764,3722,148.88,02/28/2026 10:14:51.520,2.456025449,0.0,2.196250098865563,2.3917606968634487e-06,-0.00011958947186798185,0.012437285373109355,True
3765,3723,148.92000000000002,02/28/2026 10:14:51.560,2.456025449,0.0,2.1964748351599406,2.389691541973373e-06,-0.00011948601288028243,0.012415775090760705,True
3766,3724,148.96,02/28/2026 10:14:51.600,2.456025449,0.0,2.1966993737903486,2.3876242069823525e-06,-0.00011938264488862909,0.012394302320472192,True
3767,3725,149.0,02/28/2026 10:14:51.640,2.456025449,0.0,2.196923714938996,2.3855586902127797e-06,-0.00011927936780914056,0.012372866995759044,True
3768,3726,149.04,02/28/2026 10:14:51.680,2.456025449,0.0,2.1971478587879023,2.383494989988794e-06,-0.00011917618155802272,0.012351469050258041,True
3769,3727,149.08,02/28/2026 10:14:51.720,2.456025449,0.0,2.1973718055188987,2.381433104636277e-06,-0.00011907308605156849,0.012330108417727213,True
3770,3728,149.12,02/28/2026 10:14:51.760,2.456025449,0.0,2.1975955553136273,2.379373032482835e-06,-0.00011897008120615769,0.012308785032045546,True
3771,3729,149.16,02/28/2026 10:14:51.800,2.456025449,0.0,2.1978191083535408,2.3773147718578254e-06,-0.00011886716693825695,0.012287498827212954,True
3772,3730,149.20000000000002,02/28/2026 10:14:51.840,2.456025449,0.0,2.1980424648199044,2.375258321092336e-06,-0.00011876434316441959,0.012266249737349865,True
3773,3731,149.24,02/28/2026 10:14:51.880,2.456025449,0.0,2.198265624893795,2.373203678519189e-06,-0.00011866160980128551,0.012245037696697022,True
3774,3732,149.28,02/28/2026 10:14:51.920,2.456025449,0.0,2.198488588756102,2.37115084247293e-06,-0.00011855896676558115,0.012223862639615259,True
3775,3733,149.32,02/28/2026 10:14:51.960,2.456025449,0.0,2.198711356587527,2.3690998112898273e-06,-0.00011845641397411923,0.012202724500585259,True
3776,3734,149.36,02/28/2026 10:14:52.000,2.456025449,0.0,2.198933928568584,2.3670505833078844e-06,-0.00011835395134379871,0.01218162321420741,True
3777,3735,149.4,02/28/2026 10:14:52.040,2.456025449,0.0,2.1991563048796,2.3650031568668186e-06,-0.00011825157879160468,0.012160558715201454,True
3778,3736,149.44,02/28/2026 10:14:52.080,2.456025449,0.0,2.199378485700716,2.3629575303080743e-06,-0.00011814929623460822,0.012139530938406308,True
3779,3737,149.48,02/28/2026 10:14:52.120,2.456025449,0.0,2.1996004712118844,2.3609137019748186e-06,-0.00011804710358996639,0.012118539818779937,True
3780,3738,149.52,02/28/2026 10:14:52.160,2.456025449,0.0,2.1998222615928733,2.3588716702119263e-06,-0.00011794500077492199,0.012097585291398875,True
3781,3739,149.56,02/28/2026 10:14:52.200,2.456025449,0.0,2.2000438570232634,2.3568314333659856e-06,-0.00011784298770680351,0.012076667291458213,True
3782,3740,149.6,02/28/2026 10:14:52.240,2.456025449,0.0,2.200265257682451,2.3547929897852933e-06,-0.00011774106430302503,0.012055785754271296,True
3783,3741,149.64000000000001,02/28/2026 10:14:52.280,2.456025449,0.0,2.2004864637496455,2.3527563378198564e-06,-0.00011763923048108603,0.012034940615269468,True
3784,3742,149.68,02/28/2026 10:14:52.320,2.456025449,0.0,2.2007074754038705,2.3507214758213974e-06,-0.00011753748615857132,0.012014131810001988,True
3785,3743,149.72,02/28/2026 10:14:52.360,2.456025449,0.0,2.2009282928239657,2.3486884021433405e-06,-0.000117435831253151,0.011993359274135616,True
3786,3744,149.76,02/28/2026 10:14:52.400,2.456025449,0.0,2.2011489161885858,2.346657115140804e-06,-0.00011733426568258025,0.01197262294345438,True
3787,3745,149.8,02/28/2026 10:14:52.440,2.456025449,0.0,2.2013693456762,2.3446276131706095e-06,-0.00011723278936469927,0.011951922753859598,True
3788,3746,149.84,02/28/2026 10:14:52.480,2.456025449,0.0,2.201589581465093,2.3425998945912862e-06,-0.00011713140221743316,0.011931258641369416,True
3789,3747,149.88,02/28/2026 10:14:52.520,2.456025449,0.0,2.201809623733367,2.3405739577630437e-06,-0.0001170301041587918,0.011910630542118631,True
3790,3748,149.92000000000002,02/28/2026 10:14:52.560,2.456025449,0.0,2.2020294726589387,2.3385498010477937e-06,-0.00011692889510686969,0.011890038392358486,True
3791,3749,149.96,02/28/2026 10:14:52.600,2.456025449,0.0,2.2022491284195413,2.336527422809145e-06,-0.00011682777497984596,0.011869482128456543,True
3792,3750,150.0,02/28/2026 10:14:52.640,2.456025449,0.0,2.2024685911927246,2.3345068214123864e-06,-0.00011672674369598422,0.011848961686896276,True
3793,3751,150.04,02/28/2026 10:14:52.680,2.456025449,0.0,2.202687861155856,2.332487995224501e-06,-0.0001166258011736324,0.011828477004277018,True
3794,3752,150.08,02/28/2026 10:14:52.720,2.456025449,0.0,2.2029069384861186,2.330470942614141e-06,-0.00011652494733122267,0.011808028017313545,True
3795,3753,150.12,02/28/2026 10:14:52.760,2.456025449,0.0,2.203125823360514,2.3284556619516566e-06,-0.00011642418208727131,0.011787614662836097,True
3796,3754,150.16,02/28/2026 10:14:52.800,2.456025449,0.0,2.203344515955861,2.3264421516090667e-06,-0.00011632350536037856,0.011767236877789902,True
3797,3755,150.20000000000002,02/28/2026 10:14:52.840,2.456025449,0.0,2.2035630164487956,2.324430409960077e-06,-0.00011622291706922858,0.011746894599235183,True
3798,3756,150.24,02/28/2026 10:14:52.880,2.456025449,0.0,2.2037813250157723,2.322420435380062e-06,-0.00011612241713258933,0.011726587764346794,True
3799,3757,150.28,02/28/2026 10:14:52.920,2.456025449,0.0,2.2039994418330626,2.320412226246088e-06,-0.00011602200546931248,0.011706316310414121,True
3800,3758,150.32,02/28/2026 10:14:52.960,2.456025449,0.0,2.2042173670767586,2.318405780936875e-06,-0.00011592168199833333,0.011686080174840652,True
3801,3759,150.36,02/28/2026 10:14:53.000,2.456025449,0.0,2.2044351009227694,2.3164010978328206e-06,-0.00011582144663867063,0.01166587929514402,True
3802,3760,150.4,02/28/2026 10:14:53.040,2.456025449,0.0,2.204652643546823,2.314398175315982e-06,-0.00011572129930942647,0.01164571360895552,True
3803,3761,150.44,02/28/2026 10:14:53.080,2.456025449,0.0,2.2048699951244686,2.31239701177008e-06,-0.00011562123992978621,0.011625583054020108,True
3804,3762,150.48,02/28/2026 10:14:53.120,2.456025449,0.0,2.2050871558310723,2.31039760558051e-06,-0.00011552126841901832,0.011605487568196097,True
3805,3763,150.52,02/28/2026 10:14:53.160,2.456025449,0.0,2.205304125841821,2.3083999551343146e-06,-0.0001154213846964743,0.011585427089454904,True
3806,3764,150.56,02/28/2026 10:14:53.200,2.456025449,0.0,2.2055209053317215,2.306404058820202e-06,-0.00011532158868158859,0.011565401555880886,True
3807,3765,150.6,02/28/2026 10:14:53.240,2.456025449,0.0,2.2057374944755996,2.304409915028544e-06,-0.00011522188029387843,0.011545410905671174,True
3808,3766,150.64000000000001,02/28/2026 10:14:53.280,2.456025449,0.0,2.205953893448103,2.3024175221513584e-06,-0.00011512225945294384,0.011525455077135288,True
3809,3767,150.68,02/28/2026 10:14:53.320,2.456025449,0.0,2.2061701024236995,2.30042687858232e-06,-0.00011502272607846743,0.011505534008695112,True
3810,3768,150.72,02/28/2026 10:14:53.360,2.456025449,0.0,2.206386121576677,2.2984379827167434e-06,-0.00011492328009021432,0.011485647638884508,True
3811,3769,150.76,02/28/2026 10:14:53.400,2.456025449,0.0,2.2066019510811445,2.2964508329515986e-06,-0.00011482392140803201,0.011465795906349238,True
3812,3770,150.8,02/28/2026 10:14:53.440,2.456025449,0.0,2.206817591111033,2.2944654276855053e-06,-0.00011472464995185023,0.01144597874984671,True
3813,3771,150.84,02/28/2026 10:14:53.480,2.456025449,0.0,2.207033041840095,2.2924817653187168e-06,-0.00011462546564168098,0.011426196108245674,True
3814,3772,150.88,02/28/2026 10:14:53.520,2.456025449,0.0,2.207248303441903,2.2904998442531428e-06,-0.00011452636839761834,0.011406447920526214,True
3815,3773,150.92000000000002,02/28/2026 10:14:53.560,2.456025449,0.0,2.207463376089854,2.2885196628923134e-06,-0.00011442735813983835,0.011386734125779263,True
3816,3774,150.96,02/28/2026 10:14:53.600,2.456025449,0.0,2.207678259957165,2.286541219641408e-06,-0.00011432843478859889,0.011367054663206623,True
3817,3775,151.0,02/28/2026 10:14:53.640,2.456025449,0.0,2.207892955216877,2.2845645129072423e-06,-0.0001142295982642396,0.011347409472120675,True
3818,3776,151.04,02/28/2026 10:14:53.680,2.456025449,0.0,2.208107462041853,2.282589541098253e-06,-0.00011413084848718178,0.011327798491944046,True
3819,3777,151.08,02/28/2026 10:14:53.720,2.456025449,0.0,2.2083217806047775,2.280616302624522e-06,-0.0001140321853779283,0.011308221662209652,True
3820,3778,151.12,02/28/2026 10:14:53.760,2.456025449,0.0,2.2085359110781604,2.278644795897753e-06,-0.0001139336088570634,0.011288678922560224,True
3821,3779,151.16,02/28/2026 10:14:53.800,2.456025449,0.0,2.208749853634334,2.276675019331281e-06,-0.00011383511884525274,0.011269170212748324,True
3822,3780,151.20000000000002,02/28/2026 10:14:53.840,2.456025449,0.0,2.208963608445453,2.2747069713400655e-06,-0.00011373671526324324,0.011249695472635948,True
3823,3781,151.24,02/28/2026 10:14:53.880,2.456025449,0.0,2.2091771756834975,2.272740650340677e-06,-0.00011363839803186292,0.011230254642194388,True
3824,3782,151.28,02/28/2026 10:14:53.920,2.456025449,0.0,2.209390555520271,2.27077605475132e-06,-0.00011354016707202078,0.011210847661504117,True
3825,3783,151.32,02/28/2026 10:14:53.960,2.456025449,0.0,2.2096037481274013,2.268813182991812e-06,-0.00011344202230470679,0.011191474470754394,True
3826,3784,151.36,02/28/2026 10:14:54.000,2.456025449,0.0,2.20981675367634,2.2668520334835845e-06,-0.00011334396365099169,0.011172135010243212,True
3827,3785,151.4,02/28/2026 10:14:54.040,2.456025449,0.0,2.2100295723383643,2.264892604649692e-06,-0.000113245991032027,0.011152829220377067,True
3828,3786,151.44,02/28/2026 10:14:54.080,2.456025449,0.0,2.210242204284576,2.262934894914786e-06,-0.00011314810436904481,0.011133557041670584,True
3829,3787,151.48,02/28/2026 10:14:54.120,2.456025449,0.0,2.2104546496859014,2.260978902705142e-06,-0.00011305030358335771,0.01111431841474662,True
3830,3788,151.52,02/28/2026 10:14:54.160,2.456025449,0.0,2.210666908713093,2.259024626448643e-06,-0.00011295258859635872,0.011095113280335788,True
3831,3789,151.56,02/28/2026 10:14:54.200,2.456025449,0.0,2.2108789815367285,2.2570720645747723e-06,-0.00011285495932952115,0.011075941579276348,True
3832,3790,151.6,02/28/2026 10:14:54.240,2.456025449,0.0,2.211090868327211,2.255121215514617e-06,-0.00011275741570439855,0.011056803252513998,True
3833,3791,151.64000000000001,02/28/2026 10:14:54.280,2.456025449,0.0,2.2113025692547703,2.253172077700872e-06,-0.00011265995764262451,0.011037698241101707,True
3834,3792,151.68,02/28/2026 10:14:54.320,2.456025449,0.0,2.2115140844894623,2.2512246495678205e-06,-0.00011256258506591264,0.01101862648619939,True
3835,3793,151.72,02/28/2026 10:14:54.360,2.456025449,0.0,2.211725414201169,2.24927892955136e-06,-0.00011246529789605642,0.010999587929073911,True
3836,3794,151.76,02/28/2026 10:14:54.400,2.456025449,0.0,2.2119365585595987,2.2473349160889733e-06,-0.00011236809605492915,0.010980582511098668,True
3837,3795,151.8,02/28/2026 10:14:54.440,2.456025449,0.0,2.2121475177342877,2.2453926076197415e-06,-0.00011227097946448389,0.010961610173753512,True
3838,3796,151.84,02/28/2026 10:14:54.480,2.456025449,0.0,2.2123582918945983,2.2434520025843388e-06,-0.00011217394804675321,0.010942670858624515,True
3839,3797,151.88,02/28/2026 10:14:54.520,2.456025449,0.0,2.2125688812097217,2.241513099425015e-06,-0.00011207700172384923,0.010923764507403668,True
3840,3798,151.92000000000002,02/28/2026 10:14:54.560,2.456025449,0.0,2.2127792858486752,2.239575896585616e-06,-0.00011198014041796332,0.010904891061888864,True
3841,3799,151.96,02/28/2026 10:14:54.600,2.456025449,0.0,2.212989505980304,2.237640392511579e-06,-0.00011188336405136617,0.010886050463983596,True
3842,3800,152.0,02/28/2026 10:14:54.640,2.456025449,0.0,2.213199541773282,2.2357065856499196e-06,-0.00011178667254640772,0.010867242655696755,True
3843,3801,152.04,02/28/2026 10:14:54.680,2.456025449,0.0,2.2134093933961108,2.233774474449241e-06,-0.00011169006582551692,0.010848467579142445,True
3844,3802,152.08,02/28/2026 10:14:54.720,2.456025449,0.0,2.2136190610171207,2.231844057359721e-06,-0.00011159354381120181,0.010829725176539759,True
3845,3803,152.12,02/28/2026 10:14:54.760,2.456025449,0.0,2.2138285448044703,2.229915332833111e-06,-0.00011149710642604923,0.010811015390212566,True
3846,3804,152.16,02/28/2026 10:14:54.800,2.456025449,0.0,2.2140378449261475,2.2279882993227447e-06,-0.0001114007535927248,0.010792338162589413,True
3847,3805,152.20000000000002,02/28/2026 10:14:54.840,2.456025449,0.0,2.214246961549969,2.226062955283529e-06,-0.00011130448523397285,0.010773693436203208,True
3848,3806,152.24,02/28/2026 10:14:54.880,2.456025449,0.0,2.2144558948435815,2.224139299171931e-06,-0.00011120830127261627,0.010755081153691018,True
3849,3807,152.28,02/28/2026 10:14:54.920,2.456025449,0.0,2.2146646449744596,2.222217329446009e-06,-0.0001111122016315564,0.010736501257794078,True
3850,3808,152.32,02/28/2026 10:14:54.960,2.456025449,0.0,2.21487321210991,2.220297044565367e-06,-0.00011101618623377303,0.010717953691357232,True
3851,3809,152.36,02/28/2026 10:14:55.000,2.456025449,0.0,2.215081596417067,2.2183784429911833e-06,-0.00011092025500232415,0.010699438397329048,True
3852,3810,152.4,02/28/2026 10:14:55.040,2.456025449,0.0,2.215289798062896,2.216461523186207e-06,-0.00011082440786034598,0.010680955318761542,True
3853,3811,152.44,02/28/2026 10:14:55.080,2.456025449,0.0,2.2154978172141937,2.214546283614744e-06,-0.00011072864473105285,0.010662504398809907,True
3854,3812,152.48,02/28/2026 10:14:55.120,2.456025449,0.0,2.215705654037586,2.2126327227426523e-06,-0.00011063296553773702,0.010644085580732305,True
3855,3813,152.52,02/28/2026 10:14:55.160,2.456025449,0.0,2.2159133086995304,2.210720839037358e-06,-0.00011053737020376868,0.010625698807889807,True
3856,3814,152.56,02/28/2026 10:14:55.200,2.456025449,0.0,2.216120781366315,2.208810630967836e-06,-0.00011044185865259578,0.010607344023746086,True
3857,3815,152.6,02/28/2026 10:14:55.240,2.456025449,0.0,2.21632807220406,2.20690209700462e-06,-0.00011034643080774397,0.010589021171867235,True
3858,3816,152.64000000000001,02/28/2026 10:14:55.280,2.456025449,0.0,2.2165351813787155,2.2049952356197933e-06,-0.00011025108659281648,0.010570730195921623,True
3859,3817,152.68,02/28/2026 10:14:55.320,2.456025449,0.0,2.2167421090560646,2.203090045286989e-06,-0.00011015582593149405,0.010552471039679637,True
3860,3818,152.72,02/28/2026 10:14:55.360,2.456025449,0.0,2.216948855401722,2.2011865244813904e-06,-0.0001100606487475348,0.010534243647013539,True
3861,3819,152.76,02/28/2026 10:14:55.400,2.456025449,0.0,2.217155420581134,2.199284671679723e-06,-0.00010996555496477422,0.010516047961897229,True
3862,3820,152.8,02/28/2026 10:14:55.440,2.456025449,0.0,2.2173618047595802,2.1973844853602506e-06,-0.00010987054450712488,0.010497883928406043,True
3863,3821,152.84,02/28/2026 10:14:55.480,2.456025449,0.0,2.2175680081021723,2.195485964002787e-06,-0.00010977561729857654,0.010479751490716657,True
3864,3822,152.88,02/28/2026 10:14:55.520,2.456025449,0.0,2.217774030773853,2.193589106088687e-06,-0.00010968077326319583,0.010461650593106817,True
3865,3823,152.92000000000002,02/28/2026 10:14:55.560,2.456025449,0.0,2.2179798729394014,2.1916939101008425e-06,-0.00010958601232512642,0.010443581179955114,True
3866,3824,152.96,02/28/2026 10:14:55.600,2.456025449,0.0,2.2181855347634265,2.1898003745236816e-06,-0.00010949133440858872,0.010425543195740865,True
3867,3825,153.0,02/28/2026 10:14:55.640,2.456025449,0.0,2.2183910164103726,2.1879084978431646e-06,-0.00010939673943787991,0.010407536585043908,True
3868,3826,153.04,02/28/2026 10:14:55.680,2.456025449,0.0,2.2185963180445167,2.186018278546787e-06,-0.00010930222733737377,0.010389561292544357,True
3869,3827,153.08,02/28/2026 10:14:55.720,2.456025449,0.0,2.21880143982997,2.1841297151235705e-06,-0.00010920779803152063,0.010371617263022487,True
3870,3828,153.12,02/28/2026 10:14:55.760,2.456025449,0.0,2.219006381930677,2.182242806064069e-06,-0.00010911345144484719,0.010353704441358502,True
3871,3829,153.16,02/28/2026 10:14:55.800,2.456025449,0.0,2.2192111445104175,2.180357549860358e-06,-0.00010901918750195649,0.010335822772532316,True
3872,3830,153.20000000000002,02/28/2026 10:14:55.840,2.456025449,0.0,2.219415727732805,2.1784739450060476e-06,-0.00010892500612752781,0.010317972201623464,True
3873,3831,153.24,02/28/2026 10:14:55.880,2.456025449,0.0,2.219620131761287,2.17659198999626e-06,-0.00010883090724631658,0.010300152673810781,True
3874,3832,153.28,02/28/2026 10:14:55.920,2.456025449,0.0,2.219824356759148,2.1747116833276373e-06,-0.00010873689078315424,0.010282364134372293,True
3875,3833,153.32,02/28/2026 10:14:55.960,2.456025449,0.0,2.2200284028895054,2.172833023498352e-06,-0.00010864295666294815,0.010264606528685069,True
3876,3834,153.36,02/28/2026 10:14:56.000,2.456025449,0.0,2.220232270315312,2.1709560090080884e-06,-0.00010854910481068161,0.010246879802224948,True
3877,3835,153.4,02/28/2026 10:14:56.040,2.456025449,0.0,2.220435959199357,2.1690806383580463e-06,-0.00010845533515141361,0.010229183900566362,True
3878,3836,153.44,02/28/2026 10:14:56.080,2.456025449,0.0,2.2206394697042646,2.1672069100509347e-06,-0.00010836164761027887,0.01021151876938221,True
3879,3837,153.48,02/28/2026 10:14:56.120,2.456025449,0.0,2.2208428019924957,2.1653348225909712e-06,-0.00010826804211248761,0.010193884354443562,True
3880,3838,153.52,02/28/2026 10:14:56.160,2.456025449,0.0,2.221045956226346,2.1634643744838945e-06,-0.00010817451858332553,0.010176280601619679,True
3881,3839,153.56,02/28/2026 10:14:56.200,2.456025449,0.0,2.221248932567948,2.161595564236944e-06,-0.00010808107694815372,0.01015870745687756,True
3882,3840,153.6,02/28/2026 10:14:56.240,2.456025449,0.0,2.221451731179271,2.159728390358857e-06,-0.00010798771713240856,0.010141164866281905,True
3883,3841,153.64000000000001,02/28/2026 10:14:56.280,2.456025449,0.0,2.2216543522221204,2.157862851359894e-06,-0.00010789443906160158,0.010123652775995055,True
3884,3842,153.68,02/28/2026 10:14:56.320,2.456025449,0.0,2.2218567958581397,2.155998945751799e-06,-0.00010780124266131943,0.010106171132276456,True
3885,3843,153.72,02/28/2026 10:14:56.360,2.456025449,0.0,2.2220590622488077,2.1541366720478293e-06,-0.0001077081278572238,0.010088719881482845,True
3886,3844,153.76,02/28/2026 10:14:56.400,2.456025449,0.0,2.2222611515554416,2.1522760287627277e-06,-0.00010761509457505125,0.010071298970067817,True
3887,3845,153.8,02/28/2026 10:14:56.440,2.456025449,0.0,2.222463063939196,2.15041701441274e-06,-0.00010752214274061314,0.010053908344581773,True
3888,3846,153.84,02/28/2026 10:14:56.480,2.456025449,0.0,2.222664799561063,2.1485596275156036e-06,-0.00010742927227979557,0.010036547951671668,True
3889,3847,153.88,02/28/2026 10:14:56.520,2.456025449,0.0,2.2228663585818733,2.146703866590546e-06,-0.0001073364831185592,0.01001921773808084,True
3890,3848,153.92000000000002,02/28/2026 10:14:56.560,2.456025449,0.0,2.223067741162294,2.144849730158293e-06,-0.00010724377518293924,0.010001917650648905,True
3891,3849,153.96,02/28/2026 10:14:56.600,2.456025449,0.0,2.223268947462832,2.1429972167410646e-06,-0.00010715114839904542,0.009984647636311501,True
3892,3850,154.0,02/28/2026 10:14:56.640,2.456025449,0.0,2.223469977643832,2.1411463248625633e-06,-0.0001070586026930618,0.00996740764210011,True
3893,3851,154.04,02/28/2026 10:14:56.680,2.456025449,0.0,2.2236708318654776,2.1392970530479613e-06,-0.00010696613799124672,0.00995019761514181,True
3894,3852,154.08,02/28/2026 10:14:56.720,2.456025449,0.0,2.2238715102877915,2.1374493998239375e-06,-0.00010687375421993262,0.009933017502659293,True
3895,3853,154.12,02/28/2026 10:14:56.760,2.456025449,0.0,2.2240720130706353,2.1356033637186308e-06,-0.00010678145130552609,0.009915867251970438,True
3896,3854,154.16,02/28/2026 10:14:56.800,2.456025449,0.0,2.22427234037371,2.133758943261671e-06,-0.00010668922917450759,0.009898746810488327,True
3897,3855,154.20000000000002,02/28/2026 10:14:56.840,2.456025449,0.0,2.224472492356557,2.131916136984158e-06,-0.00010659708775343151,0.00988165612572092,True
3898,3856,154.24,02/28/2026 10:14:56.880,2.456025449,0.0,2.2246724691785547,2.1300749434186774e-06,-0.00010650502696892603,0.009864595145271068,True
3899,3857,154.28,02/28/2026 10:14:56.920,2.456025449,0.0,2.224872270998924,2.1282353610992867e-06,-0.00010641304674769305,0.00984756381683612,True
3900,3858,154.32,02/28/2026 10:14:56.960,2.456025449,0.0,2.2250718979767257,2.126397388561504e-06,-0.00010632114701650806,0.009830562088207801,True
3901,3859,154.36,02/28/2026 10:14:57.000,2.456025449,0.0,2.225271350270859,2.124561024342334e-06,-0.00010622932770222006,0.009813589907272189,True
3902,3860,154.4,02/28/2026 10:14:57.040,2.456025449,0.0,2.225470628040066,2.1227262669802456e-06,-0.0001061375887317515,0.009796647222009356,True
3903,3861,154.44,02/28/2026 10:14:57.080,2.456025449,0.0,2.225669731442927,2.1208931150151805e-06,-0.00010604593003209823,0.009779733980493279,True
3904,3862,154.48,02/28/2026 10:14:57.120,2.456025449,0.0,2.225868660637866,2.119061566988519e-06,-0.00010595435153032928,0.009762850130891492,True
3905,3863,154.52,02/28/2026 10:14:57.160,2.456025449,0.0,2.2260674157831453,2.1172316214431296e-06,-0.00010586285315358681,0.009745995621465239,True
3906,3864,154.56,02/28/2026 10:14:57.200,2.456025449,0.0,2.2262659970368706,2.115403276923342e-06,-0.0001057714348290861,0.009729170400569073,True
3907,3865,154.6,02/28/2026 10:14:57.240,2.456025449,0.0,2.2264644045569875,2.1135765319749426e-06,-0.00010568009648411543,0.009712374416650663,True
3908,3866,154.64000000000001,02/28/2026 10:14:57.280,2.456025449,0.0,2.226662638501285,2.1117513851451564e-06,-0.00010558883804603597,0.00969560761825064,True
3909,3867,154.68,02/28/2026 10:14:57.320,2.456025449,0.0,2.226860699027392,2.10992783498269e-06,-0.00010549765944228163,0.009678869954002592,True
3910,3868,154.72,02/28/2026 10:14:57.360,2.456025449,0.0,2.2270585862927805,2.108105880037689e-06,-0.00010540656060035906,0.009662161372632618,True
3911,3869,154.76,02/28/2026 10:14:57.400,2.456025449,0.0,2.2272563004547656,2.1062855188617606e-06,-0.00010531554144784751,0.009645481822959361,True
3912,3870,154.8,02/28/2026 10:14:57.440,2.456025449,0.0,2.227453841670504,2.1044667500079445e-06,-0.00010522460191239873,0.00962883125389366,True
3913,3871,154.84,02/28/2026 10:14:57.480,2.456025449,0.0,2.2276512100969943,2.102649572030753e-06,-0.00010513374192173691,0.009612209614438635,True
3914,3872,154.88,02/28/2026 10:14:57.520,2.456025449,0.0,2.2278484058910792,2.100833983486128e-06,-0.00010504296140365859,0.009595616853689207,True
3915,3873,154.92000000000002,02/28/2026 10:14:57.560,2.456025449,0.0,2.2280454292094434,2.099019982931474e-06,-0.00010495226028603262,0.0095790529208322,True
3916,3874,154.96,02/28/2026 10:14:57.600,2.456025449,0.0,2.2282422802086157,2.097207568925626e-06,-0.00010486163849680001,0.00956251776514594,True
3917,3875,155.0,02/28/2026 10:14:57.640,2.456025449,0.0,2.2284389590449685,2.095396740028851e-06,-0.00010477109596397383,0.009546011336000151,True
3918,3876,155.04,02/28/2026 10:14:57.680,2.456025449,0.0,2.2286354658747167,2.093587494802873e-06,-0.00010468063261563908,0.009529533582855932,True
3919,3877,155.08,02/28/2026 10:14:57.720,2.456025449,0.0,2.228831800853919,2.0917798318108526e-06,-0.00010459024837995274,0.00951308445526544,True
3920,3878,155.12,02/28/2026 10:14:57.760,2.456025449,0.0,2.2290279641384796,2.0899737496173835e-06,-0.0001044999431851436,0.009496663902871688,True
3921,3879,155.16,02/28/2026 10:14:57.800,2.456025449,0.0,2.229223955884146,2.0881692467884943e-06,-0.0001044097169595122,0.009480271875408466,True
3922,3880,155.20000000000002,02/28/2026 10:14:57.840,2.456025449,0.0,2.2294197762465093,2.086366321891638e-06,-0.00010431956963143068,0.009463908322700089,True
3923,3881,155.24,02/28/2026 10:14:57.880,2.456025449,0.0,2.2296154253810068,2.0845649734957097e-06,-0.0001042295011293427,0.009447573194661343,True
3924,3882,155.28,02/28/2026 10:14:57.920,2.456025449,0.0,2.229810903442919,2.0827652001710297e-06,-0.00010413951138176345,0.0094312664412972,True
3925,3883,155.32,02/28/2026 10:14:57.960,2.456025449,0.0,2.2300062105873732,2.08096700048935e-06,-0.00010404960031727944,0.009414988012702718,True
3926,3884,155.36,02/28/2026 10:14:58.000,2.456025449,0.0,2.23020134696934,2.0791703730238337e-06,-0.00010395976786454853,0.00939873785906279,True
3927,3885,155.4,02/28/2026 10:14:58.040,2.456025449,0.0,2.2303963127436357,2.077375316349085e-06,-0.00010387001395229972,0.009382515930652126,True
3928,3886,155.44,02/28/2026 10:14:58.080,2.456025449,0.0,2.2305911080649232,2.075581829041118e-06,-0.0001037803385093331,0.00936632217783487,True
3929,3887,155.48,02/28/2026 10:14:58.120,2.456025449,0.0,2.2307857330877097,2.0737899096773825e-06,-0.00010369074146451983,0.009350156551064694,True
3930,3888,155.52,02/28/2026 10:14:58.160,2.456025449,0.0,2.2309801879663493,2.071999556836734e-06,-0.00010360122274680205,0.00933401900088437,True
3931,3889,155.56,02/28/2026 10:14:58.200,2.456025449,0.0,2.231174472855043,2.0702107690994456e-06,-0.0001035117822851927,0.009317909477925716,True
3932,3890,155.6,02/28/2026 10:14:58.240,2.456025449,0.0,2.2313685879078355,2.0684235450472074e-06,-0.00010342242000877547,0.009301827932909514,True
3933,3891,155.64000000000001,02/28/2026 10:14:58.280,2.456025449,0.0,2.23156253327862,2.0666378832631254e-06,-0.00010333313584670472,0.009285774316645188,True
3934,3892,155.68,02/28/2026 10:14:58.320,2.456025449,0.0,2.2317563091211365,2.0648537823317178e-06,-0.00010324392972820546,0.00926974858003076,True
3935,3893,155.72,02/28/2026 10:14:58.360,2.456025449,0.0,2.23194991558897,2.063071240838908e-06,-0.00010315480158257315,0.00925375067405258,True
3936,3894,155.76,02/28/2026 10:14:58.400,2.456025449,0.0,2.2321433528355548,2.0612902573720353e-06,-0.0001030657513391737,0.009237780549785286,True
3937,3895,155.8,02/28/2026 10:14:58.440,2.456025449,0.0,2.232336621014171,2.059510830519839e-06,-0.00010297677892744332,0.009221838158391482,True
3938,3896,155.84,02/28/2026 10:14:58.480,2.456025449,0.0,2.232529720277946,2.0577329588724644e-06,-0.00010288788427688851,0.00920592345112169,True
3939,3897,155.88,02/28/2026 10:14:58.520,2.456025449,0.0,2.232722650779856,2.055956641021461e-06,-0.00010279906731708588,0.009190036379314162,True
3940,3898,155.92000000000002,02/28/2026 10:14:58.560,2.456025449,0.0,2.2329154126727233,2.054181875559784e-06,-0.00010271032797768217,0.009174176894394731,True
3941,3899,155.96,02/28/2026 10:14:58.600,2.456025449,0.0,2.23310800610922,2.0524086610817793e-06,-0.0001026216661883941,0.009158344947876528,True
3942,3900,156.0,02/28/2026 10:14:58.640,2.456025449,0.0,2.2333004312418647,2.0506369961832012e-06,-0.00010253308187900827,0.009142540491359999,True
3943,3901,156.04,02/28/2026 10:14:58.680,2.456025449,0.0,2.2334926882230253,2.0488668794612e-06,-0.00010244457497938113,0.00912676347653265,True
3944,3902,156.08,02/28/2026 10:14:58.720,2.456025449,0.0,2.233684777204918,2.0470983095143086e-06,-0.00010235614541943892,0.0091110138551688,True
3945,3903,156.12,02/28/2026 10:14:58.760,2.456025449,0.0,2.2338766983396083,2.0453312849424547e-06,-0.00010226779312917741,0.009095291579129527,True
3946,3904,156.16,02/28/2026 10:14:58.800,2.456025449,0.0,2.234068451779009,2.0435658043469712e-06,-0.00010217951803866193,0.009079596600362578,True
3947,3905,156.20000000000002,02/28/2026 10:14:58.840,2.456025449,0.0,2.234260037674883,2.0418018663305714e-06,-0.00010209132007802742,0.009063928870902014,True
3948,3906,156.24,02/28/2026 10:14:58.880,2.456025449,0.0,2.234451456178843,2.040039469497358e-06,-0.00010200319917747813,0.009048288342868185,True
3949,3907,156.28,02/28/2026 10:14:58.920,2.456025449,0.0,2.2346427074423505,2.0382786124528183e-06,-0.00010191515526728765,0.009032674968467495,True
3950,3908,156.32,02/28/2026 10:14:58.960,2.456025449,0.0,2.2348337916167167,2.0365192938038227e-06,-0.00010182718827779877,0.009017088699992275,True
3951,3909,156.36,02/28/2026 10:14:59.000,2.456025449,0.0,2.235024708853102,2.034761512158623e-06,-0.00010173929813942342,0.00900152948982062,True
3952,3910,156.4,02/28/2026 10:14:59.040,2.456025449,0.0,2.235215459302518,2.0330052661268636e-06,-0.00010165148478264258,0.008985997290416287,True
3953,3911,156.44,02/28/2026 10:14:59.080,2.456025449,0.0,2.235406043115825,2.031250554319565e-06,-0.00010156374813800626,0.008970492054328438,True
3954,3912,156.48,02/28/2026 10:14:59.120,2.456025449,0.0,2.2355964604437357,2.029497375349113e-06,-0.00010147608813613336,0.008955013734191436,True
3955,3913,156.52,02/28/2026 10:14:59.160,2.456025449,0.0,2.235786711436811,2.0277457278292796e-06,-0.00010138850470771156,0.008939562282724882,True
3956,3914,156.56,02/28/2026 10:14:59.200,2.456025449,0.0,2.2359767962454637,2.025995610375213e-06,-0.00010130099778349726,0.008924137652733304,True
3957,3915,156.6,02/28/2026 10:14:59.240,2.456025449,0.0,2.2361667150199587,2.0242470216034227e-06,-0.00010121356729431552,0.00890873979710596,True
3958,3916,156.64000000000001,02/28/2026 10:14:59.280,2.456025449,0.0,2.2363564679104093,2.022499960131804e-06,-0.00010112621317105994,0.008893368668816876,True
3959,3917,156.68,02/28/2026 10:14:59.320,2.456025449,0.0,2.236546055066782,2.0207544245796133e-06,-0.0001010389353446926,0.008878024220924473,True
3960,3918,156.72,02/28/2026 10:14:59.360,2.456025449,0.0,2.2367354766388936,2.0190104135674837e-06,-0.000100951733746244,0.008862706406571573,True
3961,3919,156.76,02/28/2026 10:14:59.400,2.456025449,0.0,2.236924732776414,2.017267925717397e-06,-0.00010086460830681294,0.00884741517898504,True
3962,3920,156.8,02/28/2026 10:14:59.440,2.456025449,0.0,2.2371138236288637,2.0155269596527122e-06,-0.00010077755895756643,0.00883215049147589,True
3963,3921,156.84,02/28/2026 10:14:59.480,2.456025449,0.0,2.2373027493456146,2.013787513998152e-06,-0.00010069058562973962,0.00881691229743893,True
3964,3922,156.88,02/28/2026 10:14:59.520,2.456025449,0.0,2.2374915100758925,2.012049587379804e-06,-0.00010060368825463575,0.008801700550352693,True
3965,3923,156.92000000000002,02/28/2026 10:14:59.560,2.456025449,0.0,2.2376801059687743,2.0103131784251006e-06,-0.00010051686676362605,0.008786515203779176,True
3966,3924,156.96,02/28/2026 10:14:59.600,2.456025449,0.0,2.2378685371731906,2.008578285762839e-06,-0.00010043012108814964,0.008771356211363822,True
3967,3925,157.0,02/28/2026 10:14:59.640,2.456025449,0.0,2.2380568038379227,2.0068449080231798e-06,-0.00010034345115971341,0.008756223526835328,True
3968,3926,157.04,02/28/2026 10:14:59.680,2.456025449,0.0,2.238244906111606,2.005113043837626e-06,-0.00010025685690989207,0.0087411171040054,True
3969,3927,157.08,02/28/2026 10:14:59.720,2.456025449,0.0,2.2384328441427295,2.003382691839045e-06,-0.0001001703382703279,0.008726036896768727,True
3970,3928,157.12,02/28/2026 10:14:59.760,2.456025449,0.0,2.238620618079634,2.001653850661651e-06,-0.00010008389517273078,0.00871098285910269,True
3971,3929,157.16,02/28/2026 10:14:59.800,2.456025449,0.0,2.238808228070515,1.9999265189410082e-06,-9.999752754887812e-05,0.008695954945067334,True
3972,3930,157.20000000000002,02/28/2026 10:14:59.840,2.456025449,0.0,2.2389956742634207,1.998200695314028e-06,-9.991123533061471e-05,0.008680953108805137,True
3973,3931,157.24,02/28/2026 10:14:59.880,2.456025449,0.0,2.2391829568062533,1.996476378418977e-06,-9.982501844985269e-05,0.00866597730454091,True
3974,3932,157.28,02/28/2026 10:14:59.920,2.456025449,0.0,2.239370075846769,1.9947535668954488e-06,-9.973887683857146e-05,0.008651027486581503,True
3975,3933,157.32,02/28/2026 10:14:59.960,2.456025449,0.0,2.2395570315325783,1.9930322593843946e-06,-9.965281042881755e-05,0.008636103609315882,True
3976,3934,157.36,02/28/2026 10:15:00.000,2.456025449,0.0,2.239743824011146,1.9913124545280966e-06,-9.956681915270455e-05,0.00862120562721475,True
3977,3935,157.4,02/28/2026 10:15:00.040,2.456025449,0.0,2.23993045342979,1.989594150970188e-06,-9.948090294241306e-05,0.008606333494830571,True
3978,3936,157.44,02/28/2026 10:15:00.080,2.456025449,0.0,2.240116919935685,1.9878773473556413e-06,-9.939506173019065e-05,0.008591487166797342,True
3979,3937,157.48,02/28/2026 10:15:00.120,2.456025449,0.0,2.240303223675859,1.9861620423307552e-06,-9.930929544835173e-05,0.008576666597830363,True
3980,3938,157.52,02/28/2026 10:15:00.160,2.456025449,0.0,2.2404893647971957,1.984448234543168e-06,-9.922360402927748e-05,0.008561871742726228,True
3981,3939,157.56,02/28/2026 10:15:00.200,2.456025449,0.0,2.240675343446433,1.9827359226418546e-06,-9.913798740541571e-05,0.008547102556362597,True
3982,3940,157.6,02/28/2026 10:15:00.240,2.456025449,0.0,2.240861159770165,1.9810251052771315e-06,-9.905244550928093e-05,0.008532358993698105,True
3983,3941,157.64000000000001,02/28/2026 10:15:00.280,2.456025449,0.0,2.2410468139148407,1.9793157811006248e-06,-9.896697827345415e-05,0.00851764100977204,True
3984,3942,157.68,02/28/2026 10:15:00.320,2.456025449,0.0,2.2412323060267654,1.977607948765306e-06,-9.888158563058281e-05,0.00850294855970444,True
3985,3943,157.72,02/28/2026 10:15:00.360,2.456025449,0.0,2.2414176362521,1.9759016069254615e-06,-9.879626751338074e-05,0.008488281598695703,True
3986,3944,157.76,02/28/2026 10:15:00.400,2.456025449,0.0,2.2416028047368624,1.974196754236699e-06,-9.871102385462797e-05,0.008473640082026564,True
3987,3945,157.8,02/28/2026 10:15:00.440,2.456025449,0.0,2.241787811626924,1.972493389355967e-06,-9.862585458717075e-05,0.008459023965058035,True
3988,3946,157.84,02/28/2026 10:15:00.480,2.456025449,0.0,2.2419726570680147,1.9707915109415336e-06,-9.85407596439215e-05,0.008444433203231076,True
3989,3947,157.88,02/28/2026 10:15:00.520,2.456025449,0.0,2.2421573412057207,1.9690911176529817e-06,-9.845573895785867e-05,0.008429867752066509,True
3990,3948,157.92000000000002,02/28/2026 10:15:00.560,2.456025449,0.0,2.242341864185484,1.967392208151222e-06,-9.837079246202671e-05,0.008415327567164954,True
3991,3949,157.96,02/28/2026 10:15:00.600,2.456025449,0.0,2.242526226152605,1.965694781098472e-06,-9.8285920089536e-05,0.008400812604206503,True
3992,3950,158.0,02/28/2026 10:15:00.640,2.456025449,0.0,2.2427104272522396,1.963998835158267e-06,-9.82011217735626e-05,0.008386322818950716,True
3993,3951,158.04,02/28/2026 10:15:00.680,2.456025449,0.0,2.2428944676294016,1.9623043689954695e-06,-9.811639744734844e-05,0.008371858167236523,True
3994,3952,158.08,02/28/2026 10:15:00.720,2.456025449,0.0,2.243078347428962,1.96061138127624e-06,-9.803174704420105e-05,0.008357418604981829,True
3995,3953,158.12,02/28/2026 10:15:00.760,2.456025449,0.0,2.24326206679565,1.9589198706680577e-06,-9.79471704974935e-05,0.008343004088183642,True
3996,3954,158.16,02/28/2026 10:15:00.800,2.456025449,0.0,2.2434456258740516,1.9572298358397095e-06,-9.786266774066443e-05,0.008328614572917755,True
3997,3955,158.20000000000002,02/28/2026 10:15:00.840,2.456025449,0.0,2.2436290248086106,1.9555412754612997e-06,-9.777823870721788e-05,0.008314250015338694,True
3998,3956,158.24,02/28/2026 10:15:00.880,2.456025449,0.0,2.2438122637436297,1.9538541882042246e-06,-9.769388333072322e-05,0.008299910371679476,True
3999,3957,158.28,02/28/2026 10:15:00.920,2.456025449,0.0,2.2439953428232697,1.9521685727411962e-06,-9.760960154481513e-05,0.008285595598251545,True
4000,3958,158.32,02/28/2026 10:15:00.960,2.456025449,0.0,2.2441782621915496,1.950484427746222e-06,-9.752539328319342e-05,0.008271305651444572,True
4001,3959,158.36,02/28/2026 10:15:01.000,2.456025449,0.0,2.2443610219923467,1.948801751894617e-06,-9.744125847962298e-05,0.008257040487726354,True
4002,3960,158.4,02/28/2026 10:15:01.040,2.456025449,0.0,2.244543622369397,1.9471205438629996e-06,-9.73571970679338e-05,0.008242800063642653,True
4003,3961,158.44,02/28/2026 10:15:01.080,2.456025449,0.0,2.2447260634662958,1.9454408023292887e-06,-9.727320898202083e-05,0.008228584335817081,True
4004,3962,158.48,02/28/2026 10:15:01.120,2.456025449,0.0,2.2449083454264973,1.943762525972694e-06,-9.718929415584388e-05,0.008214393260950826,True
4005,3963,158.52,02/28/2026 10:15:01.160,2.456025449,0.0,2.245090468393315,1.942085713473721e-06,-9.710545252342758e-05,0.008200226795822661,True
4006,3964,158.56,02/28/2026 10:15:01.200,2.456025449,0.0,2.245272432509922,1.940410363514175e-06,-9.702168401886126e-05,0.008186084897288734,True
4007,3965,158.6,02/28/2026 10:15:01.240,2.456025449,0.0,2.245454237919351,1.9387364747771444e-06,-9.693798857629893e-05,0.008171967522282421,True
4008,3966,158.64000000000001,02/28/2026 10:15:01.280,2.456025449,0.0,2.245635884764493,1.937064045947018e-06,-9.685436612995909e-05,0.008157874627814202,True
4009,3967,158.68,02/28/2026 10:15:01.320,2.456025449,0.0,2.2458173731881006,1.9353930757094787e-06,-9.677081661412477e-05,0.00814380617097153,True
4010,3968,158.72,02/28/2026 10:15:01.360,2.456025449,0.0,2.245998703332787,1.933723562751484e-06,-9.668733996314346e-05,0.008129762108918567,True
4011,3969,158.76,02/28/2026 10:15:01.400,2.456025449,0.0,2.246179875341023,1.9320555057612916e-06,-9.660393611142695e-05,0.008115742398896278,True
4012,3970,158.8,02/28/2026 10:15:01.440,2.456025449,0.0,2.246360889355142,1.9303889034284363e-06,-9.652060499345135e-05,0.008101746998222048,True
4013,3971,158.84,02/28/2026 10:15:01.480,2.456025449,0.0,2.2465417455173378,1.9287237544437396e-06,-9.64373465437569e-05,0.008087775864289676,True
4014,3972,158.88,02/28/2026 10:15:01.520,2.456025449,0.0,2.246722443969664,1.927060057499307e-06,-9.635416069694798e-05,0.008073828954569193,True
4015,3973,158.92000000000002,02/28/2026 10:15:01.560,2.456025449,0.0,2.2469029848540347,1.925397811288524e-06,-9.627104738769305e-05,0.008059906226606765,True
4016,3974,158.96,02/28/2026 10:15:01.600,2.456025449,0.0,2.2470833683122273,1.9237370145060528e-06,-9.618800655072452e-05,0.008046007638024441,True
4017,3975,159.0,02/28/2026 10:15:01.640,2.456025449,0.0,2.2472635944858785,1.922077665847829e-06,-9.610503812083861e-05,0.008032133146520093,True
4018,3976,159.04,02/28/2026 10:15:01.680,2.456025449,0.0,2.2474436635164863,1.9204197640110787e-06,-9.602214203289542e-05,0.008018282709867344,True
4019,3977,159.08,02/28/2026 10:15:01.720,2.456025449,0.0,2.247623575545412,1.918763307694287e-06,-9.59393182218188e-05,0.008004456285915236,True
4020,3978,159.12,02/28/2026 10:15:01.760,2.456025449,0.0,2.2478033307138765,1.9171082955972217e-06,-9.58565666225962e-05,0.007990653832588287,True
4021,3979,159.16,02/28/2026 10:15:01.800,2.456025449,0.0,2.2479829291629643,1.9154547264209233e-06,-9.577388717027871e-05,0.00797687530788625,True
4022,3980,159.20000000000002,02/28/2026 10:15:01.840,2.456025449,0.0,2.248162371033621,1.913802598867689e-06,-9.56912797999809e-05,0.007963120669883913,True
4023,3981,159.24,02/28/2026 10:15:01.880,2.456025449,0.0,2.248341656466654,1.9121519116411013e-06,-9.560874444688076e-05,0.007949389876731156,True
4024,3982,159.28,02/28/2026 10:15:01.920,2.456025449,0.0,2.2485207856027345,1.910502663446001e-06,-9.552628104621966e-05,0.007935682886652579,True
4025,3983,159.32,02/28/2026 10:15:01.960,2.456025449,0.0,2.2486997585823953,1.908854852988496e-06,-9.544388953330223e-05,0.007921999657947537,True
4026,3984,159.36,02/28/2026 10:15:02.000,2.456025449,0.0,2.248878575546031,1.9072084789759634e-06,-9.536156984349638e-05,0.007908340148989968,True
4027,3985,159.4,02/28/2026 10:15:02.040,2.456025449,0.0,2.249057236633901,1.9055635401170408e-06,-9.527932191223312e-05,0.00789470431822817,True
4028,3986,159.44,02/28/2026 10:15:02.080,2.456025449,0.0,2.2492357419861264,1.9039200351216236e-06,-9.519714567500658e-05,0.007881092124184738,True
4029,3987,159.48,02/28/2026 10:15:02.120,2.456025449,0.0,2.2494140917426915,1.9022779627008699e-06,-9.511504106737383e-05,0.00786750352545641,True
4030,3988,159.52,02/28/2026 10:15:02.160,2.456025449,0.0,2.2495922860434447,1.9006373215671936e-06,-9.503300802495484e-05,0.007853938480713907,True
4031,3989,159.56,02/28/2026 10:15:02.200,2.456025449,0.0,2.2497703250280976,1.8989981104342624e-06,-9.495104648343243e-05,0.007840396948701808,True
4032,3990,159.6,02/28/2026 10:15:02.240,2.456025449,0.0,2.249948208836225,1.8973603280170043e-06,-9.486915637855216e-05,0.007826878888238452,True
4033,3991,159.64000000000001,02/28/2026 10:15:02.280,2.456025449,0.0,2.2501259376072658,1.8957239730316061e-06,-9.478733764612235e-05,0.007813384258215789,True
4034,3992,159.68,02/28/2026 10:15:02.320,2.456025449,0.0,2.2503035114805234,1.8940890441954876e-06,-9.470559022201388e-05,0.00779991301759911,True
4035,3993,159.72,02/28/2026 10:15:02.360,2.456025449,0.0,2.250480930595164,1.892455540227344e-06,-9.462391404216016e-05,0.007786465125427184,True
4036,3994,159.76,02/28/2026 10:15:02.400,2.456025449,0.0,2.2506581950902187,1.890823459847112e-06,-9.454230904255715e-05,0.007773040540811888,True
4037,3995,159.8,02/28/2026 10:15:02.440,2.456025449,0.0,2.2508353051045846,1.8891928017759695e-06,-9.446077515926318e-05,0.007759639222938098,True
4038,3996,159.84,02/28/2026 10:15:02.480,2.456025449,0.0,2.2510122607770207,1.8875635647363462e-06,-9.437931232839891e-05,0.0077462611310636685,True
4039,3997,159.88,02/28/2026 10:15:02.520,2.456025449,0.0,2.251189062246153,1.8859357474519168e-06,-9.429792048614727e-05,0.007732906224519219,True
4040,3998,159.92000000000002,02/28/2026 10:15:02.560,2.456025449,0.0,2.251365709650471,1.884309348647594e-06,-9.421659956875335e-05,0.007719574462707963,True
4041,3999,159.96,02/28/2026 10:15:02.600,2.456025449,0.0,2.2515422031283308,1.8826843670495363e-06,-9.413534951252432e-05,0.007706265805105661,True
4042,4000,160.0,02/28/2026 10:15:02.640,2.456025449,0.0,2.2517185428179514,1.8810608013851485e-06,-9.405417025382939e-05,0.007692980211260479,True
4043,4001,160.04,02/28/2026 10:15:02.680,2.456025449,0.0,2.2518947288574194,1.8794386503830713e-06,-9.397306172909981e-05,0.007679717640792763,True
4044,4002,160.08,02/28/2026 10:15:02.720,2.456025449,0.0,2.252070761384686,1.8778179127731783e-06,-9.389202387482866e-05,0.007666478053394976,True
4045,4003,160.12,02/28/2026 10:15:02.760,2.456025449,0.0,2.252246640537569,1.8761985872865815e-06,-9.381105662757084e-05,0.007653261408831549,True
4046,4004,160.16,02/28/2026 10:15:02.800,2.456025449,0.0,2.2524223664537506,1.8745806726556315e-06,-9.3730159923943e-05,0.007640067666938781,True
4047,4005,160.20000000000002,02/28/2026 10:15:02.840,2.456025449,0.0,2.2525979392707796,1.872964167613907e-06,-9.364933370062346e-05,0.007626896787624631,True
4048,4006,160.24,02/28/2026 10:15:02.880,2.456025449,0.0,2.2527733591260715,1.8713490708962247e-06,-9.356857789435217e-05,0.007613748730868679,True
4049,4007,160.28,02/28/2026 10:15:02.920,2.456025449,0.0,2.252948626156908,1.8697353812386265e-06,-9.348789244193058e-05,0.007600623456721902,True
4050,4008,160.32,02/28/2026 10:15:02.960,2.456025449,0.0,2.2531237405004365,1.8681230973783908e-06,-9.34072772802216e-05,0.007587520925306616,True
4051,4009,160.36,02/28/2026 10:15:03.000,2.456025449,0.0,2.253298702293672,1.8665122180540156e-06,-9.332673234614958e-05,0.007574441096816289,True
4052,4010,160.4,02/28/2026 10:15:03.040,2.456025449,0.0,2.253473511673496,1.864902742005228e-06,-9.32462575767001e-05,0.007561383931515423,True
4053,4011,160.44,02/28/2026 10:15:03.080,2.456025449,0.0,2.253648168776657,1.8632946679729834e-06,-9.316585290892007e-05,0.007548349389739474,True
4054,4012,160.48,02/28/2026 10:15:03.120,2.456025449,0.0,2.25382267373977,1.8616879946994582e-06,-9.308551827991748e-05,0.007535337431894653,True
4055,4013,160.52,02/28/2026 10:15:03.160,2.456025449,0.0,2.253997026699319,1.8600827209280495e-06,-9.300525362686156e-05,0.007522348018457814,True
4056,4014,160.56,02/28/2026 10:15:03.200,2.456025449,0.0,2.2541712277916526,1.8584788454033712e-06,-9.292505888698242e-05,0.007509381109976307,True
4057,4015,160.6,02/28/2026 10:15:03.240,2.456025449,0.0,2.25434527715299,1.8568763668712661e-06,-9.28449339975712e-05,0.0074964366670679395,True
4058,4016,160.64000000000001,02/28/2026 10:15:03.280,2.456025449,0.0,2.254519174919416,1.8552752840787874e-06,-9.276487889597994e-05,0.007483514650420718,True
4059,4017,160.68,02/28/2026 10:15:03.320,2.456025449,0.0,2.2546929212268845,1.8536755957742108e-06,-9.268489351962147e-05,0.007470615020792812,True
4060,4018,160.72,02/28/2026 10:15:03.360,2.456025449,0.0,2.2548665162112163,1.8520773007070216e-06,-9.260497780596942e-05,0.007457737739012367,True
4061,4019,160.76,02/28/2026 10:15:03.400,2.456025449,0.0,2.255039960008102,1.8504803976279128e-06,-9.252513169255802e-05,0.007444882765977367,True
4062,4020,160.8,02/28/2026 10:15:03.440,2.456025449,0.0,2.2552132527530993,1.8488848852888009e-06,-9.244535511698211e-05,0.007432050062655609,True
4063,4021,160.84,02/28/2026 10:15:03.480,2.456025449,0.0,2.255386394581634,1.8472907624428145e-06,-9.236564801689713e-05,0.007419239590084485,True
4064,4022,160.88,02/28/2026 10:15:03.520,2.456025449,0.0,2.255559385629003,1.8456980278442849e-06,-9.228601033001895e-05,0.007406451309370829,True
4065,4023,160.92000000000002,02/28/2026 10:15:03.560,2.456025449,0.0,2.2557322260303683,1.8441066802487487e-06,-9.220644199412387e-05,0.007393685181690838,True
4066,4024,160.96,02/28/2026 10:15:03.600,2.456025449,0.0,2.255904915920764,1.8425167184129546e-06,-9.212694294704847e-05,0.007380941168289962,True
4067,4025,161.0,02/28/2026 10:15:03.640,2.456025449,0.0,2.2560774554350917,1.8409281410948524e-06,-9.20475131266896e-05,0.007368219230482735,True
4068,4026,161.04,02/28/2026 10:15:03.680,2.456025449,0.0,2.2562498447081234,1.8393409470535982e-06,-9.196815247100427e-05,0.007355519329652644,True
4069,4027,161.08,02/28/2026 10:15:03.720,2.456025449,0.0,2.256422083874499,1.837755135049556e-06,-9.188886091800966e-05,0.007342841427252074,True
4070,4028,161.12,02/28/2026 10:15:03.760,2.456025449,0.0,2.25659417306873,1.8361707038442784e-06,-9.180963840578302e-05,0.007330185484802048,True
4071,4029,161.16,02/28/2026 10:15:03.800,2.456025449,0.0,2.256766112425195,1.834587652200519e-06,-9.173048487246145e-05,0.007317551463892199,True
4072,4030,161.20000000000002,02/28/2026 10:15:03.840,2.456025449,0.0,2.256937902078145,1.8330059788822434e-06,-9.165140025624204e-05,0.007304939326180699,True
4073,4031,161.24,02/28/2026 10:15:03.880,2.456025449,0.0,2.257109542161699,1.8314256826546027e-06,-9.157238449538174e-05,0.007292349033393963,True
4074,4032,161.28,02/28/2026 10:15:03.920,2.456025449,0.0,2.257281032809847,1.8298467622839513e-06,-9.149343752819724e-05,0.007279780547326688,True
4075,4033,161.32,02/28/2026 10:15:03.960,2.456025449,0.0,2.257452374156451,1.8282692165378217e-06,-9.141455929306495e-05,0.007267233829841546,True
4076,4034,161.36,02/28/2026 10:15:04.000,2.456025449,0.0,2.25762356633524,1.8266930441849556e-06,-9.133574972842091e-05,0.007254708842869298,True
4077,4035,161.4,02/28/2026 10:15:04.040,2.456025449,0.0,2.257794609479817,1.8251182439952757e-06,-9.125700877276073e-05,0.007242205548408448,True
4078,4036,161.44,02/28/2026 10:15:04.080,2.456025449,0.0,2.257965503723653,1.8235448147398942e-06,-9.117833636463942e-05,0.007229723908525228,True
4079,4037,161.48,02/28/2026 10:15:04.120,2.456025449,0.0,2.2581362492000916,1.8219727551911284e-06,-9.109973244267151e-05,0.0072172638853535195,True
4080,4038,161.52,02/28/2026 10:15:04.160,2.456025449,0.0,2.258306846042347,1.8204020641224622e-06,-9.102119694553091e-05,0.007204825441094546,True
4081,4039,161.56,02/28/2026 10:15:04.200,2.456025449,0.0,2.258477294383505,1.818832740308575e-06,-9.094272981195075e-05,0.007192408538016949,True
4082,4040,161.6,02/28/2026 10:15:04.240,2.456025449,0.0,2.258647594356522,1.8172647825253274e-06,-9.086433098072338e-05,0.0071800131384565395,True
4083,4041,161.64000000000001,02/28/2026 10:15:04.280,2.456025449,0.0,2.2588177460942265,1.815698189549767e-06,-9.078600039070034e-05,0.007167639204816233,True
4084,4042,161.68,02/28/2026 10:15:04.320,2.105164671,0.0,2.2586853821745523,-2.8501882535553325e-06,-7.361209767152977e-05,0.004343725320912541,True
4085,4043,161.72,02/28/2026 10:15:04.360,2.456025449,0.0,2.2588554406135657,4.630351621416416e-08,-5.231227010081022e-05,0.007164904687046149,True
4086,4044,161.76,02/28/2026 10:15:04.400,2.456025449,0.0,2.2590253756213277,1.7111439837601058e-06,-5.100272282403237e-05,0.007152554300015323,True
4087,4045,161.8,02/28/2026 10:15:04.440,2.456025449,0.0,2.2591951807648503,2.4726022909606263e-06,-5.884645984145377e-05,0.0071402284826710405,True
4088,4046,161.84,02/28/2026 10:15:04.480,2.456025449,0.0,2.2593648494008383,2.6694588425783613e-06,-6.90704976053207e-05,0.007127923898007006,True
4089,4047,161.88,02/28/2026 10:15:04.520,2.456025449,0.0,2.2595343762383546,2.5728716337158867e-06,-7.815466605428536e-05,0.007115640210568115,True
4090,4048,161.92000000000002,02/28/2026 10:15:04.560,2.456025449,0.0,2.2597037577451733,2.3660579755510583e-06,-8.477667146770396e-05,0.0071033776874655265,True
4091,4049,161.96,02/28/2026 10:15:04.600,2.456025449,0.0,2.2598729919531575,2.1540250606077282e-06,-8.88738872585229e-05,0.007091136469434153,True
4092,4050,162.0,02/28/2026 10:15:04.640,2.456025449,0.0,2.260042078037894,1.9845879110600766e-06,-9.095727624164142e-05,0.007078916538729057,True
4093,4051,162.04,02/28/2026 10:15:04.680,2.456025449,0.0,2.2602110158876343,1.8699219599304846e-06,-9.168385783820596e-05,0.007066717821049651,True
4094,4052,162.08,02/28/2026 10:15:04.720,2.456025449,0.0,2.260379805759476,1.8037539918125662e-06,-9.163539794191586e-05,0.00705454024592121,True
4095,4053,162.12,02/28/2026 10:15:04.760,2.456025449,0.0,2.26054844804771,1.7729446662208529e-06,-9.123604282780294e-05,0.007042383759997591,True
4096,4054,162.16,02/28/2026 10:15:04.800,2.456025449,0.0,2.2607169431514924,1.7641049920510516e-06,-9.074932434140297e-05,0.00703024832150773,True
4097,4055,162.20000000000002,02/28/2026 10:15:04.840,2.456025449,0.0,2.260885291414925,1.7665922163714255e-06,-9.031110379376054e-05,0.007018133893278128,True
4098,4056,162.24,02/28/2026 10:15:04.880,2.456025449,0.0,2.261053493112132,1.7732561576512685e-06,-8.997146887579502e-05,0.007006040439072806,True
4099,4057,162.28,02/28/2026 10:15:04.920,2.456025449,0.0,2.2612215484555267,1.7800258004525872e-06,-8.973167135929132e-05,0.00699396792250848,True
4100,4058,162.32,02/28/2026 10:15:04.960,2.456025449,0.0,2.2613894576126317,1.7850683302198378e-06,-8.957097657252128e-05,0.006981916307022329,True
4101,4059,162.36,02/28/2026 10:15:05.000,2.456025449,0.0,2.261557220723113,1.7879374805676993e-06,-8.946329644313743e-05,0.00696988555603252,True
4102,4060,162.4,02/28/2026 10:15:05.040,2.456025449,0.0,2.2617248379122734,1.7888988737466904e-06,-8.938572931991201e-05,0.0069578756330297515,True
4103,4061,162.44,02/28/2026 10:15:05.080,2.456025449,0.0,2.261892309300091,1.7884780523298483e-06,-8.932167797898466e-05,0.006945886501596514,True
4104,4062,162.48,02/28/2026 10:15:05.120,2.456025449,0.0,2.262059635006349,1.7872040026166808e-06,-8.926089093481889e-05,0.00693391812539768,True
4105,4063,162.52,02/28/2026 10:15:05.160,2.456025449,0.0,2.2622268151529332,1.7854943542707926e-06,-8.919812660509552e-05,0.006921970468169641,True
4106,4064,162.56,02/28/2026 10:15:05.200,2.456025449,0.0,2.2623938498643765,1.7836280879656674e-06,-8.913149007630773e-05,0.006910043493714509,True
4107,4065,162.6,02/28/2026 10:15:05.240,2.456025449,0.0,2.262560739267511,1.7817629856662805e-06,-8.906097920307345e-05,0.006898137165898342,True
4108,4066,162.64000000000001,02/28/2026 10:15:05.280,2.456025449,0.0,2.2627274834907944,1.7799692557953714e-06,-8.89874340752101e-05,0.006886251448651238,True
4109,4067,162.68,02/28/2026 10:15:05.320,2.456025449,0.0,2.2628940826636397,1.7782631762666684e-06,-8.89118900669049e-05,0.006874386305967161,True
4110,4068,162.72,02/28/2026 10:15:05.360,2.456025449,0.0,2.263060536915883,1.7766335658968653e-06,-8.883524843715369e-05,0.006862541701904225,True
4111,4069,162.76,02/28/2026 10:15:05.400,2.456025449,0.0,2.263226846377432,1.7750594171963287e-06,-8.875815845329827e-05,0.006850717600584447,True
4112,4070,162.8,02/28/2026 10:15:05.440,2.456025449,0.0,2.2633930111780693,1.7735198353563894e-06,-8.868101874273421e-05,0.006838913966193664,True
4113,4071,162.84,02/28/2026 10:15:05.480,2.456025449,0.0,2.2635590314473615,1.7719984344703434e-06,-8.8604031381721e-05,0.006827130762981405,True
4114,4072,162.88,02/28/2026 10:15:05.520,2.456025449,0.0,2.2637249073146415,1.7704843304909504e-06,-8.852726789571835e-05,0.0068153679552607265,True
4115,4073,162.92000000000002,02/28/2026 10:15:05.560,2.456025449,0.0,2.2638906389090225,1.7689714087184387e-06,-8.845072647250244e-05,0.0068036255074081994,True
4116,4074,162.96,02/28/2026 10:15:05.600,2.456025449,0.0,2.264056226359426,1.7674569802239704e-06,-8.837437305772804e-05,0.006791903383863635,True
4117,4075,163.0,02/28/2026 10:15:05.640,2.456025449,0.0,2.264221669794607,1.7659404532331939e-06,-8.829816651239633e-05,0.006780201549130064,True
4118,4076,163.04,02/28/2026 10:15:05.680,2.456025449,0.0,2.264386969343175,1.7644222946955637e-06,-8.822207131330053e-05,0.006768519967773681,True
4119,4077,163.08,02/28/2026 10:15:05.720,2.456025449,0.0,2.264552125133611,1.762903342516473e-06,-8.814606200300265e-05,0.006756858604423574,True
4120,4078,163.12,02/28/2026 10:15:05.760,2.456025449,0.0,2.2647171372942707,1.7613844205158998e-06,-8.8070123020851e-05,0.006745217423771699,True
4121,4079,163.16,02/28/2026 10:15:05.800,2.456025449,0.0,2.2648820059533907,1.7598661701911628e-06,-8.79942465158224e-05,0.00673359639057281,True
4122,4080,163.20000000000002,02/28/2026 10:15:05.840,2.456025449,0.0,2.26504673123909,1.7583490148037077e-06,-8.791842972854941e-05,0.00672199546964421,True
4123,4081,163.24,02/28/2026 10:15:05.880,2.456025449,0.0,2.2652113132793668,1.7568331899798088e-06,-8.784267274043343e-05,0.00671041462586581,True
4124,4082,163.28,02/28/2026 10:15:05.920,2.456025449,0.0,2.2653757522021003,1.755318797362276e-06,-8.776697686636461e-05,0.0066988538241798045,True
4125,4083,163.32,02/28/2026 10:15:05.960,2.456025449,0.0,2.2655400481350485,1.753805857064455e-06,-8.769134367667998e-05,0.006687313029590777,True
4126,4084,163.36,02/28/2026 10:15:06.000,2.456025449,0.0,2.265704201205847,1.7522943483975803e-06,-8.761577450768739e-05,0.0066757922071654105,True
4127,4085,163.4,02/28/2026 10:15:06.040,2.456025449,0.0,2.26586821154201,1.7507842366914711e-06,-8.754027029393085e-05,0.006664291322032523,True
4128,4086,163.44,02/28/2026 10:15:06.080,2.456025449,0.0,2.26603207927093,1.749275488206676e-06,-8.746483157934204e-05,0.0066528103393827375,True
4129,4087,163.48,02/28/2026 10:15:06.120,2.456025449,0.0,2.266195804519876,1.7477680765681665e-06,-8.738945860557028e-05,0.006641349224468639,True
4130,4088,163.52,02/28/2026 10:15:06.160,2.456025449,0.0,2.266359387415995,1.7462619840552645e-06,-8.731415141578678e-05,0.006629907942604473,True
4131,4089,163.56,02/28/2026 10:15:06.200,2.456025449,0.0,2.266522828086312,1.7447572003287061e-06,-8.723890994321852e-05,0.006618486459166108,True
4132,4090,163.6,02/28/2026 10:15:06.240,2.456025449,0.0,2.2666861266577323,1.7432537202895105e-06,-8.716373407399735e-05,0.006607084739590854,True
4133,4091,163.64000000000001,02/28/2026 10:15:06.280,2.456025449,0.0,2.2668492832570366,1.7417515420086924e-06,-8.708862368517371e-05,0.006595702749377438,True
4134,4092,163.68,02/28/2026 10:15:06.320,2.456025449,0.0,2.267012298010886,1.7402506651302563e-06,-8.70135786635728e-05,0.0065843404540858195,True
4135,4093,163.72,02/28/2026 10:15:06.360,2.456025449,0.0,2.2671751710458197,1.7387510898255112e-06,-8.69385989121066e-05,0.00657299781933715,True
4136,4094,163.76,02/28/2026 10:15:06.400,2.456025449,0.0,2.267337902488255,1.737252816215709e-06,-8.686368434915994e-05,0.006561674810813599,True
4137,4095,163.8,02/28/2026 10:15:06.440,2.456025449,0.0,2.26750049246449,1.7357558441261898e-06,-8.678883490502747e-05,0.006550371394258247,True
4138,4096,163.84,02/28/2026 10:15:06.480,2.456025449,0.0,2.2676629411007005,1.734260173040437e-06,-8.67140505177991e-05,0.0065390875354750305,True
4139,4097,163.88,02/28/2026 10:15:06.520,2.456025449,0.0,2.2678252485229424,1.7327658021528143e-06,-8.663933112987854e-05,0.006527823200328527,True
4140,4098,163.92000000000002,02/28/2026 10:15:06.560,2.456025449,0.0,2.26798741485715,1.7312727304539781e-06,-8.656467668552611e-05,0.006516578354743964,True
4141,4099,163.96,02/28/2026 10:15:06.600,2.456025449,0.0,2.268149440229139,1.729780956812556e-06,-8.649008712938154e-05,0.00650535296470701,True
4142,4100,164.0,02/28/2026 10:15:06.640,2.456025449,0.0,2.2683113247646025,1.7282904800377584e-06,-8.641556240573787e-05,0.006494146996263724,True
4143,4101,164.04,02/28/2026 10:15:06.680,2.456025449,0.0,2.268473068589115,1.726801298920137e-06,-8.634110245830428e-05,0.0064829604155204265,True
4144,4102,164.08,02/28/2026 10:15:06.720,2.456025449,0.0,2.2686346718281305,1.7253134122539241e-06,-8.626670723023698e-05,0.006471793188643565,True
4145,4103,164.12,02/28/2026 10:15:06.760,2.456025449,0.0,2.268796134606983,1.7238268188464318e-06,-8.619237666428264e-05,0.006460645281859657,True
4146,4104,164.16,02/28/2026 10:15:06.800,2.456025449,0.0,2.268957457050886,1.7223415175196686e-06,-8.611811070294149e-05,0.0064495166614551664,True
4147,4105,164.20000000000002,02/28/2026 10:15:06.840,2.456025449,0.0,2.2691186392849345,1.7208575071081503e-06,-8.604390928860409e-05,0.00643840729377636,True
4148,4106,164.24,02/28/2026 10:15:06.880,2.456025449,0.0,2.2692796814341043,1.7193747864554852e-06,-8.596977236364722e-05,0.006427317145229116,True
4149,4107,164.28,02/28/2026 10:15:06.920,2.456025449,0.0,2.26944058362325,1.7178933544111834e-06,-8.589569987049125e-05,0.006416246182279083,True
4150,4108,164.32,02/28/2026 10:15:06.960,2.456025449,0.0,2.2696013459771085,1.716413209828178e-06,-8.582169175162811e-05,0.006405194371451323,True
4151,4109,164.36,02/28/2026 10:15:07.000,2.456025449,0.0,2.269761968620297,1.71493435156123e-06,-8.574774794962997e-05,0.0063941616793302325,True
4152,4110,164.4,02/28/2026 10:15:07.040,2.456025449,0.0,2.269922451677315,1.713456778466076e-06,-8.567386840714776e-05,0.006383148072559537,True
4153,4111,164.44,02/28/2026 10:15:07.080,2.456025449,0.0,2.27008279527254,1.7119804893990679e-06,-8.560005306690533e-05,0.006372153517842127,True
4154,4112,164.48,02/28/2026 10:15:07.120,2.456025449,0.0,2.2702429995302347,1.7105054832171128e-06,-8.552630187169289e-05,0.006361177981939937,True
4155,4113,164.52,02/28/2026 10:15:07.160,2.456025449,0.0,2.2704030645745403,1.7090317587777576e-06,-8.545261476436166e-05,0.006350221431673841,True
4156,4114,164.56,02/28/2026 10:15:07.200,2.456025449,0.0,2.2705629905294806,1.7075593149393373e-06,-8.537899168781999e-05,0.006339283833923611,True
4157,4115,164.6,02/28/2026 10:15:07.240,2.456025449,0.0,2.2707227775189613,1.706088150561078e-06,-8.530543258503116e-05,0.006328365155627674,True
4158,4116,164.64000000000001,02/28/2026 10:15:07.280,2.456025449,0.0,2.2708824256667697,1.7046182645032154e-06,-8.52319373990121e-05,0.006317465363783161,True
4159,4117,164.68,02/28/2026 10:15:07.320,2.456025449,0.0,2.271041935096575,1.7031496556270274e-06,-8.515850607283312e-05,0.006306584425445627,True
4160,4118,164.72,02/28/2026 10:15:07.360,2.456025449,0.0,2.271201305931929,1.7016823227948966e-06,-8.508513854961779e-05,0.0062957223077291105,True
4161,4119,164.76,02/28/2026 10:15:07.400,2.456025449,0.0,2.2713605382962645,1.7002162648703075e-06,-8.501183477254322e-05,0.006284878977805961,True
4162,4120,164.8,02/28/2026 10:15:07.440,2.456025449,0.0,2.271519632312898,1.6987514807178508e-06,-8.493859468484025e-05,0.006274054402906702,True
4163,4121,164.84,02/28/2026 10:15:07.480,2.456025449,0.0,2.271678588105028,1.6972879692032057e-06,-8.486541822979355e-05,0.0062632485503199085,True
4164,4122,164.88,02/28/2026 10:15:07.520,2.456025449,0.0,2.2718374057957345,1.6958257291931618e-06,-8.479230535074176e-05,0.006252461387392252,True
4165,4123,164.92000000000002,02/28/2026 10:15:07.560,2.456025449,0.0,2.2719960855079817,1.6943647595555897e-06,-8.471925599107747e-05,0.006241692881528218,True
4166,4124,164.96,02/28/2026 10:15:07.600,2.456025449,0.0,2.2721546273646167,1.6929050591594308e-06,-8.464627009424724e-05,0.006230943000190019,True
4167,4125,165.0,02/28/2026 10:15:07.640,2.456025449,0.0,2.2723130314883693,1.6914466268747101e-06,-8.457334760375147e-05,0.0062202117108975915,True
4168,4126,165.04,02/28/2026 10:15:07.680,2.456025449,0.0,2.2724712980018515,1.6899894615725364e-06,-8.45004884631444e-05,0.0062094989812284465,True
4169,4127,165.08,02/28/2026 10:15:07.720,2.456025449,0.0,2.2726294270275598,1.68853356212508e-06,-8.442769261603409e-05,0.0061988047788175136,True
4170,4128,165.12,02/28/2026 10:15:07.760,2.456025449,0.0,2.2727874186878734,1.6870789274056005e-06,-8.435496000608226e-05,0.006188129071357149,True
4171,4129,165.16,02/28/2026 10:15:07.800,2.456025449,0.0,2.2729452731050555,1.6856255562884123e-06,-8.428229057700428e-05,0.006177471826596846,True
4172,4130,165.20000000000002,02/28/2026 10:15:07.840,2.456025449,0.0,2.2731029904012523,1.6841734476489046e-06,-8.420968427256905e-05,0.006166833012343319,True
4173,4131,165.24,02/28/2026 10:15:07.880,2.456025449,0.0,2.2732605706984943,1.682722600363553e-06,-8.413714103659901e-05,0.006156212596460362,True
4174,4132,165.28,02/28/2026 10:15:07.920,2.456025449,0.0,2.2734180141186964,1.6812730133098795e-06,-8.406466081297006e-05,0.006145610546868591,True
4175,4133,165.32,02/28/2026 10:15:07.960,2.456025449,0.0,2.273575320783656,1.6798246853664837e-06,-8.399224354561143e-05,0.00613502683154553,True
4176,4134,165.36,02/28/2026 10:15:08.000,2.456025449,0.0,2.2737324908150565,1.6783776154130254e-06,-8.391988917850568e-05,0.006124461418525395,True
4177,4135,165.4,02/28/2026 10:15:08.040,2.456025449,0.0,2.273889524334464,1.6769318023302445e-06,-8.384759765568866e-05,0.006113914275899101,True
4178,4136,165.44,02/28/2026 10:15:08.080,2.631455838,0.0,2.2741974956076008,4.007648861253531e-06,-9.232323954628132e-05,0.02352300733496653,True
4179,4137,165.48,02/28/2026 10:15:08.120,2.456025449,0.0,2.2743541552690676,2.5571777384234544e-06,-0.00010286189009740038,0.006082760169931503,True
4180,4138,165.52,02/28/2026 10:15:08.160,2.456025449,0.0,2.274510666578969,1.7225342008010928e-06,-0.00010340549720750771,0.0060722843656766685,True
4181,4139,165.56,02/28/2026 10:15:08.200,2.456025449,0.0,2.2746670329410645,1.339583675723231e-06,-9.937255879026608e-05,0.006061827471612517,True
4182,4140,165.6,02/28/2026 10:15:08.240,2.456025449,0.0,2.274823257864086,1.2389359590860533e-06,-9.414956653342623e-05,0.0060513886312580124,True
4183,4141,165.64000000000001,02/28/2026 10:15:08.280,2.456025449,0.0,2.2749793441804083,1.2850120516174203e-06,-8.949660538161833e-05,0.0060409677385601076,True
4184,4142,165.68,02/28/2026 10:15:08.320,2.456025449,0.0,2.2751352938428733,1.3862032960091878e-06,-8.607482210920262e-05,0.006030564838146454,True
4185,4143,165.72,02/28/2026 10:15:08.360,2.456025449,0.0,2.275291108022098,1.4900060942818663e-06,-8.391552992382643e-05,0.006020179943089383,True
4186,4144,165.76,02/28/2026 10:15:08.400,2.456025449,0.0,2.2754467873166617,1.5725129336324342e-06,-8.276324733224267e-05,0.006009813026879797,True
4187,4145,165.8,02/28/2026 10:15:08.440,2.456025449,0.0,2.2756023319686314,1.627636095835408e-06,-8.228946453816253e-05,0.005999464048908252,True
4188,4146,165.84,02/28/2026 10:15:08.480,2.456025449,0.0,2.2757577420354744,1.6585121868813296e-06,-8.220329850910258e-05,0.005989132969560344,True
4189,4147,165.88,02/28/2026 10:15:08.520,2.456025449,0.0,2.2759130175058835,1.6717108753019124e-06,-8.229267602199488e-05,0.005978819753542449,True
4190,4148,165.92000000000002,02/28/2026 10:15:08.560,2.456025449,0.0,2.2760681583659426,1.6739266549399053e-06,-8.242583106860116e-05,0.005968524368493442,True
4191,4149,165.96,02/28/2026 10:15:08.600,2.456025449,0.0,2.2762231646290836,1.6704809005534294e-06,-8.253483290801023e-05,0.005958246783240263,True
4192,4150,166.0,02/28/2026 10:15:08.640,2.456025449,0.0,2.276378036343552,1.6649487012017087e-06,-8.259463760945501e-05,0.00594798696688281,True
4193,4151,166.04,02/28/2026 10:15:08.680,2.456025449,0.0,2.2765327735882708,1.6593655628992394e-06,-8.260461920181701e-05,0.005937744888522811,True
4194,4152,166.08,02/28/2026 10:15:08.720,2.456025449,0.0,2.276687376464433,1.6546478912209166e-06,-8.257514493581553e-05,0.005927520517255601,True
4195,4153,166.12,02/28/2026 10:15:08.760,2.456025449,0.0,2.2768418450869823,1.651018817658151e-06,-8.251925876256074e-05,0.0059173138222101945,True
4196,4154,166.16,02/28/2026 10:15:08.800,2.456025449,0.0,2.276996179577869,1.6483455293860514e-06,-8.244841142268399e-05,0.005907124772572142,True
4197,4155,166.20000000000002,02/28/2026 10:15:08.840,2.456025449,0.0,2.277150380061529,1.646365253420097e-06,-8.237090144321395e-05,0.005896953337588266,True
4198,4156,166.24,02/28/2026 10:15:08.880,2.456025449,0.0,2.2773044466623205,1.6448134949141298e-06,-8.22918544820983e-05,0.0058867994865641,True
4199,4157,166.28,02/28/2026 10:15:08.920,2.456025449,0.0,2.277458379503374,1.6434814373415848e-06,-8.221389124575682e-05,0.005876663188861339,True
4200,4158,166.32,02/28/2026 10:15:08.960,2.456025449,0.0,2.2776121787063217,1.6422295886725627e-06,-8.213795910628395e-05,0.005866544413896102,True
4201,4159,166.36,02/28/2026 10:15:09.000,2.456025449,0.0,2.277765844391471,1.64097905623302e-06,-8.206405905179235e-05,0.005856443131138554,True
4202,4160,166.4,02/28/2026 10:15:09.040,2.456025449,0.0,2.2779193766781414,1.6396947341216527e-06,-8.199177095287544e-05,0.005846359310112761,True
4203,4161,166.44,02/28/2026 10:15:09.080,2.456025449,0.0,2.2780727756850006,1.6383684816932685e-06,-8.192057703802222e-05,0.005836292920396703,True
4204,4162,166.48,02/28/2026 10:15:09.120,2.456025449,0.0,2.2782260415303295,1.6370058878527934e-06,-8.185002659339772e-05,0.005826243931622105,True
4205,4163,166.52,02/28/2026 10:15:09.160,2.456025449,0.0,2.278379174332198,1.6356174546599385e-06,-8.177979490107426e-05,0.00581621231347453,True
4206,4164,166.56,02/28/2026 10:15:09.200,2.456025449,0.0,2.2785321742085665,1.6342136278355247e-06,-8.170968256317754e-05,0.005806198035693074,True
4207,4165,166.6,02/28/2026 10:15:09.240,2.456025449,0.0,2.278685041277328,1.6328025986509878e-06,-8.163958845748132e-05,0.005796201068070347,True
4208,4166,166.64000000000001,02/28/2026 10:15:09.280,2.456025449,0.0,2.278837775656318,1.6313898074496472e-06,-8.156947673723926e-05,0.005786221380452486,True
4209,4167,166.68,02/28/2026 10:15:09.320,2.456025449,0.0,2.27899037746331,1.6299783099026765e-06,-8.149934822462675e-05,0.005776258942738834,True
4210,4168,166.72,02/28/2026 10:15:09.360,2.456025449,0.0,2.279142846815998,1.6285694487973876e-06,-8.142921986295974e-05,0.0057663137248820644,True
4211,4169,166.76,02/28/2026 10:15:09.400,2.456025449,0.0,2.2792951838319873,1.6271635183454277e-06,-8.13591121379607e-05,0.005756385696887883,True
4212,4170,166.8,02/28/2026 10:15:09.440,2.456025449,0.0,2.2794473886287823,1.6257602833981523e-06,-8.128904272753573e-05,0.005746474828815113,True
4213,4171,166.84,02/28/2026 10:15:09.480,2.456025449,0.0,2.27959946132378,1.6243593233305248e-06,-8.121902427678608e-05,0.005736581090775449,True
4214,4172,166.88,02/28/2026 10:15:09.520,2.456025449,0.0,2.2797514020342664,1.6229602245618046e-06,-8.114906448249931e-05,0.005726704452933446,True
4215,4173,166.92000000000002,02/28/2026 10:15:09.560,2.456025449,0.0,2.2799032108774138,1.6215626646741884e-06,-8.107916718672818e-05,0.005716844885506472,True
4216,4174,166.96,02/28/2026 10:15:09.600,2.456025449,0.0,2.280054887970283,1.6201664303693724e-06,-8.100933368577683e-05,0.0057070023587644444,True
4217,4175,167.0,02/28/2026 10:15:09.640,2.456025449,0.0,2.2802064334298215,1.6187714021682293e-06,-8.093956385564416e-05,0.005697176843029864,True
4218,4176,167.04,02/28/2026 10:15:09.680,2.456025449,0.0,2.280357847372865,1.617377527584954e-06,-8.086985695566386e-05,0.005687368308677745,True
4219,4177,167.08,02/28/2026 10:15:09.720,2.456025449,0.0,2.280509129916139,1.6159847949000515e-06,-8.080021211752524e-05,0.005677576726135414,True
4220,4178,167.12,02/28/2026 10:15:09.760,2.456025449,0.0,2.280660281176256,1.6145932127966587e-06,-8.073062859001112e-05,0.00566780206588248,True
4221,4179,167.16,02/28/2026 10:15:09.800,2.456025449,0.0,2.280811301269721,1.6132027969502084e-06,-8.066110582286514e-05,0.005658044298450747,True
4222,4180,167.20000000000002,02/28/2026 10:15:09.840,2.456025449,0.0,2.280962190312928,1.6118135625723184e-06,-8.059164346121588e-05,0.005648303394424029,True
4223,4181,167.24,02/28/2026 10:15:09.880,2.456025449,0.0,2.28111294842216,1.6104255211939905e-06,-8.052224130141171e-05,0.005638579324438189,True
4224,4182,167.28,02/28/2026 10:15:09.920,2.456025449,0.0,2.281263575713593,1.6090386800206093e-06,-8.045289923911868e-05,0.005628872059180916,True
4225,4183,167.32,02/28/2026 10:15:09.960,2.456025449,0.0,2.28141407230329,1.6076530425684457e-06,-8.038361722505349e-05,0.005619181569391804,True
4226,4184,167.36,02/28/2026 10:15:10.000,2.456025449,0.0,2.2815644383072073,1.6062686097351724e-06,-8.031439523355887e-05,0.00560950782586202,True
4227,4185,167.4,02/28/2026 10:15:10.040,2.456025449,0.0,2.2817146738411904,1.604885380835043e-06,-8.024523324359654e-05,0.005599850799434432,True
4228,4186,167.44,02/28/2026 10:15:10.080,2.456025449,0.0,2.2818647790209763,1.6035033543973833e-06,-8.017613122931913e-05,0.005590210461003387,True
4229,4187,167.48,02/28/2026 10:15:10.120,2.456025449,0.0,2.2820147539621924,1.602122528689425e-06,-8.010708915691404e-05,0.005580586781514641,True
4230,4188,167.52,02/28/2026 10:15:10.160,2.456025449,0.0,2.282164598780357,1.6007429020049913e-06,-8.00381069849103e-05,0.0055709797319652855,True
4231,4189,167.56,02/28/2026 10:15:10.200,2.456025449,0.0,2.2823143135908808,1.5993644727874179e-06,-7.996918466596007e-05,0.005561389283403632,True
4232,4190,167.6,02/28/2026 10:15:10.240,2.456025449,0.0,2.2824638985090635,1.5979872396525254e-06,-7.990032214889571e-05,0.0055518154069291205,True
4233,4191,167.64000000000001,02/28/2026 10:15:10.280,2.456025449,0.0,2.282613353650098,1.596611201362259e-06,-7.983151938047052e-05,0.0055422580736923,True
4234,4192,167.68,02/28/2026 10:15:10.320,2.456025449,0.0,2.2827626791290676,1.5952363567819691e-06,-7.976277630658724e-05,0.0055327172548946205,True
4235,4193,167.72,02/28/2026 10:15:10.360,2.456025449,0.0,2.2829118750609467,1.5938627048395726e-06,-7.969409287303656e-05,0.005523192921788411,True
4236,4194,167.76,02/28/2026 10:15:10.400,2.456025449,0.0,2.283060941560603,1.5924902444942488e-06,-7.962546902586009e-05,0.00551368504567677,True
4237,4195,167.8,02/28/2026 10:15:10.440,2.456025449,0.0,2.283209878742795,1.591118974716051e-06,-7.955690471146882e-05,0.005504193597913465,True
4238,4196,167.84,02/28/2026 10:15:10.480,2.456025449,0.0,2.2833586867221722,1.5897488944747426e-06,-7.94883998766277e-05,0.005494718549902871,True
4239,4197,167.88,02/28/2026 10:15:10.520,2.456025449,0.0,2.283507365613279,1.5883800027350848e-06,-7.941995446838358e-05,0.005485259873099775,True
4240,4198,167.92000000000002,02/28/2026 10:15:10.560,2.456025449,0.0,2.2836559155305487,1.5870122984560512e-06,-7.935156843398389e-05,0.005475817539009489,True
4241,4199,167.96,02/28/2026 10:15:10.600,2.456025449,0.0,2.2838043365883083,1.5856457805919028e-06,-7.928324172080801e-05,0.005466391519187574,True
4242,4200,168.0,02/28/2026 10:15:10.640,2.456025449,0.0,2.283952628900778,1.5842804480938794e-06,-7.921497427631927e-05,0.005456981785239795,True
4243,4201,168.04,02/28/2026 10:15:10.680,2.456025449,0.0,2.284100792582069,1.5829162999118173e-06,-7.914676604803611e-05,0.005447588308822037,True
4244,4202,168.08,02/28/2026 10:15:10.720,2.456025449,0.0,2.2842488277461857,1.5815533349953911e-06,-7.907861698351815e-05,0.005438211061640304,True
4245,4203,168.12,02/28/2026 10:15:10.760,2.456025449,0.0,2.284396734507025,1.5801915522948856e-06,-7.901052703036167e-05,0.005428850015450471,True
4246,4204,168.16,02/28/2026 10:15:10.800,2.456025449,0.0,2.284544512978378,1.5788309507616282e-06,-7.89424961362003e-05,0.005419505142058274,True
4247,4205,168.20000000000002,02/28/2026 10:15:10.840,2.456025449,0.0,2.284692163273927,1.5774715293481726e-06,-7.887452424870776e-05,0.005410176413319215,True
4248,4206,168.24,02/28/2026 10:15:10.880,2.456025449,0.0,2.284839685507248,1.5761132870083338e-06,-7.88066113156012e-05,0.0054008638011385215,True
4249,4207,168.28,02/28/2026 10:15:10.920,2.456025449,0.0,2.2849870797918106,1.5747562226971318e-06,-7.873875728464369e-05,0.005391567277470957,True
4250,4208,168.32,02/28/2026 10:15:10.960,2.456025449,0.0,2.2851343462409774,1.5734003353707183e-06,-7.867096210364612e-05,0.005382286814320769,True
4251,4209,168.36,02/28/2026 10:15:11.000,2.456025449,0.0,2.285281484968004,1.5720456239863287e-06,-7.860322572046822e-05,0.005373022383741657,True
4252,4210,168.4,02/28/2026 10:15:11.040,2.456025449,0.0,2.2854284960860403,1.570692087502222e-06,-7.853554808301911e-05,0.005363773957836616,True
4253,4211,168.44,02/28/2026 10:15:11.080,2.456025449,0.0,2.2855753797081295,1.569339724877645e-06,-7.846792913925736e-05,0.005354541508757864,True
4254,4212,168.48,02/28/2026 10:15:11.120,2.456025449,0.0,2.2857221359472084,1.5679885350728246e-06,-7.840036883719093e-05,0.005345325008706757,True
4255,4213,168.52,02/28/2026 10:15:11.160,2.456025449,0.0,2.2858687649161085,1.566638517048947e-06,-7.833286712487696e-05,0.005336124429933684,True
4256,4214,168.56,02/28/2026 10:15:11.200,2.456025449,0.0,2.2860152667275546,1.5652896697681653e-06,-7.826542395042157e-05,0.005326939744737999,True
4257,4215,168.6,02/28/2026 10:15:11.240,2.456025449,0.0,2.2861616414941652,1.5639419921936133e-06,-7.819803926197979e-05,0.0053177709254679925,True
4258,4216,168.64000000000001,02/28/2026 10:15:11.280,2.456025449,0.0,2.286307889328454,1.562595483289372e-06,-7.813071300775536e-05,0.005308617944520615,True
4259,4217,168.68,02/28/2026 10:15:11.320,2.456025449,0.0,2.286454010342829,1.5612501420205045e-06,-7.80634451360007e-05,0.005299480774341611,True
4260,4218,168.72,02/28/2026 10:15:11.360,2.456025449,0.0,2.2866000046495913,1.5599059673530396e-06,-7.799623559501678e-05,0.005290359387425289,True
4261,4219,168.76,02/28/2026 10:15:11.400,2.456025449,0.0,2.286745872360939,1.5585629582539764e-06,-7.792908433315306e-05,0.005281253756314477,True
4262,4220,168.8,02/28/2026 10:15:11.440,2.456025449,0.0,2.286891613588962,1.557221113691285e-06,-7.786199129880749e-05,0.0052721638536004515,True
4263,4221,168.84,02/28/2026 10:15:11.480,2.456025449,0.0,2.287037228445648,1.5558804326339014e-06,-7.779495644042642e-05,0.005263089651922802,True
4264,4222,168.88,02/28/2026 10:15:11.520,2.456025449,0.0,2.2871827170428767,1.5545409140517335e-06,-7.772797970650454e-05,0.0052540311239694,True
4265,4223,168.92000000000002,02/28/2026 10:15:11.560,2.456025449,0.0,2.287328079492425,1.553202556915654e-06,-7.766106104558492e-05,0.0052449882424762725,True
4266,4224,168.96,02/28/2026 10:15:11.600,2.456025449,0.0,2.287473315905964,1.5518653601975046e-06,-7.759420040625885e-05,0.00523596098022754,True
4267,4225,169.0,02/28/2026 10:15:11.640,2.456025449,0.0,2.28761842639506,1.5505293228700914e-06,-7.752739773716591e-05,0.0052269493100553155,True
4268,4226,169.04,02/28/2026 10:15:11.680,2.456025449,0.0,2.2877634110711753,1.549194443907171e-06,-7.746065298699379e-05,0.005217953204839564,True
4269,4227,169.08,02/28/2026 10:15:11.720,2.456025449,0.0,2.2879082700456674,1.5478607222834764e-06,-7.739396610447827e-05,0.005208972637508141,True
4270,4228,169.12,02/28/2026 10:15:11.760,2.456025449,0.0,2.288053003429789,1.5465281569746958e-06,-7.732733703840321e-05,0.005200007581036594,True
4271,4229,169.16,02/28/2026 10:15:11.800,2.456025449,0.0,2.2881976113346894,1.5451967469574762e-06,-7.726076573760046e-05,0.00519105800844812,True
4272,4230,169.20000000000002,02/28/2026 10:15:11.840,2.456025449,0.0,2.288342093871413,1.543866491209421e-06,-7.719425215094983e-05,0.00518212389281347,True
4273,4231,169.24,02/28/2026 10:15:11.880,2.456025449,0.0,2.2884864511508995,1.5425373887091044e-06,-7.712779622737899e-05,0.00517320520725092,True
4274,4232,169.28,02/28/2026 10:15:11.920,2.456025449,0.168553386,2.2934980888553813,0.09359241314418387,0.8991734818161531,5.0590307085779305,True
4275,4233,169.32,02/28/2026 10:15:11.960,2.631455838,0.168553386,2.2993741864118156,0.1512155941860667,1.1071946184923471,0.29082148596952206,True
4276,4234,169.36,02/28/2026 10:15:12.000,2.631455838,0.168553386,2.3058101418384807,0.18054346132396865,0.9633976486851188,0.14875049809417398,True
4277,4235,169.4,02/28/2026 10:15:12.040,2.806886228,0.168553386,2.3127678833139687,0.19103089027229953,0.6938120485643913,0.49914395746375284,True
4278,4236,169.44,02/28/2026 10:15:12.080,2.806886228,0.168553386,2.3199318352747262,0.19089915408280073,0.42580596303089746,0.4925431821136453,True
4279,4237,169.48,02/28/2026 10:15:12.120,3.157747006,0.168553386,2.3274854616833203,0.18607741145256443,0.2156796048821424,0.402895501915294,True
4280,4238,169.52,02/28/2026 10:15:12.160,2.806886228,0.168553386,2.3347519330439885,0.1801901594603843,0.0761370852582616,0.16274326373902132,True
4281,4239,169.56,02/28/2026 10:15:12.200,3.157747006,0.168553386,2.342298463742208,0.1750940242184887,-0.0022340896298983365,0.1609009654719864,True
4282,4240,169.6,02/28/2026 10:15:12.240,2.982316617,0.168553386,2.349658901496518,0.17143094427185185,-0.036683181471530026,0.08117140919037907,True
4283,4241,169.64000000000001,02/28/2026 10:15:12.280,2.806886228,0.168553386,2.3568336710882662,0.16918656040680902,-0.04422886233953897,0.037683472836093,True
4284,4242,169.68,02/28/2026 10:15:12.320,2.806886228,0.168553386,2.363980062836732,0.16805406314876192,-0.038189886695670514,0.03638314290779215,True
4285,4243,169.72,02/28/2026 10:15:12.360,2.806886228,0.337106772,2.375973002369838,0.26124860431924324,0.8718532302238668,5.210577101905019,True
4286,4244,169.76,02/28/2026 10:15:12.400,2.806886228,0.337106772,2.3886651804098564,0.3188850913370579,1.0904870545947452,0.33104633251213544,True
4287,4245,169.8,02/28/2026 10:15:12.440,2.806886228,0.337106772,2.401907722355069,0.3484075811219932,0.9549673227534209,0.14497831269348213,True
4288,4246,169.84,02/28/2026 10:15:12.480,2.806886228,0.337106772,2.4155144296371858,0.35912639271160335,0.690863109610921,0.4641107386236433,True
4289,4247,169.88,02/28/2026 10:15:12.520,2.806886228,0.337106772,2.429322242006894,0.35919498496444796,0.425934532585929,0.4648817104276676,True
4290,4248,169.92000000000002,02/28/2026 10:15:12.560,2.806886228,0.337106772,2.4432131897252876,0.3545123314193139,0.21717757548027702,0.2967007163241672,True
4291,4249,169.96,02/28/2026 10:15:12.600,2.806886228,0.505660158,2.461981939940511,0.4423067510202524,0.9772039219764564,3.6323346477506173,True
4292,4250,170.0,02/28/2026 10:15:12.640,2.806886228,0.505660158,2.481437596385665,0.4948727585311831,1.1066457500738391,0.1242661872773929,True
4293,4251,170.04,02/28/2026 10:15:12.680,3.157747006,0.505660158,2.5017152335220443,0.5205580872199564,0.9280027566927618,0.2787058829323487,True
4294,4252,170.08,02/28/2026 10:15:12.720,3.157747006,0.674213543,2.5271911834198773,0.6223939918858153,1.549700513513736,2.4891930148376145,True
4295,4253,170.12,02/28/2026 10:15:12.760,3.157747006,0.674213543,2.5535531753271177,0.6787439081225796,1.4954211787671665,0.08567318395967569,True
4296,4254,170.16,02/28/2026 10:15:12.800,3.157747006,0.674213543,2.58053660201368,0.7028390084666921,1.1520937837572727,0.7979938056278731,True
4297,4255,170.20000000000002,02/28/2026 10:15:12.840,3.157747006,0.674213543,2.6078861264319584,0.7074470434801277,0.7534853222216513,1.0486437493280707,True
4298,4256,170.24,02/28/2026 10:15:12.880,3.157747006,0.674213543,2.6354050287741684,0.7024049686308251,0.4153585916523583,0.7647378401760485,True
4299,4257,170.28,02/28/2026 10:15:12.920,3.157747006,0.842766929,2.66783204991854,0.7877379204113086,1.0755414438048754,2.768441446036475,True
4300,4258,170.32,02/28/2026 10:15:12.960,3.333177395,0.842766929,2.7010934109752296,0.8374351887490527,1.139571117089891,0.09928224788047219,True
4301,4259,170.36,02/28/2026 10:15:13.000,3.333177395,1.011320315,2.739721818613759,0.9542670419652546,1.82404854305141,2.993340173221632,True
4302,4260,170.4,02/28/2026 10:15:13.040,3.333177395,1.011320315,2.7793688914517563,1.0184029065039033,1.7391470896876347,0.10154878987581978,True
4303,4261,170.44,02/28/2026 10:15:13.080,3.333177395,1.011320315,2.8197231948401713,1.0454157969884883,1.3301942537130236,1.093725468131907,True
4304,4262,170.48,02/28/2026 10:15:13.120,3.333177395,1.011320315,2.860487793488036,1.0501538611800183,0.864399032883499,1.3970777046070229,True
4305,4263,170.52,02/28/2026 10:15:13.160,3.333177395,1.011320315,2.9014355743594082,1.0439742110086434,0.47273041966436624,0.9930277863538842,True
4306,4264,170.56,02/28/2026 10:15:13.200,3.333177395,1.179873701,2.947286356732135,1.127848569937,1.0968671959407565,2.4622586060633713,True
4307,4265,170.6,02/28/2026 10:15:13.240,3.333177395,1.179873701,2.993805626143219,1.1762533875628756,1.1403341302443377,0.033044124163741015,True
4308,4266,170.64000000000001,02/28/2026 10:15:13.280,3.333177395,1.179873701,3.040806116250479,1.198553585050755,0.9162824584662279,0.32945902207461125,True
4309,4267,170.68,02/28/2026 10:15:13.320,3.333177395,1.179873701,3.0880931445464146,1.2044849573872953,0.6210727421906524,0.5557060728003167,True
4310,4268,170.72,02/28/2026 10:15:13.360,3.333177395,1.179873701,3.1355102839278395,1.2018705816753892,0.35721984768245413,0.44228399216182207,True
4311,4269,170.76,02/28/2026 10:15:13.400,3.684038174,1.179873701,3.1832534036973943,1.1960180585880298,0.16360747862927422,0.2804468564877581,True
4312,4270,170.8,02/28/2026 10:15:13.440,3.508607784,1.179873701,3.2308084880506405,1.1899679526350924,0.04254752559030929,0.1057994208125842,True
4313,4271,170.84,02/28/2026 10:15:13.480,3.508607784,1.348427087,3.2831660477088223,1.2787138593716765,0.8788531036511731,4.3807760703079,True
4314,4272,170.88,02/28/2026 10:15:13.520,3.508607784,1.348427087,3.3361650267419325,1.3330595623716626,1.063221200004981,0.21794733510404554,True
4315,4273,170.92000000000002,02/28/2026 10:15:13.560,3.508607784,1.348427087,3.3896553953135347,1.360508399310126,0.918306839588841,0.13384837561434287,True
4316,4274,170.96,02/28/2026 10:15:13.600,3.508607784,1.348427087,3.4434556527040856,1.3701373128186138,0.6578779711387146,0.42466698402459885,True
4317,4275,171.0,02/28/2026 10:15:13.640,3.508607784,1.348427087,3.497409043499921,1.3697860324660962,0.4016570849547864,0.4103285382083739,True
4318,4276,171.04,02/28/2026 10:15:13.680,3.684038174,1.348427087,3.5515542189329268,1.3650733496811436,0.20198303325772748,0.2524045389274307,True
4319,4277,171.08,02/28/2026 10:15:13.720,4.034898952,1.348427087,3.605973474254644,1.359429252665143,0.07004848572288408,0.14266470599525122,True
4320,4278,171.12,02/28/2026 10:15:13.760,3.859468563,1.348427087,3.6601793257679973,1.3545689776663397,-0.003607607245133787,0.041218416617013906,True
4321,4279,171.16,02/28/2026 10:15:13.800,4.034898952,1.348427087,3.7144617914199527,1.3510987176930922,-0.0356209976573267,0.025323129907309824,True
4322,4280,171.20000000000002,02/28/2026 10:15:13.840,4.034898952,1.516980473,3.773537869885044,1.4425759990666776,0.8569648003387945,4.99216593705507,True
4323,4281,171.24,02/28/2026 10:15:13.880,4.034898952,1.516980473,3.8332598511450184,1.49913756725625,1.0710308300246907,0.2939213639781707,True
4324,4282,171.28,02/28/2026 10:15:13.920,4.034898952,1.516980473,3.89348144327092,1.5281001132037775,0.937655188124068,0.11485596769825092,True
4325,4283,171.32,02/28/2026 10:15:13.960,4.034898952,1.516980473,3.954019813843887,1.5386074133829322,0.6782271558558024,0.42183598600334365,True
4326,4284,171.36,02/28/2026 10:15:14.000,4.210329341,1.516980473,4.014865840156072,1.5386668337449918,0.41809901733298127,0.4299269933419866,True
4327,4285,171.4,02/28/2026 10:15:14.040,4.385759731,1.516980473,4.075903658906597,1.534067205855018,0.21316074161214002,0.28015430313917417,True
4328,4286,171.44,02/28/2026 10:15:14.080,4.385759731,1.516980473,4.136910876124685,1.5283749844260395,0.07649964987003721,0.12811884578891944,True
4329,4287,171.48,02/28/2026 10:15:14.120,4.385759731,1.516980473,4.197851111664723,1.5234114677894002,-0.0006258005843281511,0.04367586752341829,True
4330,4288,171.52,02/28/2026 10:15:14.160,4.385759731,1.516980473,4.258711321476399,1.5198311519339829,-0.03480849154930177,0.010275063342823732,True
4331,4289,171.56,02/28/2026 10:15:14.200,4.385759731,1.348427087,4.314624226869301,1.4240390647385082,-0.941842662172353,5.142837360148727,True
4332,4290,171.6,02/28/2026 10:15:14.240,4.736620509,1.516980473,4.374918858278759,1.4588955067325586,-0.2450147222979724,3.0590730003148905,True
4333,4291,171.64000000000001,02/28/2026 10:15:14.280,5.087481287,1.516980473,4.435602036478383,1.4867977181008596,0.11713017013034022,0.8981428311666712,True
4334,4292,171.68,02/28/2026 10:15:14.320,5.087481287,1.516980473,4.4964135380482935,1.5056485553694288,0.2531334859548894,0.18004225525776948,True
4335,4293,171.72,02/28/2026 10:15:14.360,5.087481287,1.516980473,4.557333349923049,1.5164509131264292,0.25954485542055494,0.05205804462974684,True
4336,4294,171.76,02/28/2026 10:15:14.400,5.087481287,1.516980473,4.618318245032278,1.5213683990620748,0.206959253660578,0.05783497423656411,True
4337,4295,171.8,02/28/2026 10:15:14.440,5.087481287,1.516980473,4.679323906717232,1.5226191135054394,0.13936330656618628,0.05924391727953364,True
4338,4296,171.84,02/28/2026 10:15:14.480,5.087481287,1.516980473,4.740315000862527,1.5219720397342793,0.07952290251590308,0.04458057546749612,True
4339,4297,171.88,02/28/2026 10:15:14.520,5.087481287,1.516980473,4.8012677384560565,1.5206189119968916,0.03590787633649977,0.026979188879546846,True
4340,4298,171.92000000000002,02/28/2026 10:15:14.560,5.262911677,1.516980473,4.862319473757808,1.5192427496490886,0.008813985915947637,0.03415691975590626,True
4341,4299,171.96,02/28/2026 10:15:14.600,5.262911677,1.516980473,4.923313065617049,1.5181479139499634,-0.0051530050855247995,0.02247126238061827,True
4342,4300,172.0,02/28/2026 10:15:14.640,5.262911677,1.516980473,4.984247013569406,1.5174117186265887,-0.0102953436592071,0.014476109448931204,True
4343,4301,172.04,02/28/2026 10:15:14.680,5.262911677,1.516980473,5.04512220639298,1.5169920129118117,-0.01040963586254738,0.008741878988695934,True
4344,4302,172.08,02/28/2026 10:15:14.720,5.262911677,1.516980473,5.1059404155226416,1.5168025105278677,-0.008257396881858337,0.00457032954184992,True
4345,4303,172.12,02/28/2026 10:15:14.760,5.438342066,1.516980473,5.166854354870882,1.5167580423850262,-0.005559024124717183,0.0136299668415057,True
4346,4304,172.16,02/28/2026 10:15:14.800,5.438342066,1.348427087,5.222847030688702,1.4231945868990235,-0.902446828567043,5.0359895130749806,True
4347,4305,172.20000000000002,02/28/2026 10:15:14.840,5.438342066,1.348427087,5.278073204025356,1.3656271530099877,-1.1087612308544015,0.2707490441972017,True
4348,4306,172.24,02/28/2026 10:15:14.880,5.438342066,1.348427087,5.332686961598781,1.3363536287042805,-0.9639161908345028,0.1331922270791769,True
4349,4307,172.28,02/28/2026 10:15:14.920,5.438342066,1.348427087,5.386877616152756,1.3259105335139627,-0.693801681194911,0.45650820065059877,True
4350,4308,172.32,02/28/2026 10:15:14.960,5.613772455,1.348427087,5.44096066956103,1.3260729150494415,-0.4256216514652925,0.45503553921616013,True
4351,4309,172.36,02/28/2026 10:15:15.000,5.613772455,1.348427087,5.4949035822058105,1.3309152313988806,-0.21553607727364862,0.2784690614845129,True
4352,4310,172.4,02/28/2026 10:15:15.040,5.789202844,1.348427087,5.548929948531133,1.3368077581213456,-0.07612385677341751,0.1321338678856385,True
4353,4311,172.44,02/28/2026 10:15:15.080,5.964633234,1.348427087,5.6030764852883275,1.3419101029403666,0.0020940268819907987,0.06234740850674014,True
4354,4312,172.48,02/28/2026 10:15:15.120,5.789202844,1.179873701,5.652186869792517,1.2519768611379816,-0.8628410295815029,4.679092160850321,True
4355,4313,172.52,02/28/2026 10:15:15.160,5.613772455,1.348427087,5.705282054687185,1.2901809864461171,-0.16413035700266443,3.052733382144258,True
4356,4314,172.56,02/28/2026 10:15:15.200,5.964633234,1.348427087,5.758808400403475,1.319605635110953,0.18163488808435285,0.7550611751067534,True
4357,4315,172.6,02/28/2026 10:15:15.240,5.964633234,1.348427087,5.812491943106321,1.3388422686932495,0.296631330152675,0.08692781776017847,True
4358,4316,172.64000000000001,02/28/2026 10:15:15.280,5.964633234,1.179873701,5.861434281042009,1.2558517242447576,-0.6147903720521881,5.193715387067815,True
4359,4317,172.68,02/28/2026 10:15:15.320,5.964633234,1.179873701,5.909738588745281,1.20272802765402,-0.8889450227727289,0.4703010686330798,True
4360,4318,172.72,02/28/2026 10:15:15.360,5.964633234,1.179873701,5.957509847596329,1.17422405140148,-0.8211709790224437,0.028717904823109996,True
4361,4319,172.76,02/28/2026 10:15:15.400,5.789202844,1.179873701,6.004748941077103,1.1627499009140894,-0.6157775906909326,0.27220095490103124,True
4362,4320,172.8,02/28/2026 10:15:15.440,5.613772455,1.179873701,6.051596193005341,1.1612977956377837,-0.392989370839803,0.345485346880694,True
4363,4321,172.84,02/28/2026 10:15:15.480,5.964633234,1.179873701,6.098609590340112,1.1646193431895555,-0.21001278956906574,0.21254589706632215,True
4364,4322,172.88,02/28/2026 10:15:15.520,6.140063623,1.179873701,6.145705179373781,1.1693533570195294,-0.08381126129039251,0.09954810066485473,True
4365,4323,172.92000000000002,02/28/2026 10:15:15.560,6.315494012,1.179873701,6.192918749746912,1.1737055439659703,-0.00980439989543963,0.03700594599064861,True
4366,4324,172.96,02/28/2026 10:15:15.600,6.66635479,1.179873701,6.240415437059236,1.1769617251417788,0.025174905058396917,0.041092966932897684,True
4367,4325,173.0,02/28/2026 10:15:15.640,6.140063623,1.179873701,6.2874422239455,1.1790245192315194,0.03534536215433375,0.004648676005212571,True
4368,4326,173.04,02/28/2026 10:15:15.680,6.315494012,1.179873701,6.3345987143127775,1.180124561614195,0.032333918025535216,0.00012398300546740708,True
4369,4327,173.08,02/28/2026 10:15:15.720,5.964633234,1.179873701,6.381426112541255,1.180554930773246,0.024115679678240874,0.032440297113171146,True
4370,4328,173.12,02/28/2026 10:15:15.760,5.964633234,1.011320315,6.4233535222701175,1.0870086394316898,-0.883893078063789,5.192035134093515,True
4371,4329,173.16,02/28/2026 10:15:15.800,6.315494012,1.011320315,6.464832479216016,1.0292558530259897,-1.0990645283129863,0.29349709458074735,True
4372,4330,173.20000000000002,02/28/2026 10:15:15.840,5.964633234,1.011320315,6.505410154406893,0.9997378500627486,-0.9601811028227456,0.17440493560854872,True
4373,4331,173.24,02/28/2026 10:15:15.880,5.964633234,1.011320315,6.5455762186319415,0.9890801572521948,-0.6934523379259034,0.506757656520734,True
4374,4332,173.28,02/28/2026 10:15:15.920,5.964633234,1.011320315,6.585494664361873,0.9890847218579928,-0.4267827548105877,0.5153955773817732,True
4375,4333,173.32,02/28/2026 10:15:15.960,6.315494012,1.011320315,6.62558573901606,0.9938348330899921,-0.21706110745188018,0.2925769950044056,True
4376,4334,173.36,02/28/2026 10:15:16.000,6.315494012,0.842766929,6.660752976740062,0.9060868584449975,-0.9766858963501923,3.628565911507419,True
4377,4335,173.4,02/28/2026 10:15:16.040,6.315494012,0.842766929,6.695187279921585,0.8535479333915599,-1.1060570216745602,0.13120561940764092,True
4378,4336,173.44,02/28/2026 10:15:16.080,6.140063623,0.842766929,6.7289045489625785,0.827877522879743,-0.9275088236544619,0.2630858957434373,True
4379,4337,173.48,02/28/2026 10:15:16.120,6.315494012,0.842766929,6.762395550674309,0.8196390522879163,-0.6501161153027024,0.5176502101796057,True
4380,4338,173.52,02/28/2026 10:15:16.160,6.315494012,0.842766929,6.795667706015035,0.8209093377803977,-0.3879654526869013,0.47193554627505974,True
4381,4339,173.56,02/28/2026 10:15:16.200,6.315494012,0.842766929,6.8288320600725205,0.8261373998578748,-0.18853435210870845,0.29708363609625055,True
4382,4340,173.6,02/28/2026 10:15:16.240,6.490924401,0.842766929,6.862105794218454,0.8320122204296503,-0.0595619017570129,0.1293248402775134,True
4383,4341,173.64000000000001,02/28/2026 10:15:16.280,6.66635479,0.842766929,6.895521052903664,0.8369212470756077,0.010537556457858588,0.040381264634354944,True
4384,4342,173.68,02/28/2026 10:15:16.320,7.017215569,0.842766929,6.929238838647873,0.8403557493724457,0.039471843546099256,0.0066604803418449186,True
4385,4343,173.72,02/28/2026 10:15:16.360,6.84178518,0.842766929,6.962804523802762,0.8423951589889438,0.043918186107668275,0.0028224477467618204,True
4386,4344,173.76,02/28/2026 10:15:16.400,7.017215569,0.674213543,6.991645849991498,0.7497922786214674,-0.8627222624467886,5.137587423782017,True
4387,4345,173.8,02/28/2026 10:15:16.440,7.017215569,0.674213543,7.019758157505249,0.692478916089285,-1.0818341460158287,0.3000641647810721,True
4388,4346,173.84,02/28/2026 10:15:16.480,6.84178518,0.674213543,7.047137865282227,0.6630887535696504,-0.9484038207586261,0.1190280507035017,True
4389,4347,173.88,02/28/2026 10:15:16.520,6.66635479,0.674213543,7.073969788232629,0.6523887512823829,-0.6866385785917096,0.4588131088059665,True
4390,4348,173.92000000000002,02/28/2026 10:15:16.560,7.192645958,0.674213543,7.101019509866351,0.6522933738004071,-0.42367384921480955,0.433752309891482,True
4391,4349,173.96,02/28/2026 10:15:16.600,7.192645958,0.674213543,7.127951348727604,0.6569286356449505,-0.21631675340249917,0.26951060363936535,True
4392,4350,174.0,02/28/2026 10:15:16.640,7.192645958,0.674213543,7.15483764464983,0.6626785653155309,-0.07793885270824258,0.11994442265654719,True
4393,4351,174.04,02/28/2026 10:15:16.680,7.192645958,0.674213543,7.181715338619679,0.6676971200199115,0.00023343537018397087,0.03821571035127446,True
4394,4352,174.08,02/28/2026 10:15:16.720,7.192645958,0.674213543,7.208597749275614,0.6713193688871596,0.03495020936333396,0.007579400155694228,True
4395,4353,174.12,02/28/2026 10:15:16.760,8.245228293,0.674213543,7.23639012927031,0.6735615610958403,0.04288321466795891,0.18797134184914746,True
4396,4354,174.16,02/28/2026 10:15:16.800,8.069797904,0.505660158,7.2591623548924815,0.5811063055924423,-0.8620796866418856,5.239149493827082,True
4397,4355,174.20000000000002,02/28/2026 10:15:16.840,7.192645958,0.505660158,7.280457428640238,0.523876860509087,-1.0806171689851674,0.2999242851520459,True
4398,4356,174.24,02/28/2026 10:15:16.880,7.543506737,0.505660158,7.3014791330379785,0.4945413249226392,-0.9472087067414857,0.1220519176969514,True
4399,4357,174.28,02/28/2026 10:15:16.920,7.718937126,0.505660158,7.322260894225043,0.48386997733026543,-0.6857695081351758,0.45625372701657735,True
4400,4358,174.32,02/28/2026 10:15:16.960,7.894367515,0.505660158,7.34296431481229,0.4837769596524194,-0.4231973179513089,0.4870251415441943,True
4401,4359,174.36,02/28/2026 10:15:17.000,7.894367515,0.337106772,7.358688068113088,0.39481550031022916,-1.1154124340341505,3.0474208620132774,True
4402,4360,174.4,02/28/2026 10:15:17.040,7.192645958,0.337106772,7.373054671770612,0.3429270116575654,-1.1852520855209951,0.036491038561353197,True
4403,4361,174.44,02/28/2026 10:15:17.080,7.192645958,0.337106772,7.386858426340024,0.31860751676101,-0.9633563584305562,0.3146610178891041,True
4404,4362,174.48,02/28/2026 10:15:17.120,7.543506737,0.337106772,7.400603452157057,0.3117435847823251,-0.6590834660874474,0.5824276835159494,True
4405,4363,174.52,02/28/2026 10:15:17.160,7.894367515,0.337106772,7.414454036250218,0.3141082972907827,-0.38314033351885596,0.5184322298093648,True
4406,4364,174.56,02/28/2026 10:15:17.200,8.069797904,0.337106772,7.428371620646309,0.3200710477798958,-0.17870851385570394,0.3371087796651998,True
4407,4365,174.6,02/28/2026 10:15:17.240,7.894367515,0.337106772,7.442119742937157,0.32635716601327125,-0.04970600190243324,0.14174058983091392,True
4408,4366,174.64000000000001,02/28/2026 10:15:17.280,7.543506737,0.337106772,7.455578102795621,0.33144291102701473,0.018247478421362845,0.030289029207550566,True
4409,4367,174.68,02/28/2026 10:15:17.320,7.543506737,0.337106772,7.469057102038658,0.3349134319144661,0.04456706074099011,0.005352231246883064,True
4410,4368,174.72,02/28/2026 10:15:17.360,7.718937126,0.337106772,7.482704494925471,0.33692727924294147,0.04674644266572306,0.010315072470787333,True
4411,4369,174.76,02/28/2026 10:15:17.400,8.069797904,0.337106772,7.4966634404283985,0.33786617085351994,0.03770021482350335,0.061048057119019075,True
4412,4370,174.8,02/28/2026 10:15:17.440,7.368076347,0.337106772,7.510020539186057,0.33811329038478044,0.025610276352664583,0.004627911610154799,True
4413,4371,174.84,02/28/2026 10:15:17.480,7.894367515,0.337106772,7.523825792822672,0.3380149379609092,0.014756980572911905,0.02603849825683462,True
4414,4372,174.88,02/28/2026 10:15:17.520,7.192645958,0.337106772,7.53701848048408,0.3377686086440493,0.006779409802849294,0.022256134370507413,True
4415,4373,174.92000000000002,02/28/2026 10:15:17.560,8.245228293,0.337106772,7.551105121808078,0.337530955892477,0.001767834922737025,0.08895234139194162,True
4416,4374,174.96,02/28/2026 10:15:17.600,8.069797904,0.337106772,7.565027929835275,0.33733358883324543,-0.0008971113777783441,0.04700211070782871,True
4417,4375,175.0,02/28/2026 10:15:17.640,7.894367515,0.337106772,7.578786658784146,0.33719588621281144,-0.0019311461267082657,0.018361251385337524,True
4418,4376,175.04,02/28/2026 10:15:17.680,7.894367515,0.337106772,7.592532395552875,0.3371160663749131,-0.0020091849202164896,0.016790659000594236,True
4419,4377,175.08,02/28/2026 10:15:17.720,7.543506737,0.337106772,7.60596372860803,0.33707433196229625,-0.001626956882170637,0.0007198336992904753,True
4420,4378,175.12,02/28/2026 10:15:17.760,7.017215569,0.337106772,7.618930328265896,0.3370553956426615,-0.0010773420657701161,0.06672981016973686,True
4421,4379,175.16,02/28/2026 10:15:17.800,7.192645958,0.337106772,7.632036235080946,0.3370589111234715,-0.0005519062921284049,0.03558343019823478,True
4422,4380,175.20000000000002,02/28/2026 10:15:17.840,7.192645958,0.337106772,7.645130725369841,0.33706964766565983,-0.00015671763323592307,0.037735098522560774,True
4423,4381,175.24,02/28/2026 10:15:17.880,6.66635479,0.337106772,7.657761357202442,0.33707428231810377,0.00012313742647472196,0.1811473273786537,True
4424,4382,175.28,02/28/2026 10:15:17.920,7.017215569,0.337106772,7.670682800746214,0.3370858184613162,0.0003020633523755413,0.07870021494404993,True
4425,4383,175.32,02/28/2026 10:15:17.960,6.66635479,0.337106772,7.6832914835888255,0.3370892959629331,0.0003989847174596609,0.19059671427640887,True
4426,4384,175.36,02/28/2026 10:15:18.000,7.017215569,0.337106772,7.696191046653701,0.3370970634479252,0.0004401882352675768,0.0849641506779721,True
4427,4385,175.4,02/28/2026 10:15:18.040,7.017215569,0.337106772,7.709079591267997,0.3371010794670369,0.00043178693005049807,0.08822041317706329,True
4428,4386,175.44,02/28/2026 10:15:18.080,7.017215569,0.337106772,7.721957103057245,0.3371025447554911,0.0004043806157391128,0.09153504184808141,True
4429,4387,175.48,02/28/2026 10:15:18.120,7.017215569,0.337106772,7.734823570085674,0.33710253768711584,0.00037563292415654327,0.09490786315800154,True
4430,4388,175.52,02/28/2026 10:15:18.160,6.84178518,0.337106772,7.747528131582897,0.3370995199234508,0.0003622327246253701,0.1511950310504316,True
4431,4389,175.56,02/28/2026 10:15:18.200,6.84178518,0.337106772,7.76022174323899,0.33709777052518636,0.00036841131532425463,0.15546258570784263,True
4432,4390,175.6,02/28/2026 10:15:18.240,7.017215569,0.337106772,7.773055274789155,0.3370992658279192,0.00037467512850363627,0.10528995950619716,True
4433,4391,175.64000000000001,02/28/2026 10:15:18.280,7.017215569,0.337106772,7.7858777881372205,0.3370998716711511,0.0003722499427069189,0.10889266788197279,True
4434,4392,175.68,02/28/2026 10:15:18.320,7.192645958,0.337106772,7.7988401378251,0.33710225967245644,0.00035918687862861214,0.06772532899979218,True
4435,4393,175.72,02/28/2026 10:15:18.360,7.192645958,0.337106772,7.8117913748170675,0.3371029170043263,0.00033680288887368535,0.0706501283825576,True
4436,4394,175.76,02/28/2026 10:15:18.400,7.017215569,0.337106772,7.824580642531098,0.33710030680679254,0.0003248678363915508,0.12013443162734942,True
4437,4395,175.8,02/28/2026 10:15:18.440,7.192645958,0.337106772,7.837509741115151,0.33710109577146496,0.0003214806502381148,0.07664141905716707,True
4438,4396,175.84,02/28/2026 10:15:18.480,7.192645958,0.337106772,7.850427734714322,0.3371012145199803,0.0003152370747833231,0.079742756545364,True
4439,4397,175.88,02/28/2026 10:15:18.520,7.017215569,0.337106772,7.863183778258625,0.33709865236648046,0.00031886978366426645,0.13189721710619998,True
4440,4398,175.92000000000002,02/28/2026 10:15:18.560,7.017215569,0.337106772,7.87592882684619,0.3370974079206311,0.00033601816705751663,0.13590137919991435,True
4441,4399,175.96,02/28/2026 10:15:18.600,7.017215569,0.337106772,7.88866289982704,0.3370969900967416,0.00035676727613018775,0.13996189415494478,True
4442,4400,176.0,02/28/2026 10:15:18.640,7.017215569,0.337106772,7.9013860146166355,0.3370970041060701,0.0003759380498912974,0.14407861042882314,True
4443,4401,176.04,02/28/2026 10:15:18.680,7.017215569,0.337106772,7.914098186080304,0.3370971822365916,0.00039156290188080574,0.14825137799530652,True
4444,4402,176.08,02/28/2026 10:15:18.720,7.017215569,0.337106772,7.926799426801859,0.3370973704232829,0.0004035224098328807,0.1524800467779119,True
4445,4403,176.12,02/28/2026 10:15:18.760,7.017215569,0.337106772,7.9394897476881265,0.33709749802263084,0.0004125445905781271,0.15676446659422216,True
4446,4404,176.16,02/28/2026 10:15:18.800,7.017215569,0.337106772,7.952169158593867,0.33709754656763213,0.0004195789902114693,0.1611044873972883,True
4447,4405,176.20000000000002,02/28/2026 10:15:18.840,7.718937126,0.337106772,7.965441040243352,0.3371068533921915,0.00039127913307227154,0.011198904411225612,True
4448,4406,176.24,02/28/2026 10:15:18.880,7.718937126,0.337106772,7.978701624402822,0.33711031262968616,0.00032001237219250197,0.012436226777172432,True
4449,4407,176.28,02/28/2026 10:15:18.920,7.894367515,0.168553386,7.987234304625664,0.24352186722642588,-0.8990129462164074,5.056639340667371,True
4450,4408,176.32,02/28/2026 10:15:18.960,8.069797904,0.168553386,7.9951927484650005,0.1859027840821437,-1.1071282329011176,0.27171619135467756,True
4451,4409,176.36,02/28/2026 10:15:19.000,8.596089072,0.337106772,8.007899439249886,0.2501727490615495,-0.06420161043060357,6.862236171013961,True
4452,4410,176.4,02/28/2026 10:15:19.040,8.596089072,0.168553386,8.016069360669338,0.20371838564849276,-0.4859770129227255,1.1736945702322805,True
4453,4411,176.44,02/28/2026 10:15:19.080,8.245228293,0.168553386,8.023565552122946,0.1755502821163797,-0.5698872800679006,0.05305000628312264,True
4454,4412,176.48,02/28/2026 10:15:19.120,7.894367515,0.168553386,8.030471145843684,0.1615253063702484,-0.4855934514666619,0.04781609648073205,True
4455,4413,176.52,02/28/2026 10:15:19.160,7.368076347,0.168553386,8.036732789444386,0.15678030528694353,-0.3444375717763045,0.20687482389109885,True
4456,4414,176.56,02/28/2026 10:15:19.200,7.192645958,0.168553386,8.042735380272028,0.15717870619267085,-0.2080810241615265,0.24932171296297787,True
4457,4415,176.6,02/28/2026 10:15:19.240,7.192645958,0.168553386,8.048688716494013,0.15978154080935264,-0.1029487670262208,0.20408250665510907,True
4458,4416,176.64000000000001,02/28/2026 10:15:19.280,7.368076347,0.168553386,8.054779228165184,0.16281164007533452,-0.03414684126349764,0.11646595874674867,True
4459,4417,176.68,02/28/2026 10:15:19.320,7.543506737,0.168553386,8.061024459552405,0.16538545679995995,0.003798305992917264,0.05834731439179468,True
4460,4418,176.72,02/28/2026 10:15:19.360,7.894367515,0.168553386,8.067581029746702,0.16720974654383883,0.019897418931419598,0.007147750456574128,True
4461,4419,176.76,02/28/2026 10:15:19.400,7.368076347,0.168553386,8.073693962736824,0.1683003943372116,0.022854096047323205,0.09181609935975872,True
4462,4420,176.8,02/28/2026 10:15:19.440,7.192645958,0.168553386,8.079661850927817,0.16883563368194404,0.019369929627222646,0.14508520577182446,True
4463,4421,176.84,02/28/2026 10:15:19.480,7.192645958,0.168553386,8.085631785754147,0.16901161470739043,0.013774031302635202,0.147164681812774,True
4464,4422,176.88,02/28/2026 10:15:19.520,7.718937126,0.168553386,8.092053027938126,0.16899724878618166,0.008408091154358584,0.02583871952543684,True
4465,4423,176.92000000000002,02/28/2026 10:15:19.560,7.718937126,0.168553386,8.098470500543408,0.1688953163482165,0.004264222233422043,0.0266560152871943,True
4466,4424,176.96,02/28/2026 10:15:19.600,7.543506737,0.168553386,8.104731970894719,0.16877384763708222,0.001557353766642774,0.05809667561916721,True
4467,4425,177.0,02/28/2026 10:15:19.640,7.894367515,0.168553386,8.111289335275643,0.1686762526059566,5.940023844925148e-05,0.008686516113944963,True
4468,4426,177.04,02/28/2026 10:15:19.680,7.894367515,0.168553386,8.117840513488419,0.16860611301637687,-0.0005978842163611734,0.00920681102464197,True
4469,4427,177.08,02/28/2026 10:15:19.720,7.718937126,0.168553386,8.12423468796445,0.1685608070506532,-0.0007318319959878407,0.030274541096402246,True
4470,4428,177.12,02/28/2026 10:15:19.760,7.718937126,0.168553386,8.130622911806043,0.16853818979526491,-0.0005951710446867764,0.031236358041056175,True
4471,4429,177.16,02/28/2026 10:15:19.800,7.543506737,0.168553386,8.136854518506853,0.16852814505440292,-0.0003581494104277119,0.06488553976233305,True
4472,4430,177.20000000000002,02/28/2026 10:15:19.840,7.368076347,0.168553386,8.142929747755947,0.16852547927232808,-0.00010926782402730014,0.11065413382501002,True
4473,4431,177.24,02/28/2026 10:15:19.880,7.368076347,0.337106772,8.153867047119581,0.2621195123694194,0.8993515628324713,5.169805452980858,True
4474,4432,177.28,02/28/2026 10:15:19.920,7.368076347,0.337106772,8.165512703636603,0.31974542870910205,1.1075300229110412,0.38796084543157516,True
4475,4433,177.32,02/28/2026 10:15:19.960,7.368076347,0.168553386,8.172845834299075,0.25548636242988504,0.06459194782931466,6.918124337641981,True
4476,4434,177.36,02/28/2026 10:15:20.000,7.192645958,0.168553386,8.179680397762963,0.2083518986856982,-0.4129408227497348,1.6050748795353793,True
4477,4435,177.4,02/28/2026 10:15:20.040,7.368076347,0.168553386,8.186307183427953,0.17889643985362236,-0.5371068981153178,0.2198093056963294,True
4478,4436,177.44,02/28/2026 10:15:20.080,7.192645958,0.168553386,8.19249502545517,0.1635851344241189,-0.477618528774083,0.20632694033259327,True
4479,4437,177.48,02/28/2026 10:15:20.120,7.192645958,0.168553386,8.198486613234236,0.15783377776297697,-0.349137490437931,0.2895524132040024,True
4480,4438,177.52,02/28/2026 10:15:20.160,7.192645958,0.168553386,8.204363569952505,0.15756146742626342,-0.21739046595046504,0.2970470960324652,True
4481,4439,177.56,02/28/2026 10:15:20.200,7.192645958,0.168553386,8.210185584200934,0.15978401001638687,-0.11230573035927605,0.259775081014194,True
4482,4440,177.6,02/28/2026 10:15:20.240,7.017215569,0.168553386,8.215839032611568,0.16263947025388875,-0.0414951969208347,0.296071374268996,True
4483,4441,177.64000000000001,02/28/2026 10:15:20.280,7.192645958,0.168553386,8.221644912163775,0.16517135618059614,-0.0010383910162676951,0.2053492940503056,True
4484,4442,177.68,02/28/2026 10:15:20.320,7.543506737,0.168553386,8.227761120930749,0.16702168488887434,0.017260065686314986,0.08837551157051023,True
4485,4443,177.72,02/28/2026 10:15:20.360,7.192645958,0.168553386,8.233584444230699,0.16816537673244117,0.021799247115095836,0.19982568612346677,True
4486,4444,177.76,02/28/2026 10:15:20.400,7.368076347,0.168553386,8.239564648670637,0.168757027195638,0.019259766081002216,0.14001669485706472,True
4487,4445,177.8,02/28/2026 10:15:20.440,7.192645958,0.168553386,8.245396362150453,0.16897256975465427,0.014114542512724693,0.204426399391576,True
4488,4446,177.84,02/28/2026 10:15:20.480,7.543506737,0.168553386,8.251528918695346,0.16898148542936875,0.008900577446289115,0.09256135808572527,True
4489,4447,177.88,02/28/2026 10:15:20.520,7.718937126,0.168553386,8.257808975092212,0.16889494682619063,0.004743479631087268,0.05362720083297132,True
4490,4448,177.92000000000002,02/28/2026 10:15:20.560,7.543506737,0.168553386,8.263933339223213,0.16878009085816947,0.0019440709412344207,0.09570504918330969,True
4491,4449,177.96,02/28/2026 10:15:20.600,7.543506737,0.168553386,8.27005216340221,0.16867912801867183,0.0003551352698070811,0.09730308068588277,True
4492,4450,178.0,02/28/2026 10:15:20.640,7.543506737,0.168553386,8.276165175805078,0.16860587792335807,-0.00035576910065228677,0.09893406155553747,True
4493,4451,178.04,02/28/2026 10:15:20.680,7.543506737,0.168553386,8.282272376353331,0.16856057270297198,-0.0005238685303609571,0.10058701723235676,True
4494,4452,178.08,02/28/2026 10:15:20.720,7.543506737,0.168553386,8.288373886812366,0.1685373520495796,-0.0004140890793295346,0.10225515571267546,True
4495,4453,178.12,02/28/2026 10:15:20.760,7.543506737,0.168553386,8.294469858121241,0.16852889671758234,-0.00020355507950217984,0.10393586538288223,True
4496,4454,178.16,02/28/2026 10:15:20.800,7.543506737,0.168553386,8.300560422951857,0.16852880057150932,7.4571888711788895e-06,0.10562860899667209,True
4497,4455,178.20000000000002,02/28/2026 10:15:20.840,7.543506737,0.168553386,8.306645678507534,0.1685324306694484,0.0001742482531625606,0.10733344751445284,True
4498,4456,178.24,02/28/2026 10:15:20.880,7.543506737,0.168553386,8.312725686441128,0.1685369313696297,0.0002863749416855773,0.10905046192764012,True
4499,4457,178.28,02/28/2026 10:15:20.920,7.543506737,0.168553386,8.31880048040437,0.16854084687331897,0.0003508578554771361,0.11077965201139905,True
4500,4458,178.32,02/28/2026 10:15:20.960,7.543506737,0.168553386,8.324870075380062,0.1685436546219576,0.00038098621170830897,0.11252097356339853,True
