,Time,Latitude,Longitude,Position (m),Speed (km/h),Acceleration (m/s2)
0,3/22/2026 18:53:20.600,31.7748373,-106.5013687,0.0,38.448,-1.5499999999999983
1,3/22/2026 18:53:20.640,31.7748343,-106.5013661,0.4148130152160738,38.16,-1.4749999999999974
2,3/22/2026 18:53:20.680,31.7748313,-106.5013634,0.8353084897835548,37.836,-1.3999999999999968
3,3/22/2026 18:53:20.720,31.7748282,-106.5013607,1.264698273035914,37.764,-1.412500000000001
4,3/22/2026 18:53:20.760,31.7748253,-106.5013581,1.6706028827900234,37.440000000000005,-1.4875000000000038
5,3/22/2026 18:53:20.800,31.7748222,-106.5013556,2.0890064011888616,37.332,-1.5625
6,3/22/2026 18:53:20.840,31.7748192,-106.501353,2.5038194399119087,37.188,-1.612499999999999
7,3/22/2026 18:53:20.880,31.7748163,-106.5013504,2.9097240630484658,36.9,-1.5500000000000003
8,3/22/2026 18:53:20.920,31.7748134,-106.5013479,3.3099628420631415,36.576,-1.399999999999999
9,3/22/2026 18:53:20.960,31.7748105,-106.5013453,3.7158674753672347,36.432,-1.3250000000000006
10,3/22/2026 18:53:21.000,31.7748075,-106.5013428,4.1251380260134844,36.288,-1.3624999999999998
11,3/22/2026 18:53:21.040,31.7748046,-106.5013404,4.519856557387937,36.072,-1.412499999999999
12,3/22/2026 18:53:21.080,31.7748017,-106.5013379,4.920095353773096,35.892,-1.4749999999999999
13,3/22/2026 18:53:21.120,31.7747989,-106.5013352,5.323135967634228,35.64,-1.4375000000000004
14,3/22/2026 18:53:21.160,31.7747961,-106.5013329,5.703307004257896,35.28,-1.362500000000002
15,3/22/2026 18:53:21.200,31.7747932,-106.5013305,6.098025551415648,34.992000000000004,-1.3375000000000026
16,3/22/2026 18:53:21.240,31.7747904,-106.5013281,6.483692866949746,34.884,-1.3375000000000004
17,3/22/2026 18:53:21.280,31.7747876,-106.5013257,6.869360186532733,34.74,-1.3374999999999981
18,3/22/2026 18:53:21.320,31.7747848,-106.5013233,7.255027510164608,34.704,-1.3499999999999979
19,3/22/2026 18:53:21.360,31.7747821,-106.5013209,7.6317550928259275,34.488,-1.4249999999999963
20,3/22/2026 18:53:21.400,31.7747793,-106.5013185,8.017422424410976,34.308,-1.499999999999997
21,3/22/2026 18:53:21.440,31.7747766,-106.5013162,8.388521360655142,33.984,-1.5000000000000013
22,3/22/2026 18:53:21.480,31.7747738,-106.5013138,8.774188700193362,33.732,-1.425000000000003
23,3/22/2026 18:53:21.520,31.7747711,-106.5013115,9.145287644817286,33.66,-1.4500000000000002
24,3/22/2026 18:53:21.560,31.7747684,-106.5013092,9.516386593167681,33.336,-1.5249999999999986
25,3/22/2026 18:53:21.600,31.7747657,-106.5013069,9.887485544455748,33.084,-1.4999999999999993
26,3/22/2026 18:53:21.640,31.774763,-106.5013046,10.258584500259085,32.940000000000005,-1.4874999999999994
27,3/22/2026 18:53:21.680,31.7747604,-106.5013023,10.620726270380999,32.832,-1.5624999999999978
28,3/22/2026 18:53:21.720,31.7747577,-106.5013001,10.986354906710798,32.724000000000004,-1.6999999999999993
29,3/22/2026 18:53:21.760,31.7747552,-106.5012978,11.339663174617067,32.364000000000004,-1.7250000000000032
30,3/22/2026 18:53:21.800,31.7747525,-106.5012956,11.705291816520603,32.112,-1.6750000000000043
31,3/22/2026 18:53:21.840,31.77475,-106.5012934,12.052849864424413,31.86,-1.7124999999999992
32,3/22/2026 18:53:21.880,31.7747474,-106.5012912,12.409383920827793,31.752,-1.7874999999999974
33,3/22/2026 18:53:21.920,31.7747449,-106.501289,12.756941974485638,31.464,-1.7874999999999992
34,3/22/2026 18:53:21.960,31.7747424,-106.501287,13.093503514824212,31.14,-1.6999999999999982
35,3/22/2026 18:53:22.000,31.7747398,-106.5012847,13.45564531520532,30.96,-1.6374999999999993
36,3/22/2026 18:53:22.040,31.7747374,-106.5012827,13.783061838994538,30.780000000000005,-1.6875000000000029
37,3/22/2026 18:53:22.080,31.7747349,-106.5012807,14.119623388719683,30.492000000000004,-1.7500000000000049
38,3/22/2026 18:53:22.120,31.7747325,-106.5012786,14.452600102678236,30.168000000000003,-1.6875000000000018
39,3/22/2026 18:53:22.160,31.7747301,-106.5012765,14.785576820516992,29.952,-1.599999999999999
40,3/22/2026 18:53:22.200,31.7747276,-106.5012744,15.127549905731716,29.7,-1.612499999999999
41,3/22/2026 18:53:22.240,31.7747253,-106.5012725,15.44041496366164,29.340000000000003,-1.5250000000000008
42,3/22/2026 18:53:22.280,31.7747229,-106.5012705,15.767831504602082,29.124,-1.4750000000000019
43,3/22/2026 18:53:22.320,31.7747206,-106.5012685,16.086229588929267,28.944,-1.5500000000000012
44,3/22/2026 18:53:22.360,31.7747183,-106.5012665,16.40462767493658,28.764000000000003,-1.5750000000000022
45,3/22/2026 18:53:22.400,31.7747159,-106.5012645,16.732044224156922,28.62,-1.5875000000000017
46,3/22/2026 18:53:22.440,31.7747136,-106.5012626,17.04490929548134,28.26,-1.4875000000000018
47,3/22/2026 18:53:22.480,31.7747114,-106.5012607,17.34873184418627,27.972,-1.425000000000001
48,3/22/2026 18:53:22.520,31.7747092,-106.5012588,17.652554395740903,27.828000000000003,-1.5875000000000006
49,3/22/2026 18:53:22.560,31.7747069,-106.5012567,17.976667432762206,27.684,-1.7625000000000015
50,3/22/2026 18:53:22.600,31.7747048,-106.5012549,18.265918012471232,27.324,-1.7500000000000007
51,3/22/2026 18:53:22.640,31.7747026,-106.501253,18.569740571299818,27.324,-1.7124999999999992
52,3/22/2026 18:53:22.680,31.7747004,-106.5012513,18.8627591969724,26.892,-1.6374999999999986
53,3/22/2026 18:53:22.720,31.7746982,-106.5012494,19.166581761181607,26.712,-1.5499999999999983
54,3/22/2026 18:53:22.760,31.7746961,-106.5012476,19.455832350798346,26.46,-1.5374999999999983
55,3/22/2026 18:53:22.800,31.7746939,-106.5012457,19.759654919954336,26.352,-1.612499999999999
56,3/22/2026 18:53:22.840,31.7746917,-106.5012438,20.06347749132245,26.244,-1.7874999999999996
57,3/22/2026 18:53:22.880,31.7746897,-106.5012421,20.338160247798825,25.884,-1.8374999999999997
58,3/22/2026 18:53:22.920,31.7746877,-106.5012404,20.61284300599199,25.344,-1.6625
59,3/22/2026 18:53:22.960,31.7746856,-106.5012388,20.89136752813118,25.092,-1.5000000000000002
60,3/22/2026 18:53:23.000,31.7746836,-106.5012371,21.16605029082145,24.876,-1.4750000000000008
61,3/22/2026 18:53:23.040,31.7746816,-106.5012354,21.440733055228502,24.840000000000003,-1.6000000000000014
62,3/22/2026 18:53:23.080,31.7746796,-106.5012336,21.721063541860566,24.66,-1.7500000000000013
63,3/22/2026 18:53:23.120,31.7746775,-106.501232,21.99958807120799,24.48,-1.8125000000000024
64,3/22/2026 18:53:23.160,31.7746756,-106.5012303,22.26532804419307,24.264000000000003,-1.800000000000003
65,3/22/2026 18:53:23.200,31.7746737,-106.5012287,22.525447809010554,23.904,-1.6375000000000017
66,3/22/2026 18:53:23.240,31.7746719,-106.5012271,22.776599640255075,23.544,-1.462500000000001
67,3/22/2026 18:53:23.280,31.77467,-106.5012255,23.036719408136914,23.292,-1.4000000000000012
68,3/22/2026 18:53:23.320,31.7746681,-106.5012238,23.302459389019123,23.148,-1.5000000000000002
69,3/22/2026 18:53:23.360,31.7746663,-106.5012223,23.548021845979665,22.968,-1.599999999999998
70,3/22/2026 18:53:23.400,31.7746644,-106.5012208,23.80274909518619,22.752,-1.5874999999999984
71,3/22/2026 18:53:23.440,31.7746626,-106.5012193,24.04831155465169,22.356,-1.5375000000000008
72,3/22/2026 18:53:23.480,31.7746608,-106.5012178,24.293874015714028,22.104,-1.4124999999999996
73,3/22/2026 18:53:23.520,31.7746591,-106.5012163,24.530440524793526,21.816,-1.2749999999999972
74,3/22/2026 18:53:23.560,31.7746574,-106.5012148,24.76700703494788,21.744,-1.2999999999999967
75,3/22/2026 18:53:23.600,31.7746556,-106.5012133,25.012569500623297,21.708,-1.4624999999999977
76,3/22/2026 18:53:23.640,31.7746538,-106.5012117,25.263721349730613,21.528,-1.6249999999999987
77,3/22/2026 18:53:23.680,31.7746521,-106.5012104,25.489438911147822,21.276,-1.675
78,3/22/2026 18:53:23.720,31.7746505,-106.5012089,25.717198318209032,20.844,-1.5500000000000014
79,3/22/2026 18:53:23.760,31.7746489,-106.5012074,25.944957725962407,20.664,-1.5125000000000024
80,3/22/2026 18:53:23.800,31.7746472,-106.501206,26.17596965172919,20.484,-1.5250000000000017
81,3/22/2026 18:53:23.840,31.7746456,-106.5012046,26.397954202972716,20.196,-1.412500000000001
82,3/22/2026 18:53:23.880,31.774644,-106.5012031,26.625713615412817,20.196,-1.4624999999999997
83,3/22/2026 18:53:23.920,31.7746423,-106.5012017,26.856725545204775,20.052000000000003,-1.6124999999999996
84,3/22/2026 18:53:23.960,31.7746408,-106.5012002,27.075889461773748,19.764000000000003,-1.625000000000001
85,3/22/2026 18:53:24.000,31.7746393,-106.501199,27.27782645759038,19.476000000000003,-1.5500000000000025
86,3/22/2026 18:53:24.040,31.7746378,-106.5011977,27.48523312025445,19.08,-1.462500000000001
87,3/22/2026 18:53:24.080,31.7746363,-106.5011964,27.69263978489961,18.9,-1.4749999999999985
88,3/22/2026 18:53:24.120,31.7746348,-106.501195,27.905796103275467,18.756,-1.5374999999999983
89,3/22/2026 18:53:24.160,31.7746333,-106.5011938,28.10773310323462,18.396,-1.449999999999999
90,3/22/2026 18:53:24.200,31.7746318,-106.5011925,28.315139770632186,18.36,-1.4625
91,3/22/2026 18:53:24.240,31.7746303,-106.5011911,28.528296093324094,18.252,-1.6125
92,3/22/2026 18:53:24.280,31.7746289,-106.5011899,28.721129868204297,17.928,-1.6125000000000012
93,3/22/2026 18:53:24.320,31.7746276,-106.5011887,28.905083713918515,17.676000000000002,-1.5625000000000022
94,3/22/2026 18:53:24.360,31.7746262,-106.5011875,29.097917490750852,17.46,-1.5375000000000019
95,3/22/2026 18:53:24.400,31.7746248,-106.5011862,29.296471864989485,17.316,-1.5874999999999997
96,3/22/2026 18:53:24.440,31.7746235,-106.5011851,29.474738975435095,17.028000000000002,-1.662499999999999
97,3/22/2026 18:53:24.480,31.7746222,-106.5011839,29.658692825242053,16.704,-1.6500000000000004
98,3/22/2026 18:53:24.520,31.7746208,-106.5011827,29.851526605978663,16.524,-1.5875000000000008
99,3/22/2026 18:53:24.560,31.7746195,-106.5011815,30.03548045783199,16.452,-1.5875
100,3/22/2026 18:53:24.600,31.7746183,-106.5011804,30.204835577630373,16.092,-1.5624999999999996
101,3/22/2026 18:53:24.640,31.774617,-106.5011793,30.383102691562293,15.876,-1.5374999999999994
102,3/22/2026 18:53:24.680,31.7746158,-106.5011782,30.55245781309007,15.659999999999998,-1.662499999999999
103,3/22/2026 18:53:24.720,31.7746146,-106.5011771,30.7218129346213,15.444,-1.724999999999999
104,3/22/2026 18:53:24.760,31.7746134,-106.501176,30.891168057809296,15.264,-1.7125000000000004
105,3/22/2026 18:53:24.800,31.7746122,-106.501175,31.05487639410464,14.94,-1.6375000000000006
106,3/22/2026 18:53:24.840,31.7746111,-106.501174,31.209635086548303,14.616,-1.4250000000000003
107,3/22/2026 18:53:24.880,31.77461,-106.501173,31.364393780815462,14.364,-1.3625000000000007
108,3/22/2026 18:53:24.920,31.7746088,-106.501172,31.528102119121634,14.292000000000002,-1.6125000000000012
109,3/22/2026 18:53:24.960,31.7746077,-106.501171,31.682860813692415,14.112,-1.7625000000000015
110,3/22/2026 18:53:25.000,31.7746067,-106.50117,31.828970114267786,13.932,-1.7125000000000008
111,3/22/2026 18:53:25.040,31.7746056,-106.5011691,31.978129871775476,13.608,-1.6375000000000006
112,3/22/2026 18:53:25.080,31.7746046,-106.5011682,32.11829515774349,13.14,-1.4750000000000005
113,3/22/2026 18:53:25.120,31.7746036,-106.5011673,32.25846044345381,12.996,-1.3625000000000012
114,3/22/2026 18:53:25.160,31.7746026,-106.5011664,32.39862573022675,12.78,-1.3750000000000007
115,3/22/2026 18:53:25.200,31.7746016,-106.5011655,32.5387910178733,12.708,-1.4625
116,3/22/2026 18:53:25.240,31.7746005,-106.5011646,32.68795077838712,12.744,-1.549999999999999
117,3/22/2026 18:53:25.280,31.7745996,-106.5011637,32.81944915255612,12.312,-1.449999999999999
118,3/22/2026 18:53:25.320,31.7745988,-106.5011629,32.93633659777348,11.7,-1.15
119,3/22/2026 18:53:25.360,31.7745978,-106.5011619,33.0824459042465,11.628,-0.9874999999999995
120,3/22/2026 18:53:25.400,31.7745969,-106.5011612,33.20255391740357,11.484,-1.0124999999999993
121,3/22/2026 18:53:25.440,31.774596,-106.5011603,33.33405229459064,11.34,-1.0625
122,3/22/2026 18:53:25.480,31.7745951,-106.5011596,33.454160308458704,11.16,-1.0999999999999999
123,3/22/2026 18:53:25.520,31.7745942,-106.5011588,33.57973626223845,11.052,-1.0374999999999996
124,3/22/2026 18:53:25.560,31.7745934,-106.5011581,33.69072856018463,10.764,-0.8874999999999993
125,3/22/2026 18:53:25.600,31.7745927,-106.5011573,33.799374181808396,10.512,-0.8000000000000002
126,3/22/2026 18:53:25.640,31.7745918,-106.5011564,33.93087256150031,10.476,-0.8250000000000007
127,3/22/2026 18:53:25.680,31.7745909,-106.5011558,34.046031877547655,10.404,-0.8625000000000005
128,3/22/2026 18:53:25.720,31.7745901,-106.5011551,34.15702417690438,10.296,-0.9249999999999992
129,3/22/2026 18:53:25.760,31.7745893,-106.5011544,34.26801647692037,10.188,-1.0249999999999992
130,3/22/2026 18:53:25.800,31.7745885,-106.5011537,34.37900877696099,10.008,-1.0499999999999998
131,3/22/2026 18:53:25.840,31.7745878,-106.5011528,34.49444869742489,9.756,-0.9874999999999995
132,3/22/2026 18:53:25.880,31.774587,-106.5011523,34.595294491470725,9.576,-0.9250000000000004
133,3/22/2026 18:53:25.920,31.7745863,-106.5011516,34.69757101161015,9.648,-0.8875000000000005
134,3/22/2026 18:53:25.960,31.7745856,-106.5011509,34.79984753177296,9.612,-0.9500000000000004
135,3/22/2026 18:53:26.000,31.7745848,-106.5011502,34.91083983371241,9.36,-0.9875
136,3/22/2026 18:53:26.040,31.774584,-106.5011496,35.016457178873985,9.252,-0.9375
137,3/22/2026 18:53:26.080,31.7745833,-106.5011489,35.11873370040499,9.144,-0.9125
138,3/22/2026 18:53:26.120,31.7745826,-106.5011483,35.21515060526519,8.892000000000001,-0.8500000000000002
139,3/22/2026 18:53:26.160,31.774582,-106.5011477,35.30281619510181,8.64,-0.6875000000000004
140,3/22/2026 18:53:26.200,31.7745813,-106.5011471,35.39923310011234,8.532,-0.5624999999999998
141,3/22/2026 18:53:26.240,31.7745807,-106.5011465,35.48689869046584,8.388,-0.5749999999999994
142,3/22/2026 18:53:26.280,31.77458,-106.5011459,35.583315596265955,8.28,-0.6624999999999993
143,3/22/2026 18:53:26.320,31.7745793,-106.5011454,35.67448066765817,8.388,-0.7499999999999997
144,3/22/2026 18:53:26.360,31.7745786,-106.5011448,35.77089757285276,8.136,-0.7374999999999996
145,3/22/2026 18:53:26.400,31.774578,-106.5011442,35.858563165150834,7.992000000000001,-0.6499999999999994
146,3/22/2026 18:53:26.440,31.7745774,-106.5011436,35.94622875711771,7.920000000000001,-0.6
147,3/22/2026 18:53:26.480,31.7745768,-106.501143,36.03389434989289,7.848000000000001,-0.5875000000000004
148,3/22/2026 18:53:26.520,31.7745762,-106.5011426,36.11066723069629,7.74,-0.6250000000000007
149,3/22/2026 18:53:26.560,31.7745756,-106.5011421,36.19252140975566,7.812,-0.6625000000000005
150,3/22/2026 18:53:26.600,31.7745749,-106.5011414,36.29479793488177,7.74,-0.6625000000000006
151,3/22/2026 18:53:26.640,31.7745743,-106.5011409,36.37665211432556,7.524,-0.6625000000000006
152,3/22/2026 18:53:26.680,31.7745738,-106.5011404,36.449706775747444,7.236,-0.6250000000000006
153,3/22/2026 18:53:26.720,31.7745733,-106.50114,36.51701912237742,7.272,-0.6375000000000003
154,3/22/2026 18:53:26.760,31.7745727,-106.5011394,36.60468471678274,7.128,-0.5625
155,3/22/2026 18:53:26.800,31.7745721,-106.5011389,36.686538896877096,7.128,-0.4625000000000002
156,3/22/2026 18:53:26.840,31.7745716,-106.5011384,36.759593558726586,7.056,-0.5250000000000006
157,3/22/2026 18:53:26.880,31.774571,-106.5011379,36.84144773914622,7.02,-0.5875000000000002
158,3/22/2026 18:53:26.920,31.7745705,-106.5011374,36.91450240166149,6.768,-0.6
159,3/22/2026 18:53:26.960,31.77457,-106.501137,36.98181474980723,6.876,-0.6375
160,3/22/2026 18:53:27.000,31.7745695,-106.5011365,37.05486941265382,6.768,-0.6000000000000003
161,3/22/2026 18:53:27.040,31.7745689,-106.5011361,37.131642294930224,6.588,-0.4750000000000002
162,3/22/2026 18:53:27.080,31.7745684,-106.5011356,37.204696957839964,6.372,-0.3624999999999997
163,3/22/2026 18:53:27.120,31.774568,-106.5011351,37.26967157756691,6.3,-0.29999999999999993
164,3/22/2026 18:53:27.160,31.7745675,-106.5011347,37.336983926288,6.48,-0.41250000000000037
165,3/22/2026 18:53:27.200,31.774567,-106.5011342,37.410038589661596,6.444,-0.5875000000000002
166,3/22/2026 18:53:27.240,31.7745665,-106.5011338,37.47735093818355,6.228,-0.6249999999999999
167,3/22/2026 18:53:27.280,31.774566,-106.5011334,37.54466328724985,6.156,-0.625
168,3/22/2026 18:53:27.320,31.7745655,-106.5011331,37.60714559537271,5.904,-0.5875000000000001
169,3/22/2026 18:53:27.360,31.774565,-106.5011327,37.67445794499617,5.904,-0.5375000000000002
170,3/22/2026 18:53:27.400,31.7745647,-106.5011322,37.732373912804995,6.012,-0.5124999999999995
171,3/22/2026 18:53:27.440,31.7745641,-106.5011318,37.80914679604994,5.976,-0.4624999999999996
172,3/22/2026 18:53:27.480,31.7745636,-106.5011315,37.87162910443777,5.94,-0.46249999999999974
173,3/22/2026 18:53:27.520,31.7745631,-106.501131,37.94468376910355,5.867999999999999,-0.5125
174,3/22/2026 18:53:27.560,31.7745627,-106.5011306,38.00312750148467,5.724,-0.5125
175,3/22/2026 18:53:27.600,31.7745623,-106.5011302,38.06157123310074,5.508,-0.5125
176,3/22/2026 18:53:27.640,31.7745619,-106.5011298,38.12001496569391,5.364,-0.6124999999999996
177,3/22/2026 18:53:27.680,31.7745616,-106.5011295,38.1638477646975,5.22,-0.5874999999999997
178,3/22/2026 18:53:27.720,31.7745611,-106.5011292,38.22633007404506,5.148,-0.4999999999999999
179,3/22/2026 18:53:27.760,31.7745607,-106.5011289,38.279138750670256,5.112,-0.4749999999999999
180,3/22/2026 18:53:27.800,31.7745603,-106.5011285,38.33758248338621,5.328,-0.5499999999999999
181,3/22/2026 18:53:27.840,31.7745599,-106.5011282,38.390391160143416,5.328,-0.7250000000000001
182,3/22/2026 18:53:27.880,31.7745595,-106.5011278,38.448834892501665,5.256,-0.7875000000000004
183,3/22/2026 18:53:27.920,31.7745591,-106.5011274,38.50727862553569,5.076,-0.7375000000000004
184,3/22/2026 18:53:27.960,31.7745587,-106.5011271,38.560087302490906,5.04,-0.6875000000000003
185,3/22/2026 18:53:28.000,31.7745583,-106.5011268,38.61289598023514,4.716,-0.6250000000000003
186,3/22/2026 18:53:28.040,31.774558,-106.5011265,38.6567287799544,4.392,-0.5000000000000002
187,3/22/2026 18:53:28.080,31.7745577,-106.5011263,38.6951152222377,4.5,-0.4750000000000002
188,3/22/2026 18:53:28.120,31.7745574,-106.501126,38.738948022076244,4.428,-0.49999999999999983
189,3/22/2026 18:53:28.160,31.7745571,-106.5011256,38.789427998166616,4.464,-0.5125000000000002
190,3/22/2026 18:53:28.200,31.7745566,-106.5011253,38.85191030753067,4.392,-0.5875000000000004
191,3/22/2026 18:53:28.240,31.7745564,-106.501125,38.887989566153664,4.176,-0.5625000000000002
192,3/22/2026 18:53:28.280,31.7745561,-106.5011247,38.931822366250636,4.14,-0.49999999999999983
193,3/22/2026 18:53:28.320,31.7745557,-106.5011245,38.98020584493784,4.068,-0.43749999999999956
194,3/22/2026 18:53:28.360,31.7745555,-106.5011243,39.00942771194522,4.068,-0.3999999999999996
195,3/22/2026 18:53:28.400,31.7745551,-106.5011239,39.06787144634082,3.888,-0.4374999999999997
196,3/22/2026 18:53:28.440,31.7745548,-106.5011236,39.11170424669623,3.78,-0.5249999999999997
197,3/22/2026 18:53:28.480,31.7745545,-106.5011234,39.15009068930238,3.744,-0.6124999999999997
198,3/22/2026 18:53:28.520,31.7745543,-106.5011232,39.179312556770114,3.744,-0.5749999999999997
199,3/22/2026 18:53:28.560,31.774554,-106.5011228,39.22979253280332,3.672,-0.5124999999999998
200,3/22/2026 18:53:28.600,31.7745537,-106.5011226,39.26817897549019,3.492,-0.5124999999999998
201,3/22/2026 18:53:28.640,31.7745535,-106.5011224,39.29740084276263,3.456,-0.5499999999999998
202,3/22/2026 18:53:28.680,31.7745532,-106.5011222,39.33578728549993,3.42,-0.6124999999999999
203,3/22/2026 18:53:28.720,31.774553,-106.501122,39.36500915283864,3.528,-0.7249999999999999
204,3/22/2026 18:53:28.760,31.7745527,-106.5011218,39.403395594963285,3.456,-0.7749999999999998
205,3/22/2026 18:53:28.800,31.7745524,-106.5011216,39.44178203778131,3.24,-0.6499999999999999
206,3/22/2026 18:53:28.840,31.7745522,-106.5011214,39.47100390552736,2.9160000000000004,-0.4125000000000001
207,3/22/2026 18:53:28.880,31.774552,-106.5011212,39.5002257729986,2.8440000000000003,-0.3125000000000001
208,3/22/2026 18:53:28.920,31.7745518,-106.501121,39.52944764049634,2.988,-0.475
209,3/22/2026 18:53:28.960,31.7745516,-106.5011208,39.55866950832191,2.952,-0.6
210,3/22/2026 18:53:29.000,31.7745514,-106.5011205,39.59474876815249,2.736,-0.5499999999999999
211,3/22/2026 18:53:29.040,31.7745512,-106.5011205,39.61701266617584,2.628,-0.4749999999999999
212,3/22/2026 18:53:29.080,31.774551,-106.5011204,39.64120440563049,2.484,-0.4875000000000001
213,3/22/2026 18:53:29.120,31.7745508,-106.5011202,39.670426273260766,2.3760000000000003,-0.5375000000000002
214,3/22/2026 18:53:29.160,31.7745507,-106.5011201,39.68503720767204,2.3760000000000003,-0.6000000000000002
215,3/22/2026 18:53:29.200,31.7745504,-106.50112,39.71974803737253,2.4480000000000004,-0.6625000000000002
216,3/22/2026 18:53:29.240,31.7745503,-106.5011198,39.741706103800695,2.52,-0.7250000000000002
217,3/22/2026 18:53:29.280,31.7745501,-106.5011195,39.7777853641893,2.3400000000000003,-0.7500000000000002
218,3/22/2026 18:53:29.320,31.7745499,-106.5011193,39.807007231938854,2.124,-0.6625000000000002
219,3/22/2026 18:53:29.360,31.7745497,-106.5011192,39.83119897108156,2.088,-0.5750000000000002
220,3/22/2026 18:53:29.400,31.7745496,-106.5011191,39.84580990556572,2.0160000000000005,-0.5625000000000001
221,3/22/2026 18:53:29.440,31.7745494,-106.5011191,39.86807380358907,1.98,-0.5875000000000001
222,3/22/2026 18:53:29.480,31.7745493,-106.501119,39.88268473722204,1.728,-0.5625
223,3/22/2026 18:53:29.520,31.7745492,-106.5011189,39.897295671732714,1.584,-0.5000000000000001
224,3/22/2026 18:53:29.560,31.7745492,-106.5011188,39.90675923811736,1.4400000000000002,-0.4625000000000002
225,3/22/2026 18:53:29.600,31.7745492,-106.5011188,39.90675923811736,1.476,-0.4750000000000001
226,3/22/2026 18:53:29.640,31.774549,-106.5011186,39.935981105986194,1.404,-0.525
227,3/22/2026 18:53:29.680,31.7745489,-106.5011185,39.95059203964568,1.296,-0.5625
228,3/22/2026 18:53:29.720,31.7745488,-106.5011185,39.96172398845961,1.26,-0.5375
229,3/22/2026 18:53:29.760,31.7745487,-106.5011183,39.983682055370465,1.296,-0.525
230,3/22/2026 18:53:29.800,31.7745486,-106.5011181,40.005640122298956,1.1880000000000002,-0.5875
231,3/22/2026 18:53:29.840,31.7745485,-106.5011181,40.01677207111289,1.116,-0.6000000000000002
232,3/22/2026 18:53:29.880,31.7745485,-106.5011181,40.01677207111289,0.972,-0.55
233,3/22/2026 18:53:29.920,31.7745484,-106.501118,40.031383004805505,0.9,-0.525
234,3/22/2026 18:53:29.960,31.7745484,-106.501118,40.031383004805505,0.792,-0.5
235,3/22/2026 18:53:30.000,31.7745483,-106.5011179,40.04599393937581,0.756,-0.4750000000000001
236,3/22/2026 18:53:30.040,31.7745483,-106.5011179,40.04599393937581,0.6120000000000001,-0.4375
237,3/22/2026 18:53:30.080,31.7745483,-106.5011179,40.04599393937581,0.468,-0.31250000000000006
238,3/22/2026 18:53:30.120,31.7745483,-106.5011179,40.04599393937581,0.54,-0.225
239,3/22/2026 18:53:30.160,31.7745483,-106.5011179,40.04599393937581,0.5040000000000001,-0.2375000000000001
240,3/22/2026 18:53:30.200,31.7745482,-106.5011178,40.06060487278036,0.288,-0.20000000000000004
241,3/22/2026 18:53:30.240,31.7745482,-106.5011178,40.06060487278036,0.288,-0.125
242,3/22/2026 18:53:30.280,31.7745482,-106.5011177,40.07006844061217,0.216,-0.0875
243,3/22/2026 18:53:30.320,31.7745482,-106.5011177,40.07006844061217,0.144,-0.05000000000000001
244,3/22/2026 18:53:30.360,31.7745482,-106.5011177,40.07006844061217,0.108,-0.025000000000000012
245,3/22/2026 18:53:30.400,31.7745482,-106.5011177,40.07006844061217,0.072,-0.012500000000000006
246,3/22/2026 18:53:30.440,31.7745482,-106.5011178,40.07953200844398,0.036,-1.1102230246251566e-17
247,3/22/2026 18:53:30.480,31.7745482,-106.5011178,40.07953200844398,0.144,-0.03750000000000001
248,3/22/2026 18:53:30.520,31.7745482,-106.5011178,40.07953200844398,0.216,-0.0625
249,3/22/2026 18:53:30.560,31.7745482,-106.5011178,40.07953200844398,0.144,-0.03749999999999999
250,3/22/2026 18:53:30.600,31.7745482,-106.5011177,40.088995576275785,0.072,0.012500000000000008
251,3/22/2026 18:53:30.640,31.7745482,-106.5011177,40.088995576275785,0.144,0.024999999999999998
252,3/22/2026 18:53:30.680,31.7745482,-106.5011177,40.088995576275785,0.108,-0.025
253,3/22/2026 18:53:30.720,31.7745482,-106.5011177,40.088995576275785,0.108,-0.05
254,3/22/2026 18:53:30.760,31.7745482,-106.5011177,40.088995576275785,0.072,-0.012499999999999989
255,3/22/2026 18:53:30.800,31.7745482,-106.5011177,40.088995576275785,0.072,0.012500000000000006
256,3/22/2026 18:53:30.840,31.7745483,-106.5011177,40.10012752508972,0.036,0.05
257,3/22/2026 18:53:30.880,31.7745483,-106.5011177,40.10012752508972,0.036,0.075
258,3/22/2026 18:53:30.920,31.7745483,-106.5011177,40.10012752508972,0.144,-0.012499999999999989
259,3/22/2026 18:53:30.960,31.7745483,-106.5011177,40.10012752508972,0.108,-0.0375
260,3/22/2026 18:53:31.000,31.7745483,-106.5011177,40.10012752508972,0.144,-0.012499999999999989
261,3/22/2026 18:53:31.040,31.7745483,-106.5011177,40.10012752508972,0.144,-0.03749999999999999
262,3/22/2026 18:53:31.080,31.7745484,-106.5011177,40.11125947429913,0.036,0.012500000000000006
263,3/22/2026 18:53:31.120,31.7745484,-106.5011177,40.11125947429913,0.036,0.0625
264,3/22/2026 18:53:31.160,31.7745483,-106.5011177,40.122391423508546,0.108,0.0375
265,3/22/2026 18:53:31.200,31.7745483,-106.5011177,40.122391423508546,0.072,0.025
266,3/22/2026 18:53:31.240,31.7745484,-106.5011177,40.13352337271796,0.18,-0.0375
267,3/22/2026 18:53:31.280,31.7745484,-106.5011177,40.13352337271796,0.108,-0.05
268,3/22/2026 18:53:31.320,31.7745484,-106.5011177,40.13352337271796,0.036,0.05
269,3/22/2026 18:53:31.360,31.7745484,-106.5011177,40.13352337271796,0.108,0.0375
270,3/22/2026 18:53:31.400,31.7745484,-106.5011177,40.13352337271796,0.108,-0.012500000000000006
271,3/22/2026 18:53:31.440,31.7745484,-106.5011176,40.14298693918445,0.072,0.0
272,3/22/2026 18:53:31.480,31.7745484,-106.5011176,40.14298693918445,0.144,-0.025
273,3/22/2026 18:53:31.520,31.7745485,-106.5011176,40.15411888839387,0.108,-0.0375
274,3/22/2026 18:53:31.560,31.7745485,-106.5011177,40.16358245485013,0.144,-0.0125
275,3/22/2026 18:53:31.600,31.7745485,-106.5011176,40.17304602130639,0.108,0.0125
276,3/22/2026 18:53:31.640,31.7745485,-106.5011176,40.17304602130639,0.036,0.05
277,3/22/2026 18:53:31.680,31.7745485,-106.5011176,40.17304602130639,0.108,0.0375
278,3/22/2026 18:53:31.720,31.7745485,-106.5011176,40.17304602130639,0.18,-0.05
279,3/22/2026 18:53:31.760,31.7745485,-106.5011175,40.18250958776265,0.072,-0.0375
280,3/22/2026 18:53:31.800,31.7745485,-106.5011175,40.18250958776265,0.108,0.024999999999999998
281,3/22/2026 18:53:31.840,31.7745485,-106.5011175,40.18250958776265,0.072,0.012499999999999997
282,3/22/2026 18:53:31.880,31.7745485,-106.5011175,40.18250958776265,0.072,0.024999999999999998
283,3/22/2026 18:53:31.920,31.7745485,-106.5011175,40.18250958776265,0.072,0.024999999999999998
284,3/22/2026 18:53:31.960,31.7745487,-106.5011174,40.20670132747948,0.144,-0.0125
285,3/22/2026 18:53:32.000,31.7745487,-106.5011174,40.20670132747948,0.144,0.0
286,3/22/2026 18:53:32.040,31.7745485,-106.5011174,40.228965225502826,0.144,-0.012500000000000002
287,3/22/2026 18:53:32.080,31.7745487,-106.5011174,40.25122912352617,0.108,-0.05
288,3/22/2026 18:53:32.120,31.7745487,-106.5011174,40.25122912352617,0.036,2.7755575615628915e-18
289,3/22/2026 18:53:32.160,31.7745488,-106.5011174,40.26236107273559,0.108,0.0375
290,3/22/2026 18:53:32.200,31.7745488,-106.5011174,40.26236107273559,0.144,0.0
291,3/22/2026 18:53:32.240,31.7745488,-106.5011174,40.26236107273559,0.072,-0.0125
292,3/22/2026 18:53:32.280,31.7745488,-106.5011173,40.27182463916116,0.144,-0.037500000000000006
293,3/22/2026 18:53:32.320,31.7745488,-106.5011173,40.27182463916116,0.072,-0.025
294,3/22/2026 18:53:32.360,31.7745488,-106.5011173,40.27182463916116,0.108,0.025
295,3/22/2026 18:53:32.400,31.7745488,-106.5011173,40.27182463916116,0.18,-0.0125
296,3/22/2026 18:53:32.440,31.7745488,-106.5011173,40.27182463916116,0.072,-0.025
297,3/22/2026 18:53:32.480,31.7745488,-106.5011172,40.281288206931585,0.036,-5.551115123125783e-18
298,3/22/2026 18:53:32.520,31.774549,-106.5011172,40.30355210495493,0.108,-0.012500000000000006
299,3/22/2026 18:53:32.560,31.774549,-106.5011172,40.30355210495493,0.144,-0.05
300,3/22/2026 18:53:32.600,31.774549,-106.5011172,40.30355210495493,0.108,-0.05
301,3/22/2026 18:53:32.640,31.7745491,-106.5011172,40.314684054164346,0.072,-0.0125
302,3/22/2026 18:53:32.680,31.7745491,-106.5011172,40.314684054164346,0.036,0.024999999999999998
303,3/22/2026 18:53:32.720,31.7745491,-106.5011172,40.314684054164346,0.108,0.025000000000000005
304,3/22/2026 18:53:32.760,31.7745491,-106.5011172,40.314684054164346,0.144,-0.012499999999999997
305,3/22/2026 18:53:32.800,31.7745491,-106.5011172,40.314684054164346,0.108,-0.0375
306,3/22/2026 18:53:32.840,31.7745491,-106.5011172,40.314684054164346,0.072,-0.03750000000000002
307,3/22/2026 18:53:32.880,31.7745491,-106.5011172,40.314684054164346,0.036,-5.551115123125783e-18
308,3/22/2026 18:53:32.920,31.7745491,-106.5011169,40.34307475469383,0.072,0.012499999999999989
309,3/22/2026 18:53:32.960,31.7745491,-106.5011169,40.34307475469383,0.036,0.012499999999999994
310,3/22/2026 18:53:33.000,31.7745491,-106.5011169,40.34307475469383,0.072,0.03749999999999999
311,3/22/2026 18:53:33.040,31.7745491,-106.5011169,40.34307475469383,0.072,0.049999999999999996
312,3/22/2026 18:53:33.080,31.7745491,-106.5011169,40.34307475469383,0.108,0.02499999999999999
313,3/22/2026 18:53:33.120,31.7745491,-106.5011169,40.34307475469383,0.108,-5.551115123125783e-18
314,3/22/2026 18:53:33.160,31.7745491,-106.5011169,40.34307475469383,0.108,-0.012500000000000011
315,3/22/2026 18:53:33.200,31.7745491,-106.5011169,40.34307475469383,0.036,-0.012500000000000008
316,3/22/2026 18:53:33.240,31.7745492,-106.5011169,40.354206703507764,0.036,0.024999999999999998
317,3/22/2026 18:53:33.280,31.7745492,-106.5011169,40.354206703507764,0.072,0.025
318,3/22/2026 18:53:33.320,31.7745492,-106.5011169,40.354206703507764,0.072,0.0125
319,3/22/2026 18:53:33.360,31.7745493,-106.5011169,40.36533865271718,0.072,0.024999999999999998
320,3/22/2026 18:53:33.400,31.7745493,-106.5011169,40.36533865271718,0.144,0.0125
321,3/22/2026 18:53:33.440,31.7745494,-106.5011169,40.37647060192659,0.144,-0.012500000000000002
322,3/22/2026 18:53:33.480,31.7745494,-106.5011169,40.37647060192659,0.108,-0.012499999999999997
323,3/22/2026 18:53:33.520,31.7745493,-106.5011169,40.387602551136006,0.108,0.012499999999999989
324,3/22/2026 18:53:33.560,31.7745493,-106.5011169,40.387602551136006,0.072,0.012499999999999994
325,3/22/2026 18:53:33.600,31.7745494,-106.5011169,40.39873450034542,0.036,0.025
326,3/22/2026 18:53:33.640,31.7745494,-106.5011169,40.39873450034542,0.108,0.0125
327,3/22/2026 18:53:33.680,31.7745494,-106.5011168,40.4081980667096,0.072,-0.025000000000000005
328,3/22/2026 18:53:33.720,31.7745494,-106.5011168,40.4081980667096,0.108,-0.037500000000000006
329,3/22/2026 18:53:33.760,31.7745494,-106.5011168,40.4081980667096,0.108,-0.0375
330,3/22/2026 18:53:33.800,31.7745494,-106.5011168,40.4081980667096,0.144,-0.0375
331,3/22/2026 18:53:33.840,31.7745494,-106.5011168,40.4081980667096,0.108,-0.0125
332,3/22/2026 18:53:33.880,31.7745494,-106.5011168,40.4081980667096,0.108,-1.1102230246251566e-17
333,3/22/2026 18:53:33.920,31.7745496,-106.5011168,40.43046196473295,0.144,-0.05
334,3/22/2026 18:53:33.960,31.7745496,-106.5011168,40.43046196473295,0.072,-0.0375
335,3/22/2026 18:53:34.000,31.7745496,-106.5011167,40.439925532421526,0.108,-0.025000000000000005
336,3/22/2026 18:53:34.040,31.7745496,-106.5011167,40.439925532421526,0.072,-0.025000000000000005
337,3/22/2026 18:53:34.080,31.7745496,-106.5011167,40.439925532421526,0.036,0.0125
338,3/22/2026 18:53:34.120,31.7745496,-106.5011167,40.439925532421526,0.036,0.07500000000000001
339,3/22/2026 18:53:34.160,31.7745496,-106.5011167,40.439925532421526,0.072,0.08750000000000001
340,3/22/2026 18:53:34.200,31.7745497,-106.5011167,40.45105748163094,0.072,0.025
341,3/22/2026 18:53:34.240,31.7745497,-106.5011167,40.45105748163094,0.144,-0.012499999999999997
342,3/22/2026 18:53:34.280,31.7745497,-106.5011167,40.45105748163094,0.072,-0.012499999999999997
343,3/22/2026 18:53:34.320,31.7745497,-106.5011167,40.45105748163094,0.036,0.025
344,3/22/2026 18:53:34.360,31.7745497,-106.5011167,40.45105748163094,0.072,0.0125
345,3/22/2026 18:53:34.400,31.7745497,-106.5011167,40.45105748163094,0.036,0.0125
346,3/22/2026 18:53:34.440,31.7745497,-106.5011167,40.45105748163094,0.072,0.012500000000000002
347,3/22/2026 18:53:34.480,31.7745497,-106.5011167,40.45105748163094,0.072,0.0
348,3/22/2026 18:53:34.520,31.7745497,-106.5011167,40.45105748163094,0.216,-0.05000000000000001
349,3/22/2026 18:53:34.560,31.7745497,-106.5011167,40.45105748163094,0.144,-0.08750000000000001
350,3/22/2026 18:53:34.600,31.7745497,-106.5011167,40.45105748163094,0.072,-0.025
351,3/22/2026 18:53:34.640,31.7745497,-106.5011167,40.45105748163094,0.108,0.0125
352,3/22/2026 18:53:34.680,31.7745497,-106.5011166,40.460521047964434,0.072,0.025
353,3/22/2026 18:53:34.720,31.7745497,-106.5011166,40.460521047964434,0.108,0.0
354,3/22/2026 18:53:34.760,31.7745497,-106.5011166,40.460521047964434,0.036,0.0125
355,3/22/2026 18:53:34.800,31.7745497,-106.5011166,40.460521047964434,0.108,-0.012500000000000002
356,3/22/2026 18:53:34.840,31.7745497,-106.5011167,40.46998461429793,0.036,-0.025000000000000005
357,3/22/2026 18:53:34.880,31.7745497,-106.5011167,40.46998461429793,0.108,0.012499999999999994
358,3/22/2026 18:53:34.920,31.7745497,-106.5011166,40.47944818063142,0.036,0.025
359,3/22/2026 18:53:34.960,31.7745497,-106.5011167,40.48891174696492,0.072,0.0375
360,3/22/2026 18:53:35.000,31.7745497,-106.5011167,40.48891174696492,0.072,0.0375
361,3/22/2026 18:53:35.040,31.7745499,-106.5011167,40.51117564498826,0.144,-5.551115123125783e-18
362,3/22/2026 18:53:35.080,31.7745499,-106.5011166,40.520639211301294,0.108,-0.0375
363,3/22/2026 18:53:35.120,31.7745499,-106.5011166,40.520639211301294,0.072,0.024999999999999994
364,3/22/2026 18:53:35.160,31.7745499,-106.5011167,40.530102777614324,0.108,0.07500000000000001
365,3/22/2026 18:53:35.200,31.7745499,-106.5011166,40.539566343927355,0.0,0.0625
366,3/22/2026 18:53:35.240,31.7745499,-106.5011166,40.539566343927355,0.072,0.0625
367,3/22/2026 18:53:35.280,31.7745499,-106.5011166,40.539566343927355,0.108,0.012500000000000011
368,3/22/2026 18:53:35.320,31.7745499,-106.5011166,40.539566343927355,0.108,-0.03749999999999999
369,3/22/2026 18:53:35.360,31.7745499,-106.5011166,40.539566343927355,0.108,-0.012499999999999989
370,3/22/2026 18:53:35.400,31.7745499,-106.5011166,40.539566343927355,0.144,0.012500000000000016
371,3/22/2026 18:53:35.440,31.7745499,-106.5011166,40.539566343927355,0.072,1.1102230246251566e-17
372,3/22/2026 18:53:35.480,31.77455,-106.5011166,40.55069829313677,0.072,0.012500000000000002
373,3/22/2026 18:53:35.520,31.77455,-106.5011166,40.55069829313677,0.18,1.3877787807814457e-17
374,3/22/2026 18:53:35.560,31.77455,-106.5011166,40.55069829313677,0.216,-0.075
375,3/22/2026 18:53:35.600,31.77455,-106.5011166,40.55069829313677,0.072,-0.0375
376,3/22/2026 18:53:35.640,31.77455,-106.5011166,40.55069829313677,0.18,0.012499999999999994
377,3/22/2026 18:53:35.680,31.77455,-106.5011166,40.55069829313677,0.036,0.012499999999999997
378,3/22/2026 18:53:35.720,31.77455,-106.5011166,40.55069829313677,0.072,0.0375
379,3/22/2026 18:53:35.760,31.77455,-106.5011166,40.55069829313677,0.108,0.03749999999999999
380,3/22/2026 18:53:35.800,31.77455,-106.5011166,40.55069829313677,0.18,-0.012500000000000008
381,3/22/2026 18:53:35.840,31.77455,-106.5011166,40.55069829313677,0.036,-0.025
382,3/22/2026 18:53:35.880,31.77455,-106.5011166,40.55069829313677,0.144,-0.0125
383,3/22/2026 18:53:35.920,31.77455,-106.5011166,40.55069829313677,0.108,-0.0375
384,3/22/2026 18:53:35.960,31.77455,-106.5011166,40.55069829313677,0.072,-0.03750000000000001
385,3/22/2026 18:53:36.000,31.77455,-106.5011165,40.560161860784426,0.108,-0.025000000000000012
386,3/22/2026 18:53:36.040,31.77455,-106.5011165,40.560161860784426,0.18,-0.03749999999999999
387,3/22/2026 18:53:36.080,31.77455,-106.5011165,40.560161860784426,0.072,-0.012499999999999992
388,3/22/2026 18:53:36.120,31.7745501,-106.5011165,40.57129380959836,0.144,5.551115123125783e-18
389,3/22/2026 18:53:36.160,31.7745501,-106.5011165,40.57129380959836,0.144,-0.0375
390,3/22/2026 18:53:36.200,31.7745501,-106.5011165,40.57129380959836,0.108,-0.03749999999999999
391,3/22/2026 18:53:36.240,31.7745501,-106.5011165,40.57129380959836,0.036,2.7755575615628915e-18
392,3/22/2026 18:53:36.280,31.7745501,-106.5011165,40.57129380959836,0.108,-2.7755575615628915e-18
393,3/22/2026 18:53:36.320,31.7745503,-106.5011165,40.593557708017194,0.036,0.0
394,3/22/2026 18:53:36.360,31.7745503,-106.5011165,40.593557708017194,0.036,0.03750000000000001
395,3/22/2026 18:53:36.400,31.7745503,-106.5011165,40.593557708017194,0.072,0.025000000000000012
396,3/22/2026 18:53:36.440,31.7745503,-106.5011165,40.593557708017194,0.108,0.0
397,3/22/2026 18:53:36.480,31.7745503,-106.5011164,40.603021274289304,0.108,0.024999999999999998
398,3/22/2026 18:53:36.520,31.7745503,-106.5011164,40.603021274289304,0.108,-8.326672684688674e-18
399,3/22/2026 18:53:36.560,31.7745503,-106.5011164,40.603021274289304,0.072,-0.025000000000000005
400,3/22/2026 18:53:36.600,31.7745503,-106.5011164,40.603021274289304,0.072,0.012500000000000002
401,3/22/2026 18:53:36.640,31.7745504,-106.5011164,40.61415322310324,0.072,0.012500000000000008
402,3/22/2026 18:53:36.680,31.7745504,-106.5011164,40.61415322310324,0.072,0.012500000000000002
403,3/22/2026 18:53:36.720,31.7745504,-106.5011164,40.61415322310324,0.072,0.05
404,3/22/2026 18:53:36.760,31.7745504,-106.5011164,40.61415322310324,0.108,0.024999999999999998
405,3/22/2026 18:53:36.800,31.7745504,-106.5011164,40.61415322310324,0.072,-0.025
406,3/22/2026 18:53:36.840,31.7745506,-106.5011164,40.63641712152207,0.108,-0.0375
407,3/22/2026 18:53:36.880,31.7745506,-106.5011164,40.63641712152207,0.18,-0.0625
408,3/22/2026 18:53:36.920,31.7745506,-106.5011164,40.63641712152207,0.036,5.551115123125783e-18
409,3/22/2026 18:53:36.960,31.7745506,-106.5011164,40.63641712152207,0.072,0.05
410,3/22/2026 18:53:37.000,31.7745506,-106.5011162,40.65534425534975,0.108,0.0
411,3/22/2026 18:53:37.040,31.7745506,-106.5011162,40.65534425534975,0.072,0.0
412,3/22/2026 18:53:37.080,31.7745506,-106.5011162,40.65534425534975,0.108,0.012500000000000002
413,3/22/2026 18:53:37.120,31.7745506,-106.5011164,40.674271389177434,0.18,-0.05
414,3/22/2026 18:53:37.160,31.7745506,-106.5011162,40.693198523005115,0.072,0.0
415,3/22/2026 18:53:37.200,31.7745506,-106.5011162,40.693198523005115,0.036,0.075
416,3/22/2026 18:53:37.240,31.7745507,-106.5011162,40.70433047181905,0.036,0.05
417,3/22/2026 18:53:37.280,31.7745507,-106.5011162,40.70433047181905,0.072,0.012499999999999994
418,3/22/2026 18:53:37.320,31.7745508,-106.5011162,40.71546242102846,0.144,-0.025
419,3/22/2026 18:53:37.360,31.7745507,-106.5011162,40.726594370237876,0.108,-0.0375
420,3/22/2026 18:53:37.400,31.7745508,-106.5011162,40.73772631944729,0.072,-0.025000000000000005
421,3/22/2026 18:53:37.440,31.7745508,-106.5011162,40.73772631944729,0.108,-0.025
422,3/22/2026 18:53:37.480,31.7745508,-106.5011162,40.73772631944729,0.108,-0.012500000000000011
423,3/22/2026 18:53:37.520,31.7745508,-106.5011162,40.73772631944729,0.036,0.075
424,3/22/2026 18:53:37.560,31.7745509,-106.5011162,40.748858268656704,0.216,0.0375
425,3/22/2026 18:53:37.600,31.7745509,-106.5011162,40.748858268656704,0.108,-0.025
426,3/22/2026 18:53:37.640,31.7745509,-106.501116,40.767785402423,0.108,-0.012500000000000011
427,3/22/2026 18:53:37.680,31.7745509,-106.501116,40.767785402423,0.036,0.0125
428,3/22/2026 18:53:37.720,31.7745509,-106.501116,40.767785402423,0.108,0.0375
429,3/22/2026 18:53:37.760,31.7745509,-106.501116,40.767785402423,0.036,0.024999999999999998
430,3/22/2026 18:53:37.800,31.7745509,-106.501116,40.767785402423,0.072,0.0375
431,3/22/2026 18:53:37.840,31.7745509,-106.501116,40.767785402423,0.036,0.025
432,3/22/2026 18:53:37.880,31.7745509,-106.501116,40.767785402423,0.144,-0.025
433,3/22/2026 18:53:37.920,31.774551,-106.501116,40.778917351236935,0.216,-0.0625
434,3/22/2026 18:53:37.960,31.774551,-106.501116,40.778917351236935,0.144,-0.0875
435,3/22/2026 18:53:38.000,31.7745511,-106.5011158,40.80087541774213,0.108,-0.075
436,3/22/2026 18:53:38.040,31.774551,-106.5011158,40.81200736695154,0.072,-0.025
437,3/22/2026 18:53:38.080,31.774551,-106.5011158,40.81200736695154,0.108,-0.0125
438,3/22/2026 18:53:38.120,31.7745511,-106.5011158,40.823139316160955,0.144,-0.05
439,3/22/2026 18:53:38.160,31.7745511,-106.5011158,40.823139316160955,0.072,-0.049999999999999996
440,3/22/2026 18:53:38.200,31.7745512,-106.5011158,40.83427126537037,0.144,-0.0125
441,3/22/2026 18:53:38.240,31.7745512,-106.5011158,40.83427126537037,0.036,0.012500000000000006
442,3/22/2026 18:53:38.280,31.7745512,-106.5011158,40.83427126537037,0.072,0.025
443,3/22/2026 18:53:38.320,31.7745512,-106.5011158,40.83427126537037,0.108,0.025
444,3/22/2026 18:53:38.360,31.7745513,-106.5011156,40.85622933048057,0.0,0.024999999999999988
445,3/22/2026 18:53:38.400,31.7745513,-106.5011156,40.85622933048057,0.036,0.012499999999999994
446,3/22/2026 18:53:38.440,31.7745514,-106.5011156,40.86736127968999,0.072,-0.012500000000000002
447,3/22/2026 18:53:38.480,31.7745514,-106.5011156,40.86736127968999,0.072,-0.0125
448,3/22/2026 18:53:38.520,31.7745514,-106.5011156,40.86736127968999,0.036,-5.551115123125783e-18
449,3/22/2026 18:53:38.560,31.7745514,-106.5011155,40.876824847194406,0.036,0.0
450,3/22/2026 18:53:38.600,31.7745515,-106.5011155,40.88795679640382,0.144,-0.0375
451,3/22/2026 18:53:38.640,31.7745515,-106.5011155,40.88795679640382,0.072,0.0125
452,3/22/2026 18:53:38.680,31.7745515,-106.5011155,40.88795679640382,0.108,0.03749999999999999
453,3/22/2026 18:53:38.720,31.7745515,-106.5011155,40.88795679640382,0.144,-0.03750000000000001
454,3/22/2026 18:53:38.760,31.7745515,-106.5011154,40.897420362553156,0.036,-8.326672684688674e-18
455,3/22/2026 18:53:38.800,31.7745515,-106.5011154,40.897420362553156,0.036,0.024999999999999988
456,3/22/2026 18:53:38.840,31.7745515,-106.5011154,40.897420362553156,0.036,0.024999999999999988
457,3/22/2026 18:53:38.880,31.7745515,-106.5011154,40.897420362553156,0.072,0.062499999999999986
458,3/22/2026 18:53:38.920,31.7745515,-106.5011154,40.897420362553156,0.036,0.07499999999999998
459,3/22/2026 18:53:38.960,31.7745517,-106.5011154,40.9196842605765,0.036,0.03749999999999999
460,3/22/2026 18:53:39.000,31.7745517,-106.5011154,40.9196842605765,0.036,-1.1102230246251566e-17
461,3/22/2026 18:53:39.040,31.7745517,-106.5011154,40.9196842605765,0.216,-0.06250000000000001
462,3/22/2026 18:53:39.080,31.7745518,-106.5011154,40.93081620978592,0.072,-0.07500000000000001
463,3/22/2026 18:53:39.120,31.7745518,-106.5011153,40.940279777249415,0.072,-0.025
464,3/22/2026 18:53:39.160,31.7745518,-106.5011153,40.940279777249415,0.108,0.0
465,3/22/2026 18:53:39.200,31.7745518,-106.5011153,40.940279777249415,0.036,0.075
466,3/22/2026 18:53:39.240,31.7745518,-106.5011153,40.940279777249415,0.108,0.0625
467,3/22/2026 18:53:39.280,31.7745518,-106.5011153,40.940279777249415,0.18,-0.012500000000000002
468,3/22/2026 18:53:39.320,31.7745518,-106.5011153,40.940279777249415,0.144,-0.03750000000000001
469,3/22/2026 18:53:39.360,31.7745518,-106.5011153,40.940279777249415,0.036,-0.025
470,3/22/2026 18:53:39.400,31.774552,-106.5011153,40.96254367527276,0.036,0.04999999999999999
471,3/22/2026 18:53:39.440,31.774552,-106.5011153,40.96254367527276,0.036,0.075
472,3/22/2026 18:53:39.480,31.774552,-106.5011153,40.96254367527276,0.036,0.05
473,3/22/2026 18:53:39.520,31.7745521,-106.5011152,40.97715460872682,0.036,0.0625
474,3/22/2026 18:53:39.560,31.7745521,-106.5011152,40.97715460872682,0.144,0.012499999999999989
475,3/22/2026 18:53:39.600,31.7745521,-106.5011153,40.98661817481477,0.216,-0.1
476,3/22/2026 18:53:39.640,31.7745521,-106.5011153,40.98661817481477,0.108,-0.1
477,3/22/2026 18:53:39.680,31.7745521,-106.5011152,40.996081740902724,0.144,-0.025
478,3/22/2026 18:53:39.720,31.7745521,-106.5011152,40.996081740902724,0.072,0.0375
479,3/22/2026 18:53:39.760,31.7745521,-106.5011152,40.996081740902724,0.036,0.0625
480,3/22/2026 18:53:39.800,31.7745523,-106.5011152,41.01834563892607,0.18,-0.025
481,3/22/2026 18:53:39.840,31.7745523,-106.5011152,41.01834563892607,0.108,-0.0625
482,3/22/2026 18:53:39.880,31.7745523,-106.5011152,41.01834563892607,0.108,-0.025
483,3/22/2026 18:53:39.920,31.7745523,-106.5011152,41.01834563892607,0.144,-0.05
484,3/22/2026 18:53:39.960,31.7745523,-106.5011152,41.01834563892607,0.072,-0.024999999999999998
485,3/22/2026 18:53:40.000,31.7745524,-106.5011152,41.029477588135485,0.0,0.0625
486,3/22/2026 18:53:40.040,31.7745524,-106.5011152,41.029477588135485,0.036,0.1
487,3/22/2026 18:53:40.080,31.7745524,-106.5011152,41.029477588135485,0.144,0.0375
488,3/22/2026 18:53:40.120,31.7745524,-106.5011152,41.029477588135485,0.18,-0.05
489,3/22/2026 18:53:40.160,31.7745524,-106.5011152,41.029477588135485,0.108,-0.025
490,3/22/2026 18:53:40.200,31.7745524,-106.5011152,41.029477588135485,0.036,0.024999999999999998
491,3/22/2026 18:53:40.240,31.7745524,-106.5011152,41.029477588135485,0.072,0.0125
492,3/22/2026 18:53:40.280,31.7745525,-106.5011152,41.04060953694942,0.072,0.0375
493,3/22/2026 18:53:40.320,31.7745525,-106.5011152,41.04060953694942,0.036,0.075
494,3/22/2026 18:53:40.360,31.7745525,-106.5011152,41.04060953694942,0.108,0.0375
495,3/22/2026 18:53:40.400,31.7745525,-106.5011152,41.04060953694942,0.144,-0.05
496,3/22/2026 18:53:40.440,31.7745526,-106.5011152,41.05174148615883,0.18,-0.0875
497,3/22/2026 18:53:40.480,31.7745526,-106.5011152,41.05174148615883,0.108,-0.025
498,3/22/2026 18:53:40.520,31.7745525,-106.5011152,41.062873435368246,0.072,0.0125
499,3/22/2026 18:53:40.560,31.7745525,-106.5011152,41.062873435368246,0.144,-0.025
500,3/22/2026 18:53:40.600,31.7745526,-106.5011152,41.07400538457766,0.072,-0.025
501,3/22/2026 18:53:40.640,31.7745526,-106.5011152,41.07400538457766,0.072,-0.0125
502,3/22/2026 18:53:40.680,31.7745526,-106.5011152,41.07400538457766,0.18,-0.0375
503,3/22/2026 18:53:40.720,31.7745526,-106.5011152,41.07400538457766,0.144,-0.025
504,3/22/2026 18:53:40.760,31.7745526,-106.5011152,41.07400538457766,0.108,-0.012500000000000002
505,3/22/2026 18:53:40.800,31.7745526,-106.5011152,41.07400538457766,0.0,-0.0125
506,3/22/2026 18:53:40.840,31.7745526,-106.5011152,41.07400538457766,0.072,0.012500000000000002
507,3/22/2026 18:53:40.880,31.7745527,-106.5011152,41.085137333787074,0.144,-0.025
508,3/22/2026 18:53:40.920,31.7745527,-106.5011152,41.085137333787074,0.072,0.0
509,3/22/2026 18:53:40.960,31.7745527,-106.5011152,41.085137333787074,0.072,0.05
510,3/22/2026 18:53:41.000,31.7745527,-106.5011152,41.085137333787074,0.072,0.0375
511,3/22/2026 18:53:41.040,31.7745527,-106.5011152,41.085137333787074,0.036,0.0375
512,3/22/2026 18:53:41.080,31.7745527,-106.5011152,41.085137333787074,0.108,-2.7755575615628915e-18
513,3/22/2026 18:53:41.120,31.7745527,-106.5011152,41.085137333787074,0.144,-0.05
514,3/22/2026 18:53:41.160,31.7745527,-106.5011152,41.085137333787074,0.072,-0.05
515,3/22/2026 18:53:41.200,31.7745527,-106.5011152,41.085137333787074,0.0,0.025000000000000005
516,3/22/2026 18:53:41.240,31.7745527,-106.5011152,41.085137333787074,0.108,0.03750000000000001
517,3/22/2026 18:53:41.280,31.7745527,-106.5011152,41.085137333787074,0.036,0.0
518,3/22/2026 18:53:41.320,31.7745527,-106.5011152,41.085137333787074,0.18,-0.02499999999999999
519,3/22/2026 18:53:41.360,31.7745528,-106.5011152,41.09626928260101,0.108,-0.012499999999999994
520,3/22/2026 18:53:41.400,31.7745527,-106.5011152,41.10740123141494,0.144,5.551115123125783e-18
521,3/22/2026 18:53:41.440,31.7745527,-106.5011152,41.10740123141494,0.072,8.326672684688674e-18
522,3/22/2026 18:53:41.480,31.7745528,-106.5011152,41.11853318022887,0.072,0.012500000000000008
523,3/22/2026 18:53:41.520,31.7745527,-106.5011152,41.129665129042806,0.036,0.025
524,3/22/2026 18:53:41.560,31.7745528,-106.5011152,41.14079707785674,0.036,0.05000000000000001
525,3/22/2026 18:53:41.600,31.7745528,-106.5011152,41.14079707785674,0.108,0.0375
526,3/22/2026 18:53:41.640,31.7745527,-106.5011152,41.15192902667067,0.108,0.012499999999999994
527,3/22/2026 18:53:41.680,31.7745528,-106.5011152,41.163060975484605,0.036,0.0125
528,3/22/2026 18:53:41.720,31.7745528,-106.5011152,41.163060975484605,0.108,0.0125
529,3/22/2026 18:53:41.760,31.7745528,-106.5011152,41.163060975484605,0.144,-0.025
530,3/22/2026 18:53:41.800,31.7745528,-106.5011152,41.163060975484605,0.108,-0.025
531,3/22/2026 18:53:41.840,31.7745528,-106.5011152,41.163060975484605,0.108,0.0
532,3/22/2026 18:53:41.880,31.7745528,-106.5011152,41.163060975484605,0.072,0.012500000000000002
533,3/22/2026 18:53:41.920,31.7745528,-106.5011152,41.163060975484605,0.108,0.0
534,3/22/2026 18:53:41.960,31.7745528,-106.5011152,41.163060975484605,0.108,-5.551115123125783e-18
535,3/22/2026 18:53:42.000,31.7745529,-106.5011152,41.17419292469402,0.144,-0.012500000000000002
536,3/22/2026 18:53:42.040,31.7745529,-106.5011151,41.18365649070012,0.108,-0.05
537,3/22/2026 18:53:42.080,31.7745529,-106.5011151,41.18365649070012,0.072,-0.0375
538,3/22/2026 18:53:42.120,31.7745529,-106.5011151,41.18365649070012,0.108,-0.012499999999999994
539,3/22/2026 18:53:42.160,31.774553,-106.5011151,41.19478843990954,0.072,5.551115123125783e-18
540,3/22/2026 18:53:42.200,31.774553,-106.5011151,41.19478843990954,0.108,2.7755575615628915e-18
541,3/22/2026 18:53:42.240,31.774553,-106.501115,41.20425200725027,0.108,-0.0125
542,3/22/2026 18:53:42.280,31.774553,-106.501115,41.20425200725027,0.108,-0.037500000000000006
543,3/22/2026 18:53:42.320,31.774553,-106.5011151,41.213715574591,0.072,-0.012499999999999997
544,3/22/2026 18:53:42.360,31.774553,-106.5011151,41.213715574591,0.144,-0.024999999999999998
545,3/22/2026 18:53:42.400,31.774553,-106.5011151,41.213715574591,0.072,-0.0125
546,3/22/2026 18:53:42.440,31.774553,-106.5011151,41.213715574591,0.036,0.025
547,3/22/2026 18:53:42.480,31.774553,-106.501115,41.22317914193173,0.036,0.0
548,3/22/2026 18:53:42.520,31.774553,-106.5011151,41.23264270927246,0.108,-0.012500000000000006
549,3/22/2026 18:53:42.560,31.774553,-106.501115,41.24210627661319,0.072,0.025
550,3/22/2026 18:53:42.600,31.774553,-106.5011151,41.251569843953924,0.108,0.024999999999999994
551,3/22/2026 18:53:42.640,31.774553,-106.501115,41.261033411294655,0.072,0.012499999999999992
552,3/22/2026 18:53:42.680,31.774553,-106.501115,41.261033411294655,0.036,0.05
553,3/22/2026 18:53:42.720,31.774553,-106.501115,41.261033411294655,0.108,0.0125
554,3/22/2026 18:53:42.760,31.774553,-106.501115,41.261033411294655,0.036,0.0125
555,3/22/2026 18:53:42.800,31.774553,-106.501115,41.261033411294655,0.144,0.025
556,3/22/2026 18:53:42.840,31.774553,-106.501115,41.261033411294655,0.036,0.07500000000000001
557,3/22/2026 18:53:42.880,31.774553,-106.501115,41.261033411294655,0.036,0.0875
558,3/22/2026 18:53:42.920,31.774553,-106.501115,41.261033411294655,0.072,0.0125
559,3/22/2026 18:53:42.960,31.774553,-106.501115,41.261033411294655,0.18,-0.012499999999999989
560,3/22/2026 18:53:43.000,31.774553,-106.501115,41.261033411294655,0.072,-0.024999999999999988
561,3/22/2026 18:53:43.040,31.774553,-106.501115,41.261033411294655,0.144,-0.03749999999999999
562,3/22/2026 18:53:43.080,31.774553,-106.501115,41.261033411294655,0.108,-0.03749999999999999
563,3/22/2026 18:53:43.120,31.774553,-106.501115,41.261033411294655,0.072,-0.024999999999999988
564,3/22/2026 18:53:43.160,31.774553,-106.501115,41.261033411294655,0.108,-0.012499999999999987
565,3/22/2026 18:53:43.200,31.7745531,-106.501115,41.27216536010859,0.144,-0.024999999999999988
566,3/22/2026 18:53:43.240,31.7745531,-106.501115,41.27216536010859,0.252,-0.0875
567,3/22/2026 18:53:43.280,31.7745531,-106.501115,41.27216536010859,0.072,-0.025
568,3/22/2026 18:53:43.320,31.7745531,-106.501115,41.27216536010859,0.072,0.075
569,3/22/2026 18:53:43.360,31.7745531,-106.501115,41.27216536010859,0.144,0.025
570,3/22/2026 18:53:43.400,31.7745532,-106.5011149,41.28677629348975,0.036,-0.0125
571,3/22/2026 18:53:43.440,31.7745532,-106.5011149,41.28677629348975,0.072,-2.7755575615628915e-18
572,3/22/2026 18:53:43.480,31.7745533,-106.5011148,41.301387227735354,0.072,-0.012500000000000002
573,3/22/2026 18:53:43.520,31.7745533,-106.5011148,41.301387227735354,0.036,0.0
574,3/22/2026 18:53:43.560,31.7745533,-106.5011148,41.301387227735354,0.108,0.0
575,3/22/2026 18:53:43.600,31.7745533,-106.5011148,41.301387227735354,0.072,0.0125
576,3/22/2026 18:53:43.640,31.7745533,-106.5011148,41.301387227735354,0.072,0.024999999999999998
577,3/22/2026 18:53:43.680,31.7745533,-106.5011148,41.301387227735354,0.18,-0.0375
578,3/22/2026 18:53:43.720,31.7745533,-106.5011148,41.301387227735354,0.18,-0.05
579,3/22/2026 18:53:43.760,31.7745533,-106.5011148,41.301387227735354,0.108,-0.012499999999999997
580,3/22/2026 18:53:43.800,31.7745533,-106.5011148,41.301387227735354,0.036,0.0375
581,3/22/2026 18:53:43.840,31.7745533,-106.5011147,41.31085079370054,0.072,0.0625
582,3/22/2026 18:53:43.880,31.7745533,-106.5011147,41.31085079370054,0.036,0.0375
583,3/22/2026 18:53:43.920,31.7745533,-106.5011147,41.31085079370054,0.072,0.025
584,3/22/2026 18:53:43.960,31.7745533,-106.5011147,41.31085079370054,0.072,0.025000000000000005
585,3/22/2026 18:53:44.000,31.7745533,-106.5011147,41.31085079370054,0.144,0.0125
586,3/22/2026 18:53:44.040,31.7745533,-106.5011147,41.31085079370054,0.072,0.012500000000000002
587,3/22/2026 18:53:44.080,31.7745533,-106.5011146,41.320314361010574,0.072,0.0125
588,3/22/2026 18:53:44.120,31.7745533,-106.5011146,41.320314361010574,0.144,0.012500000000000002
589,3/22/2026 18:53:44.160,31.7745534,-106.5011146,41.33144630982451,0.108,0.012500000000000002
590,3/22/2026 18:53:44.200,31.7745534,-106.5011147,41.34090987712431,0.144,-0.0375
591,3/22/2026 18:53:44.240,31.7745534,-106.5011147,41.34090987712431,0.144,-0.0625
592,3/22/2026 18:53:44.280,31.7745534,-106.5011147,41.34090987712431,0.072,-0.012499999999999994
593,3/22/2026 18:53:44.320,31.7745534,-106.5011147,41.34090987712431,0.108,-0.012499999999999994
594,3/22/2026 18:53:44.360,31.7745534,-106.5011147,41.34090987712431,0.108,-0.025
595,3/22/2026 18:53:44.400,31.7745536,-106.5011146,41.365101617008996,0.144,-0.012499999999999989
596,3/22/2026 18:53:44.440,31.7745536,-106.5011147,41.374565184288336,0.108,0.012500000000000006
597,3/22/2026 18:53:44.480,31.7745536,-106.5011147,41.374565184288336,0.072,0.025000000000000012
598,3/22/2026 18:53:44.520,31.7745536,-106.5011147,41.374565184288336,0.18,-0.0375
599,3/22/2026 18:53:44.560,31.7745536,-106.5011147,41.374565184288336,0.108,-0.049999999999999996
600,3/22/2026 18:53:44.600,31.7745536,-106.5011147,41.374565184288336,0.036,0.012500000000000006
601,3/22/2026 18:53:44.640,31.7745536,-106.5011147,41.374565184288336,0.072,0.025000000000000012
602,3/22/2026 18:53:44.680,31.7745536,-106.5011146,41.384028751567676,0.108,-0.025000000000000005
603,3/22/2026 18:53:44.720,31.7745536,-106.5011146,41.384028751567676,0.036,0.0
604,3/22/2026 18:53:44.760,31.7745536,-106.5011147,41.39349231884702,0.108,0.0125
605,3/22/2026 18:53:44.800,31.7745536,-106.5011147,41.39349231884702,0.108,-2.7755575615628915e-18
606,3/22/2026 18:53:44.840,31.7745537,-106.5011147,41.40462426766095,0.18,-0.012500000000000008
607,3/22/2026 18:53:44.880,31.7745537,-106.5011147,41.40462426766095,0.072,-0.0375
608,3/22/2026 18:53:44.920,31.7745537,-106.5011146,41.414087834930065,0.072,-0.012500000000000002
609,3/22/2026 18:53:44.960,31.7745537,-106.5011146,41.414087834930065,0.072,-2.7755575615628915e-18
610,3/22/2026 18:53:45.000,31.7745537,-106.5011146,41.414087834930065,0.108,-0.025000000000000005
611,3/22/2026 18:53:45.040,31.7745537,-106.5011146,41.414087834930065,0.072,-0.025000000000000005
612,3/22/2026 18:53:45.080,31.7745539,-106.5011145,41.438279574276656,0.036,0.0
613,3/22/2026 18:53:45.120,31.7745539,-106.5011145,41.438279574276656,0.108,0.0
614,3/22/2026 18:53:45.160,31.7745539,-106.5011146,41.44774314018046,0.072,0.012500000000000008
615,3/22/2026 18:53:45.200,31.7745539,-106.5011145,41.45720670608426,0.144,0.025000000000000012
616,3/22/2026 18:53:45.240,31.7745539,-106.5011145,41.45720670608426,0.108,0.012500000000000011
617,3/22/2026 18:53:45.280,31.7745539,-106.5011145,41.45720670608426,0.036,0.0
618,3/22/2026 18:53:45.320,31.7745539,-106.5011145,41.45720670608426,0.072,-0.012499999999999994
619,3/22/2026 18:53:45.360,31.7745539,-106.5011145,41.45720670608426,0.072,0.0125
620,3/22/2026 18:53:45.400,31.7745539,-106.5011145,41.45720670608426,0.036,0.050000000000000024
621,3/22/2026 18:53:45.440,31.7745539,-106.5011145,41.45720670608426,0.072,0.05
622,3/22/2026 18:53:45.480,31.774554,-106.5011145,41.46833865489819,0.036,0.06250000000000001
623,3/22/2026 18:53:45.520,31.7745539,-106.5011145,41.47947060371212,0.108,0.05
624,3/22/2026 18:53:45.560,31.774554,-106.5011145,41.490602552526056,0.108,0.0
625,3/22/2026 18:53:45.600,31.774554,-106.5011145,41.490602552526056,0.18,-0.0625
626,3/22/2026 18:53:45.640,31.7745541,-106.5011145,41.50173450173547,0.108,-0.0375
627,3/22/2026 18:53:45.680,31.7745541,-106.5011146,41.51119806761881,0.036,0.025
628,3/22/2026 18:53:45.720,31.7745541,-106.5011145,41.520661633502144,0.036,0.0
629,3/22/2026 18:53:45.760,31.7745541,-106.5011146,41.53012519938548,0.144,-0.0375
630,3/22/2026 18:53:45.800,31.7745541,-106.5011146,41.53012519938548,0.108,-0.0375
631,3/22/2026 18:53:45.840,31.7745541,-106.5011146,41.53012519938548,0.144,-0.05
632,3/22/2026 18:53:45.880,31.7745541,-106.5011146,41.53012519938548,0.144,-0.0625
633,3/22/2026 18:53:45.920,31.7745542,-106.5011146,41.541257148594894,0.144,-0.05
634,3/22/2026 18:53:45.960,31.7745542,-106.5011146,41.541257148594894,0.072,-0.0375
635,3/22/2026 18:53:46.000,31.7745542,-106.5011146,41.541257148594894,0.036,0.0
636,3/22/2026 18:53:46.040,31.7745542,-106.5011147,41.55072071581285,0.144,-0.025
637,3/22/2026 18:53:46.080,31.7745542,-106.5011147,41.55072071581285,0.072,-0.024999999999999998
638,3/22/2026 18:53:46.120,31.7745543,-106.5011147,41.561852664626784,0.0,0.0375
639,3/22/2026 18:53:46.160,31.7745543,-106.5011147,41.561852664626784,0.072,0.0375
640,3/22/2026 18:53:46.200,31.7745544,-106.5011147,41.5729846138362,0.072,0.0125
641,3/22/2026 18:53:46.240,31.7745544,-106.5011147,41.5729846138362,0.036,0.012499999999999997
642,3/22/2026 18:53:46.280,31.7745544,-106.5011147,41.5729846138362,0.072,0.025
643,3/22/2026 18:53:46.320,31.7745544,-106.5011147,41.5729846138362,0.072,0.012500000000000002
644,3/22/2026 18:53:46.360,31.7745544,-106.5011147,41.5729846138362,0.036,0.05
645,3/22/2026 18:53:46.400,31.7745545,-106.5011147,41.58411656304561,0.072,0.0375
646,3/22/2026 18:53:46.440,31.7745544,-106.5011147,41.595248512255026,0.036,0.0
647,3/22/2026 18:53:46.480,31.7745545,-106.5011147,41.60638046146444,0.108,0.012500000000000002
648,3/22/2026 18:53:46.520,31.7745545,-106.5011147,41.60638046146444,0.072,0.037500000000000006
649,3/22/2026 18:53:46.560,31.7745545,-106.5011147,41.60638046146444,0.108,0.025
650,3/22/2026 18:53:46.600,31.7745545,-106.5011147,41.60638046146444,0.072,-0.012500000000000002
651,3/22/2026 18:53:46.640,31.7745545,-106.5011147,41.60638046146444,0.072,-0.0125
652,3/22/2026 18:53:46.680,31.7745545,-106.5011149,41.62530759449412,0.108,-0.0375
653,3/22/2026 18:53:46.720,31.7745545,-106.5011147,41.644234727523795,0.072,-0.024999999999999994
654,3/22/2026 18:53:46.760,31.7745545,-106.5011147,41.644234727523795,0.18,-0.0125
655,3/22/2026 18:53:46.800,31.7745545,-106.5011147,41.644234727523795,0.036,0.012500000000000002
656,3/22/2026 18:53:46.840,31.7745545,-106.5011147,41.644234727523795,0.072,0.0375
657,3/22/2026 18:53:46.880,31.7745545,-106.5011147,41.644234727523795,0.108,0.025
658,3/22/2026 18:53:46.920,31.7745545,-106.5011149,41.66316186055347,0.18,-0.025000000000000005
659,3/22/2026 18:53:46.960,31.7745545,-106.5011147,41.68208899358315,0.072,-0.05
660,3/22/2026 18:53:47.000,31.7745545,-106.5011147,41.68208899358315,0.072,2.7755575615628915e-18
661,3/22/2026 18:53:47.040,31.7745545,-106.5011147,41.68208899358315,0.036,0.025
662,3/22/2026 18:53:47.080,31.7745545,-106.5011147,41.68208899358315,0.036,0.024999999999999998
663,3/22/2026 18:53:47.120,31.7745545,-106.5011147,41.68208899358315,0.072,0.025
664,3/22/2026 18:53:47.160,31.7745545,-106.5011147,41.68208899358315,0.144,5.551115123125783e-18
665,3/22/2026 18:53:47.200,31.7745545,-106.5011147,41.68208899358315,0.108,-0.0375
666,3/22/2026 18:53:47.240,31.7745545,-106.5011147,41.68208899358315,0.108,-0.03750000000000001
667,3/22/2026 18:53:47.280,31.7745545,-106.5011149,41.70101612661283,0.144,-0.024999999999999994
668,3/22/2026 18:53:47.320,31.7745545,-106.5011147,41.719943259642505,0.072,2.7755575615628915e-18
669,3/22/2026 18:53:47.360,31.7745545,-106.5011147,41.719943259642505,0.036,0.0375
670,3/22/2026 18:53:47.400,31.7745545,-106.5011147,41.719943259642505,0.108,0.07500000000000001
671,3/22/2026 18:53:47.440,31.7745545,-106.5011147,41.719943259642505,0.072,0.06250000000000001
672,3/22/2026 18:53:47.480,31.7745545,-106.5011149,41.73887039267218,0.072,0.012500000000000022
673,3/22/2026 18:53:47.520,31.7745545,-106.5011149,41.73887039267218,0.108,1.1102230246251566e-17
674,3/22/2026 18:53:47.560,31.7745545,-106.5011149,41.73887039267218,0.108,0.025000000000000012
675,3/22/2026 18:53:47.600,31.7745545,-106.5011149,41.73887039267218,0.036,0.050000000000000024
676,3/22/2026 18:53:47.640,31.7745545,-106.5011147,41.75779752570186,0.072,0.050000000000000024
677,3/22/2026 18:53:47.680,31.7745545,-106.5011149,41.77672465873154,0.108,0.012500000000000008
678,3/22/2026 18:53:47.720,31.7745545,-106.5011149,41.77672465873154,0.108,-0.024999999999999994
679,3/22/2026 18:53:47.760,31.7745545,-106.5011149,41.77672465873154,0.108,0.012500000000000006
680,3/22/2026 18:53:47.800,31.7745545,-106.5011149,41.77672465873154,0.252,-0.024999999999999998
681,3/22/2026 18:53:47.840,31.7745545,-106.5011149,41.77672465873154,0.108,-0.0625
682,3/22/2026 18:53:47.880,31.7745545,-106.5011149,41.77672465873154,0.072,-0.025000000000000005
683,3/22/2026 18:53:47.920,31.7745545,-106.5011149,41.77672465873154,0.108,-0.03750000000000001
684,3/22/2026 18:53:47.960,31.7745545,-106.5011149,41.77672465873154,0.18,-0.075
685,3/22/2026 18:53:48.000,31.7745545,-106.5011149,41.77672465873154,0.108,-0.075
686,3/22/2026 18:53:48.040,31.7745547,-106.5011149,41.798988556754885,0.144,-0.025
687,3/22/2026 18:53:48.080,31.7745547,-106.5011149,41.798988556754885,0.072,-0.0125
688,3/22/2026 18:53:48.120,31.7745545,-106.5011149,41.82125245477823,0.072,2.7755575615628915e-18
689,3/22/2026 18:53:48.160,31.7745546,-106.5011149,41.832384403592165,0.18,-0.0375
690,3/22/2026 18:53:48.200,31.7745546,-106.5011149,41.832384403592165,0.108,-0.075
691,3/22/2026 18:53:48.240,31.7745546,-106.5011149,41.832384403592165,0.072,-1.1102230246251566e-17
692,3/22/2026 18:53:48.280,31.7745546,-106.5011149,41.832384403592165,0.036,0.0625
693,3/22/2026 18:53:48.320,31.7745547,-106.5011149,41.84351635280158,0.036,0.0625
694,3/22/2026 18:53:48.360,31.7745547,-106.5011149,41.84351635280158,0.036,0.0375
695,3/22/2026 18:53:48.400,31.7745547,-106.5011149,41.84351635280158,0.036,0.024999999999999998
696,3/22/2026 18:53:48.440,31.7745547,-106.5011149,41.84351635280158,0.144,0.0
697,3/22/2026 18:53:48.480,31.7745547,-106.5011149,41.84351635280158,0.036,-0.0125
698,3/22/2026 18:53:48.520,31.7745547,-106.5011149,41.84351635280158,0.108,-5.551115123125783e-18
699,3/22/2026 18:53:48.560,31.7745547,-106.5011149,41.84351635280158,0.036,0.03749999999999999
700,3/22/2026 18:53:48.600,31.7745547,-106.5011149,41.84351635280158,0.036,0.05
701,3/22/2026 18:53:48.640,31.7745547,-106.5011149,41.84351635280158,0.144,-0.012500000000000002
702,3/22/2026 18:53:48.680,31.7745547,-106.5011149,41.84351635280158,0.144,1.1102230246251566e-17
703,3/22/2026 18:53:48.720,31.7745548,-106.5011149,41.85464830201099,0.108,0.012500000000000011
704,3/22/2026 18:53:48.760,31.7745548,-106.5011149,41.85464830201099,0.072,-0.03749999999999999
705,3/22/2026 18:53:48.800,31.7745548,-106.5011149,41.85464830201099,0.072,-0.012499999999999987
706,3/22/2026 18:53:48.840,31.7745548,-106.5011149,41.85464830201099,0.108,1.3877787807814457e-17
707,3/22/2026 18:53:48.880,31.7745548,-106.5011149,41.85464830201099,0.036,8.326672684688674e-18
708,3/22/2026 18:53:48.920,31.7745548,-106.5011149,41.85464830201099,0.108,0.03750000000000001
709,3/22/2026 18:53:48.960,31.7745548,-106.5011149,41.85464830201099,0.144,0.025000000000000012
710,3/22/2026 18:53:49.000,31.7745548,-106.5011149,41.85464830201099,0.072,-0.012499999999999989
711,3/22/2026 18:53:49.040,31.7745548,-106.5011149,41.85464830201099,0.072,-0.012499999999999989
712,3/22/2026 18:53:49.080,31.7745548,-106.5011149,41.85464830201099,0.216,-0.05
713,3/22/2026 18:53:49.120,31.7745548,-106.5011149,41.85464830201099,0.072,-0.05
714,3/22/2026 18:53:49.160,31.7745549,-106.501115,41.86925923497819,0.0,0.025
715,3/22/2026 18:53:49.200,31.7745549,-106.501115,41.86925923497819,0.108,0.0375
716,3/22/2026 18:53:49.240,31.7745549,-106.501115,41.86925923497819,0.072,0.05
717,3/22/2026 18:53:49.280,31.7745549,-106.5011151,41.87872280212453,0.072,0.025
718,3/22/2026 18:53:49.320,31.774555,-106.5011151,41.88985475133394,0.18,2.7755575615628915e-18
719,3/22/2026 18:53:49.360,31.774555,-106.5011151,41.88985475133394,0.144,-0.012499999999999997
720,3/22/2026 18:53:49.400,31.774555,-106.5011151,41.88985475133394,0.036,-0.012500000000000011
721,3/22/2026 18:53:49.440,31.774555,-106.5011151,41.88985475133394,0.072,0.03749999999999999
722,3/22/2026 18:53:49.480,31.774555,-106.5011151,41.88985475133394,0.072,0.04999999999999999
723,3/22/2026 18:53:49.520,31.7745551,-106.5011151,41.900986700543356,0.072,0.012499999999999989
724,3/22/2026 18:53:49.560,31.7745551,-106.5011151,41.900986700543356,0.072,0.012499999999999989
725,3/22/2026 18:53:49.600,31.7745551,-106.5011151,41.900986700543356,0.144,0.012499999999999994
726,3/22/2026 18:53:49.640,31.774555,-106.5011151,41.91211864975277,0.18,-0.0375
727,3/22/2026 18:53:49.680,31.7745551,-106.5011151,41.923250598962184,0.036,-0.012500000000000006
728,3/22/2026 18:53:49.720,31.7745551,-106.5011151,41.923250598962184,0.216,-0.03750000000000001
729,3/22/2026 18:53:49.760,31.7745551,-106.5011152,41.93271416474321,0.072,-0.05000000000000001
730,3/22/2026 18:53:49.800,31.7745551,-106.5011152,41.93271416474321,0.072,0.012500000000000006
731,3/22/2026 18:53:49.840,31.7745551,-106.5011152,41.93271416474321,0.144,-0.012499999999999992
732,3/22/2026 18:53:49.880,31.7745551,-106.5011152,41.93271416474321,0.144,-0.05
733,3/22/2026 18:53:49.920,31.7745551,-106.5011152,41.93271416474321,0.036,-0.024999999999999998
734,3/22/2026 18:53:49.960,31.7745551,-106.5011151,41.942177730524236,0.144,-0.024999999999999998
735,3/22/2026 18:53:50.000,31.7745552,-106.5011151,41.95330967973365,0.108,-0.0375
736,3/22/2026 18:53:50.040,31.7745552,-106.5011152,41.962773245504444,0.108,-0.025
737,3/22/2026 18:53:50.080,31.7745552,-106.5011152,41.962773245504444,0.072,2.7755575615628915e-18
738,3/22/2026 18:53:50.120,31.7745552,-106.5011151,41.97223681127524,0.072,2.7755575615628915e-18
739,3/22/2026 18:53:50.160,31.7745552,-106.5011152,41.98170037704603,0.072,-0.0125
740,3/22/2026 18:53:50.200,31.7745552,-106.5011152,41.98170037704603,0.108,0.0875
741,3/22/2026 18:53:50.240,31.7745552,-106.5011152,41.98170037704603,0.072,0.2125
742,3/22/2026 18:53:50.280,31.7745552,-106.5011152,41.98170037704603,0.072,0.25
743,3/22/2026 18:53:50.320,31.7745552,-106.5011152,41.98170037704603,0.036,0.3125
744,3/22/2026 18:53:50.360,31.7745552,-106.5011152,41.98170037704603,0.072,0.425
745,3/22/2026 18:53:50.400,31.7745552,-106.5011152,41.98170037704603,0.072,0.5375
746,3/22/2026 18:53:50.440,31.7745552,-106.5011152,41.98170037704603,0.072,0.6375
747,3/22/2026 18:53:50.480,31.7745552,-106.5011152,41.98170037704603,0.108,0.7
748,3/22/2026 18:53:50.520,31.7745552,-106.5011152,41.98170037704603,0.036,0.7875
749,3/22/2026 18:53:50.560,31.7745552,-106.5011152,41.98170037704603,0.072,0.8625
750,3/22/2026 18:53:50.600,31.7745551,-106.5011152,41.992832326255446,0.36,0.8500000000000002
751,3/22/2026 18:53:50.640,31.7745551,-106.5011151,42.00229589203647,0.432,0.8875
752,3/22/2026 18:53:50.680,31.7745551,-106.5011151,42.00229589203647,0.432,1.0250000000000001
753,3/22/2026 18:53:50.720,31.774555,-106.5011151,42.013427841245885,0.5760000000000001,1.0750000000000004
754,3/22/2026 18:53:50.760,31.7745549,-106.501115,42.02803877537884,0.756,1.0000000000000002
755,3/22/2026 18:53:50.800,31.7745549,-106.501115,42.02803877537884,0.936,0.8500000000000003
756,3/22/2026 18:53:50.840,31.7745548,-106.501115,42.03917072419277,1.044,0.7750000000000002
757,3/22/2026 18:53:50.880,31.7745547,-106.5011148,42.06112879004539,1.152,0.8125000000000002
758,3/22/2026 18:53:50.920,31.7745546,-106.5011148,42.0722607392548,1.26,0.9125000000000002
759,3/22/2026 18:53:50.960,31.7745545,-106.5011148,42.083392688068734,1.332,1.075
760,3/22/2026 18:53:51.000,31.7745544,-106.5011146,42.105350753974264,1.548,1.0875
761,3/22/2026 18:53:51.040,31.7745542,-106.5011143,42.14143001312859,1.8,0.9500000000000002
762,3/22/2026 18:53:51.080,31.774554,-106.5011143,42.163693911547426,2.0160000000000005,0.8375
763,3/22/2026 18:53:51.120,31.7745539,-106.5011141,42.18565197734064,2.088,0.7375
764,3/22/2026 18:53:51.160,31.7745537,-106.5011139,42.21487384488789,2.124,0.8499999999999999
765,3/22/2026 18:53:51.200,31.7745534,-106.5011138,42.2495846745047,2.0160000000000005,1.2749999999999997
766,3/22/2026 18:53:51.240,31.7745533,-106.5011136,42.271542740403746,2.196,1.4374999999999993
767,3/22/2026 18:53:51.280,31.7745532,-106.5011134,42.29350080652092,2.3400000000000003,1.2499999999999996
768,3/22/2026 18:53:51.320,31.774553,-106.5011133,42.31769254553155,2.7,1.0875
769,3/22/2026 18:53:51.360,31.7745527,-106.5011129,42.368172522972195,2.988,1.0125
770,3/22/2026 18:53:51.400,31.7745525,-106.5011127,42.397394390678485,3.024,0.9874999999999998
771,3/22/2026 18:53:51.440,31.7745522,-106.5011126,42.43210522032877,3.06,1.075
772,3/22/2026 18:53:51.480,31.7745519,-106.5011124,42.47049166319724,3.168,1.2375000000000003
773,3/22/2026 18:53:51.520,31.7745517,-106.5011122,42.499713530708235,3.06,1.4125
774,3/22/2026 18:53:51.560,31.7745514,-106.5011119,42.543546331739556,3.6,1.275
775,3/22/2026 18:53:51.600,31.7745509,-106.5011115,42.61085868428096,4.212,0.8124999999999997
776,3/22/2026 18:53:51.640,31.7745506,-106.5011112,42.65469148547132,4.14,0.7875000000000004
777,3/22/2026 18:53:51.680,31.7745504,-106.5011109,42.69077074578747,3.996,1.1625000000000003
778,3/22/2026 18:53:51.720,31.77455,-106.5011105,42.749214481233565,4.176,1.3374999999999997
779,3/22/2026 18:53:51.760,31.7745496,-106.5011103,42.79759796040904,4.428,1.3124999999999998
780,3/22/2026 18:53:51.800,31.7745492,-106.50111,42.85040663893183,4.428,1.35
781,3/22/2026 18:53:51.840,31.7745488,-106.5011097,42.90321531718715,4.752000000000001,1.2624999999999997
782,3/22/2026 18:53:51.880,31.7745484,-106.5011093,42.96165905335866,5.04,1.0749999999999995
783,3/22/2026 18:53:51.920,31.774548,-106.5011088,43.02663368053623,5.256,1.0624999999999998
784,3/22/2026 18:53:51.960,31.7745476,-106.5011085,43.079442359323025,5.076,1.3000000000000003
785,3/22/2026 18:53:52.000,31.7745472,-106.5011081,43.1378860955113,5.076,1.5875000000000004
786,3/22/2026 18:53:52.040,31.7745467,-106.5011076,43.21094076591218,5.5440000000000005,1.525
787,3/22/2026 18:53:52.080,31.7745461,-106.5011073,43.28351598463858,5.94,1.2
788,3/22/2026 18:53:52.120,31.7745457,-106.5011067,43.355674508063025,6.084,0.9625000000000004
789,3/22/2026 18:53:52.160,31.7745451,-106.5011062,43.437528696141534,6.3,0.9250000000000009
790,3/22/2026 18:53:52.200,31.7745446,-106.5011057,43.510583367238205,6.444,1.0250000000000008
791,3/22/2026 18:53:52.240,31.7745441,-106.5011052,43.58363803819922,6.372,1.1750000000000012
792,3/22/2026 18:53:52.280,31.7745436,-106.5011048,43.65095039242065,6.516,1.3125000000000007
793,3/22/2026 18:53:52.320,31.774543,-106.5011043,43.73280458112015,6.84,1.2375000000000003
794,3/22/2026 18:53:52.360,31.7745423,-106.5011038,43.82396966233617,7.236,0.9999999999999993
795,3/22/2026 18:53:52.400,31.7745417,-106.5011033,43.905823851420095,7.488,0.7875000000000003
796,3/22/2026 18:53:52.440,31.7745411,-106.5011026,43.99989577641009,7.524,0.75
797,3/22/2026 18:53:52.480,31.7745405,-106.5011021,44.08174996584887,7.416,0.9624999999999995
798,3/22/2026 18:53:52.520,31.7745399,-106.5011016,44.16360415546507,7.38,1.1249999999999993
799,3/22/2026 18:53:52.560,31.7745393,-106.5011011,44.245458345258704,7.668,1.112499999999999
800,3/22/2026 18:53:52.600,31.7745385,-106.5011004,44.35645066698837,8.028,1.024999999999999
801,3/22/2026 18:53:52.640,31.774538,-106.5010997,44.442974676156965,8.172,0.9874999999999989
802,3/22/2026 18:53:52.680,31.7745372,-106.5010992,44.54382048215582,8.496,0.8499999999999991
803,3/22/2026 18:53:52.720,31.7745365,-106.5010987,44.63498556491179,8.424,0.8124999999999998
804,3/22/2026 18:53:52.760,31.7745359,-106.5010981,44.72265117394856,8.532,0.9375
805,3/22/2026 18:53:52.800,31.7745352,-106.5010975,44.81906809515215,8.46,0.9749999999999993
806,3/22/2026 18:53:52.840,31.7745345,-106.5010968,44.92134463901818,8.712,0.9374999999999993
807,3/22/2026 18:53:52.880,31.7745337,-106.5010961,45.03233696279953,9.0,0.8625000000000005
808,3/22/2026 18:53:52.920,31.774533,-106.5010956,45.12350204614673,9.036,0.9375000000000011
809,3/22/2026 18:53:52.960,31.7745321,-106.5010949,45.24361008522931,9.216,1.0000000000000004
810,3/22/2026 18:53:53.000,31.7745314,-106.5010942,45.3458866305333,9.432,0.9625
811,3/22/2026 18:53:53.040,31.7745306,-106.5010935,45.456878955639695,9.612,0.9750000000000005
812,3/22/2026 18:53:53.080,31.7745299,-106.5010928,45.55915550163948,9.504,1.0874999999999997
813,3/22/2026 18:53:53.120,31.7745291,-106.5010921,45.67014782738703,9.756,1.1374999999999997
814,3/22/2026 18:53:53.160,31.7745283,-106.5010913,45.787035309107154,9.9,1.0750000000000004
815,3/22/2026 18:53:53.200,31.7745275,-106.5010906,45.898027635221275,9.9,1.0875000000000008
816,3/22/2026 18:53:53.240,31.7745266,-106.50109,46.013186970730324,9.972,1.2375000000000003
817,3/22/2026 18:53:53.280,31.7745258,-106.5010893,46.1241792978884,10.224,1.3750000000000002
818,3/22/2026 18:53:53.320,31.7745249,-106.5010885,46.24975528667477,10.512,1.3249999999999993
819,3/22/2026 18:53:53.360,31.774524,-106.5010878,46.3698633286269,10.62,1.2624999999999997
820,3/22/2026 18:53:53.400,31.7745231,-106.501087,46.49543931749067,10.8,1.2875000000000003
821,3/22/2026 18:53:53.440,31.7745222,-106.5010861,46.62693773869139,11.052,1.3750000000000009
822,3/22/2026 18:53:53.480,31.7745213,-106.5010853,46.75251372844336,11.196,1.5250000000000008
823,3/22/2026 18:53:53.520,31.7745204,-106.5010845,46.87808971863944,11.34,1.5500000000000003
824,3/22/2026 18:53:53.560,31.7745195,-106.5010837,47.00366571009042,11.412,1.5249999999999997
825,3/22/2026 18:53:53.600,31.7745185,-106.5010829,47.13829042954193,11.52,1.5124999999999993
826,3/22/2026 18:53:53.640,31.7745176,-106.501082,47.26978885348604,11.916,1.375
827,3/22/2026 18:53:53.680,31.7745165,-106.5010811,47.41894865784026,12.24,1.2750000000000001
828,3/22/2026 18:53:53.720,31.7745155,-106.5010801,47.5650580188499,12.312,1.3875000000000004
829,3/22/2026 18:53:53.760,31.7745145,-106.5010791,47.711167380522205,12.456,1.4250000000000007
830,3/22/2026 18:53:53.800,31.7745135,-106.5010782,47.851332717147834,12.672,1.1999999999999993
831,3/22/2026 18:53:53.840,31.7745124,-106.5010772,48.006091471653214,13.14,0.8124999999999993
832,3/22/2026 18:53:53.880,31.7745113,-106.5010762,48.16085022653385,13.5,0.4125000000000001
833,3/22/2026 18:53:53.920,31.7745103,-106.5010751,48.31325983642758,13.5,0.3125
834,3/22/2026 18:53:53.960,31.7745091,-106.5010741,48.47696823369826,13.644,0.3625000000000001
835,3/22/2026 18:53:54.000,31.7745079,-106.5010733,48.63051402208406,13.644,0.33750000000000063
836,3/22/2026 18:53:54.040,31.7745068,-106.5010724,48.77967383153829,13.752,0.27500000000000024
837,3/22/2026 18:53:54.080,31.7745057,-106.5010714,48.934432590235325,14.076,0.16249999999999987
838,3/22/2026 18:53:54.120,31.7745045,-106.5010703,49.10378778875562,14.472,-0.012499999999999688
839,3/22/2026 18:53:54.160,31.7745033,-106.5010695,49.257333578997795,14.4,-0.13749999999999984
840,3/22/2026 18:53:54.200,31.7745022,-106.5010684,49.41805388607833,14.184,-0.1124999999999998
841,3/22/2026 18:53:54.240,31.7745011,-106.5010674,49.57281264765322,13.968,0.0
842,3/22/2026 18:53:54.280,31.7745,-106.5010664,49.72757140960337,13.86,0.09999999999999953
843,3/22/2026 18:53:54.320,31.7744989,-106.5010654,49.8823301722417,14.04,0.03750000000000031
844,3/22/2026 18:53:54.360,31.7744977,-106.5010644,50.04603857625455,14.148,-0.06249999999999978
845,3/22/2026 18:53:54.400,31.7744966,-106.5010635,50.195198391396346,14.112,-0.07500000000000062
846,3/22/2026 18:53:54.440,31.7744955,-106.5010625,50.34995715616178,14.076,-0.03750000000000031
847,3/22/2026 18:53:54.480,31.7744943,-106.5010616,50.50838321909838,14.22,-0.050000000000000044
848,3/22/2026 18:53:54.520,31.7744931,-106.5010604,50.683714470096305,14.292000000000002,-0.025000000000000577
849,3/22/2026 18:53:54.560,31.7744921,-106.5010594,50.82982384661209,14.184,0.13749999999999984
850,3/22/2026 18:53:54.600,31.7744909,-106.5010585,50.98824991123177,14.076,0.3000000000000008
851,3/22/2026 18:53:54.640,31.7744898,-106.5010574,51.14897022735092,14.076,0.3750000000000009
852,3/22/2026 18:53:54.680,31.7744887,-106.5010565,51.2981300458784,14.04,0.4750000000000004
853,3/22/2026 18:53:54.720,31.7744876,-106.5010554,51.45885036360119,13.968,0.675
854,3/22/2026 18:53:54.760,31.7744865,-106.5010544,51.613609134310124,14.04,0.7625000000000004
855,3/22/2026 18:53:54.800,31.7744853,-106.5010535,51.77203520170192,14.004,0.7375000000000009
856,3/22/2026 18:53:54.840,31.7744842,-106.5010525,51.92679397353686,14.076,0.6625000000000009
857,3/22/2026 18:53:54.880,31.7744831,-106.5010514,52.08751429453979,14.076,0.6625000000000003
858,3/22/2026 18:53:54.920,31.7744819,-106.5010503,52.2568695078671,14.364,0.7124999999999992
859,3/22/2026 18:53:54.960,31.7744808,-106.5010494,52.40602933131613,14.508,0.7124999999999992
860,3/22/2026 18:53:55.000,31.7744796,-106.5010483,52.575384547061134,14.616,0.7874999999999999
861,3/22/2026 18:53:55.040,31.7744783,-106.5010473,52.74829623719856,14.616,0.8999999999999997
862,3/22/2026 18:53:55.080,31.7744771,-106.5010463,52.91200465339463,14.868,0.8500000000000009
863,3/22/2026 18:53:55.120,31.7744759,-106.5010452,53.081359871699135,15.084,0.8250000000000002
864,3/22/2026 18:53:55.160,31.7744747,-106.5010442,53.24506828931462,15.12,1.0124999999999995
865,3/22/2026 18:53:55.200,31.7744735,-106.5010431,53.41442350845268,15.048,1.2
866,3/22/2026 18:53:55.240,31.7744723,-106.501042,53.583778729247506,14.94,1.3124999999999996
867,3/22/2026 18:53:55.280,31.774471,-106.501041,53.7566904234725,15.12,1.2875000000000003
868,3/22/2026 18:53:55.320,31.7744699,-106.5010399,53.91741075409718,15.371999999999998,1.2125000000000017
869,3/22/2026 18:53:55.360,31.7744686,-106.5010387,54.101364720319694,15.552,1.3000000000000023
870,3/22/2026 18:53:55.400,31.7744673,-106.5010377,54.27427641628547,15.840000000000002,1.4124999999999999
871,3/22/2026 18:53:55.440,31.774466,-106.5010365,54.45823038447855,15.984000000000002,1.4499999999999988
872,3/22/2026 18:53:55.480,31.7744648,-106.5010353,54.633561657980245,15.948,1.5374999999999992
873,3/22/2026 18:53:55.520,31.7744634,-106.5010341,54.826395552838584,16.38,1.45
874,3/22/2026 18:53:55.560,31.774462,-106.5010329,55.0192294483895,16.740000000000002,1.2375000000000003
875,3/22/2026 18:53:55.600,31.7744606,-106.5010317,55.21206334495264,16.884,1.1999999999999988
876,3/22/2026 18:53:55.640,31.7744592,-106.5010305,55.40489724284762,16.884,1.2999999999999992
877,3/22/2026 18:53:55.680,31.7744579,-106.5010294,55.583164461800166,16.884,1.3874999999999993
878,3/22/2026 18:53:55.720,31.7744564,-106.5010281,55.7905712678918,17.1,1.3625
879,3/22/2026 18:53:55.760,31.774455,-106.5010269,55.98340516850379,17.568,1.2124999999999997
880,3/22/2026 18:53:55.800,31.7744535,-106.5010255,56.19656164828644,17.892,1.0124999999999995
881,3/22/2026 18:53:55.840,31.7744521,-106.5010243,56.38939555099517,18.108,0.8750000000000014
882,3/22/2026 18:53:55.880,31.7744506,-106.5010229,56.60255203335961,18.252,0.8625000000000004
883,3/22/2026 18:53:55.920,31.7744491,-106.5010217,56.804489160820964,18.252,0.9874999999999989
884,3/22/2026 18:53:55.960,31.7744475,-106.5010203,57.02647388109668,18.432,0.9875
885,3/22/2026 18:53:56.000,31.774446,-106.501019,57.23388069507461,18.648,0.8750000000000012
886,3/22/2026 18:53:56.040,31.7744445,-106.5010176,57.447037182869714,18.864,0.7750000000000012
887,3/22/2026 18:53:56.080,31.774443,-106.5010164,57.64897431421559,18.9,0.675
888,3/22/2026 18:53:56.120,31.7744415,-106.501015,57.862130804991324,19.008000000000003,0.6624999999999993
889,3/22/2026 18:53:56.160,31.7744399,-106.5010136,58.08411553176403,19.152,0.7250000000000002
890,3/22/2026 18:53:56.200,31.7744384,-106.5010123,58.291522351737704,19.224,0.7625000000000004
891,3/22/2026 18:53:56.240,31.7744368,-106.5010109,58.51350708147782,19.296000000000003,0.7249999999999979
892,3/22/2026 18:53:56.280,31.7744352,-106.5010095,58.73549181258572,19.548,0.6499999999999984
893,3/22/2026 18:53:56.320,31.7744336,-106.501008,58.963251426267526,19.8,0.5375000000000008
894,3/22/2026 18:53:56.360,31.774432,-106.5010068,59.17448621737412,19.728,0.5500000000000016
895,3/22/2026 18:53:56.400,31.7744304,-106.5010054,59.396470952585375,19.872,0.5875000000000019
896,3/22/2026 18:53:56.440,31.7744288,-106.501004,59.61845568916442,19.872,0.5874999999999997
897,3/22/2026 18:53:56.480,31.7744272,-106.5010025,59.84621530865835,19.836,0.6499999999999995
898,3/22/2026 18:53:56.520,31.7744255,-106.5010011,60.077227416867345,19.98,0.5874999999999997
899,3/22/2026 18:53:56.560,31.7744239,-106.5009997,60.29921215763524,20.268,0.4499999999999993
900,3/22/2026 18:53:56.600,31.7744222,-106.5009984,60.52492988571054,20.304,0.41250000000000125
901,3/22/2026 18:53:56.640,31.7744206,-106.500997,60.746914629299496,20.304,0.5125000000000013
902,3/22/2026 18:53:56.680,31.7744189,-106.5009956,60.97792674260615,20.412,0.5750000000000011
903,3/22/2026 18:53:56.720,31.7744173,-106.5009939,61.21793975764798,20.484,0.4749999999999998
904,3/22/2026 18:53:56.760,31.7744156,-106.5009925,61.44895187366546,20.628000000000004,0.38749999999999724
905,3/22/2026 18:53:56.800,31.7744139,-106.500991,61.68551860805008,20.664,0.33749999999999725
906,3/22/2026 18:53:56.840,31.7744123,-106.5009896,61.9075033584171,20.772,0.32499999999999973
907,3/22/2026 18:53:56.880,31.7744105,-106.5009881,62.15306604185044,20.808,0.41250000000000125
908,3/22/2026 18:53:56.920,31.774409,-106.5009867,62.366222561250204,20.7,0.5000000000000006
909,3/22/2026 18:53:56.960,31.7744072,-106.5009851,62.61737465372506,20.844,0.47499999999999876
910,3/22/2026 18:53:57.000,31.7744056,-106.5009836,62.84513429387873,20.916,0.36249999999999777
911,3/22/2026 18:53:57.040,31.7744038,-106.5009822,63.08535047238386,21.168,0.2749999999999986
912,3/22/2026 18:53:57.080,31.7744021,-106.5009807,63.32191721763465,21.204,0.29999999999999916
913,3/22/2026 18:53:57.120,31.7744004,-106.5009791,63.56428092519204,21.06,0.4250000000000009
914,3/22/2026 18:53:57.160,31.7743987,-106.5009778,63.78999867063439,21.168,0.42500000000000204
915,3/22/2026 18:53:57.200,31.774397,-106.5009762,64.03236238166888,21.096,0.41250000000000114
916,3/22/2026 18:53:57.240,31.7743953,-106.5009747,64.26892913318152,21.276,0.4249999999999998
917,3/22/2026 18:53:57.280,31.7743936,-106.5009731,64.5112928476931,21.492,0.2874999999999994
918,3/22/2026 18:53:57.320,31.7743918,-106.5009716,64.75685554739297,21.456,0.2750000000000008
919,3/22/2026 18:53:57.360,31.7743901,-106.50097,64.99921926548392,21.456,0.36250000000000115
920,3/22/2026 18:53:57.400,31.7743883,-106.5009685,65.24478196861145,21.348,0.46250000000000124
921,3/22/2026 18:53:57.440,31.7743867,-106.500967,65.47254162684239,21.528,0.5000000000000016
922,3/22/2026 18:53:57.480,31.7743849,-106.5009654,65.72369374132487,21.708,0.40000000000000036
923,3/22/2026 18:53:57.520,31.7743831,-106.5009639,65.96925644874274,21.78,0.33749999999999947
924,3/22/2026 18:53:57.560,31.7743814,-106.5009624,66.20582321305534,21.672,0.36250000000000004
925,3/22/2026 18:53:57.600,31.7743796,-106.5009609,66.45138592435558,21.78,0.3749999999999998
926,3/22/2026 18:53:57.640,31.7743779,-106.5009593,66.69374965408294,21.816,0.3375000000000006
927,3/22/2026 18:53:57.680,31.7743761,-106.5009578,66.93931236848812,21.78,0.36250000000000115
928,3/22/2026 18:53:57.720,31.7743744,-106.5009562,67.18167610210365,21.96,0.32499999999999973
929,3/22/2026 18:53:57.760,31.7743726,-106.5009547,67.42723881961378,21.996,0.3125
930,3/22/2026 18:53:57.800,31.7743708,-106.5009532,67.6728015379433,22.14,0.3500000000000003
931,3/22/2026 18:53:57.840,31.774369,-106.5009516,67.9239536681173,22.176,0.33749999999999947
932,3/22/2026 18:53:57.880,31.7743672,-106.50095,68.17510579925691,22.212,0.3749999999999998
933,3/22/2026 18:53:57.920,31.7743654,-106.5009483,68.43207438891118,22.248,0.4125000000000001
934,3/22/2026 18:53:57.960,31.7743636,-106.5009468,68.67763711440543,22.248,0.43749999999999956
935,3/22/2026 18:53:58.000,31.7743619,-106.5009453,68.9142038966748,22.284,0.39999999999999925
936,3/22/2026 18:53:58.040,31.7743601,-106.5009437,69.16535603563212,22.284,0.3874999999999995
937,3/22/2026 18:53:58.080,31.7743583,-106.5009421,69.41650817555502,22.356,0.47499999999999876
938,3/22/2026 18:53:58.120,31.7743565,-106.5009406,69.66207090657043,22.32,0.5499999999999994
939,3/22/2026 18:53:58.160,31.7743547,-106.500939,69.91322305085694,22.536,0.5125000000000002
940,3/22/2026 18:53:58.200,31.7743529,-106.5009374,70.16437519691985,22.608,0.43749999999999956
941,3/22/2026 18:53:58.240,31.774351,-106.5009358,70.42449526954918,22.68,0.4250000000000009
942,3/22/2026 18:53:58.280,31.7743492,-106.5009341,70.68146387684341,22.788,0.4250000000000009
943,3/22/2026 18:53:58.320,31.7743474,-106.5009325,70.9326160275234,22.86,0.4125000000000001
944,3/22/2026 18:53:58.360,31.7743456,-106.5009309,71.18376818079058,22.896,0.41250000000000125
945,3/22/2026 18:53:58.400,31.7743437,-106.5009293,71.44388826037583,22.788,0.4875000000000007
946,3/22/2026 18:53:58.440,31.7743419,-106.5009276,71.70085687561892,22.896,0.575
947,3/22/2026 18:53:58.480,31.77434,-106.500926,71.96097695794691,23.112,0.5500000000000005
948,3/22/2026 18:53:58.520,31.7743382,-106.5009243,72.21794557806086,23.148,0.4999999999999994
949,3/22/2026 18:53:58.560,31.7743363,-106.5009227,72.47806566359287,23.184,0.4999999999999993
950,3/22/2026 18:53:58.600,31.7743345,-106.5009211,72.72921782813005,23.22,0.4875000000000007
951,3/22/2026 18:53:58.640,31.7743326,-106.5009194,72.99495816196129,23.292,0.4999999999999993
952,3/22/2026 18:53:58.680,31.7743307,-106.5009178,73.25507825393376,23.4,0.5000000000000004
953,3/22/2026 18:53:58.720,31.7743289,-106.500916,73.5180753254914,23.436,0.4875000000000007
954,3/22/2026 18:53:58.760,31.774327,-106.5009144,73.77819542098946,23.508000000000003,0.5499999999999983
955,3/22/2026 18:53:58.800,31.7743251,-106.5009127,74.04393576303255,23.58,0.6375000000000008
956,3/22/2026 18:53:58.840,31.7743232,-106.5009111,74.30405586182992,23.76,0.6000000000000005
957,3/22/2026 18:53:58.880,31.7743212,-106.5009093,74.58438674952106,23.832,0.5249999999999999
958,3/22/2026 18:53:58.920,31.7743194,-106.5009076,74.8413553892641,23.868,0.5000000000000027
959,3/22/2026 18:53:58.960,31.7743175,-106.5009059,75.10709573930956,23.904,0.4625000000000024
960,3/22/2026 18:53:59.000,31.7743156,-106.5009042,75.37283609185502,23.904,0.525000000000001
961,3/22/2026 18:53:59.040,31.7743136,-106.5009025,75.64751923145195,24.048,0.6000000000000005
962,3/22/2026 18:53:59.080,31.7743117,-106.5009008,75.91325958760449,24.084000000000003,0.6124999999999992
963,3/22/2026 18:53:59.120,31.7743097,-106.500899,76.19359048785027,24.156,0.5625000000000002
964,3/22/2026 18:53:59.160,31.7743078,-106.5008973,76.45933084810929,24.372,0.48750000000000177
965,3/22/2026 18:53:59.200,31.7743058,-106.5008956,76.73401399533124,24.552000000000003,0.4375000000000007
966,3/22/2026 18:53:59.240,31.7743039,-106.5008938,77.00558815933645,24.516,0.4375000000000007
967,3/22/2026 18:53:59.280,31.7743019,-106.5008921,77.28027131053119,24.588,0.4625000000000001
968,3/22/2026 18:53:59.320,31.7742999,-106.5008903,77.56060222287469,24.552000000000003,0.4874999999999984
969,3/22/2026 18:53:59.360,31.774298,-106.5008886,77.82634259313777,24.552000000000003,0.5249999999999977
970,3/22/2026 18:53:59.400,31.774296,-106.5008868,78.10667350902824,24.768,0.5249999999999988
971,3/22/2026 18:53:59.440,31.7742938,-106.500885,78.4049933516623,24.912,0.48749999999999966
972,3/22/2026 18:53:59.480,31.7742919,-106.5008833,78.67073372834832,24.984,0.4874999999999985
973,3/22/2026 18:53:59.520,31.7742899,-106.5008814,78.9569139716947,24.876,0.5249999999999988
974,3/22/2026 18:53:59.560,31.774288,-106.5008797,79.22265435280198,25.056,0.4999999999999982
975,3/22/2026 18:53:59.600,31.7742859,-106.5008779,79.51190538649554,25.128000000000004,0.4749999999999977
976,3/22/2026 18:53:59.640,31.7742838,-106.5008762,79.79568624568748,25.2,0.5249999999999988
977,3/22/2026 18:53:59.680,31.7742819,-106.5008744,80.06726043426141,25.236,0.574999999999999
978,3/22/2026 18:53:59.720,31.7742798,-106.5008726,80.35651147536251,25.308,0.5874999999999997
979,3/22/2026 18:53:59.760,31.7742777,-106.5008707,80.65143497723821,25.308,0.5874999999999997
980,3/22/2026 18:53:59.800,31.7742756,-106.5008689,80.94068602210226,25.524,0.48749999999999966
981,3/22/2026 18:53:59.840,31.7742737,-106.5008671,81.2122602209916,25.56,0.36250000000000004
982,3/22/2026 18:53:59.880,31.7742716,-106.5008652,81.50718372927659,25.74,0.30000000000000027
983,3/22/2026 18:53:59.920,31.7742695,-106.5008634,81.79643478154816,25.632,0.3499999999999992
984,3/22/2026 18:53:59.960,31.7742674,-106.5008616,82.0856858360972,25.74,0.5000000000000004
985,3/22/2026 18:54:00.000,31.7742655,-106.5008598,82.35726004361483,25.812,0.6000000000000005
986,3/22/2026 18:54:00.040,31.7742634,-106.5008579,82.65218356243774,26.028,0.5625000000000002
987,3/22/2026 18:54:00.080,31.7742613,-106.500856,82.9471070837494,26.064,0.48750000000000193
988,3/22/2026 18:54:00.120,31.7742591,-106.5008541,83.25093015310361,26.172,0.4375000000000007
989,3/22/2026 18:54:00.160,31.7742572,-106.5008522,83.52853826362278,26.136,0.4500000000000016
990,3/22/2026 18:54:00.200,31.7742551,-106.5008503,83.82346179228217,26.1,0.5375000000000009
991,3/22/2026 18:54:00.240,31.7742528,-106.5008486,84.12584661098447,26.028,0.5750000000000011
992,3/22/2026 18:54:00.280,31.7742508,-106.5008467,84.41202690177704,26.136,0.637500000000002
993,3/22/2026 18:54:00.320,31.7742488,-106.5008448,84.69820719531994,26.244,0.7125000000000002
994,3/22/2026 18:54:00.360,31.7742466,-106.5008429,85.0020302787354,26.568,0.6374999999999997
995,3/22/2026 18:54:00.400,31.7742445,-106.500841,85.29695382027055,26.712,0.5249999999999998
996,3/22/2026 18:54:00.440,31.7742424,-106.5008391,85.59187736398094,26.748,0.4625000000000002
997,3/22/2026 18:54:00.480,31.7742402,-106.5008372,85.89570045396309,26.748,0.43749999999999956
998,3/22/2026 18:54:00.520,31.7742381,-106.5008353,86.1906240027695,26.748,0.462499999999999
999,3/22/2026 18:54:00.560,31.7742359,-106.5008333,86.50014185756854,26.856,0.42499999999999877
1000,3/22/2026 18:54:00.600,31.7742338,-106.5008314,86.79506541147096,26.928,0.42499999999999877
1001,3/22/2026 18:54:00.640,31.7742317,-106.5008295,87.08998896786213,26.856,0.5374999999999985
1002,3/22/2026 18:54:00.680,31.7742294,-106.5008276,87.40285458011557,27.144,0.5375000000000008
1003,3/22/2026 18:54:00.720,31.7742272,-106.5008256,87.71237244497796,27.288,0.5000000000000027
1004,3/22/2026 18:54:00.760,31.7742251,-106.5008237,88.00729600919091,27.36,0.5750000000000011
1005,3/22/2026 18:54:00.800,31.7742229,-106.5008216,88.3226898280901,27.432,0.5625000000000002
1006,3/22/2026 18:54:00.840,31.7742207,-106.5008197,88.62651294161984,27.36,0.5374999999999996
1007,3/22/2026 18:54:00.880,31.7742186,-106.5008178,88.92143651353605,27.396,0.5125000000000003
1008,3/22/2026 18:54:00.920,31.7742163,-106.5008158,89.23983521046387,27.432,0.4375000000000018
1009,3/22/2026 18:54:00.960,31.7742141,-106.5008139,89.54365833158626,27.396,0.4875000000000007
1010,3/22/2026 18:54:01.000,31.7742119,-106.5008118,89.85905216537708,27.612,0.5500000000000005
1011,3/22/2026 18:54:01.040,31.7742096,-106.5008099,90.17191779975018,27.72,0.5625000000000002
1012,3/22/2026 18:54:01.080,31.7742075,-106.5008079,90.47270468679892,27.828000000000003,0.5499999999999994
1013,3/22/2026 18:54:01.120,31.7742052,-106.5008058,90.79681838474401,28.044,0.47499999999999876
1014,3/22/2026 18:54:01.160,31.7742029,-106.5008039,91.10968402660204,28.26,0.37499999999999867
1015,3/22/2026 18:54:01.200,31.7742007,-106.5008019,91.41920192430916,28.152,0.3500000000000003
1016,3/22/2026 18:54:01.240,31.7741985,-106.5007998,91.73459577654778,28.188,0.3500000000000003
1017,3/22/2026 18:54:01.280,31.7741962,-106.5007978,92.05299449792389,28.044,0.39999999999999925
1018,3/22/2026 18:54:01.320,31.774194,-106.5007958,92.36251240401427,28.044,0.4999999999999982
1019,3/22/2026 18:54:01.360,31.7741917,-106.5007938,92.68091113166332,28.188,0.5374999999999996
1020,3/22/2026 18:54:01.400,31.7741895,-106.5007917,92.99630499608598,28.404,0.4249999999999998
1021,3/22/2026 18:54:01.440,31.7741871,-106.5007897,93.32372217079002,28.548,0.18749999999999933
1022,3/22/2026 18:54:01.480,31.7741849,-106.5007876,93.63911604113298,28.584000000000003,0.012499999999999734
1023,3/22/2026 18:54:01.520,31.7741825,-106.5007856,93.96653322160074,28.656,-0.08749999999999925
1024,3/22/2026 18:54:01.560,31.7741802,-106.5007835,94.29064695247986,28.728,-0.08749999999999925
1025,3/22/2026 18:54:01.600,31.7741779,-106.5007815,94.60904569579682,28.692,-0.025000000000000577
1026,3/22/2026 18:54:01.640,31.7741756,-106.5007794,94.93315943304822,28.656,-0.03750000000000031
1027,3/22/2026 18:54:01.680,31.7741734,-106.5007773,95.24855331926678,28.728,-0.12499999999999956
1028,3/22/2026 18:54:01.720,31.7741712,-106.5007754,95.55237648942266,28.8,-0.2124999999999988
1029,3/22/2026 18:54:01.760,31.7741688,-106.5007734,95.87979368577247,28.980000000000004,-0.2874999999999994
1030,3/22/2026 18:54:01.800,31.7741664,-106.5007713,96.21277112676137,28.836,-0.2874999999999983
1031,3/22/2026 18:54:01.840,31.7741641,-106.5007691,96.54277233479935,28.656,-0.2124999999999977
1032,3/22/2026 18:54:01.880,31.7741618,-106.5007672,96.85563802224874,28.512,-0.18749999999999933
1033,3/22/2026 18:54:01.920,31.7741595,-106.5007651,97.17975178070964,28.476000000000003,-0.15000000000000013
1034,3/22/2026 18:54:01.960,31.7741573,-106.5007632,97.4835749671749,28.656,-0.18749999999999933
1035,3/22/2026 18:54:02.000,31.7741549,-106.5007611,97.81655242179018,28.692,-0.29999999999999916
1036,3/22/2026 18:54:02.040,31.7741527,-106.5007591,98.12607038069173,28.548,-0.23749999999999827
1037,3/22/2026 18:54:02.080,31.7741504,-106.5007569,98.45607160818393,28.476000000000003,-0.012499999999999734
1038,3/22/2026 18:54:02.120,31.7741481,-106.5007549,98.77447038774758,28.44,0.23749999999999938
1039,3/22/2026 18:54:02.160,31.7741459,-106.5007529,99.08398835515752,28.512,0.2874999999999994
1040,3/22/2026 18:54:02.200,31.7741436,-106.5007509,99.40238714051269,28.476000000000003,0.2124999999999988
1041,3/22/2026 18:54:02.240,31.7741413,-106.5007489,99.7207859283474,28.404,0.33749999999999947
1042,3/22/2026 18:54:02.280,31.774139,-106.5007469,100.03918471977912,28.224,0.5874999999999997
1043,3/22/2026 18:54:02.320,31.7741367,-106.500745,100.35205043559269,28.332,0.6500000000000006
1044,3/22/2026 18:54:02.360,31.7741345,-106.500743,100.66156841644425,28.26,0.6250000000000011
1045,3/22/2026 18:54:02.400,31.7741322,-106.500741,100.97996721534757,28.224,0.7750000000000012
1046,3/22/2026 18:54:02.440,31.7741299,-106.500739,101.29836601816592,28.332,0.9124999999999994
1047,3/22/2026 18:54:02.480,31.7741276,-106.5007369,101.62247981751355,28.656,0.824999999999999
1048,3/22/2026 18:54:02.520,31.7741252,-106.5007349,101.94989706621212,28.944,0.675
1049,3/22/2026 18:54:02.560,31.7741229,-106.5007328,102.27401087288838,28.836,0.7125000000000004
1050,3/22/2026 18:54:02.600,31.7741206,-106.5007308,102.59240968590113,28.764000000000003,0.8875
1051,3/22/2026 18:54:02.640,31.7741182,-106.5007287,102.92538718837919,29.088,0.8500000000000008
1052,3/22/2026 18:54:02.680,31.7741158,-106.5007266,103.25836469393475,29.232,0.7000000000000028
1053,3/22/2026 18:54:02.720,31.7741135,-106.5007246,103.57676351590148,29.196,0.7500000000000018
1054,3/22/2026 18:54:02.760,31.7741112,-106.5007225,103.90087733767842,29.196,0.8625000000000016
1055,3/22/2026 18:54:02.800,31.7741087,-106.5007204,104.24285119484912,29.52,0.8000000000000007
1056,3/22/2026 18:54:02.840,31.7741062,-106.5007182,104.5904101107812,29.664,0.6874999999999987
1057,3/22/2026 18:54:02.880,31.7741038,-106.5007163,104.91244928945736,29.7,0.7250000000000001
1058,3/22/2026 18:54:02.920,31.7741014,-106.5007142,105.24542681267525,29.844,0.7624999999999993
1059,3/22/2026 18:54:02.960,31.774099,-106.500712,105.5841377698973,29.988,0.7249999999999979
1060,3/22/2026 18:54:03.000,31.7740965,-106.5007098,105.93169669810207,30.168000000000003,0.7124999999999981
1061,3/22/2026 18:54:03.040,31.7740941,-106.5007078,106.25911398280914,30.132,0.7499999999999996
1062,3/22/2026 18:54:03.080,31.7740917,-106.5007057,106.59209151926792,30.204000000000004,0.8249999999999978
1063,3/22/2026 18:54:03.120,31.7740892,-106.5007036,106.93406540156705,30.384,0.774999999999999
1064,3/22/2026 18:54:03.160,31.7740867,-106.5007014,107.2816243426683,30.492000000000004,0.6624999999999992
1065,3/22/2026 18:54:03.200,31.7740843,-106.5006992,107.62033531971306,30.528,0.7249999999999979
1066,3/22/2026 18:54:03.240,31.7740818,-106.5006972,107.9568976198739,30.636,0.8250000000000002
1067,3/22/2026 18:54:03.280,31.7740793,-106.500695,108.3044565720747,30.816000000000003,0.8250000000000002
1068,3/22/2026 18:54:03.320,31.7740767,-106.5006928,108.66099151000873,30.924,0.7625000000000015
1069,3/22/2026 18:54:03.360,31.7740742,-106.5006907,109.00296540993281,30.996,0.7125000000000048
1070,3/22/2026 18:54:03.400,31.7740717,-106.5006885,109.35052437238052,31.212,0.6875000000000031
1071,3/22/2026 18:54:03.440,31.7740691,-106.5006863,109.70705932030349,31.248,0.662499999999997
1072,3/22/2026 18:54:03.480,31.7740666,-106.5006841,110.05461828850513,31.464,0.5874999999999964
1073,3/22/2026 18:54:03.520,31.774064,-106.5006818,110.41676104467047,31.356000000000005,0.6249999999999956
1074,3/22/2026 18:54:03.560,31.7740615,-106.5006797,110.75873496077307,31.428,0.7124999999999959
1075,3/22/2026 18:54:03.600,31.7740589,-106.5006775,111.11526992256654,31.680000000000003,0.612499999999998
1076,3/22/2026 18:54:03.640,31.7740563,-106.5006753,111.47180488699195,31.86,0.5500000000000016
1077,3/22/2026 18:54:03.680,31.7740538,-106.500673,111.82511417200205,31.968000000000004,0.5250000000000021
1078,3/22/2026 18:54:03.720,31.7740512,-106.5006708,112.18164914423694,31.968000000000004,0.462499999999999
1079,3/22/2026 18:54:03.760,31.7740486,-106.5006684,112.54955771202917,32.004000000000005,0.47499999999999876
1080,3/22/2026 18:54:03.800,31.774046,-106.5006663,112.90065044532174,32.184,0.462499999999999
1081,3/22/2026 18:54:03.840,31.7740434,-106.5006641,113.25718542748739,32.184,0.4500000000000015
1082,3/22/2026 18:54:03.880,31.7740408,-106.5006617,113.62509400710294,32.22,0.48750000000000515
1083,3/22/2026 18:54:03.920,31.7740382,-106.5006595,113.98162899563884,32.4,0.42500000000000426
1084,3/22/2026 18:54:03.960,31.7740355,-106.5006572,114.35272895472238,32.436,0.36250000000000115
1085,3/22/2026 18:54:04.000,31.774033,-106.5006549,114.70603827071373,32.436,0.4000000000000026
1086,3/22/2026 18:54:04.040,31.7740302,-106.5006526,115.08621033917997,32.688,0.3375000000000017
1087,3/22/2026 18:54:04.080,31.7740276,-106.5006504,115.44274534132676,32.652,0.2499999999999991
1088,3/22/2026 18:54:04.120,31.7740251,-106.5006481,115.7960546679418,32.616,0.26249999999999885
1089,3/22/2026 18:54:04.160,31.7740224,-106.5006459,116.1616842463444,32.724000000000004,0.22499999999999742
1090,3/22/2026 18:54:04.200,31.7740198,-106.5006435,116.52959285779198,32.796,0.16249999999999876
1091,3/22/2026 18:54:04.240,31.7740171,-106.5006413,116.89522244254658,32.868,0.20000000000000018
1092,3/22/2026 18:54:04.280,31.7740145,-106.500639,117.25736526759485,32.940000000000005,0.22499999999999742
1093,3/22/2026 18:54:04.320,31.7740118,-106.5006366,117.63409399055715,32.904,0.2124999999999977
1094,3/22/2026 18:54:04.360,31.7740092,-106.5006343,117.99623682422555,32.976,0.12499999999999956
1095,3/22/2026 18:54:04.400,31.7740065,-106.500632,118.36733682412232,33.048,-2.220446049250313e-15
1096,3/22/2026 18:54:04.440,31.774004,-106.5006297,118.72064618101344,33.048,0.08749999999999591
1097,3/22/2026 18:54:04.480,31.7740013,-106.5006275,119.08627578678376,33.012,0.22499999999999742
1098,3/22/2026 18:54:04.520,31.7739986,-106.5006251,119.4630045292863,33.012,0.23749999999999938
1099,3/22/2026 18:54:04.560,31.7739959,-106.5006228,119.83410454302387,32.976,0.17500000000000293
1100,3/22/2026 18:54:04.600,31.7739932,-106.5006205,120.20520456127666,33.012,0.10000000000000231
1101,3/22/2026 18:54:04.640,31.7739905,-106.5006182,120.57630458246705,33.228,-0.012499999999999734
1102,3/22/2026 18:54:04.680,31.7739879,-106.5006159,120.93844744594371,33.228,-0.049999999999998934
1103,3/22/2026 18:54:04.720,31.7739852,-106.5006135,121.31517620859807,33.228,0.012500000000001954
1104,3/22/2026 18:54:04.760,31.7739826,-106.5006113,121.67171126988984,33.012,0.10000000000000453
1105,3/22/2026 18:54:04.800,31.77398,-106.5006089,122.03961994166666,33.012,0.18750000000000488
1106,3/22/2026 18:54:04.840,31.7739773,-106.5006066,122.41071998218416,33.336,0.07500000000000506
1107,3/22/2026 18:54:04.880,31.7739746,-106.5006042,122.7874487602144,33.372,-0.1499999999999968
1108,3/22/2026 18:54:04.920,31.7739719,-106.5006019,123.1585488070756,33.336,-0.20000000000000018
1109,3/22/2026 18:54:04.960,31.7739691,-106.5005996,123.53872095785681,33.156000000000006,-0.06250000000000311
1110,3/22/2026 18:54:05.000,31.7739667,-106.5005973,123.88333007908753,33.12,0.12499999999999956
1111,3/22/2026 18:54:05.040,31.7739639,-106.500595,124.26350223610427,33.084,0.20000000000000018
1112,3/22/2026 18:54:05.080,31.7739612,-106.5005926,124.64023103397079,33.228,0.11249999999999982
1113,3/22/2026 18:54:05.120,31.7739585,-106.5005903,125.01133110011483,33.264,0.012499999999999734
1114,3/22/2026 18:54:05.160,31.7739558,-106.5005879,125.38805990597508,33.264,-0.08750000000000258
1115,3/22/2026 18:54:05.200,31.7739531,-106.5005855,125.7647887158322,33.300000000000004,-0.07500000000000062
1116,3/22/2026 18:54:05.240,31.7739505,-106.5005832,126.12693163220321,33.264,0.0749999999999984
1117,3/22/2026 18:54:05.280,31.7739478,-106.5005809,126.49803171264637,33.012,0.23749999999999938
1118,3/22/2026 18:54:05.320,31.7739451,-106.5005784,126.88054061257968,33.12,0.22500000000000409
1119,3/22/2026 18:54:05.360,31.7739426,-106.5005761,127.23385005847916,33.192,0.050000000000005596
1120,3/22/2026 18:54:05.400,31.7739399,-106.5005738,127.60495015061431,33.444,-0.16249999999999876
1121,3/22/2026 18:54:05.440,31.773937,-106.5005714,127.9996699074631,33.336,-0.1749999999999985
1122,3/22/2026 18:54:05.480,31.7739345,-106.500569,128.35888698239032,33.300000000000004,-0.012499999999999734
1123,3/22/2026 18:54:05.520,31.7739317,-106.5005667,128.7390591835574,33.228,0.049999999999996714
1124,3/22/2026 18:54:05.560,31.7739291,-106.5005643,129.10696793248886,33.048,0.13749999999999707
1125,3/22/2026 18:54:05.600,31.7739265,-106.5005618,129.4807931657228,33.300000000000004,0.12499999999999512
1126,3/22/2026 18:54:05.640,31.7739236,-106.5005594,129.87551294182717,33.480000000000004,-0.025000000000003908
1127,3/22/2026 18:54:05.680,31.7739209,-106.5005571,130.24661305986484,33.480000000000004,-0.17500000000000293
1128,3/22/2026 18:54:05.720,31.7739183,-106.5005547,130.61452182547814,33.300000000000004,-0.1750000000000007
1129,3/22/2026 18:54:05.760,31.7739156,-106.5005524,130.9856219500418,33.156000000000006,-0.012499999999999734
1130,3/22/2026 18:54:05.800,31.7739131,-106.50055,131.34483905788576,33.012,0.06250000000000089
1131,3/22/2026 18:54:05.840,31.7739102,-106.5005475,131.74507920245472,33.264,-0.0374999999999992
1132,3/22/2026 18:54:05.880,31.7739075,-106.5005451,132.12180807981437,33.336,-0.11249999999999982
1133,3/22/2026 18:54:05.920,31.773905,-106.5005428,132.47511758053207,33.336,-0.11249999999999538
1134,3/22/2026 18:54:05.960,31.7739022,-106.5005404,132.86078618041947,33.336,-0.14999999999999458
1135,3/22/2026 18:54:06.000,31.7738995,-106.5005381,133.23188632799236,33.372,-0.1749999999999985
1136,3/22/2026 18:54:06.040,31.7738968,-106.5005357,133.60861522119143,33.336,-0.28750000000000053
1137,3/22/2026 18:54:06.080,31.7738941,-106.5005333,133.98534411838733,33.12,-0.3125
1138,3/22/2026 18:54:06.120,31.7738916,-106.5005309,134.34456125991608,33.156000000000006,-0.2750000000000008
1139,3/22/2026 18:54:06.160,31.7738889,-106.5005285,134.72129016480966,33.264,-0.3500000000000014
1140,3/22/2026 18:54:06.200,31.7738861,-106.5005262,135.10146242740973,33.084,-0.28750000000000275
1141,3/22/2026 18:54:06.240,31.7738835,-106.5005239,135.46360543772957,33.084,-0.2750000000000008
1142,3/22/2026 18:54:06.280,31.7738807,-106.5005215,135.84927406870605,33.192,-0.43749999999999956
1143,3/22/2026 18:54:06.320,31.7738782,-106.5005192,136.2025836091028,33.156000000000006,-0.5625000000000036
1144,3/22/2026 18:54:06.360,31.7738754,-106.5005168,136.58825224742347,33.084,-0.6125000000000047
1145,3/22/2026 18:54:06.400,31.7738727,-106.5005145,136.95935243230466,33.12,-0.6499999999999995
1146,3/22/2026 18:54:06.440,31.7738701,-106.5005122,137.32149546157592,32.76,-0.5874999999999964
1147,3/22/2026 18:54:06.480,31.7738676,-106.5005099,137.67480501733888,32.796,-0.5749999999999988
1148,3/22/2026 18:54:06.520,31.7738649,-106.5005076,138.0459052118761,32.688,-0.7125000000000026
1149,3/22/2026 18:54:06.560,31.7738623,-106.5005053,138.40804825298707,32.724000000000004,-0.9750000000000035
1150,3/22/2026 18:54:06.600,31.7738596,-106.5005029,138.78477720125395,32.796,-1.2624999999999997
1151,3/22/2026 18:54:06.640,31.7738569,-106.5005006,139.15587740794146,32.580000000000005,-1.3250000000000028
1152,3/22/2026 18:54:06.680,31.7738544,-106.5004983,139.50918698169968,32.436,-1.2250000000000003
1153,3/22/2026 18:54:06.720,31.7738518,-106.500496,139.87133003797675,32.292,-1.1374999999999957
1154,3/22/2026 18:54:06.760,31.7738492,-106.5004938,140.2278652746002,32.184,-1.1999999999999988
1155,3/22/2026 18:54:06.800,31.7738466,-106.5004915,140.5900083382315,32.148,-1.3375000000000004
1156,3/22/2026 18:54:06.840,31.773844,-106.5004892,140.9521514044156,32.04,-1.4500000000000002
1157,3/22/2026 18:54:06.880,31.7738415,-106.500487,141.29971067643064,31.86,-1.5124999999999986
1158,3/22/2026 18:54:06.920,31.773839,-106.5004848,141.64726995262197,31.572,-1.5124999999999988
1159,3/22/2026 18:54:06.960,31.7738366,-106.5004826,141.98598127204664,31.032,-1.3874999999999995
1160,3/22/2026 18:54:07.000,31.7738341,-106.5004804,142.3335405540389,30.852,-1.299999999999999
1161,3/22/2026 18:54:07.040,31.7738316,-106.5004783,142.67551475764373,30.708,-1.3374999999999972
1162,3/22/2026 18:54:07.080,31.7738291,-106.5004762,143.01748896469175,30.780000000000005,-1.512500000000001
1163,3/22/2026 18:54:07.120,31.7738266,-106.500474,143.36504825679606,30.672,-1.6625000000000032
1164,3/22/2026 18:54:07.160,31.7738242,-106.5004718,143.70375959337602,30.348,-1.6499999999999992
1165,3/22/2026 18:54:07.200,31.7738218,-106.5004698,144.031177200166,30.132,-1.6874999999999996
1166,3/22/2026 18:54:07.240,31.7738194,-106.5004677,144.3641550857916,29.880000000000003,-1.7875000000000008
1167,3/22/2026 18:54:07.280,31.773817,-106.5004656,144.69713297449465,29.664,-1.8374999999999997
1168,3/22/2026 18:54:07.320,31.7738147,-106.5004636,145.01553215989978,29.412,-1.7749999999999986
1169,3/22/2026 18:54:07.360,31.7738124,-106.5004616,145.3339313485839,29.196,-1.6500000000000004
1170,3/22/2026 18:54:07.400,31.7738101,-106.5004596,145.65233053958409,28.944,-1.6000000000000025
1171,3/22/2026 18:54:07.440,31.7738078,-106.5004576,145.97072973306382,28.764000000000003,-1.6875000000000029
1172,3/22/2026 18:54:07.480,31.7738056,-106.5004557,146.274553324124,28.368,-1.7125000000000015
1173,3/22/2026 18:54:07.520,31.7738033,-106.5004537,146.59295252387665,28.296000000000003,-1.7625
1174,3/22/2026 18:54:07.560,31.773801,-106.5004517,146.9113517259454,27.972,-1.7625000000000015
1175,3/22/2026 18:54:07.600,31.7737989,-106.5004498,147.20627579525336,27.648,-1.5625000000000022
1176,3/22/2026 18:54:07.640,31.7737967,-106.500448,147.50459615983908,27.216,-1.3375000000000001
1177,3/22/2026 18:54:07.680,31.7737946,-106.5004461,147.799520234243,27.036,-1.2374999999999992
1178,3/22/2026 18:54:07.720,31.7737924,-106.5004443,148.0978406037936,26.928,-1.2749999999999995
1179,3/22/2026 18:54:07.760,31.7737902,-106.5004424,148.40166421256984,26.928,-1.299999999999999
1180,3/22/2026 18:54:07.800,31.7737881,-106.5004405,148.69658829467696,26.604,-1.2249999999999983
1181,3/22/2026 18:54:07.840,31.7737861,-106.5004387,148.9769197811534,26.244,-1.087499999999998
1182,3/22/2026 18:54:07.880,31.773784,-106.500437,149.2607011323856,25.956,-0.924999999999998
1183,3/22/2026 18:54:07.920,31.773782,-106.5004352,149.5410326239531,25.632,-0.7625000000000004
1184,3/22/2026 18:54:07.960,31.77378,-106.5004334,149.8213641172555,25.56,-0.6999999999999995
1185,3/22/2026 18:54:08.000,31.7737779,-106.5004316,150.11061570267034,25.56,-0.7249999999999968
1186,3/22/2026 18:54:08.040,31.7737759,-106.5004298,150.3909472002466,25.452,-0.7625000000000004
1187,3/22/2026 18:54:08.080,31.7737739,-106.500428,150.67127870119216,25.236,-0.7625000000000026
1188,3/22/2026 18:54:08.120,31.7737719,-106.5004264,150.94052882734763,25.056,-0.787500000000002
1189,3/22/2026 18:54:08.160,31.7737699,-106.5004246,151.22086033163794,25.056,-0.8125000000000016
1190,3/22/2026 18:54:08.200,31.7737679,-106.5004228,151.50119183929758,24.948,-0.7999999999999996
1191,3/22/2026 18:54:08.240,31.773766,-106.5004211,151.76693277003778,24.768,-0.7374999999999987
1192,3/22/2026 18:54:08.280,31.7737641,-106.5004195,152.02705340079515,24.768,-0.7250000000000001
1193,3/22/2026 18:54:08.320,31.773762,-106.5004177,152.31630500345352,24.624,-0.8250000000000002
1194,3/22/2026 18:54:08.360,31.77376,-106.500416,152.59098870697883,24.552000000000003,-0.8875000000000011
1195,3/22/2026 18:54:08.400,31.7737581,-106.5004144,152.85110934455776,24.48,-0.9000000000000019
1196,3/22/2026 18:54:08.440,31.7737561,-106.5004127,153.12579305173526,24.336,-0.8750000000000002
1197,3/22/2026 18:54:08.480,31.7737542,-106.5004109,153.39736784985374,24.156,-0.7999999999999996
1198,3/22/2026 18:54:08.520,31.7737524,-106.5004093,153.64852058853918,23.868,-0.6624999999999981
1199,3/22/2026 18:54:08.560,31.7737505,-106.5004077,153.90864123335976,23.904,-0.6624999999999982
1200,3/22/2026 18:54:08.600,31.7737486,-106.500406,154.17438218210617,23.796000000000003,-0.737500000000001
1201,3/22/2026 18:54:08.640,31.7737467,-106.5004043,154.44012313316793,23.796000000000003,-0.7375000000000022
1202,3/22/2026 18:54:08.680,31.7737448,-106.5004026,154.70586408623026,23.652,-0.8250000000000002
1203,3/22/2026 18:54:08.720,31.773743,-106.500401,154.95701683419233,23.364,-0.8499999999999996
1204,3/22/2026 18:54:08.760,31.7737411,-106.5003994,155.21713748718687,23.256,-0.7374999999999998
1205,3/22/2026 18:54:08.800,31.7737393,-106.5003976,155.48013526287158,23.184,-0.6374999999999996
1206,3/22/2026 18:54:08.840,31.7737375,-106.5003961,155.72569854301398,23.112,-0.5999999999999994
1207,3/22/2026 18:54:08.880,31.7737356,-106.5003945,155.98581920203205,23.076,-0.5499999999999983
1208,3/22/2026 18:54:08.920,31.7737338,-106.5003928,156.24278847942256,23.040000000000003,-0.5000000000000003
1209,3/22/2026 18:54:08.960,31.773732,-106.5003912,156.49394123824027,22.824,-0.47500000000000214
1210,3/22/2026 18:54:09.000,31.7737302,-106.5003895,156.7509105195507,22.752,-0.4625000000000002
1211,3/22/2026 18:54:09.040,31.7737284,-106.5003879,157.00206328111034,22.716,-0.4749999999999998
1212,3/22/2026 18:54:09.080,31.7737267,-106.5003864,157.23863064879677,22.356,-0.36250000000000115
1213,3/22/2026 18:54:09.120,31.773725,-106.5003848,157.48099504653234,22.212,-0.15000000000000013
1214,3/22/2026 18:54:09.160,31.7737233,-106.5003832,157.72335944653784,22.284,-0.050000000000000044
1215,3/22/2026 18:54:09.200,31.7737215,-106.5003816,157.97451221571774,22.32,-0.025000000000000577
1216,3/22/2026 18:54:09.240,31.7737197,-106.5003801,158.22007551165075,22.248,0.03750000000000031
1217,3/22/2026 18:54:09.280,31.773718,-106.5003785,158.46243991738515,22.356,0.049999999999998934
1218,3/22/2026 18:54:09.320,31.7737162,-106.500377,158.70800321642307,22.32,0.06249999999999867
1219,3/22/2026 18:54:09.360,31.7737143,-106.5003754,158.96812389541532,22.176,0.2500000000000002
1220,3/22/2026 18:54:09.400,31.7737126,-106.5003738,159.21048830583186,22.068,0.4499999999999993
1221,3/22/2026 18:54:09.440,31.7737108,-106.5003722,159.4616410855713,22.032,0.5624999999999991
1222,3/22/2026 18:54:09.480,31.7737091,-106.5003707,159.69820846865764,21.996,0.6999999999999995
1223,3/22/2026 18:54:09.520,31.7737074,-106.5003691,159.94057288523223,22.14,0.7124999999999992
1224,3/22/2026 18:54:09.560,31.7737056,-106.5003675,160.19172567010344,22.212,0.6874999999999997
1225,3/22/2026 18:54:09.600,31.7737038,-106.500366,160.43728898014155,22.32,0.675
1226,3/22/2026 18:54:09.640,31.773702,-106.5003643,160.69425829215817,22.356,0.6500000000000006
1227,3/22/2026 18:54:09.680,31.7737002,-106.5003627,160.9454110823585,22.392,0.7500000000000007
1228,3/22/2026 18:54:09.720,31.7736984,-106.5003612,161.19097439718703,22.464,0.8125000000000006
1229,3/22/2026 18:54:09.760,31.7736965,-106.5003596,161.4510950934616,22.752,0.7750000000000001
1230,3/22/2026 18:54:09.800,31.7736947,-106.5003581,161.69665841157243,22.788,0.8124999999999993
1231,3/22/2026 18:54:09.840,31.7736928,-106.5003564,161.9623994193871,22.932,0.8750000000000002
1232,3/22/2026 18:54:09.880,31.773691,-106.5003547,162.21936874338132,23.112,0.8500000000000018
1233,3/22/2026 18:54:09.920,31.7736892,-106.500353,162.4763380693355,23.076,0.9125000000000005
1234,3/22/2026 18:54:09.960,31.7736873,-106.5003514,162.7364587743763,23.256,0.9749999999999993
1235,3/22/2026 18:54:10.000,31.7736855,-106.5003498,162.98761157908368,23.22,0.9875
1236,3/22/2026 18:54:10.040,31.7736836,-106.5003481,163.2533525965853,23.328000000000003,1.0375
1237,3/22/2026 18:54:10.080,31.7736816,-106.5003464,163.5280363796522,23.58,0.9750000000000014
1238,3/22/2026 18:54:10.120,31.7736797,-106.5003447,163.79377740126026,23.616,0.9375000000000011
1239,3/22/2026 18:54:10.160,31.7736779,-106.500343,164.05074673951867,23.832,0.9624999999999995
1240,3/22/2026 18:54:10.200,31.7736758,-106.5003413,164.3345281974354,24.048,0.9625000000000018
1241,3/22/2026 18:54:10.240,31.7736739,-106.5003396,164.6002692251504,24.192,0.9750000000000014
1242,3/22/2026 18:54:10.280,31.7736719,-106.500338,164.8695194433602,24.3,0.9374999999999989
1243,3/22/2026 18:54:10.320,31.77367,-106.5003363,165.13526047518164,24.516,0.8625000000000005
1244,3/22/2026 18:54:10.360,31.7736679,-106.5003344,165.43018469973845,24.624,0.837500000000001
1245,3/22/2026 18:54:10.400,31.7736659,-106.5003326,165.71051632122277,24.696,0.887499999999999
1246,3/22/2026 18:54:10.440,31.773664,-106.5003308,165.9820912235303,24.840000000000003,0.9499999999999975
1247,3/22/2026 18:54:10.480,31.7736621,-106.5003291,166.2478322636699,24.876,0.9999999999999976
1248,3/22/2026 18:54:10.520,31.77366,-106.5003273,166.53708397694717,25.02,0.9875
1249,3/22/2026 18:54:10.560,31.7736579,-106.5003255,166.8263356917099,25.2,0.9125000000000018
1250,3/22/2026 18:54:10.600,31.773656,-106.5003238,167.09207673827234,25.452,0.8374999999999989
1251,3/22/2026 18:54:10.640,31.7736539,-106.5003219,167.3870009794206,25.596,0.7999999999999985
1252,3/22/2026 18:54:10.680,31.7736517,-106.5003202,167.68002060651412,25.596,0.8750000000000002
1253,3/22/2026 18:54:10.720,31.7736496,-106.5003183,167.9749448527583,25.704,0.9499999999999998
1254,3/22/2026 18:54:10.760,31.7736476,-106.5003165,168.25527649472045,25.848,0.9000000000000009
1255,3/22/2026 18:54:10.800,31.7736454,-106.5003147,168.55359701840283,26.028,0.8625000000000016
1256,3/22/2026 18:54:10.840,31.7736433,-106.5003128,168.84852127211317,26.244,0.8750000000000014
1257,3/22/2026 18:54:10.880,31.7736412,-106.500311,169.137773005779,26.352,0.8625000000000004
1258,3/22/2026 18:54:10.920,31.773639,-106.5003092,169.43609353619115,26.388,0.8624999999999993
1259,3/22/2026 18:54:10.960,31.7736369,-106.5003073,169.73101779748617,26.46,0.8999999999999997
1260,3/22/2026 18:54:11.000,31.7736348,-106.5003054,170.02594206126992,26.604,0.9250000000000014
1261,3/22/2026 18:54:11.040,31.7736326,-106.5003035,170.32976585134782,26.748,0.9375000000000012
1262,3/22/2026 18:54:11.080,31.7736304,-106.5003016,170.63358964395658,26.964,0.8999999999999997
1263,3/22/2026 18:54:11.120,31.7736282,-106.5002997,170.9374134387774,27.072,0.8625000000000004
1264,3/22/2026 18:54:11.160,31.773626,-106.5002978,171.2412372364479,27.072,0.8875
1265,3/22/2026 18:54:11.200,31.7736238,-106.5002958,171.55075585629936,27.288,0.8750000000000003
1266,3/22/2026 18:54:11.240,31.7736216,-106.5002939,171.85457965903154,27.504,0.8750000000000003
1267,3/22/2026 18:54:11.280,31.7736194,-106.500292,172.1584034639758,27.576,0.8999999999999986
1268,3/22/2026 18:54:11.320,31.7736172,-106.5002901,172.46222727176968,27.648,0.8875
1269,3/22/2026 18:54:11.360,31.7736149,-106.5002882,172.77509357051022,27.792,0.9250000000000014
1270,3/22/2026 18:54:11.400,31.7736127,-106.5002861,173.0904882154828,27.936,0.9875000000000002
1271,3/22/2026 18:54:11.440,31.7736104,-106.5002841,173.4088876493821,28.116,1.0124999999999995
1272,3/22/2026 18:54:11.480,31.7736081,-106.5002822,173.72175395539557,28.188,1.0375
1273,3/22/2026 18:54:11.520,31.7736058,-106.5002801,174.04586844327446,28.332,1.0124999999999984
1274,3/22/2026 18:54:11.560,31.7736037,-106.5002782,174.34079274391488,28.368,1.0499999999999985
1275,3/22/2026 18:54:11.600,31.7736013,-106.5002761,174.6737709092058,28.512,1.0999999999999988
1276,3/22/2026 18:54:11.640,31.773599,-106.5002741,174.99217035665313,28.8,0.9749999999999982
1277,3/22/2026 18:54:11.680,31.7735967,-106.500272,175.31628485651984,28.872,0.8875000000000011
1278,3/22/2026 18:54:11.720,31.7735944,-106.5002701,175.6291511778381,28.908,1.000000000000003
1279,3/22/2026 18:54:11.760,31.773592,-106.5002679,175.96786283566402,29.196,1.0625000000000018
1280,3/22/2026 18:54:11.800,31.7735897,-106.5002658,176.29197734475215,29.376,0.9749999999999993
1281,3/22/2026 18:54:11.840,31.7735873,-106.5002638,176.61939522891285,29.592,0.9249999999999983
1282,3/22/2026 18:54:11.880,31.7735848,-106.5002617,176.961369740981,29.7,0.9124999999999982
1283,3/22/2026 18:54:11.920,31.7735825,-106.5002596,177.28548425841697,29.736,0.9250000000000002
1284,3/22/2026 18:54:11.960,31.7735801,-106.5002574,177.624195933533,29.988,0.8750000000000014
1285,3/22/2026 18:54:12.000,31.7735775,-106.5002554,177.97002032185839,30.06,0.8250000000000002
1286,3/22/2026 18:54:12.040,31.7735752,-106.5002533,178.2941348497356,30.06,0.9250000000000004
1287,3/22/2026 18:54:12.080,31.7735728,-106.5002511,178.63284653412438,30.168000000000003,0.9750000000000014
1288,3/22/2026 18:54:12.120,31.7735704,-106.5002488,178.97745624435206,30.492000000000004,0.8874999999999987
1289,3/22/2026 18:54:12.160,31.7735679,-106.5002466,179.3250158852532,30.672,0.8249999999999957
1290,3/22/2026 18:54:12.200,31.7735654,-106.5002445,179.66699042154312,30.708,0.9000000000000007
1291,3/22/2026 18:54:12.240,31.7735629,-106.5002423,180.01455006886894,30.924,0.9000000000000054
1292,3/22/2026 18:54:12.280,31.7735604,-106.5002402,180.35652461140157,30.996,0.8750000000000036
1293,3/22/2026 18:54:12.320,31.7735579,-106.500238,180.70408426578538,31.104000000000003,0.9375000000000021
1294,3/22/2026 18:54:12.360,31.7735555,-106.5002359,181.03706248900193,31.14,0.950000000000002
1295,3/22/2026 18:54:12.400,31.7735529,-106.5002337,181.39359811616612,31.284,0.9375000000000023
1296,3/22/2026 18:54:12.440,31.7735504,-106.5002313,181.75281578709365,31.5,0.9125000000000005
1297,3/22/2026 18:54:12.480,31.7735478,-106.5002292,182.10390912625806,31.536,0.9999999999999964
1298,3/22/2026 18:54:12.520,31.7735453,-106.5002268,182.46312680625994,31.680000000000003,1.1124999999999985
1299,3/22/2026 18:54:12.560,31.7735427,-106.5002246,182.81966244572382,31.86,1.100000000000003
1300,3/22/2026 18:54:12.600,31.7735401,-106.5002224,183.17619808860493,32.112,1.0250000000000026
1301,3/22/2026 18:54:12.640,31.7735376,-106.5002202,183.5237577703585,32.112,0.9499999999999996
1302,3/22/2026 18:54:12.680,31.773535,-106.5002179,183.88590127467916,32.328,0.8750000000000014
1303,3/22/2026 18:54:12.720,31.7735324,-106.5002155,184.25381062492886,32.472,0.8500000000000018
1304,3/22/2026 18:54:12.760,31.7735297,-106.5002133,184.61944083402696,32.508,0.9374999999999979
1305,3/22/2026 18:54:12.800,31.7735271,-106.500211,184.9815843495204,32.616,1.05
1306,3/22/2026 18:54:12.840,31.7735245,-106.5002086,185.34949371174488,32.796,1.1250000000000049
1307,3/22/2026 18:54:12.880,31.7735218,-106.5002062,185.72622316006093,33.12,1.0875000000000035
1308,3/22/2026 18:54:12.920,31.7735192,-106.500204,186.08275883073236,33.300000000000004,0.987500000000001
1309,3/22/2026 18:54:12.960,31.7735164,-106.5002016,186.46842798848604,33.408,0.9375
1310,3/22/2026 18:54:13.000,31.7735138,-106.5001992,186.8363373669295,33.516000000000005,0.9249999999999957
1311,3/22/2026 18:54:13.040,31.7735111,-106.500197,187.20196759986587,33.444,1.024999999999996
1312,3/22/2026 18:54:13.080,31.7735084,-106.5001945,187.5844771898136,33.516000000000005,1.1624999999999974
1313,3/22/2026 18:54:13.120,31.7735057,-106.5001921,187.96120666196256,33.732,1.174999999999997
1314,3/22/2026 18:54:13.160,31.773503,-106.5001897,188.33793613810835,33.948,1.1749999999999994
1315,3/22/2026 18:54:13.200,31.7735002,-106.5001873,188.72360532007912,34.2,1.1749999999999994
1316,3/22/2026 18:54:13.240,31.7734974,-106.5001848,189.11492260272945,34.452000000000005,1.0499999999999976
1317,3/22/2026 18:54:13.280,31.7734946,-106.5001824,189.50059179200576,34.596,0.9499999999999996
1318,3/22/2026 18:54:13.320,31.7734919,-106.50018,189.87732128458293,34.668000000000006,1.0499999999999978
1319,3/22/2026 18:54:13.360,31.7734891,-106.5001775,190.268638580068,34.74,1.1999999999999966
1320,3/22/2026 18:54:13.400,31.7734863,-106.500175,190.65995588069597,34.848,1.2500000000000022
1321,3/22/2026 18:54:13.440,31.7734834,-106.5001724,191.06586265387554,35.064,1.1750000000000038
1322,3/22/2026 18:54:13.480,31.7734806,-106.50017,191.45153186339576,35.244,1.1125000000000007
1323,3/22/2026 18:54:13.520,31.7734777,-106.5001676,191.84625226916236,35.388,1.1125000000000007
1324,3/22/2026 18:54:13.560,31.7734748,-106.500165,192.25215905652328,35.676,1.087500000000001
1325,3/22/2026 18:54:13.600,31.773472,-106.5001624,192.64926970467633,35.856,1.0624999999999996
1326,3/22/2026 18:54:13.640,31.773469,-106.50016,193.05314531157936,35.82,1.1499999999999977
1327,3/22/2026 18:54:13.680,31.7734662,-106.5001574,193.4502559684583,35.964,1.2749999999999972
1328,3/22/2026 18:54:13.720,31.7734632,-106.5001548,193.86507114701865,36.324,1.2375000000000025
1329,3/22/2026 18:54:13.760,31.7734602,-106.5001523,194.27434369047285,36.54,1.1625000000000019
1330,3/22/2026 18:54:13.800,31.7734574,-106.5001497,194.67145436268868,36.648,1.1624999999999999
1331,3/22/2026 18:54:13.840,31.7734544,-106.5001471,195.0862695543359,36.648,1.1750000000000016
1332,3/22/2026 18:54:13.880,31.7734515,-106.5001445,195.4921763789517,36.864,1.200000000000001
1333,3/22/2026 18:54:13.920,31.7734485,-106.5001418,195.91267417540314,36.972,1.2624999999999997
1334,3/22/2026 18:54:13.960,31.7734455,-106.5001392,196.32748938077432,37.224,1.2999999999999992
1335,3/22/2026 18:54:14.000,31.7734425,-106.5001366,196.7423045916766,37.368,1.3125000000000009
1336,3/22/2026 18:54:14.040,31.7734394,-106.5001339,197.17169665889818,37.62,1.2375000000000047
1337,3/22/2026 18:54:14.080,31.7734364,-106.5001312,197.59219447484227,37.836,1.1000000000000032
1338,3/22/2026 18:54:14.120,31.7734334,-106.5001284,198.0185092496968,38.016000000000005,1.024999999999998
1339,3/22/2026 18:54:14.160,31.7734303,-106.5001259,198.43691478006022,38.196,1.0124999999999984
1340,3/22/2026 18:54:14.200,31.7734272,-106.5001232,198.86630686653507,38.34,1.0499999999999976
1341,3/22/2026 18:54:14.240,31.773424,-106.5001205,199.30469544695737,38.34,1.149999999999998
1342,3/22/2026 18:54:14.280,31.773421,-106.5001177,199.73101024274442,38.628,1.2500000000000002
1343,3/22/2026 18:54:14.320,31.7734178,-106.5001149,200.1749814427393,38.844,1.2624999999999997
1344,3/22/2026 18:54:14.360,31.7734146,-106.5001121,200.61895264852254,39.096,1.1875000000000013
1345,3/22/2026 18:54:14.400,31.7734116,-106.5001094,201.03945050609346,39.276,1.1124999999999985
1346,3/22/2026 18:54:14.440,31.7734084,-106.5001066,201.4834217221595,39.276,1.187499999999997
1347,3/22/2026 18:54:14.480,31.7734052,-106.5001038,201.9273929432112,39.348,1.2375000000000003
1348,3/22/2026 18:54:14.520,31.773402,-106.500101,202.3713641702193,39.456,1.2250000000000028
1349,3/22/2026 18:54:14.560,31.7733988,-106.5000982,202.81533540301572,39.672,1.325000000000005
1350,3/22/2026 18:54:14.600,31.7733956,-106.5000952,203.2708566141488,39.888,1.3500000000000023
1351,3/22/2026 18:54:14.640,31.7733924,-106.5000924,203.71482785788731,40.104000000000006,1.2874999999999992
1352,3/22/2026 18:54:14.680,31.7733891,-106.5000894,204.179106227788,40.464,1.2124999999999986
1353,3/22/2026 18:54:14.720,31.7733859,-106.5000865,204.62878997381006,40.644,1.1624999999999974
1354,3/22/2026 18:54:14.760,31.7733826,-106.5000838,205.07627117319947,40.716,1.137499999999998
1355,3/22/2026 18:54:14.800,31.7733793,-106.5000809,205.53482357081046,40.86,1.0750000000000015
1356,3/22/2026 18:54:14.840,31.773376,-106.5000779,205.99910196529743,41.112,0.9625000000000018
1357,3/22/2026 18:54:14.880,31.7733726,-106.500075,206.46661984884977,41.076,0.8624999999999993
1358,3/22/2026 18:54:14.920,31.7733693,-106.5000721,206.92517226390072,41.25600000000001,0.7624999999999971
1359,3/22/2026 18:54:14.960,31.773366,-106.500069,207.39529744863498,41.688,0.5374999999999974
1360,3/22/2026 18:54:15.000,31.7733626,-106.500066,207.8684328517035,41.76,0.3875000000000006
1361,3/22/2026 18:54:15.040,31.7733592,-106.5000631,208.33595075827344,41.940000000000005,0.30000000000000027
1362,3/22/2026 18:54:15.080,31.7733558,-106.5000601,208.8090861746724,42.12,0.125000000000004
1363,3/22/2026 18:54:15.120,31.7733524,-106.5000571,209.28222159652603,42.336,-0.024999999999995026
1364,3/22/2026 18:54:15.160,31.7733491,-106.5000541,209.7465000414993,42.3,-0.0749999999999984
1365,3/22/2026 18:54:15.200,31.7733457,-106.5000511,210.2196354764992,42.372,-0.1374999999999993
1366,3/22/2026 18:54:15.240,31.7733422,-106.5000481,210.70172223760693,42.372,-0.2375000000000016
1367,3/22/2026 18:54:15.280,31.7733389,-106.5000451,211.1660007017237,42.3,-0.2375000000000016
1368,3/22/2026 18:54:15.320,31.7733355,-106.500042,211.64487480337513,42.228,-0.18750000000000044
1369,3/22/2026 18:54:15.360,31.7733321,-106.5000391,212.11239275746334,42.264,-0.2625000000000033
1370,3/22/2026 18:54:15.400,31.7733288,-106.500036,212.58251801582003,42.3,-0.3625000000000034
1371,3/22/2026 18:54:15.440,31.7733254,-106.5000332,213.04454403710307,42.264,-0.4000000000000026
1372,3/22/2026 18:54:15.480,31.773322,-106.5000302,213.51767951575079,42.156000000000006,-0.3750000000000031
1373,3/22/2026 18:54:15.520,31.7733185,-106.5000272,213.99976631969588,42.228,-0.3750000000000009
1374,3/22/2026 18:54:15.560,31.7733153,-106.5000242,214.45528768527268,42.192,-0.4249999999999976
1375,3/22/2026 18:54:15.600,31.7733118,-106.5000211,214.94300784035636,42.084,-0.40000000000000036
1376,3/22/2026 18:54:15.640,31.7733085,-106.5000181,215.40728636070585,41.976,-0.3500000000000014
1377,3/22/2026 18:54:15.680,31.7733052,-106.5000153,215.86023825246642,42.012,-0.32499999999999973
1378,3/22/2026 18:54:15.720,31.7733018,-106.5000122,216.33911241990745,41.976,-0.2750000000000008
1379,3/22/2026 18:54:15.760,31.7732984,-106.5000093,216.80663043236825,41.76,-0.09999999999999787
1380,3/22/2026 18:54:15.800,31.7732951,-106.5000063,217.27090897900237,41.76,0.06250000000000533
1381,3/22/2026 18:54:15.840,31.7732918,-106.5000034,217.72946153166833,41.652,0.17500000000000293
1382,3/22/2026 18:54:15.880,31.7732884,-106.5000005,218.19697956186556,41.688,0.27499999999999636
1383,3/22/2026 18:54:15.920,31.7732851,-106.4999975,218.66125812613245,41.616,0.3249999999999953
1384,3/22/2026 18:54:15.960,31.7732818,-106.4999945,219.12553669741524,41.580000000000005,0.4374999999999951
1385,3/22/2026 18:54:16.000,31.7732784,-106.4999916,219.5930547450287,41.544,0.5499999999999994
1386,3/22/2026 18:54:16.040,31.7732751,-106.4999887,220.05160732734845,41.508,0.6000000000000028
1387,3/22/2026 18:54:16.080,31.7732717,-106.4999857,220.5247428986326,41.544,0.6500000000000039
1388,3/22/2026 18:54:16.120,31.7732684,-106.4999828,220.98329549284938,41.652,0.6500000000000039
1389,3/22/2026 18:54:16.160,31.773265,-106.4999799,221.4508135638006,41.796,0.612499999999998
1390,3/22/2026 18:54:16.200,31.7732617,-106.4999768,221.92093895495455,41.904,0.662499999999997
1391,3/22/2026 18:54:16.240,31.7732583,-106.4999739,222.38845703757465,42.012,0.737500000000002
1392,3/22/2026 18:54:16.280,31.773255,-106.4999709,222.85273565915597,42.12,0.6375000000000064
1393,3/22/2026 18:54:16.320,31.7732516,-106.4999679,223.32587126665084,42.12,0.45000000000000373
1394,3/22/2026 18:54:16.360,31.7732482,-106.4999649,223.79900688089805,42.336,0.3625000000000034
1395,3/22/2026 18:54:16.400,31.7732448,-106.4999619,224.27214250091632,42.372,0.4500000000000015
1396,3/22/2026 18:54:16.440,31.7732413,-106.4999589,224.75422944519104,42.408,0.612499999999998
1397,3/22/2026 18:54:16.480,31.773238,-106.499956,225.2127820933883,42.516000000000005,0.7249999999999956
1398,3/22/2026 18:54:16.520,31.7732346,-106.4999529,225.69165639139467,42.552,0.6999999999999984
1399,3/22/2026 18:54:16.560,31.773231,-106.49995,226.17737446024623,42.66,0.6750000000000034
1400,3/22/2026 18:54:16.600,31.7732276,-106.4999469,226.65624877185314,42.948,0.5874999999999986
1401,3/22/2026 18:54:16.640,31.773224,-106.4999438,227.1529070581702,43.092000000000006,0.4124999999999934
1402,3/22/2026 18:54:16.680,31.7732206,-106.4999409,227.62042520644945,42.876000000000005,0.4749999999999943
1403,3/22/2026 18:54:16.720,31.7732173,-106.4999378,228.0905506854751,42.66,0.787500000000001
1404,3/22/2026 18:54:16.760,31.7732139,-106.4999347,228.5694250237002,42.84,0.950000000000002
1405,3/22/2026 18:54:16.800,31.7732103,-106.4999318,229.05514312725248,43.164,0.8749999999999991
1406,3/22/2026 18:54:16.840,31.7732068,-106.4999287,229.54286348232833,43.38,0.7374999999999998
1407,3/22/2026 18:54:16.880,31.7732033,-106.4999256,230.03058384439706,43.632,0.625
1408,3/22/2026 18:54:16.920,31.7731997,-106.4999224,230.53289041006656,43.452000000000005,0.7874999999999988
1409,3/22/2026 18:54:16.960,31.7731963,-106.4999194,231.0060261202131,43.704,0.8125000000000003
1410,3/22/2026 18:54:17.000,31.7731927,-106.4999163,231.50268446516642,43.596,0.7500000000000018
1411,3/22/2026 18:54:17.040,31.7731893,-106.4999132,231.9815588511877,43.632,0.8625000000000016
1412,3/22/2026 18:54:17.080,31.7731857,-106.49991,232.4838654444894,43.704,0.8875000000000011
1413,3/22/2026 18:54:17.120,31.7731822,-106.4999069,232.97158584649452,44.1,0.7249999999999979
1414,3/22/2026 18:54:17.160,31.7731786,-106.4999038,233.46824421786224,44.136,0.5874999999999964
1415,3/22/2026 18:54:17.200,31.773175,-106.4999007,233.96490259629317,44.388,0.5374999999999996
1416,3/22/2026 18:54:17.240,31.7731714,-106.4998976,234.4615609811491,44.28,0.5500000000000038
1417,3/22/2026 18:54:17.280,31.7731679,-106.4998943,234.96089566243074,44.532,0.5750000000000033
1418,3/22/2026 18:54:17.320,31.7731643,-106.4998911,235.46320229797018,44.82,0.46250000000000124
1419,3/22/2026 18:54:17.360,31.7731607,-106.499888,235.95986070319017,44.676,0.462499999999999
1420,3/22/2026 18:54:17.400,31.7731571,-106.4998849,236.45651911483515,44.784,0.5500000000000016
1421,3/22/2026 18:54:17.440,31.7731535,-106.4998818,236.95317753322422,44.928,0.5500000000000016
1422,3/22/2026 18:54:17.480,31.7731498,-106.4998786,237.4644095412762,44.964,0.5000000000000004
1423,3/22/2026 18:54:17.520,31.7731462,-106.4998754,237.9667162133509,44.928,0.5250000000000044
1424,3/22/2026 18:54:17.560,31.7731425,-106.4998722,238.47794823555955,45.0,0.5125000000000046
1425,3/22/2026 18:54:17.600,31.7731389,-106.4998691,238.9746066812997,45.072,0.46250000000000346
1426,3/22/2026 18:54:17.640,31.7731352,-106.4998658,239.49150097869878,45.18000000000001,0.5249999999999999
1427,3/22/2026 18:54:17.680,31.7731316,-106.4998626,239.99380767877906,45.288,0.6000000000000005
1428,3/22/2026 18:54:17.720,31.7731279,-106.4998593,240.51070199106852,45.396,0.6000000000000005
1429,3/22/2026 18:54:17.760,31.7731243,-106.4998561,241.01300870555698,45.432,0.5749999999999966
1430,3/22/2026 18:54:17.800,31.7731206,-106.4998528,241.52990303273677,45.612,0.4874999999999985
1431,3/22/2026 18:54:17.840,31.773117,-106.4998497,242.02656151950347,45.684,0.4125000000000023
1432,3/22/2026 18:54:17.880,31.7731133,-106.4998464,242.5434558615736,45.648,0.5375000000000019
1433,3/22/2026 18:54:17.920,31.7731096,-106.4998432,243.05468794726548,45.75600000000001,0.612499999999998
1434,3/22/2026 18:54:17.960,31.773106,-106.4998401,243.55134645495826,45.648,0.5999999999999983
1435,3/22/2026 18:54:18.000,31.7731021,-106.4998368,244.08615078205597,45.75600000000001,0.625
1436,3/22/2026 18:54:18.040,31.7730984,-106.4998334,244.6088174440569,46.008,0.5624999999999991
1437,3/22/2026 18:54:18.080,31.7730946,-106.4998302,245.1290599807259,46.188,0.47499999999999654
1438,3/22/2026 18:54:18.120,31.7730909,-106.4998269,245.6459543684869,46.224,0.43749999999999734
1439,3/22/2026 18:54:18.160,31.7730872,-106.4998236,246.16284876379507,46.26,0.462499999999999
1440,3/22/2026 18:54:18.200,31.7730835,-106.4998203,246.67974316665038,46.188,0.5749999999999988
1441,3/22/2026 18:54:18.240,31.7730798,-106.4998172,247.1854267659294,46.296,0.6499999999999995
1442,3/22/2026 18:54:18.280,31.7730761,-106.4998139,247.70232118306646,46.584,0.5249999999999977
1443,3/22/2026 18:54:18.320,31.7730723,-106.4998105,248.23380450418588,46.584,0.3999999999999959
1444,3/22/2026 18:54:18.360,31.7730686,-106.4998072,248.7506989366212,46.548,0.4624999999999968
1445,3/22/2026 18:54:18.400,31.7730648,-106.4998038,249.28218227321958,46.656000000000006,0.512499999999998
1446,3/22/2026 18:54:18.440,31.773061,-106.4998006,249.8024248742409,46.728,0.5000000000000004
1447,3/22/2026 18:54:18.480,31.7730572,-106.4997973,250.3282327294562,46.836,0.48750000000000293
1448,3/22/2026 18:54:18.520,31.7730534,-106.499794,250.8540405926094,46.836,0.46250000000000346
1449,3/22/2026 18:54:18.560,31.7730497,-106.4997906,251.37670735858256,46.98,0.41250000000000453
1450,3/22/2026 18:54:18.600,31.7730458,-106.4997873,251.91151179699455,47.124,0.32500000000000195
1451,3/22/2026 18:54:18.640,31.7730421,-106.4997839,252.43417857924197,47.232,0.19999999999999796
1452,3/22/2026 18:54:18.680,31.7730382,-106.4997806,252.96898303263706,47.16,0.19999999999999796
1453,3/22/2026 18:54:18.720,31.7730345,-106.4997773,253.48587753431337,47.16,0.33749999999999947
1454,3/22/2026 18:54:18.760,31.7730306,-106.4997739,254.02626302295036,47.304,0.3750000000000009
1455,3/22/2026 18:54:18.800,31.7730268,-106.4997706,254.55207093832468,47.376000000000005,0.33749999999999947
1456,3/22/2026 18:54:18.840,31.773023,-106.4997672,255.0835543632615,47.448,0.3249999999999975
1457,3/22/2026 18:54:18.880,31.7730192,-106.4997638,255.6150377950715,47.52,0.3125
1458,3/22/2026 18:54:18.920,31.7730153,-106.4997605,256.14984229329195,47.484,0.3375000000000017
1459,3/22/2026 18:54:18.960,31.7730116,-106.4997571,256.6725091411622,47.52,0.3375000000000017
1460,3/22/2026 18:54:19.000,31.7730077,-106.4997538,257.20731365436575,47.52,0.2750000000000008
1461,3/22/2026 18:54:19.040,31.7730039,-106.4997504,257.73879711870967,47.412,0.38750000000000284
1462,3/22/2026 18:54:19.080,31.7730001,-106.499747,258.270280590741,47.556,0.48750000000000515
1463,3/22/2026 18:54:19.120,31.7729962,-106.4997435,258.81635415513244,47.736,0.38750000000000284
1464,3/22/2026 18:54:19.160,31.7729924,-106.4997402,259.34216213980346,47.808,0.32500000000000195
1465,3/22/2026 18:54:19.200,31.7729885,-106.4997368,259.88254771531757,47.844,0.33749999999999947
1466,3/22/2026 18:54:19.240,31.7729847,-106.4997332,260.42569908787243,47.916,0.3875000000000006
1467,3/22/2026 18:54:19.280,31.7729808,-106.4997299,260.9605036533228,47.952000000000005,0.4875000000000007
1468,3/22/2026 18:54:19.320,31.7729769,-106.4997265,261.5008892528621,48.024,0.499999999999996
1469,3/22/2026 18:54:19.360,31.7729731,-106.4997231,262.0323727817507,47.952000000000005,0.4624999999999968
1470,3/22/2026 18:54:19.400,31.7729692,-106.4997197,262.5727583967547,47.88,0.4875000000000007
1471,3/22/2026 18:54:19.440,31.7729653,-106.4997162,263.11883202825777,48.168000000000006,0.4125000000000001
1472,3/22/2026 18:54:19.480,31.7729615,-106.4997128,263.650315581574,48.204,0.3499999999999992
1473,3/22/2026 18:54:19.520,31.7729576,-106.4997095,264.1851201935475,48.204,0.3750000000000009
1474,3/22/2026 18:54:19.560,31.7729537,-106.4997061,264.7255058406541,48.276,0.3499999999999992
1475,3/22/2026 18:54:19.600,31.7729498,-106.4997027,265.26589149552035,48.348,0.22500000000000187
1476,3/22/2026 18:54:19.640,31.7729459,-106.4996992,265.81196516915827,48.528000000000006,0.1375000000000015
1477,3/22/2026 18:54:19.680,31.772942,-106.4996958,266.3523508401794,48.744,0.13749999999999707
1478,3/22/2026 18:54:19.720,31.7729381,-106.4996924,266.8927365192779,48.672,0.16250000000000098
1479,3/22/2026 18:54:19.760,31.7729342,-106.4996889,267.438810218327,48.636,0.2750000000000008
1480,3/22/2026 18:54:19.800,31.7729302,-106.4996855,267.98817931355785,48.6,0.3499999999999992
1481,3/22/2026 18:54:19.840,31.7729263,-106.4996822,268.5229839872379,48.636,0.3750000000000009
1482,3/22/2026 18:54:19.880,31.7729224,-106.4996786,269.07484939854413,48.744,0.37499999999999867
1483,3/22/2026 18:54:19.920,31.7729184,-106.4996753,269.6187296774214,48.744,0.3624999999999967
1484,3/22/2026 18:54:19.960,31.7729146,-106.4996719,270.15021333031495,48.744,0.3874999999999984
1485,3/22/2026 18:54:20.000,31.7729107,-106.4996684,270.6962870795878,48.528000000000006,0.4624999999999968
1486,3/22/2026 18:54:20.040,31.7729067,-106.499665,271.2456562234822,48.744,0.47499999999999654
1487,3/22/2026 18:54:20.080,31.7729026,-106.4996616,271.8040861726236,48.924,0.40000000000000036
1488,3/22/2026 18:54:20.120,31.7728988,-106.4996581,272.34135212681076,48.96,0.3499999999999992
1489,3/22/2026 18:54:20.160,31.7728947,-106.4996546,272.90528813819355,49.14,0.30000000000000027
1490,3/22/2026 18:54:20.200,31.7728909,-106.4996511,273.4425541106491,49.104000000000006,0.28750000000000053
1491,3/22/2026 18:54:20.240,31.7728868,-106.4996476,274.0064901378565,49.212,0.3249999999999975
1492,3/22/2026 18:54:20.280,31.772883,-106.4996443,274.53229834237555,49.248,0.33749999999999947
1493,3/22/2026 18:54:20.320,31.772879,-106.4996407,275.09296334368065,49.284,0.3125000000000022
1494,3/22/2026 18:54:20.360,31.772875,-106.4996372,275.6479285030799,49.32,0.3125
1495,3/22/2026 18:54:20.400,31.772871,-106.4996338,276.1972977189169,49.284,0.36249999999999893
1496,3/22/2026 18:54:20.440,31.7728671,-106.4996304,276.7376835450658,49.356,0.4125000000000001
1497,3/22/2026 18:54:20.480,31.7728631,-106.4996268,277.2983485819547,49.464,0.4125000000000001
1498,3/22/2026 18:54:20.520,31.7728591,-106.4996235,277.8422289762368,49.428,0.4000000000000026
1499,3/22/2026 18:54:20.560,31.7728551,-106.4996199,278.4028940310295,49.536,0.3625000000000034
1500,3/22/2026 18:54:20.600,31.7728511,-106.4996164,278.9578592415054,49.536,0.30000000000000027
1501,3/22/2026 18:54:20.640,31.7728471,-106.4996129,279.51282445972697,49.716,0.20000000000000018
1502,3/22/2026 18:54:20.680,31.7728431,-106.4996096,280.05670488534975,49.716,0.18750000000000044
1503,3/22/2026 18:54:20.720,31.7728392,-106.499606,280.6085704855134,49.716,0.2874999999999983
1504,3/22/2026 18:54:20.760,31.7728352,-106.4996025,281.16353572996906,49.788,0.28750000000000053
1505,3/22/2026 18:54:20.800,31.7728313,-106.4995991,281.70392163026446,49.86,0.275000000000003
1506,3/22/2026 18:54:20.840,31.7728272,-106.4995955,282.2734678682384,49.968,0.2375000000000016
1507,3/22/2026 18:54:20.880,31.7728233,-106.4995921,282.8138537851028,50.04,0.1750000000000007
1508,3/22/2026 18:54:20.920,31.7728193,-106.4995884,283.3803195409559,50.004000000000005,0.18749999999999822
1509,3/22/2026 18:54:20.960,31.7728153,-106.4995849,283.9352848268197,50.004000000000005,0.23749999999999494
1510,3/22/2026 18:54:21.000,31.7728114,-106.4995813,284.48715049050213,49.932,0.2749999999999986
1511,3/22/2026 18:54:21.040,31.7728075,-106.4995778,285.03322446473004,49.896,0.28750000000000275
1512,3/22/2026 18:54:21.080,31.7728035,-106.4995742,285.59388963500214,50.076,0.2750000000000008
1513,3/22/2026 18:54:21.120,31.7727995,-106.4995706,286.15455481391206,50.184,0.22500000000000187
1514,3/22/2026 18:54:21.160,31.7727955,-106.4995671,286.70952014321034,50.148,0.21250000000000213
1515,3/22/2026 18:54:21.200,31.7727915,-106.4995635,287.2701853403381,50.292,0.1750000000000007
1516,3/22/2026 18:54:21.240,31.7727875,-106.49956,287.82515068593045,50.22,0.18750000000000266
1517,3/22/2026 18:54:21.280,31.7727836,-106.4995565,288.3712247120665,50.292,0.15000000000000124
1518,3/22/2026 18:54:21.320,31.7727796,-106.4995529,288.9318899358262,50.292,0.024999999999999467
1519,3/22/2026 18:54:21.360,31.7727756,-106.4995493,289.4925551685377,50.4,-0.012499999999999734
1520,3/22/2026 18:54:21.400,31.7727716,-106.4995459,290.04192458687845,50.328,0.06249999999999645
1521,3/22/2026 18:54:21.440,31.7727676,-106.4995423,290.6025898371796,50.328,0.16249999999999654
1522,3/22/2026 18:54:21.480,31.7727636,-106.4995387,291.16325509674675,50.436,0.15000000000000124
1523,3/22/2026 18:54:21.520,31.7727596,-106.4995352,291.71822050276666,50.472,0.07500000000000062
1524,3/22/2026 18:54:21.560,31.7727556,-106.4995318,292.2675899537035,50.472,-0.012500000000001954
1525,3/22/2026 18:54:21.600,31.7727515,-106.4995282,292.83713635845015,50.472,-0.03750000000000364
1526,3/22/2026 18:54:21.640,31.7727475,-106.4995247,293.3921017900115,50.580000000000005,-0.012500000000001954
1527,3/22/2026 18:54:21.680,31.7727436,-106.4995211,293.9439676078477,50.364,0.07500000000000284
1528,3/22/2026 18:54:21.720,31.7727396,-106.4995177,294.49333709106014,50.292,0.18750000000000266
1529,3/22/2026 18:54:21.760,31.7727354,-106.4995141,295.0718425202988,50.364,0.20000000000000018
1530,3/22/2026 18:54:21.800,31.7727315,-106.4995105,295.62370836533506,50.544,0.10000000000000453
1531,3/22/2026 18:54:21.840,31.7727275,-106.499507,296.1786738399556,50.580000000000005,0.03750000000000142
1532,3/22/2026 18:54:21.880,31.7727235,-106.4995036,296.7280433559679,50.616,0.06249999999999645
1533,3/22/2026 18:54:21.920,31.7727195,-106.4995,297.2887087142295,50.508,0.1374999999999993
1534,3/22/2026 18:54:21.960,31.7727155,-106.4994966,297.8380782468604,50.4,0.22499999999999964
1535,3/22/2026 18:54:22.000,31.7727115,-106.499493,298.3987436230257,50.436,0.12499999999999956
1536,3/22/2026 18:54:22.040,31.7727075,-106.4994895,298.953709140388,50.580000000000005,-0.11249999999999982
1537,3/22/2026 18:54:22.080,31.7727035,-106.4994859,299.5143745344571,50.580000000000005,-0.1625000000000032
1538,3/22/2026 18:54:22.120,31.7726995,-106.4994825,300.0637440993636,50.616,0.024999999999997247
1539,3/22/2026 18:54:22.160,31.7726954,-106.4994789,300.63329062770254,50.616,0.10000000000000231
1540,3/22/2026 18:54:22.200,31.7726914,-106.4994753,301.19395604885096,50.580000000000005,0.08749999999999813
1541,3/22/2026 18:54:22.240,31.7726874,-106.4994717,301.75462147895126,50.652,0.08749999999999591
1542,3/22/2026 18:54:22.280,31.7726833,-106.4994682,302.3185579346085,50.724,0.0374999999999992
1543,3/22/2026 18:54:22.320,31.7726792,-106.4994647,302.88249439841866,50.796,0.0374999999999992
1544,3/22/2026 18:54:22.360,31.7726752,-106.4994611,303.44315985582216,50.76,0.07500000000000284
1545,3/22/2026 18:54:22.400,31.7726712,-106.4994575,304.0038253218634,50.436,0.25000000000000355
1546,3/22/2026 18:54:22.440,31.7726672,-106.4994539,304.56449079717066,50.25600000000001,0.41249999999999787
1547,3/22/2026 18:54:22.480,31.7726632,-106.4994504,305.11945640920595,50.436,0.3750000000000009
1548,3/22/2026 18:54:22.520,31.7726591,-106.4994468,305.68900301751626,50.832,0.22500000000000187
1549,3/22/2026 18:54:22.560,31.7726552,-106.4994432,306.2408690360321,50.688,0.1374999999999993
1550,3/22/2026 18:54:22.600,31.772651,-106.4994395,306.8249981535347,50.76,0.125000000000004
1551,3/22/2026 18:54:22.640,31.772647,-106.499436,307.37996379938807,50.724,0.12500000000000622
1552,3/22/2026 18:54:22.680,31.772643,-106.4994324,307.940629328854,50.76,0.13750000000000595
1553,3/22/2026 18:54:22.720,31.7726388,-106.4994288,308.5191349672937,50.868,0.13750000000000373
1554,3/22/2026 18:54:22.760,31.7726348,-106.4994253,309.0741006400222,50.904,0.1374999999999993
1555,3/22/2026 18:54:22.800,31.7726309,-106.4994217,309.6259667137877,51.012,0.06249999999999867
1556,3/22/2026 18:54:22.840,31.7726267,-106.4994181,310.2044723784717,50.868,0.012500000000001954
1557,3/22/2026 18:54:22.880,31.7726227,-106.4994146,310.7594380770589,50.904,0.0374999999999992
1558,3/22/2026 18:54:22.920,31.7726187,-106.499411,311.3201036609074,51.012,0.012499999999997513
1559,3/22/2026 18:54:22.960,31.7726146,-106.4994074,311.88965036693725,50.904,0.06249999999999645
1560,3/22/2026 18:54:23.000,31.7726106,-106.4994039,312.4446160905805,50.904,0.14999999999999236
1561,3/22/2026 18:54:23.040,31.7726065,-106.4994003,313.0141628147721,50.940000000000005,0.187499999999996
1562,3/22/2026 18:54:23.080,31.7726026,-106.4993968,313.56023723401927,50.940000000000005,0.23749999999999716
1563,3/22/2026 18:54:23.120,31.7725984,-106.4993932,314.13874296008447,51.084,0.21249999999999547
1564,3/22/2026 18:54:23.160,31.7725944,-106.4993897,314.6937087191512,51.084,0.16249999999999654
1565,3/22/2026 18:54:23.200,31.7725904,-106.4993861,315.254374366334,51.012,0.18749999999999822
1566,3/22/2026 18:54:23.240,31.7725862,-106.4993825,315.8328801188604,50.904,0.2624999999999966
1567,3/22/2026 18:54:23.280,31.7725822,-106.4993789,316.39354578439446,50.976,0.2874999999999983
1568,3/22/2026 18:54:23.320,31.7725781,-106.4993753,316.9630925708362,50.976,0.22500000000000187
1569,3/22/2026 18:54:23.360,31.772574,-106.4993717,317.5326393666274,51.12,0.11250000000000204
1570,3/22/2026 18:54:23.400,31.7725699,-106.4993681,318.10218617113424,51.12,0.06250000000000311
1571,3/22/2026 18:54:23.440,31.7725659,-106.4993645,318.6628518731471,51.264,0.07500000000000062
1572,3/22/2026 18:54:23.480,31.7725618,-106.4993609,319.2323986958156,51.3,0.11250000000000204
1573,3/22/2026 18:54:23.520,31.7725576,-106.4993574,319.8053821233907,51.336,0.12500000000000178
1574,3/22/2026 18:54:23.560,31.7725536,-106.4993538,320.3660478529305,51.3,2.220446049250313e-15
1575,3/22/2026 18:54:23.600,31.7725495,-106.4993501,320.9413058037263,51.336,-0.049999999999996714
1576,3/22/2026 18:54:23.640,31.7725454,-106.4993465,321.5108526625251,51.336,0.03750000000000142
1577,3/22/2026 18:54:23.680,31.7725413,-106.4993429,322.08039953003953,51.372,0.012499999999999734
1578,3/22/2026 18:54:23.720,31.7725372,-106.4993393,322.64994640690344,51.228,0.0374999999999992
1579,3/22/2026 18:54:23.760,31.7725331,-106.4993358,323.2138831784446,51.192,0.12500000000000178
1580,3/22/2026 18:54:23.800,31.7725291,-106.4993321,323.78034961248096,51.228,0.12500000000000178
1581,3/22/2026 18:54:23.840,31.7725251,-106.4993285,324.3410154058026,51.372,0.06250000000000089
1582,3/22/2026 18:54:23.880,31.7725209,-106.4993249,324.91952129996105,51.516000000000005,0.0
1583,3/22/2026 18:54:23.920,31.7725168,-106.4993213,325.4890682217674,51.48,-0.012499999999997513
1584,3/22/2026 18:54:23.960,31.7725127,-106.4993177,326.0586151522894,51.156000000000006,0.025000000000001688
1585,3/22/2026 18:54:24.000,31.7725086,-106.4993142,326.6225519756762,51.336,0.024999999999999467
1586,3/22/2026 18:54:24.040,31.7725045,-106.4993106,327.19209892426323,51.444,-0.050000000000001155
1587,3/22/2026 18:54:24.080,31.7725004,-106.4993069,327.7673569893204,51.3,-0.03750000000000142
1588,3/22/2026 18:54:24.120,31.7724963,-106.4993033,328.33690395597256,51.408,-0.049999999999998934
1589,3/22/2026 18:54:24.160,31.7724922,-106.4992996,328.91216203910426,51.372,-0.10000000000000009
1590,3/22/2026 18:54:24.200,31.7724881,-106.499296,329.4817090238215,51.408,-0.1374999999999993
1591,3/22/2026 18:54:24.240,31.772484,-106.4992924,330.05125601788825,51.372,-0.1374999999999993
1592,3/22/2026 18:54:24.280,31.7724798,-106.4992888,330.6297620011903,51.516000000000005,-0.125000000000004
1593,3/22/2026 18:54:24.320,31.7724758,-106.4992852,331.19042790484315,51.444,-0.06250000000000533
1594,3/22/2026 18:54:24.360,31.7724716,-106.4992817,331.76341151042783,51.264,0.06249999999999645
1595,3/22/2026 18:54:24.400,31.7724676,-106.4992781,332.324077432432,51.3,0.06249999999999867
1596,3/22/2026 18:54:24.440,31.7724634,-106.4992745,332.9025834513046,51.336,0.03750000000000142
1597,3/22/2026 18:54:24.480,31.7724593,-106.4992709,333.47213049947,51.3,0.03750000000000142
1598,3/22/2026 18:54:24.520,31.7724551,-106.4992673,334.05063653666446,51.264,0.03749999999999698
1599,3/22/2026 18:54:24.560,31.7724511,-106.4992638,334.6056026016575,51.228,0.0374999999999992
1600,3/22/2026 18:54:24.600,31.772447,-106.4992602,335.17514967723736,51.156000000000006,0.0374999999999992
1601,3/22/2026 18:54:24.640,31.772443,-106.4992567,335.7301157590553,51.228,0.08749999999999813
1602,3/22/2026 18:54:24.680,31.7724387,-106.499253,336.32319299968714,51.3,0.10000000000000231
1603,3/22/2026 18:54:24.720,31.7724347,-106.4992494,336.8838589950059,51.48,4.440892098500626e-15
1604,3/22/2026 18:54:24.760,31.7724305,-106.4992459,337.45684268520773,51.408,-0.024999999999997247
1605,3/22/2026 18:54:24.800,31.7724265,-106.4992423,338.0175086988777,51.336,0.050000000000001155
1606,3/22/2026 18:54:24.840,31.7724223,-106.4992387,338.5960148072134,51.408,0.07500000000000284
1607,3/22/2026 18:54:24.880,31.7724181,-106.4992351,339.17452092433905,51.336,0.050000000000003375
1608,3/22/2026 18:54:24.920,31.7724141,-106.4992315,339.735186966891,51.336,0.03750000000000364
1609,3/22/2026 18:54:24.960,31.7724099,-106.4992279,340.3136931018019,51.264,0.06250000000000089
1610,3/22/2026 18:54:25.000,31.7724059,-106.4992243,340.8743591618878,51.228,0.12499999999999734
1611,3/22/2026 18:54:25.040,31.7724017,-106.4992208,341.44734291137934,51.408,0.024999999999997247
1612,3/22/2026 18:54:25.080,31.7723977,-106.4992172,342.00800898981646,51.408,-0.14999999999999902
1613,3/22/2026 18:54:25.120,31.7723936,-106.4992136,342.5775561827226,51.372,-0.1374999999999993
1614,3/22/2026 18:54:25.160,31.7723895,-106.49921,343.14710338497827,51.444,-0.08750000000000258
1615,3/22/2026 18:54:25.200,31.7723852,-106.4992064,343.7346428600668,51.444,0.03749999999999698
1616,3/22/2026 18:54:25.240,31.7723812,-106.4992028,344.29530897511603,51.516000000000005,0.12499999999999512
1617,3/22/2026 18:54:25.280,31.772377,-106.4991992,344.87381518170463,51.372,0.12499999999999512
1618,3/22/2026 18:54:25.320,31.772373,-106.4991955,345.440281981505,51.408,0.09999999999999565
1619,3/22/2026 18:54:25.360,31.7723688,-106.4991919,346.0187882058789,51.372,0.03749999999999698
1620,3/22/2026 18:54:25.400,31.7723646,-106.4991883,346.5972944390427,51.48,-0.049999999999998934
1621,3/22/2026 18:54:25.440,31.7723606,-106.4991847,347.1579606005078,51.228,-0.024999999999999467
1622,3/22/2026 18:54:25.480,31.7723565,-106.4991811,347.7275078751473,51.156000000000006,0.12499999999999734
1623,3/22/2026 18:54:25.520,31.7723524,-106.4991776,348.29144502703525,51.228,0.16249999999999876
1624,3/22/2026 18:54:25.560,31.7723484,-106.499174,348.85211121580335,51.336,0.11250000000000204
1625,3/22/2026 18:54:25.600,31.7723442,-106.4991702,349.4419627998281,51.66,-0.049999999999996714
1626,3/22/2026 18:54:25.640,31.77234,-106.4991666,350.0204690863477,51.66,-0.17499999999999627
1627,3/22/2026 18:54:25.680,31.772336,-106.4991632,350.5698393921145,51.588,-0.19999999999999574
1628,3/22/2026 18:54:25.720,31.7723318,-106.4991596,351.14834569641937,51.48,-0.21249999999999547
1629,3/22/2026 18:54:25.760,31.7723278,-106.4991558,351.72071097299136,51.408,-0.16249999999999876
1630,3/22/2026 18:54:25.800,31.7723236,-106.4991522,352.2992172950815,51.3,-0.050000000000001155
1631,3/22/2026 18:54:25.840,31.7723195,-106.4991486,352.86876465155086,51.336,0.012499999999999734
1632,3/22/2026 18:54:25.880,31.7723154,-106.499145,353.4383120167358,51.408,0.03750000000000142
1633,3/22/2026 18:54:25.920,31.7723113,-106.4991414,354.00785939127013,51.444,0.07500000000000062
1634,3/22/2026 18:54:25.960,31.7723072,-106.4991378,354.5774067745201,51.444,0.012499999999999734
1635,3/22/2026 18:54:26.000,31.7723031,-106.4991342,355.14695416711953,51.408,-0.0374999999999992
1636,3/22/2026 18:54:26.040,31.7722989,-106.4991306,355.72546054278234,51.408,-0.012499999999999734
1637,3/22/2026 18:54:26.080,31.7722949,-106.4991269,356.2919275256319,51.264,0.06249999999999867
1638,3/22/2026 18:54:26.120,31.7722907,-106.4991232,356.87605745986866,51.192,0.1374999999999993
1639,3/22/2026 18:54:26.160,31.7722867,-106.4991196,357.43672378671823,51.228,0.08750000000000258
1640,3/22/2026 18:54:26.200,31.7722826,-106.499116,358.00627122416324,51.336,-0.03749999999999698
1641,3/22/2026 18:54:26.240,31.7722785,-106.4991122,358.5873389406698,51.336,-0.024999999999997247
1642,3/22/2026 18:54:26.280,31.7722743,-106.4991086,359.1658453696883,51.516000000000005,0.0374999999999992
1643,3/22/2026 18:54:26.320,31.7722703,-106.499105,359.7265117332402,51.552,-0.012500000000004174
1644,3/22/2026 18:54:26.360,31.7722661,-106.4991014,360.30501818004404,51.372,-0.03750000000000364
1645,3/22/2026 18:54:26.400,31.7722621,-106.4990976,360.8773836170915,51.372,-2.220446049250313e-15
1646,3/22/2026 18:54:26.440,31.7722579,-106.499094,361.45589008168054,51.408,0.0
1647,3/22/2026 18:54:26.480,31.7722539,-106.4990904,362.01655648193474,51.444,-2.220446049250313e-15
1648,3/22/2026 18:54:26.520,31.7722497,-106.4990866,362.6064082899376,51.408,0.03749999999999476
1649,3/22/2026 18:54:26.560,31.7722457,-106.499083,363.1670747085429,51.264,0.06249999999999645
1650,3/22/2026 18:54:26.600,31.7722415,-106.4990794,363.7455812087024,51.192,0.11249999999999982
1651,3/22/2026 18:54:26.640,31.7722375,-106.4990758,364.30624764565886,51.408,0.049999999999998934
1652,3/22/2026 18:54:26.680,31.7722332,-106.4990722,364.8937874453566,51.552,-0.11250000000000204
1653,3/22/2026 18:54:26.720,31.7722291,-106.4990684,365.4748552804072,51.48,-0.1374999999999993
1654,3/22/2026 18:54:26.760,31.772225,-106.4990648,366.0444028450647,51.336,-0.049999999999998934
1655,3/22/2026 18:54:26.800,31.7722209,-106.4990612,366.6139504184378,51.408,-0.03750000000000142
1656,3/22/2026 18:54:26.840,31.7722168,-106.4990576,367.18349800116033,51.372,0.012499999999999734
1657,3/22/2026 18:54:26.880,31.7722127,-106.499054,367.7530455925984,51.48,0.06250000000000533
1658,3/22/2026 18:54:26.920,31.7722086,-106.4990502,368.33411347728196,51.48,6.661338147750939e-15
1659,3/22/2026 18:54:26.960,31.7722046,-106.4990466,368.8947799878668,51.372,-0.024999999999999467
1660,3/22/2026 18:54:27.000,31.7722004,-106.499043,369.47328657716935,51.408,-0.050000000000003375
1661,3/22/2026 18:54:27.040,31.7721964,-106.4990394,370.0339531061053,51.336,-0.012499999999999734
1662,3/22/2026 18:54:27.080,31.7721922,-106.4990357,370.61808326464904,51.3,0.050000000000003375
1663,3/22/2026 18:54:27.120,31.7721882,-106.499032,371.1845504963233,51.336,0.050000000000003375
1664,3/22/2026 18:54:27.160,31.772184,-106.4990284,371.7630571211963,51.336,0.050000000000003375
1665,3/22/2026 18:54:27.200,31.77218,-106.4990248,372.3237236868345,51.3,0.06250000000000311
1666,3/22/2026 18:54:27.240,31.7721758,-106.4990211,372.9078538825906,51.516000000000005,0.03750000000000142
1667,3/22/2026 18:54:27.280,31.7721718,-106.4990174,373.4743211526374,51.516000000000005,-0.012500000000004174
1668,3/22/2026 18:54:27.320,31.7721676,-106.4990138,374.0528278130808,51.444,0.03749999999999476
1669,3/22/2026 18:54:27.360,31.7721636,-106.4990102,374.61349441542126,51.336,0.08750000000000036
1670,3/22/2026 18:54:27.400,31.7721595,-106.4990065,375.18875326561187,51.3,0.08750000000000258
1671,3/22/2026 18:54:27.440,31.7721554,-106.4990029,375.7583009836014,51.408,0.03750000000000142
1672,3/22/2026 18:54:27.480,31.7721514,-106.4989993,376.3189676132447,51.372,-0.025000000000001688
1673,3/22/2026 18:54:27.520,31.7721472,-106.4989956,376.90309787308905,51.408,-0.03750000000000364
1674,3/22/2026 18:54:27.560,31.7721432,-106.4989919,377.4695652108852,51.408,0.012499999999999734
1675,3/22/2026 18:54:27.600,31.772139,-106.4989882,378.0536954893357,51.408,0.10000000000000009
1676,3/22/2026 18:54:27.640,31.7721349,-106.4989847,378.6176330983218,51.516000000000005,0.06249999999999867
1677,3/22/2026 18:54:27.680,31.7721308,-106.498981,379.19289201413324,51.48,-0.03749999999999698
1678,3/22/2026 18:54:27.720,31.7721268,-106.4989773,379.7593593894706,51.588,-0.16249999999999654
1679,3/22/2026 18:54:27.760,31.7721227,-106.4989736,380.3346183244496,51.444,-0.18749999999999822
1680,3/22/2026 18:54:27.800,31.7721186,-106.49897,380.9041661235111,51.444,-0.08749999999999813
1681,3/22/2026 18:54:27.840,31.7721144,-106.4989664,381.48267289934137,51.372,0.0749999999999984
1682,3/22/2026 18:54:27.880,31.7721103,-106.4989627,382.05793186207165,51.336,0.20000000000000018
1683,3/22/2026 18:54:27.920,31.7721062,-106.4989591,382.6274796892554,51.336,0.15000000000000124
1684,3/22/2026 18:54:27.960,31.7721022,-106.4989554,383.19394712215154,51.516000000000005,0.03749999999999476
1685,3/22/2026 18:54:28.000,31.7720981,-106.4989518,383.7634949660585,51.588,-0.08750000000000258
1686,3/22/2026 18:54:28.040,31.772094,-106.4989481,384.33875396665826,51.516000000000005,-0.16249999999999876
1687,3/22/2026 18:54:28.080,31.7720899,-106.4989445,384.9083018294346,51.372,-0.12499999999999956
1688,3/22/2026 18:54:28.120,31.7720858,-106.4989408,385.48356084892737,51.228,0.012500000000001954
1689,3/22/2026 18:54:28.160,31.7720818,-106.4989373,386.0385277034572,51.264,0.12499999999999734
1690,3/22/2026 18:54:28.200,31.7720777,-106.4989336,386.61378674129884,51.372,0.08749999999999591
1691,3/22/2026 18:54:28.240,31.7720736,-106.4989299,387.1890457897194,51.66,-0.10000000000000009
1692,3/22/2026 18:54:28.280,31.7720695,-106.4989262,387.764304846454,51.624,-0.26250000000000107
1693,3/22/2026 18:54:28.320,31.7720654,-106.4989227,388.3282426019232,51.48,-0.2874999999999983
1694,3/22/2026 18:54:28.360,31.7720614,-106.498919,388.89471013028265,51.48,-0.2624999999999966
1695,3/22/2026 18:54:28.400,31.7720572,-106.4989153,389.47884059514655,51.372,-0.1375000000000015
1696,3/22/2026 18:54:28.440,31.7720532,-106.4989116,390.04530814269225,51.264,0.012499999999995293
1697,3/22/2026 18:54:28.480,31.7720492,-106.4989081,390.60027506657286,51.264,0.024999999999997247
1698,3/22/2026 18:54:28.520,31.772045,-106.4989045,391.17878199324605,51.372,-0.025000000000001688
1699,3/22/2026 18:54:28.560,31.772041,-106.4989007,391.7511479700316,51.48,-0.07500000000000062
1700,3/22/2026 18:54:28.600,31.7720368,-106.4988971,392.32965491448994,51.408,-0.13749999999999707
1701,3/22/2026 18:54:28.640,31.7720328,-106.4988935,392.8903218092386,51.336,-0.187499999999996
1702,3/22/2026 18:54:28.680,31.7720287,-106.4988898,393.46558096029133,51.192,-0.1499999999999968
1703,3/22/2026 18:54:28.720,31.7720247,-106.4988861,394.03204857452084,51.084,-0.08750000000000036
1704,3/22/2026 18:54:28.760,31.7720207,-106.4988825,394.59271549747984,51.12,-0.049999999999998934
1705,3/22/2026 18:54:28.800,31.7720166,-106.4988789,395.1622635209345,51.336,-0.049999999999996714
1706,3/22/2026 18:54:28.840,31.7720125,-106.4988753,395.73181155373857,51.336,-0.08749999999999813
1707,3/22/2026 18:54:28.880,31.7720084,-106.4988716,396.30707075124917,51.264,-0.1375000000000015
1708,3/22/2026 18:54:28.920,31.7720043,-106.498868,396.8766188021181,51.3,-0.1750000000000007
1709,3/22/2026 18:54:28.960,31.7720003,-106.4988643,397.4430864742697,51.336,-0.19999999999999796
1710,3/22/2026 18:54:29.000,31.7719963,-106.4988607,398.00375345070296,51.156000000000006,-0.125000000000004
1711,3/22/2026 18:54:29.040,31.7719922,-106.4988571,398.5733015282286,51.048,0.11249999999999538
1712,3/22/2026 18:54:29.080,31.7719881,-106.4988535,399.1428496144698,51.048,0.23749999999999938
1713,3/22/2026 18:54:29.120,31.771984,-106.4988498,399.7181088685124,50.976,0.17500000000000293
1714,3/22/2026 18:54:29.160,31.77198,-106.4988463,400.2730759405947,51.084,0.03750000000000142
1715,3/22/2026 18:54:29.200,31.771976,-106.4988427,400.8337429627721,51.228,-0.11250000000000204
1716,3/22/2026 18:54:29.240,31.7719718,-106.4988389,401.42359542943376,51.192,-0.12499999999999956
1717,3/22/2026 18:54:29.280,31.7719678,-106.4988353,401.9842624699622,51.012,0.03750000000000142
1718,3/22/2026 18:54:29.320,31.7719636,-106.4988317,402.5627695728658,51.048,0.15000000000000124
1719,3/22/2026 18:54:29.360,31.7719596,-106.4988281,403.1234366317453,51.012,0.15000000000000124
1720,3/22/2026 18:54:29.400,31.7719556,-106.4988245,403.6841036995765,51.12,0.15000000000000124
1721,3/22/2026 18:54:29.440,31.7719514,-106.4988209,404.2626108289409,51.408,0.06250000000000089
1722,3/22/2026 18:54:29.480,31.7719474,-106.4988171,404.8349770346552,51.372,-0.025000000000001688
1723,3/22/2026 18:54:29.520,31.7719432,-106.4988135,405.41348418180473,51.156000000000006,0.03749999999999476
1724,3/22/2026 18:54:29.560,31.7719392,-106.4988099,405.974151286338,51.012,0.1374999999999993
1725,3/22/2026 18:54:29.600,31.7719351,-106.4988062,406.54941065273346,50.976,0.25000000000000355
1726,3/22/2026 18:54:29.640,31.7719311,-106.4988027,407.10437782931774,51.084,0.2750000000000008
1727,3/22/2026 18:54:29.680,31.7719271,-106.4987991,407.66504496092995,51.228,0.11249999999999982
1728,3/22/2026 18:54:29.720,31.7719229,-106.4987953,408.2548975434906,51.264,0.09999999999999787
1729,3/22/2026 18:54:29.760,31.7719189,-106.4987916,408.8213654052689,51.228,0.23749999999999938
1730,3/22/2026 18:54:29.800,31.7719147,-106.4987881,409.39435016356146,51.336,0.21250000000000213
1731,3/22/2026 18:54:29.840,31.7719106,-106.4987843,409.97541876521973,51.372,0.1374999999999993
1732,3/22/2026 18:54:29.880,31.7719067,-106.4987807,410.52728648554813,51.336,0.14999999999999902
1733,3/22/2026 18:54:29.920,31.7719025,-106.4987771,411.1057937209726,51.3,0.18750000000000044
1734,3/22/2026 18:54:29.960,31.7718985,-106.4987735,411.6664609165896,51.264,0.17499999999999627
1735,3/22/2026 18:54:30.000,31.7718945,-106.4987697,412.2388272515136,51.444,0.0874999999999937
1736,3/22/2026 18:54:30.040,31.7718903,-106.498766,412.8229580942725,51.408,0.11249999999999538
1737,3/22/2026 18:54:30.080,31.7718863,-106.4987624,413.38362531719224,51.228,0.2749999999999986
1738,3/22/2026 18:54:30.120,31.7718821,-106.4987587,413.9677561793634,51.552,0.26250000000000107
1739,3/22/2026 18:54:30.160,31.7718781,-106.498755,414.5342241366046,51.624,0.14999999999999902
1740,3/22/2026 18:54:30.200,31.7718739,-106.4987514,415.11273143406004,51.552,0.1374999999999993
1741,3/22/2026 18:54:30.240,31.7718699,-106.4987477,415.6791994113188,51.552,0.16250000000000098
1742,3/22/2026 18:54:30.280,31.7718659,-106.498744,416.24566739679443,51.588,0.17500000000000293
1743,3/22/2026 18:54:30.320,31.7718618,-106.4987404,416.81521576159565,51.588,0.2000000000000024
1744,3/22/2026 18:54:30.360,31.7718578,-106.4987367,417.38168376716567,51.48,0.28750000000000275
1745,3/22/2026 18:54:30.400,31.7718536,-106.498733,417.96581469319784,51.48,0.33750000000000613
1746,3/22/2026 18:54:30.440,31.7718495,-106.4987293,418.54107425794973,51.696,0.27500000000000524
1747,3/22/2026 18:54:30.480,31.7718454,-106.4987257,419.1106226585637,51.732,0.21250000000000213
1748,3/22/2026 18:54:30.520,31.7718414,-106.498722,419.67709070167473,51.804,0.15000000000000124
1749,3/22/2026 18:54:30.560,31.7718374,-106.4987183,420.24355875497616,51.804,0.10000000000000231
1750,3/22/2026 18:54:30.600,31.7718332,-106.4987146,420.82768972729644,51.768,0.1375000000000015
1751,3/22/2026 18:54:30.640,31.7718292,-106.498711,421.3883570780018,51.804,0.18750000000000266
1752,3/22/2026 18:54:30.680,31.771825,-106.4987072,421.97820989259685,51.84,0.2124999999999999
1753,3/22/2026 18:54:30.720,31.771821,-106.4987036,422.53887726165317,51.912,0.16249999999999654
1754,3/22/2026 18:54:30.760,31.7718168,-106.4986998,423.1287300956832,51.984,0.024999999999997247
1755,3/22/2026 18:54:30.800,31.7718128,-106.4986961,423.6951982057117,51.948,-0.012500000000001954
1756,3/22/2026 18:54:30.840,31.7718086,-106.4986924,424.27932923465613,52.02,-0.012499999999999734
1757,3/22/2026 18:54:30.880,31.7718045,-106.4986887,424.85458890227005,52.02,0.049999999999998934
1758,3/22/2026 18:54:30.920,31.7718004,-106.498685,425.4298485798353,51.948,0.187499999999996
1759,3/22/2026 18:54:30.960,31.7717963,-106.4986813,426.0051082663422,51.948,0.2249999999999952
1760,3/22/2026 18:54:31.000,31.7717921,-106.4986775,426.594961158914,52.02,0.22499999999999742
1761,3/22/2026 18:54:31.040,31.7717881,-106.4986739,427.155628601598,52.092000000000006,0.19999999999999796
1762,3/22/2026 18:54:31.080,31.7717839,-106.4986701,427.7454815136047,52.164,0.16249999999999876
1763,3/22/2026 18:54:31.120,31.7717797,-106.4986665,428.3239890153716,52.056,0.2000000000000024
1764,3/22/2026 18:54:31.160,31.7717757,-106.4986627,428.8963556404675,51.912,0.28750000000000275
1765,3/22/2026 18:54:31.200,31.7717717,-106.498659,429.4628238466606,51.984,0.28750000000000053
1766,3/22/2026 18:54:31.240,31.7717675,-106.4986553,430.0469549688619,51.948,0.2749999999999986
1767,3/22/2026 18:54:31.280,31.7717632,-106.4986516,430.64003371831,52.236,0.22500000000000187
1768,3/22/2026 18:54:31.320,31.771759,-106.4986479,431.2241648597979,52.272,0.13750000000000595
1769,3/22/2026 18:54:31.360,31.771755,-106.4986442,431.7906331050652,52.272,0.13750000000000373
1770,3/22/2026 18:54:31.400,31.7717507,-106.4986406,432.3781739351768,52.344,0.1375000000000015
1771,3/22/2026 18:54:31.440,31.7717466,-106.4986368,432.9592429310992,52.344,0.12500000000000178
1772,3/22/2026 18:54:31.480,31.7717425,-106.4986332,433.5287915587216,52.38,0.10000000000000009
1773,3/22/2026 18:54:31.520,31.7717383,-106.4986294,434.1186445788054,52.416,0.07500000000000062
1774,3/22/2026 18:54:31.560,31.7717341,-106.4986258,434.69715217947453,52.38,0.03750000000000142
1775,3/22/2026 18:54:31.600,31.77173,-106.4986222,435.2667008343178,52.344,-0.03750000000000142
1776,3/22/2026 18:54:31.640,31.7717258,-106.4986184,435.85655388434145,52.38,-0.07500000000000284
1777,3/22/2026 18:54:31.680,31.7717217,-106.4986148,436.42610255746985,52.452000000000005,-0.07500000000000284
1778,3/22/2026 18:54:31.720,31.7717175,-106.4986112,437.00461019414286,52.452000000000005,-0.03750000000000142
1779,3/22/2026 18:54:31.760,31.7717133,-106.4986074,437.5944632737929,52.488,0.0
1780,3/22/2026 18:54:31.800,31.7717091,-106.4986038,438.17297092868466,52.524,0.024999999999997247
1781,3/22/2026 18:54:31.840,31.7717048,-106.4986,438.77168613947197,52.524,0.03749999999999698
1782,3/22/2026 18:54:31.880,31.7717007,-106.4985964,439.34123485886386,52.488,-0.0374999999999992
1783,3/22/2026 18:54:31.920,31.7716965,-106.4985928,439.91974254108385,52.524,-0.16249999999999876
1784,3/22/2026 18:54:31.960,31.7716923,-106.4985891,440.5038738331091,52.38,-0.12499999999999956
1785,3/22/2026 18:54:32.000,31.7716881,-106.4985854,441.08800513578694,52.236,0.025000000000001688
1786,3/22/2026 18:54:32.040,31.771684,-106.4985818,441.65755389196926,52.272,0.07500000000000284
1787,3/22/2026 18:54:32.080,31.7716798,-106.4985782,442.23606161041,52.344,0.06250000000000089
1788,3/22/2026 18:54:32.120,31.7716756,-106.4985744,442.8259147794131,52.452000000000005,-0.050000000000003375
1789,3/22/2026 18:54:32.160,31.7716715,-106.4985708,443.3954635631332,52.488,-0.1375000000000015
1790,3/22/2026 18:54:32.200,31.7716673,-106.498567,443.9853167514947,52.596,-0.1499999999999968
1791,3/22/2026 18:54:32.240,31.7716631,-106.4985634,444.56382450615615,52.56,-0.1749999999999985
1792,3/22/2026 18:54:32.280,31.7716589,-106.4985598,445.14233227024664,52.344,-0.10000000000000009
1793,3/22/2026 18:54:32.320,31.7716547,-106.4985559,445.7380027332914,52.2,0.024999999999999467
1794,3/22/2026 18:54:32.360,31.7716506,-106.4985523,446.30755156305463,52.344,-0.025000000000001688
1795,3/22/2026 18:54:32.400,31.7716464,-106.4985486,446.8916829592277,52.344,-0.14999999999999902
1796,3/22/2026 18:54:32.440,31.7716422,-106.4985449,447.4758143660534,52.38,-0.23749999999999716
1797,3/22/2026 18:54:32.480,31.7716381,-106.4985413,448.0453632233544,52.416,-0.33749999999999725
1798,3/22/2026 18:54:32.520,31.7716339,-106.4985376,448.62949464789017,52.236,-0.2874999999999961
1799,3/22/2026 18:54:32.560,31.7716297,-106.498534,449.20800247531264,52.308,-0.2749999999999986
1800,3/22/2026 18:54:32.600,31.7716255,-106.4985303,449.79213391971433,52.344,-0.3875000000000006
1801,3/22/2026 18:54:32.640,31.7716214,-106.4985266,450.3673940088787,52.308,-0.40000000000000036
1802,3/22/2026 18:54:32.680,31.7716173,-106.498523,450.9369429123194,52.308,-0.3875000000000006
1803,3/22/2026 18:54:32.720,31.771613,-106.4985192,451.53565833746194,52.308,-0.3875000000000006
1804,3/22/2026 18:54:32.760,31.7716088,-106.4985156,452.11416620989485,52.164,-0.3125
1805,3/22/2026 18:54:32.800,31.7716047,-106.498512,452.68371514077666,52.092000000000006,-0.2375000000000016
1806,3/22/2026 18:54:32.840,31.7716005,-106.4985084,453.2622230312114,51.948,-0.22500000000000187
1807,3/22/2026 18:54:32.880,31.7715964,-106.4985047,453.8374831791083,51.876000000000005,-0.23749999999999938
1808,3/22/2026 18:54:32.920,31.7715923,-106.4985012,454.40142192874225,51.948,-0.28750000000000275
1809,3/22/2026 18:54:32.960,31.7715881,-106.4984975,454.98555345800503,51.804,-0.3250000000000042
1810,3/22/2026 18:54:33.000,31.771584,-106.4984938,455.56081363333914,51.732,-0.3125000000000022
1811,3/22/2026 18:54:33.040,31.7715799,-106.4984903,456.12475240984077,51.768,-0.28750000000000053
1812,3/22/2026 18:54:33.080,31.7715757,-106.4984866,456.70888396643306,51.732,-0.26249999999999885
1813,3/22/2026 18:54:33.120,31.7715717,-106.4984829,457.2753526414107,51.768,-0.2750000000000008
1814,3/22/2026 18:54:33.160,31.7715676,-106.4984793,457.84490165402445,51.804,-0.3500000000000014
1815,3/22/2026 18:54:33.200,31.7715635,-106.4984756,458.4201618769044,51.768,-0.3875000000000006
1816,3/22/2026 18:54:33.240,31.7715593,-106.498472,458.99866985669786,51.624,-0.3499999999999992
1817,3/22/2026 18:54:33.280,31.7715552,-106.4984683,459.5739300992059,51.516000000000005,-0.2874999999999983
1818,3/22/2026 18:54:33.320,31.7715511,-106.4984647,460.14347914848634,51.48,-0.2499999999999991
1819,3/22/2026 18:54:33.360,31.771547,-106.4984612,460.707417993858,51.336,-0.2124999999999977
1820,3/22/2026 18:54:33.400,31.7715429,-106.4984576,461.27696706120315,51.3,-0.19999999999999796
1821,3/22/2026 18:54:33.440,31.7715388,-106.4984541,461.84090592334985,51.372,-0.28750000000000053
1822,3/22/2026 18:54:33.480,31.7715348,-106.4984505,462.4015739325842,51.372,-0.36250000000000115
1823,3/22/2026 18:54:33.520,31.7715306,-106.4984469,462.9800819749447,51.336,-0.40000000000000036
1824,3/22/2026 18:54:33.560,31.7715265,-106.4984432,463.5553422835776,51.228,-0.36249999999999893
1825,3/22/2026 18:54:33.600,31.7715224,-106.4984396,464.1248913960846,51.228,-0.32499999999999973
1826,3/22/2026 18:54:33.640,31.7715184,-106.498436,464.68555944202063,51.156000000000006,-0.31250000000000444
1827,3/22/2026 18:54:33.680,31.7715143,-106.4984325,465.2494983556918,51.156000000000006,-0.27500000000000746
1828,3/22/2026 18:54:33.720,31.7715102,-106.4984288,465.8247587018799,51.12,-0.3500000000000014
1829,3/22/2026 18:54:33.760,31.7715062,-106.4984252,466.38542677543256,51.084,-0.4499999999999993
1830,3/22/2026 18:54:33.800,31.7715021,-106.4984217,466.94936571555075,50.976,-0.4874999999999985
1831,3/22/2026 18:54:33.840,31.7714981,-106.4984182,467.5043338166722,50.868,-0.4624999999999946
1832,3/22/2026 18:54:33.880,31.771494,-106.4984146,468.07388299142787,50.832,-0.44999999999999707
1833,3/22/2026 18:54:33.920,31.77149,-106.498411,468.63455110123465,50.724,-0.41249999999999787
1834,3/22/2026 18:54:33.960,31.7714859,-106.4984075,469.1984900754221,50.796,-0.37499999999999867
1835,3/22/2026 18:54:34.000,31.7714819,-106.4984039,469.75915820304186,50.724,-0.3875000000000006
1836,3/22/2026 18:54:34.040,31.7714778,-106.4984004,470.32309719426394,50.76,-0.39999999999999813
1837,3/22/2026 18:54:34.080,31.7714738,-106.4983968,470.8837653403248,50.76,-0.4749999999999943
1838,3/22/2026 18:54:34.120,31.7714698,-106.4983933,471.43873350192433,50.508,-0.4624999999999968
1839,3/22/2026 18:54:34.160,31.7714658,-106.4983898,471.99370167255734,50.4,-0.37499999999999867
1840,3/22/2026 18:54:34.200,31.7714618,-106.4983862,472.55436984547316,50.25600000000001,-0.2750000000000008
1841,3/22/2026 18:54:34.240,31.7714577,-106.4983826,473.1239191005151,50.25600000000001,-0.22500000000000409
1842,3/22/2026 18:54:34.280,31.7714538,-106.4983792,473.6643078537494,50.148,-0.23750000000000382
1843,3/22/2026 18:54:34.320,31.7714498,-106.4983757,474.21927605889226,50.22,-0.30000000000000027
1844,3/22/2026 18:54:34.360,31.7714458,-106.4983721,474.77994426761455,50.22,-0.37499999999999645
1845,3/22/2026 18:54:34.400,31.7714419,-106.4983687,475.3203330454946,50.184,-0.3874999999999984
1846,3/22/2026 18:54:34.440,31.7714378,-106.4983651,475.8898823440595,50.148,-0.40000000000000036
1847,3/22/2026 18:54:34.480,31.7714337,-106.4983616,476.4538214280255,50.004000000000005,-0.3375000000000039
1848,3/22/2026 18:54:34.520,31.7714298,-106.4983582,476.99421023096545,49.932,-0.3000000000000047
1849,3/22/2026 18:54:34.560,31.7714258,-106.4983546,477.5548784844459,49.896,-0.3500000000000014
1850,3/22/2026 18:54:34.600,31.7714218,-106.4983511,478.1098467494256,49.968,-0.4375000000000018
1851,3/22/2026 18:54:34.640,31.7714178,-106.4983477,478.6592189257685,49.896,-0.4875000000000007
1852,3/22/2026 18:54:34.680,31.7714138,-106.4983441,479.21988720578975,49.824,-0.4624999999999968
1853,3/22/2026 18:54:34.720,31.7714099,-106.4983406,479.76596421490444,49.68000000000001,-0.4125000000000001
1854,3/22/2026 18:54:34.760,31.7714059,-106.4983371,480.32093251354564,49.68000000000001,-0.38750000000000284
1855,3/22/2026 18:54:34.800,31.771402,-106.4983336,480.86700954063355,49.608,-0.349999999999997
1856,3/22/2026 18:54:34.840,31.771398,-106.4983302,481.4163817569925,49.572,-0.29999999999999805
1857,3/22/2026 18:54:34.880,31.7713941,-106.4983268,481.9567706341873,49.608,-0.36249999999999893
1858,3/22/2026 18:54:34.920,31.7713901,-106.4983232,482.51743896724685,49.464,-0.3874999999999962
1859,3/22/2026 18:54:34.960,31.7713862,-106.4983198,483.05782786080306,49.356,-0.3499999999999992
1860,3/22/2026 18:54:35.000,31.7713823,-106.4983163,483.60390493036147,49.248,-0.32499999999999973
1861,3/22/2026 18:54:35.040,31.7713783,-106.4983129,484.1532771871738,49.212,-0.3499999999999992
1862,3/22/2026 18:54:35.080,31.7713744,-106.4983094,484.6993542738896,49.176,-0.4125000000000023
1863,3/22/2026 18:54:35.120,31.7713705,-106.4983059,485.24543136825974,49.14,-0.3875000000000006
1864,3/22/2026 18:54:35.160,31.7713666,-106.4983025,485.7858203028919,49.104000000000006,-0.3875000000000006
1865,3/22/2026 18:54:35.200,31.7713626,-106.4982991,486.33519259168827,49.176,-0.46250000000000346
1866,3/22/2026 18:54:35.240,31.7713588,-106.4982957,486.8666795199532,49.14,-0.43749999999999956
1867,3/22/2026 18:54:35.280,31.7713548,-106.4982922,487.4216479281139,48.996,-0.36249999999999893
1868,3/22/2026 18:54:35.320,31.7713509,-106.4982887,487.96772506505175,48.96,-0.4000000000000026
1869,3/22/2026 18:54:35.360,31.771347,-106.4982853,488.5081140397937,48.852,-0.462499999999999
1870,3/22/2026 18:54:35.400,31.7713431,-106.4982819,489.0485030230959,48.816,-0.44999999999999707
1871,3/22/2026 18:54:35.440,31.7713392,-106.4982785,489.58889201367447,48.636,-0.38750000000000284
1872,3/22/2026 18:54:35.480,31.7713354,-106.4982751,490.12037899121407,48.564,-0.3125
1873,3/22/2026 18:54:35.520,31.7713314,-106.4982718,490.6642623473027,48.636,-0.3125
1874,3/22/2026 18:54:35.560,31.7713275,-106.4982683,491.2103395350612,48.492,-0.275000000000003
1875,3/22/2026 18:54:35.600,31.7713237,-106.4982649,491.7418265383671,48.456,-0.26250000000000107
1876,3/22/2026 18:54:35.640,31.7713199,-106.4982616,492.26763787633905,48.6,-0.4125000000000023
1877,3/22/2026 18:54:35.680,31.771316,-106.4982582,492.80802691608477,48.492,-0.5000000000000027
1878,3/22/2026 18:54:35.720,31.7713121,-106.4982547,493.3541041372893,48.312,-0.4125000000000001
1879,3/22/2026 18:54:35.760,31.7713082,-106.4982513,493.8944931920708,48.168000000000006,-0.26250000000000107
1880,3/22/2026 18:54:35.800,31.7713044,-106.4982479,494.42598023601766,48.204,-0.18750000000000044
1881,3/22/2026 18:54:35.840,31.7713005,-106.4982446,494.96078811404846,48.132,-0.13749999999999707
1882,3/22/2026 18:54:35.880,31.7712968,-106.4982412,495.4834586346658,48.168000000000006,-0.07500000000000284
1883,3/22/2026 18:54:35.920,31.7712929,-106.4982379,496.01826652767915,48.132,-0.050000000000001155
1884,3/22/2026 18:54:35.960,31.7712891,-106.4982345,496.54975360352927,48.204,-0.1499999999999968
1885,3/22/2026 18:54:36.000,31.7712852,-106.4982311,497.0901427059452,47.988,-0.14999999999999902
1886,3/22/2026 18:54:36.040,31.7712813,-106.4982277,497.630531816756,47.88,0.025000000000001688
1887,3/22/2026 18:54:36.080,31.7712775,-106.4982244,498.1563432405437,47.772,0.16250000000000098
1888,3/22/2026 18:54:36.120,31.7712737,-106.4982211,498.68215467226906,47.844,0.15000000000000124
1889,3/22/2026 18:54:36.160,31.7712698,-106.4982177,499.2225438065793,47.88,0.0
1890,3/22/2026 18:54:36.200,31.7712661,-106.4982144,499.739441916442,47.952000000000005,-0.13750000000000373
1891,3/22/2026 18:54:36.240,31.7712622,-106.498211,500.2798310664923,47.988,-0.21250000000000213
1892,3/22/2026 18:54:36.280,31.7712583,-106.4982077,500.814639028501,48.096,-0.18749999999999822
1893,3/22/2026 18:54:36.320,31.7712545,-106.4982043,501.3461261763958,48.06,-0.1374999999999993
1894,3/22/2026 18:54:36.360,31.7712506,-106.498201,501.8809341539052,47.844,0.0
1895,3/22/2026 18:54:36.400,31.7712469,-106.4981976,502.4036047802323,47.916,0.1374999999999993
1896,3/22/2026 18:54:36.440,31.771243,-106.4981943,502.9384127727242,48.024,0.024999999999997247
1897,3/22/2026 18:54:36.480,31.7712391,-106.4981909,503.47880197061596,48.096,-0.08750000000000036
1898,3/22/2026 18:54:36.520,31.7712352,-106.4981876,504.01360997816363,47.952000000000005,-0.012499999999999734
1899,3/22/2026 18:54:36.560,31.7712315,-106.4981842,504.5362806377779,47.772,0.12500000000000178
1900,3/22/2026 18:54:36.600,31.7712276,-106.4981808,505.07666985948686,47.664,0.23750000000000382
1901,3/22/2026 18:54:36.640,31.7712238,-106.4981775,505.60248139094927,47.664,0.2625000000000033
1902,3/22/2026 18:54:36.680,31.7712199,-106.4981741,506.1428706289231,47.88,0.16250000000000098
1903,3/22/2026 18:54:36.720,31.7712162,-106.4981708,506.6597688402512,47.88,0.049999999999998934
1904,3/22/2026 18:54:36.760,31.7712123,-106.4981674,507.2001580939651,48.024,-0.12500000000000178
1905,3/22/2026 18:54:36.800,31.7712084,-106.4981639,507.746235541203,48.132,-0.30000000000000027
1906,3/22/2026 18:54:36.840,31.7712046,-106.4981607,508.2664816795314,47.88,-0.2750000000000008
1907,3/22/2026 18:54:36.880,31.7712007,-106.4981572,508.81255914349225,47.988,-0.22500000000000187
1908,3/22/2026 18:54:36.920,31.7711968,-106.4981538,509.35294842930756,48.024,-0.15000000000000124
1909,3/22/2026 18:54:36.960,31.7711929,-106.4981505,509.88775652024475,48.06,-0.025000000000003908
1910,3/22/2026 18:54:37.000,31.7711892,-106.4981471,510.41042727043464,48.06,0.049999999999998934
1911,3/22/2026 18:54:37.040,31.7711853,-106.4981437,510.95081657974936,48.024,-0.012499999999999734
1912,3/22/2026 18:54:37.080,31.7711816,-106.4981404,511.4677148619658,47.988,-0.14999999999999902
1913,3/22/2026 18:54:37.120,31.7711777,-106.498137,512.0081041870205,47.916,-0.13749999999999707
1914,3/22/2026 18:54:37.160,31.7711739,-106.4981336,512.5395915046386,47.628,0.08750000000000036
1915,3/22/2026 18:54:37.200,31.7711701,-106.4981303,513.0654031440937,47.664,0.3000000000000025
1916,3/22/2026 18:54:37.240,31.7711662,-106.498127,513.6002112876668,47.556,0.4000000000000048
1917,3/22/2026 18:54:37.280,31.7711625,-106.4981237,514.1171096088412,47.664,0.3625000000000034
1918,3/22/2026 18:54:37.320,31.7711587,-106.4981203,514.6485969584666,47.916,0.11250000000000204
1919,3/22/2026 18:54:37.360,31.7711548,-106.4981169,515.1889863309485,48.096,-0.12499999999999734
1920,3/22/2026 18:54:37.400,31.7711509,-106.4981134,515.7350639033801,48.168000000000006,-0.2124999999999999
1921,3/22/2026 18:54:37.440,31.771147,-106.4981101,516.2698720840184,47.88,-0.1750000000000007
1922,3/22/2026 18:54:37.480,31.7711433,-106.4981067,516.7925429333203,47.7,0.0
1923,3/22/2026 18:54:37.520,31.7711394,-106.4981034,517.327351128941,47.808,0.16249999999999654
1924,3/22/2026 18:54:37.560,31.7711356,-106.4981,517.8588385280233,47.988,0.16250000000000098
1925,3/22/2026 18:54:37.600,31.7711317,-106.4980967,518.3936467388237,48.168000000000006,0.012500000000001954
1926,3/22/2026 18:54:37.640,31.7711278,-106.4980933,518.9340361683427,48.204,-0.18750000000000044
1927,3/22/2026 18:54:37.680,31.7711239,-106.4980899,519.4744256048202,48.06,-0.20000000000000018
1928,3/22/2026 18:54:37.720,31.7711202,-106.4980866,519.9913240122735,47.844,-0.06250000000000089
1929,3/22/2026 18:54:37.760,31.7711163,-106.4980832,520.5317134644911,47.808,0.0
1930,3/22/2026 18:54:37.800,31.7711125,-106.4980798,521.0632009114017,47.844,-0.012499999999999734
1931,3/22/2026 18:54:37.840,31.7711087,-106.4980765,521.5890126739706,47.7,0.012499999999997513
1932,3/22/2026 18:54:37.880,31.7711047,-106.4980732,522.1328964695145,47.88,0.03749999999999698
1933,3/22/2026 18:54:37.920,31.7711008,-106.4980698,522.6732859538334,48.096,-0.024999999999999467
1934,3/22/2026 18:54:37.960,31.771097,-106.4980664,523.2047734333831,48.168000000000006,-0.16250000000000098
1935,3/22/2026 18:54:38.000,31.7710932,-106.4980629,523.7420433744951,48.024,-0.2000000000000024
1936,3/22/2026 18:54:38.040,31.7710895,-106.4980597,524.2532793779327,47.808,-0.10000000000000231
1937,3/22/2026 18:54:38.080,31.7710856,-106.4980562,524.7993570918692,47.88,-0.012500000000001954
1938,3/22/2026 18:54:38.120,31.7710816,-106.498053,525.3378622948501,47.844,0.09999999999999787
1939,3/22/2026 18:54:38.160,31.7710779,-106.4980497,525.8547607882668,47.808,0.16249999999999876
1940,3/22/2026 18:54:38.200,31.771074,-106.4980463,526.3951503284077,47.808,0.07500000000000062
1941,3/22/2026 18:54:38.240,31.7710703,-106.4980428,526.9237002521127,47.772,-0.06249999999999645
1942,3/22/2026 18:54:38.280,31.7710664,-106.4980396,527.4530377448048,47.916,-0.1499999999999968
1943,3/22/2026 18:54:38.320,31.7710625,-106.4980361,527.9991155089101,47.988,-0.09999999999999787
1944,3/22/2026 18:54:38.360,31.7710587,-106.4980329,528.5193619252655,47.808,0.10000000000000009
1945,3/22/2026 18:54:38.400,31.7710548,-106.4980294,529.0654397060937,47.808,0.2249999999999952
1946,3/22/2026 18:54:38.440,31.7710509,-106.498026,529.6058292940758,47.736,0.18750000000000044
1947,3/22/2026 18:54:38.480,31.771047,-106.4980227,530.1406376718519,47.916,0.050000000000003375
1948,3/22/2026 18:54:38.520,31.7710432,-106.4980193,530.6721252655046,48.096,-0.22499999999999742
1949,3/22/2026 18:54:38.560,31.7710394,-106.4980161,531.1923717189595,48.024,-0.22499999999999742
1950,3/22/2026 18:54:38.600,31.7710356,-106.4980129,531.7126181793341,47.808,0.0749999999999984
1951,3/22/2026 18:54:38.640,31.7710318,-106.4980095,532.244105797307,47.592000000000006,0.2624999999999966
1952,3/22/2026 18:54:38.680,31.771028,-106.4980059,532.787261689713,47.664,0.23749999999999938
1953,3/22/2026 18:54:38.720,31.7710241,-106.4980026,533.3220701126336,47.952000000000005,0.024999999999999467
1954,3/22/2026 18:54:38.760,31.7710202,-106.4979992,533.8624597649978,48.132,-0.18750000000000044
1955,3/22/2026 18:54:38.800,31.7710162,-106.4979959,534.406343731325,48.132,-0.26249999999999885
1956,3/22/2026 18:54:38.840,31.7710125,-106.4979925,534.9290148603923,47.952000000000005,-0.12499999999999956
1957,3/22/2026 18:54:38.880,31.7710086,-106.4979891,535.4694045359798,47.844,0.03750000000000142
1958,3/22/2026 18:54:38.920,31.7710049,-106.4979855,536.0039364430471,47.52,0.20000000000000018
1959,3/22/2026 18:54:38.960,31.7710011,-106.497982,536.5412065874617,47.952000000000005,0.18749999999999822
1960,3/22/2026 18:54:39.000,31.7709972,-106.4979786,537.0815962863414,48.096,-0.049999999999998934
1961,3/22/2026 18:54:39.040,31.7709933,-106.4979753,537.6164047707658,48.06,-0.1750000000000007
1962,3/22/2026 18:54:39.080,31.7709895,-106.4979721,538.1366513193099,47.88,-0.13750000000000373
1963,3/22/2026 18:54:39.120,31.7709856,-106.4979686,538.6827292504272,47.808,-0.03750000000000142
1964,3/22/2026 18:54:39.160,31.7709819,-106.4979652,539.2054004445006,47.736,0.06250000000000089
1965,3/22/2026 18:54:39.200,31.770978,-106.497962,539.7347381024298,47.772,0.125000000000004
1966,3/22/2026 18:54:39.240,31.7709741,-106.4979585,540.2808160585229,47.952000000000005,0.012500000000001954
1967,3/22/2026 18:54:39.280,31.7709703,-106.4979551,540.8123038051845,47.952000000000005,-0.050000000000001155
1968,3/22/2026 18:54:39.320,31.7709664,-106.4979516,541.3583817780004,47.988,0.049999999999998934
1969,3/22/2026 18:54:39.360,31.7709626,-106.4979484,541.8786283774833,48.024,-2.220446049250313e-15
1970,3/22/2026 18:54:39.400,31.7709588,-106.4979449,542.4158986152713,47.88,-0.18750000000000044
1971,3/22/2026 18:54:39.440,31.770955,-106.4979417,542.9361452292368,47.772,-0.23749999999999716
1972,3/22/2026 18:54:39.480,31.7709512,-106.4979384,543.4619573076099,47.772,-0.09999999999999787
1973,3/22/2026 18:54:39.520,31.7709472,-106.497935,544.0113304426549,47.808,0.024999999999999467
1974,3/22/2026 18:54:39.560,31.7709433,-106.4979316,544.5517202531641,47.916,0.0
1975,3/22/2026 18:54:39.600,31.7709394,-106.4979283,545.0865288438455,47.952000000000005,-0.07500000000000062
1976,3/22/2026 18:54:39.640,31.7709357,-106.4979249,545.6092001368448,47.808,-0.03750000000000142
1977,3/22/2026 18:54:39.680,31.7709317,-106.4979216,546.1530842677458,47.952000000000005,-0.08750000000000258
1978,3/22/2026 18:54:39.720,31.7709279,-106.497918,546.6962403913869,48.132,-0.2375000000000016
1979,3/22/2026 18:54:39.760,31.7709241,-106.4979147,547.2220525240982,47.88,-0.1750000000000007
1980,3/22/2026 18:54:39.800,31.7709203,-106.4979114,547.7478646633119,47.484,0.14999999999999902
1981,3/22/2026 18:54:39.840,31.7709165,-106.4979081,548.273676811262,47.484,0.33749999999999947
1982,3/22/2026 18:54:39.880,31.7709126,-106.4979048,548.8084854547761,47.772,0.22499999999999964
1983,3/22/2026 18:54:39.920,31.7709087,-106.4979014,549.3488753369436,47.88,0.11249999999999982
1984,3/22/2026 18:54:39.960,31.7709049,-106.4978981,549.8746875078347,47.844,0.024999999999999467
1985,3/22/2026 18:54:40.000,31.770901,-106.4978947,550.4150774062668,47.808,-0.025000000000001688
1986,3/22/2026 18:54:40.040,31.7708971,-106.4978913,550.9554673124584,47.844,-0.07500000000000284
1987,3/22/2026 18:54:40.080,31.7708932,-106.497888,551.4902759942171,47.664,-0.1374999999999993
1988,3/22/2026 18:54:40.120,31.7708895,-106.4978846,552.0129473861424,47.736,-0.22499999999999742
1989,3/22/2026 18:54:40.160,31.7708855,-106.4978813,552.5568316066009,47.772,-0.39999999999999813
1990,3/22/2026 18:54:40.200,31.7708816,-106.4978779,553.0972215448936,48.024,-0.6625000000000014
1991,3/22/2026 18:54:40.240,31.7708779,-106.4978745,553.6198929624853,47.916,-0.9125000000000029
1992,3/22/2026 18:54:40.280,31.770874,-106.4978712,554.154701681309,47.988,-1.0374999999999979
1993,3/22/2026 18:54:40.320,31.77087,-106.4978678,554.7040749744119,47.988,-1.287499999999995
1994,3/22/2026 18:54:40.360,31.7708663,-106.4978645,555.2209738986121,47.808,-1.5124999999999966
1995,3/22/2026 18:54:40.400,31.7708624,-106.4978612,555.7557826414101,47.772,-1.437499999999996
1996,3/22/2026 18:54:40.440,31.7708585,-106.4978578,556.2961726275439,47.664,-1.4749999999999974
1997,3/22/2026 18:54:40.480,31.7708546,-106.4978545,556.8309813853975,47.448,-1.662500000000002
1998,3/22/2026 18:54:40.520,31.7708509,-106.4978512,557.3478803421365,47.304,-1.775
1999,3/22/2026 18:54:40.560,31.7708472,-106.4978479,557.8647793064222,47.052,-1.9374999999999964
2000,3/22/2026 18:54:40.600,31.7708434,-106.4978445,558.3962673199865,46.836,-2.087499999999996
2001,3/22/2026 18:54:40.640,31.7708397,-106.4978413,558.9075038078307,46.476,-2.112499999999995
2002,3/22/2026 18:54:40.680,31.7708359,-106.4978382,559.42229900965,46.440000000000005,-2.1625000000000005
2003,3/22/2026 18:54:40.720,31.7708324,-106.4978349,559.9216386225354,45.828,-2.137500000000003
2004,3/22/2026 18:54:40.760,31.7708288,-106.4978317,560.423949867598,45.612,-2.062500000000001
2005,3/22/2026 18:54:40.800,31.7708251,-106.4978285,560.9351863845509,45.828,-2.2375000000000016
2006,3/22/2026 18:54:40.840,31.7708214,-106.4978253,561.4464229078819,45.36,-2.3250000000000015
2007,3/22/2026 18:54:40.880,31.7708178,-106.4978223,561.9375546474008,44.964,-2.1625000000000005
2008,3/22/2026 18:54:40.920,31.7708142,-106.4978192,562.4342174480342,44.676,-2.1124999999999994
2009,3/22/2026 18:54:40.960,31.7708108,-106.4978161,562.9130964552044,44.1,-2.1250000000000013
2010,3/22/2026 18:54:41.000,31.7708073,-106.4978131,563.3951877976618,43.776,-2.1625000000000028
2011,3/22/2026 18:54:41.040,31.7708039,-106.4978101,563.8683279137189,43.452000000000005,-2.0875000000000017
2012,3/22/2026 18:54:41.080,31.7708005,-106.4978071,564.3414680352303,43.236,-1.9625
2013,3/22/2026 18:54:41.120,31.7707971,-106.497804,564.8203470690172,42.876000000000005,-1.9000000000000015
2014,3/22/2026 18:54:41.160,31.7707937,-106.4978011,565.2878694439302,42.624,-1.8625000000000047
2015,3/22/2026 18:54:41.200,31.7707904,-106.4977981,565.7521526909763,42.372,-2.0125000000000037
2016,3/22/2026 18:54:41.240,31.7707871,-106.4977952,566.2107096910598,42.12,-2.137500000000001
2017,3/22/2026 18:54:41.280,31.7707838,-106.4977923,566.6692666970027,41.976,-2.224999999999999
2018,3/22/2026 18:54:41.320,31.7707805,-106.4977894,567.1278237088051,41.580000000000005,-2.2875000000000023
2019,3/22/2026 18:54:41.360,31.7707772,-106.4977865,567.5863807264668,41.076,-2.125000000000001
2020,3/22/2026 18:54:41.400,31.770774,-106.4977837,568.0303564467483,40.572,-1.8749999999999976
2021,3/22/2026 18:54:41.440,31.7707708,-106.4977809,568.4743321721833,40.644,-1.8999999999999992
2022,3/22/2026 18:54:41.480,31.7707675,-106.4977781,568.9272883157089,40.392,-2.0374999999999988
2023,3/22/2026 18:54:41.520,31.7707643,-106.4977753,569.3712640525736,40.248,-2.1499999999999964
2024,3/22/2026 18:54:41.560,31.7707612,-106.4977726,569.8006605211177,39.888,-2.174999999999998
2025,3/22/2026 18:54:41.600,31.7707582,-106.4977698,570.2269800587366,39.312,-2.0374999999999988
2026,3/22/2026 18:54:41.640,31.7707551,-106.4977671,570.6563765373069,39.024,-2.0499999999999985
2027,3/22/2026 18:54:41.680,31.770752,-106.4977644,571.085773021455,38.664,-2.0999999999999996
2028,3/22/2026 18:54:41.720,31.770749,-106.4977617,571.5062753483886,38.304,-2.024999999999999
2029,3/22/2026 18:54:41.760,31.770746,-106.4977588,571.9385410706443,38.232,-2.037500000000001
2030,3/22/2026 18:54:41.800,31.770743,-106.4977563,572.3478176306256,38.016000000000005,-2.1250000000000036
2031,3/22/2026 18:54:41.840,31.77074,-106.4977536,572.7683199731681,37.728,-2.1125000000000016
2032,3/22/2026 18:54:41.880,31.7707371,-106.4977509,573.1800370196328,37.440000000000005,-2.1125000000000016
2033,3/22/2026 18:54:41.920,31.7707343,-106.4977484,573.5713585748927,37.008,-2.125000000000001
2034,3/22/2026 18:54:41.960,31.7707313,-106.4977457,573.9918609320372,36.864,-2.124999999999999
2035,3/22/2026 18:54:42.000,31.7707285,-106.4977432,574.3831824962654,36.468,-2.075
2036,3/22/2026 18:54:42.040,31.7707257,-106.4977407,574.7745040656363,35.964,-1.9625
2037,3/22/2026 18:54:42.080,31.7707229,-106.4977381,575.1716192440265,35.676,-1.8374999999999961
2038,3/22/2026 18:54:42.120,31.7707201,-106.4977357,575.5572924450904,35.46,-1.8374999999999964
2039,3/22/2026 18:54:42.160,31.7707173,-106.4977332,575.9486140271349,35.208,-1.9499999999999962
2040,3/22/2026 18:54:42.200,31.7707145,-106.4977308,576.334287236296,34.92,-1.9374999999999987
2041,3/22/2026 18:54:42.240,31.7707118,-106.4977283,576.7168012502269,34.74,-1.9500000000000028
2042,3/22/2026 18:54:42.280,31.7707091,-106.4977259,577.093534862075,34.344,-1.9000000000000015
2043,3/22/2026 18:54:42.320,31.7707064,-106.4977235,577.4702684779196,33.984,-1.8124999999999993
2044,3/22/2026 18:54:42.360,31.7707037,-106.4977211,577.8470020980764,33.768,-1.849999999999996
2045,3/22/2026 18:54:42.400,31.770701,-106.4977188,578.2181066599071,33.588,-1.912499999999995
2046,3/22/2026 18:54:42.440,31.7706984,-106.4977165,578.5802541755213,33.192,-1.9124999999999943
2047,3/22/2026 18:54:42.480,31.7706958,-106.4977141,578.9481678256537,33.156000000000006,-1.962499999999998
2048,3/22/2026 18:54:42.520,31.7706932,-106.4977119,579.3047072101605,32.688,-1.9875
2049,3/22/2026 18:54:42.560,31.7706906,-106.4977095,579.6726208681746,32.364000000000004,-1.9000000000000021
2050,3/22/2026 18:54:42.600,31.7706881,-106.4977073,580.0201843913711,32.184,-1.8875000000000017
2051,3/22/2026 18:54:42.640,31.7706856,-106.4977051,580.3677479182548,31.86,-1.8749999999999978
2052,3/22/2026 18:54:42.680,31.770683,-106.4977028,580.7298954559636,31.752,-1.8749999999999976
2053,3/22/2026 18:54:42.720,31.7706806,-106.4977007,581.0628773662864,31.356000000000005,-1.8875000000000028
2054,3/22/2026 18:54:42.760,31.7706782,-106.4976985,581.4015930551839,31.068000000000005,-1.9375000000000064
2055,3/22/2026 18:54:42.800,31.7706757,-106.4976964,581.743571198959,30.780000000000005,-1.9500000000000053
2056,3/22/2026 18:54:42.840,31.7706733,-106.4976942,582.082286894947,30.492000000000004,-1.862500000000005
2057,3/22/2026 18:54:42.880,31.770671,-106.4976921,582.4064052485345,30.204000000000004,-1.8500000000000045
2058,3/22/2026 18:54:42.920,31.7706686,-106.49769,582.739387173441,29.916000000000004,-1.850000000000005
2059,3/22/2026 18:54:42.960,31.7706662,-106.497688,583.066808513393,29.664,-1.8500000000000025
2060,3/22/2026 18:54:43.000,31.7706639,-106.4976858,583.3968146918896,29.448,-1.8374999999999986
2061,3/22/2026 18:54:43.040,31.7706616,-106.4976839,583.7096842894549,29.196,-1.7874999999999992
2062,3/22/2026 18:54:43.080,31.7706594,-106.4976818,584.0250829326833,29.016,-1.875000000000001
2063,3/22/2026 18:54:43.120,31.7706571,-106.4976798,584.3434859583027,28.656,-1.9249999999999996
2064,3/22/2026 18:54:43.160,31.7706549,-106.4976779,584.6473131737871,28.188,-1.8125000000000004
2065,3/22/2026 18:54:43.200,31.7706527,-106.4976759,584.9568355110106,28.044,-1.825000000000001
2066,3/22/2026 18:54:43.240,31.7706505,-106.4976741,585.2551591845877,27.864,-1.9750000000000014
2067,3/22/2026 18:54:43.280,31.7706483,-106.4976722,585.5589864073454,27.504,-1.9875000000000007
2068,3/22/2026 18:54:43.320,31.7706461,-106.4976703,585.8628136329526,27.288,-1.9250000000000012
2069,3/22/2026 18:54:43.360,31.770644,-106.4976685,586.1520686161792,26.964,-1.9125000000000003
2070,3/22/2026 18:54:43.400,31.7706419,-106.4976666,586.4469964267446,26.856,-2.0124999999999993
2071,3/22/2026 18:54:43.440,31.7706398,-106.4976647,586.7419242397984,26.64,-2.1499999999999986
2072,3/22/2026 18:54:43.480,31.7706378,-106.4976629,587.0222592499508,26.172,-2.037499999999999
2073,3/22/2026 18:54:43.520,31.7706357,-106.4976611,587.3115142421782,25.956,-2.0
2074,3/22/2026 18:54:43.560,31.7706337,-106.4976594,587.586201129886,25.668,-2.0999999999999996
2075,3/22/2026 18:54:43.600,31.7706317,-106.4976577,587.8608880199516,25.308,-2.05
2076,3/22/2026 18:54:43.640,31.7706298,-106.497656,588.1266322527829,24.912,-1.9124999999999992
2077,3/22/2026 18:54:43.680,31.7706278,-106.4976542,588.4069672738104,24.732,-1.8999999999999981
2078,3/22/2026 18:54:43.720,31.7706258,-106.4976526,588.6762202959945,24.516,-2.0124999999999984
2079,3/22/2026 18:54:43.760,31.7706239,-106.497651,588.9363439191214,24.228,-2.025
2080,3/22/2026 18:54:43.800,31.7706221,-106.4976493,589.193316584641,23.796000000000003,-1.9125000000000025
2081,3/22/2026 18:54:43.840,31.7706203,-106.4976475,589.456318080418,23.508000000000003,-1.8000000000000018
2082,3/22/2026 18:54:43.880,31.7706184,-106.497646,589.7110487896714,23.436,-1.9000000000000008
2083,3/22/2026 18:54:43.920,31.7706166,-106.4976445,589.9566148383165,22.932,-1.9999999999999996
2084,3/22/2026 18:54:43.960,31.7706148,-106.4976429,590.207770673319,22.644,-1.9624999999999992
2085,3/22/2026 18:54:44.000,31.7706131,-106.4976413,590.4501382542035,22.428,-1.975000000000001
2086,3/22/2026 18:54:44.040,31.7706113,-106.4976398,590.6957043075498,22.284,-2.0000000000000004
2087,3/22/2026 18:54:44.080,31.7706096,-106.4976383,590.9322745447085,21.888,-1.9625
2088,3/22/2026 18:54:44.120,31.7706079,-106.4976369,591.1632897884763,21.564,-1.9500000000000004
2089,3/22/2026 18:54:44.160,31.7706062,-106.4976355,591.3943050339643,21.348,-1.9874999999999996
2090,3/22/2026 18:54:44.200,31.7706045,-106.497634,591.630875275819,21.168,-2.024999999999999
2091,3/22/2026 18:54:44.240,31.7706029,-106.4976325,591.8586385541365,20.952,-2.0624999999999996
2092,3/22/2026 18:54:44.280,31.7706013,-106.4976311,592.0806265617822,20.52,-1.9500000000000006
2093,3/22/2026 18:54:44.320,31.7705998,-106.4976297,592.293786472267,20.088,-1.8000000000000014
2094,3/22/2026 18:54:44.360,31.7705982,-106.4976283,592.5157744833652,19.836,-1.7500000000000007
2095,3/22/2026 18:54:44.400,31.7705966,-106.497627,592.7322470575749,19.548,-1.724999999999999
2096,3/22/2026 18:54:44.440,31.7705951,-106.4976256,592.9454069714077,19.404,-1.775
2097,3/22/2026 18:54:44.480,31.7705936,-106.4976242,593.1585668874118,19.116,-1.8375000000000008
2098,3/22/2026 18:54:44.520,31.7705922,-106.4976229,593.3571245858715,18.72,-1.8125000000000004
2099,3/22/2026 18:54:44.560,31.7705907,-106.4976216,593.5645344412225,18.468,-1.8249999999999988
2100,3/22/2026 18:54:44.600,31.7705893,-106.4976203,593.7630921417615,18.216,-1.7999999999999994
2101,3/22/2026 18:54:44.640,31.7705879,-106.4976191,593.9559288385336,17.964000000000002,-1.7375000000000018
2102,3/22/2026 18:54:44.680,31.7705865,-106.4976178,594.1544865405465,17.892,-1.8000000000000007
2103,3/22/2026 18:54:44.720,31.7705851,-106.4976166,594.3473232390234,17.532,-1.7999999999999994
2104,3/22/2026 18:54:44.760,31.7705837,-106.4976154,594.540159938832,17.352,-1.775
2105,3/22/2026 18:54:44.800,31.7705824,-106.4976142,594.724116850331,17.064,-1.775
2106,3/22/2026 18:54:44.840,31.7705811,-106.497613,594.9080737625042,16.776,-1.7499999999999996
2107,3/22/2026 18:54:44.880,31.7705798,-106.4976119,595.0863435302552,16.452,-1.75
2108,3/22/2026 18:54:44.920,31.7705785,-106.4976108,595.2646132980752,16.164,-1.7375
2109,3/22/2026 18:54:44.960,31.7705773,-106.4976097,595.4339712131447,15.768,-1.6375000000000006
2110,3/22/2026 18:54:45.000,31.770576,-106.4976086,595.6122409826074,15.732,-1.5750000000000004
2111,3/22/2026 18:54:45.040,31.7705748,-106.4976075,595.7815988994062,15.444,-1.5999999999999992
2112,3/22/2026 18:54:45.080,31.7705736,-106.4976064,595.9509568170349,15.228000000000002,-1.6374999999999993
2113,3/22/2026 18:54:45.120,31.7705724,-106.4976054,596.1146675424476,15.012,-1.6749999999999996
2114,3/22/2026 18:54:45.160,31.7705713,-106.4976044,596.2694287621682,14.76,-1.7
2115,3/22/2026 18:54:45.200,31.7705701,-106.4976033,596.4387866822178,14.544,-1.6624999999999992
2116,3/22/2026 18:54:45.240,31.770569,-106.4976024,596.5879485615369,14.256,-1.5250000000000001
2117,3/22/2026 18:54:45.280,31.7705679,-106.4976013,596.7486717362887,13.932,-1.4250000000000007
2118,3/22/2026 18:54:45.320,31.7705669,-106.4976004,596.8888392813108,13.68,-1.4125000000000003
2119,3/22/2026 18:54:45.360,31.7705658,-106.4975996,597.0328067462326,13.536,-1.4625000000000004
2120,3/22/2026 18:54:45.400,31.7705647,-106.4975986,597.1875679700819,13.428,-1.5125000000000004
2121,3/22/2026 18:54:45.440,31.7705637,-106.4975977,597.3277355168942,13.14,-1.4625000000000006
2122,3/22/2026 18:54:45.480,31.7705627,-106.4975968,597.467903064266,12.816,-1.3375000000000004
2123,3/22/2026 18:54:45.520,31.7705617,-106.4975958,597.614015045171,12.6,-1.2
2124,3/22/2026 18:54:45.560,31.7705608,-106.4975952,597.7291755809614,12.276000000000002,-1.0749999999999997
2125,3/22/2026 18:54:45.600,31.7705598,-106.4975943,597.8693431296416,12.24,-1.0375000000000008
2126,3/22/2026 18:54:45.640,31.7705588,-106.4975934,598.0095106791954,12.168,-1.0499999999999998
2127,3/22/2026 18:54:45.680,31.7705579,-106.4975927,598.1296202876678,11.916,-1.0749999999999988
2128,3/22/2026 18:54:45.720,31.770557,-106.4975918,598.2611210735728,11.628,-1.087499999999999
2129,3/22/2026 18:54:45.760,31.7705561,-106.497591,598.3866990198535,11.376,-1.0125
2130,3/22/2026 18:54:45.800,31.7705552,-106.4975903,598.5068086293923,11.232,-0.9749999999999996
2131,3/22/2026 18:54:45.840,31.7705543,-106.4975895,598.6323865765611,11.124,-0.9999999999999998
2132,3/22/2026 18:54:45.880,31.7705535,-106.4975887,598.7492761665021,10.98,-0.9625000000000006
2133,3/22/2026 18:54:45.920,31.7705527,-106.497588,598.8602701915102,10.98,-0.9875000000000005
2134,3/22/2026 18:54:45.960,31.7705517,-106.4975872,598.9948967367216,10.8,-0.987500000000001
2135,3/22/2026 18:54:46.000,31.7705509,-106.4975865,599.1058907624989,10.728,-1.0125000000000006
2136,3/22/2026 18:54:46.040,31.77055,-106.4975857,599.2314687117895,10.656,-1.1125000000000007
2137,3/22/2026 18:54:46.080,31.7705492,-106.497585,599.3424627382934,10.332,-1.0500000000000012
2138,3/22/2026 18:54:46.120,31.7705484,-106.4975842,599.4593523300667,10.08,-0.9750000000000003
2139,3/22/2026 18:54:46.160,31.7705477,-106.4975834,599.5680002592669,10.008,-1.024999999999999
2140,3/22/2026 18:54:46.200,31.7705469,-106.4975826,599.6848898518354,9.792000000000002,-1.0499999999999994
2141,3/22/2026 18:54:46.240,31.7705461,-106.4975819,599.7958838796642,9.684,-0.925
2142,3/22/2026 18:54:46.280,31.7705453,-106.4975812,599.9068779081523,9.648,-0.8249999999999993
2143,3/22/2026 18:54:46.320,31.7705446,-106.4975805,600.0091563026897,9.468,-0.8249999999999996
2144,3/22/2026 18:54:46.360,31.7705439,-106.4975796,600.1245989702609,9.468,-0.9249999999999996
2145,3/22/2026 18:54:46.400,31.7705432,-106.4975788,600.2332469013737,9.144,-0.9999999999999991
2146,3/22/2026 18:54:46.440,31.7705425,-106.4975782,600.3296652655816,9.036,-1.0499999999999994
2147,3/22/2026 18:54:46.480,31.7705417,-106.4975776,600.4352839457646,8.928,-1.0625
2148,3/22/2026 18:54:46.520,31.770541,-106.4975769,600.5375623419717,8.676,-0.8375000000000004
2149,3/22/2026 18:54:46.560,31.7705404,-106.4975763,600.6252295386535,8.46,-0.6500000000000006
2150,3/22/2026 18:54:46.600,31.7705398,-106.4975756,600.7193034814693,8.316,-0.6875000000000009
2151,3/22/2026 18:54:46.640,31.7705391,-106.4975749,600.821581878859,8.496,-0.8125000000000003
2152,3/22/2026 18:54:46.680,31.7705384,-106.4975742,600.9238602765734,8.46,-0.9625000000000004
2153,3/22/2026 18:54:46.720,31.7705377,-106.4975736,601.0202786436281,8.28,-1.0375000000000003
2154,3/22/2026 18:54:46.760,31.7705371,-106.4975731,601.1021340168608,7.992000000000001,-0.8999999999999998
2155,3/22/2026 18:54:46.800,31.7705365,-106.4975725,601.189801215093,7.74,-0.7375000000000004
2156,3/22/2026 18:54:46.840,31.770536,-106.4975719,601.2693148279486,7.416,-0.65
2157,3/22/2026 18:54:46.880,31.7705355,-106.4975714,601.3423708270133,7.488,-0.5874999999999997
2158,3/22/2026 18:54:46.920,31.7705347,-106.4975708,601.447989508783,7.704000000000001,-0.7
2159,3/22/2026 18:54:46.960,31.7705341,-106.4975703,601.5298448829028,7.56,-0.8124999999999998
2160,3/22/2026 18:54:47.000,31.7705336,-106.4975697,601.6093584968105,7.236,-0.7750000000000001
2161,3/22/2026 18:54:47.040,31.770533,-106.4975692,601.6912138712555,7.236,-0.8000000000000007
2162,3/22/2026 18:54:47.080,31.7705324,-106.4975687,601.7730692458779,6.948,-0.7250000000000005
2163,3/22/2026 18:54:47.120,31.7705319,-106.4975681,601.8525828605307,6.803999999999999,-0.5999999999999999
2164,3/22/2026 18:54:47.160,31.7705313,-106.4975677,601.929356557163,6.876,-0.5999999999999999
2165,3/22/2026 18:54:47.200,31.7705308,-106.4975672,602.0024125577847,6.732,-0.6250000000000002
2166,3/22/2026 18:54:47.240,31.7705304,-106.4975666,602.0745730209014,6.5520000000000005,-0.6875000000000002
2167,3/22/2026 18:54:47.280,31.7705299,-106.4975662,602.141886298796,6.66,-0.7625000000000004
2168,3/22/2026 18:54:47.320,31.7705293,-106.4975657,602.223741674335,6.516,-0.8124999999999998
2169,3/22/2026 18:54:47.360,31.7705287,-106.4975653,602.3005153711478,6.408,-0.8000000000000002
2170,3/22/2026 18:54:47.400,31.7705283,-106.4975649,602.3589601728503,6.156,-0.675
2171,3/22/2026 18:54:47.440,31.7705278,-106.4975645,602.4262734512281,6.012,-0.6249999999999994
2172,3/22/2026 18:54:47.480,31.7705274,-106.4975642,602.4790827933505,6.084,-0.6749999999999996
2173,3/22/2026 18:54:47.520,31.7705269,-106.4975637,602.5521387952643,5.94,-0.5999999999999996
2174,3/22/2026 18:54:47.560,31.7705265,-106.4975633,602.6105835974439,6.012,-0.6249999999999997
2175,3/22/2026 18:54:47.600,31.770526,-106.4975629,602.6778968754795,5.796,-0.7374999999999998
2176,3/22/2026 18:54:47.640,31.7705255,-106.4975625,602.7452101543865,5.508,-0.6874999999999998
2177,3/22/2026 18:54:47.680,31.7705251,-106.4975622,602.7980194968884,5.508,-0.6249999999999993
2178,3/22/2026 18:54:47.720,31.7705248,-106.4975618,602.8485007103487,5.328,-0.6374999999999996
2179,3/22/2026 18:54:47.760,31.7705244,-106.4975615,602.9013100529661,5.292,-0.6874999999999998
2180,3/22/2026 18:54:47.800,31.770524,-106.4975611,602.959754855507,5.328,-0.7750000000000001
2181,3/22/2026 18:54:47.840,31.7705235,-106.4975608,603.02223772766,5.04,-0.7250000000000005
2182,3/22/2026 18:54:47.880,31.7705231,-106.4975606,603.0706215291207,5.112,-0.6500000000000006
2183,3/22/2026 18:54:47.920,31.7705228,-106.4975601,603.1285391860947,5.184,-0.7750000000000004
2184,3/22/2026 18:54:47.960,31.7705224,-106.4975598,603.1813485287086,4.968,-0.8500000000000002
2185,3/22/2026 18:54:48.000,31.770522,-106.4975595,603.2341578724449,4.716,-0.725
2186,3/22/2026 18:54:48.040,31.7705217,-106.4975593,603.272544721241,4.6080000000000005,-0.675
2187,3/22/2026 18:54:48.080,31.7705213,-106.497559,603.3253540650929,4.6080000000000005,-0.7500000000000003
2188,3/22/2026 18:54:48.120,31.770521,-106.4975587,603.3691876673199,4.392,-0.6750000000000004
2189,3/22/2026 18:54:48.160,31.7705207,-106.4975584,603.4130212696066,4.248,-0.6000000000000001
2190,3/22/2026 18:54:48.200,31.7705204,-106.4975581,603.4568548719528,4.14,-0.6249999999999997
2191,3/22/2026 18:54:48.240,31.7705202,-106.4975579,603.4860772737401,4.14,-0.6624999999999995
2192,3/22/2026 18:54:48.280,31.7705199,-106.4975576,603.5299108770569,4.14,-0.7624999999999995
2193,3/22/2026 18:54:48.320,31.7705195,-106.4975573,603.5827202204827,3.924,-0.8124999999999998
2194,3/22/2026 18:54:48.360,31.7705192,-106.4975571,603.6211070701942,3.78,-0.7
2195,3/22/2026 18:54:48.400,31.770519,-106.4975568,603.6571873038786,3.816,-0.6499999999999997
2196,3/22/2026 18:54:48.440,31.7705187,-106.4975565,603.7010209065628,3.564,-0.6874999999999999
2197,3/22/2026 18:54:48.480,31.7705184,-106.4975562,603.7448545093066,3.492,-0.7249999999999999
2198,3/22/2026 18:54:48.520,31.7705182,-106.4975559,603.7809347442425,3.564,-0.8249999999999998
2199,3/22/2026 18:54:48.560,31.7705179,-106.4975556,603.8247683470858,3.3480000000000003,-0.7999999999999999
2200,3/22/2026 18:54:48.600,31.7705177,-106.4975553,603.8608485813281,3.24,-0.7500000000000001
2201,3/22/2026 18:54:48.640,31.7705174,-106.4975551,603.8992354312212,3.132,-0.7375000000000002
2202,3/22/2026 18:54:48.680,31.7705172,-106.497555,603.9234273317466,2.952,-0.6625000000000001
2203,3/22/2026 18:54:48.720,31.770517,-106.4975547,603.9595075669722,2.772,-0.6
2204,3/22/2026 18:54:48.760,31.7705168,-106.4975545,603.9887299686402,2.9160000000000004,-0.6875000000000002
2205,3/22/2026 18:54:48.800,31.7705165,-106.4975544,604.0234409112225,2.8080000000000003,-0.7750000000000001
2206,3/22/2026 18:54:48.840,31.7705163,-106.4975539,604.0757367413547,2.592,-0.7125000000000001
2207,3/22/2026 18:54:48.880,31.7705161,-106.4975538,604.0999286422881,2.3760000000000003,-0.5625000000000002
2208,3/22/2026 18:54:48.920,31.770516,-106.4975537,604.1145398437483,2.3040000000000003,-0.46250000000000024
2209,3/22/2026 18:54:48.960,31.7705158,-106.4975535,604.1437622464199,2.3040000000000003,-0.5625000000000002
2210,3/22/2026 18:54:49.000,31.7705157,-106.4975533,604.1657210232471,2.124,-0.6625000000000003
2211,3/22/2026 18:54:49.040,31.7705155,-106.4975531,604.1949434259585,2.124,-0.7625000000000002
2212,3/22/2026 18:54:49.080,31.7705154,-106.4975529,604.2169022039978,2.052,-0.7750000000000002
2213,3/22/2026 18:54:49.120,31.7705152,-106.4975527,604.246124606749,1.944,-0.7125000000000001
2214,3/22/2026 18:54:49.160,31.7705151,-106.4975526,604.2607358073977,1.764,-0.675
2215,3/22/2026 18:54:49.200,31.770515,-106.4975525,604.2753470092255,1.728,-0.65
2216,3/22/2026 18:54:49.240,31.7705149,-106.4975524,604.2899582101887,1.62,-0.6250000000000002
2217,3/22/2026 18:54:49.280,31.7705148,-106.4975522,604.3119169883339,1.728,-0.675
2218,3/22/2026 18:54:49.320,31.7705147,-106.497552,604.3338757666972,1.62,-0.8375
2219,3/22/2026 18:54:49.360,31.7705146,-106.4975518,604.3558345450782,1.368,-0.8625
2220,3/22/2026 18:54:49.400,31.7705145,-106.4975518,604.3669664938922,1.152,-0.7375
2221,3/22/2026 18:54:49.440,31.7705145,-106.4975518,604.3669664938922,0.9,-0.5625
2222,3/22/2026 18:54:49.480,31.7705143,-106.4975518,604.389230392311,1.044,-0.55
2223,3/22/2026 18:54:49.520,31.7705143,-106.4975516,604.4081583519869,0.9,-0.6
2224,3/22/2026 18:54:49.560,31.7705142,-106.4975514,604.4301171290786,0.864,-0.5875
2225,3/22/2026 18:54:49.600,31.7705142,-106.4975514,604.4301171290786,0.756,-0.5375
2226,3/22/2026 18:54:49.640,31.7705141,-106.4975513,604.4447283309659,0.792,-0.5
2227,3/22/2026 18:54:49.680,31.770514,-106.4975512,604.4593395319887,0.6120000000000001,-0.4250000000000001
2228,3/22/2026 18:54:49.720,31.770514,-106.4975512,604.4593395319887,0.324,-0.22500000000000003
2229,3/22/2026 18:54:49.760,31.7705141,-106.4975512,604.4704714811982,0.18,-0.11250000000000002
2230,3/22/2026 18:54:49.800,31.770514,-106.4975512,604.4816034304076,0.216,-0.0875
2231,3/22/2026 18:54:49.840,31.770514,-106.4975511,604.4910674109487,0.216,-0.10000000000000002
2232,3/22/2026 18:54:49.880,31.770514,-106.497551,604.5005313901449,0.144,-0.1
2233,3/22/2026 18:54:49.920,31.770514,-106.497551,604.5005313901449,0.072,-0.05
2234,3/22/2026 18:54:49.960,31.770514,-106.497551,604.5005313901449,0.0,0.0
2235,3/22/2026 18:54:50.000,31.770514,-106.497551,604.5005313901449,0.072,0.0
2236,3/22/2026 18:54:50.040,31.770514,-106.4975509,604.509995370686,0.036,0.0125
2237,3/22/2026 18:54:50.080,31.770514,-106.4975509,604.509995370686,0.144,0.025000000000000005
2238,3/22/2026 18:54:50.120,31.770514,-106.4975508,604.5194593498823,0.144,0.025000000000000005
2239,3/22/2026 18:54:50.160,31.770514,-106.4975508,604.5194593498823,0.036,0.0375
2240,3/22/2026 18:54:50.200,31.770514,-106.4975508,604.5194593498823,0.108,-1.1102230246251566e-17
2241,3/22/2026 18:54:50.240,31.770514,-106.4975508,604.5194593498823,0.036,-1.6653345369377347e-17
2242,3/22/2026 18:54:50.280,31.770514,-106.4975508,604.5194593498823,0.036,0.012499999999999994
2243,3/22/2026 18:54:50.320,31.770514,-106.4975508,604.5194593498823,0.036,0.03749999999999999
2244,3/22/2026 18:54:50.360,31.770514,-106.4975506,604.5383873096196,0.036,0.04999999999999999
2245,3/22/2026 18:54:50.400,31.770514,-106.4975506,604.5383873096196,0.036,0.024999999999999988
2246,3/22/2026 18:54:50.440,31.7705139,-106.4975506,604.5495192584335,0.108,-1.1102230246251566e-17
2247,3/22/2026 18:54:50.480,31.7705139,-106.4975506,604.5495192584335,0.144,-0.03750000000000001
2248,3/22/2026 18:54:50.520,31.7705139,-106.4975506,604.5495192584335,0.216,-0.06250000000000001
2249,3/22/2026 18:54:50.560,31.7705139,-106.4975504,604.5684472181913,0.072,-0.03750000000000001
2250,3/22/2026 18:54:50.600,31.7705139,-106.4975506,604.5873751779491,0.072,-0.012500000000000002
2251,3/22/2026 18:54:50.640,31.7705139,-106.4975504,604.6063031377068,0.072,0.012499999999999997
2252,3/22/2026 18:54:50.680,31.7705139,-106.4975504,604.6063031377068,0.036,0.0625
2253,3/22/2026 18:54:50.720,31.7705139,-106.4975504,604.6063031377068,0.144,0.0375
2254,3/22/2026 18:54:50.760,31.7705139,-106.4975504,604.6063031377068,0.072,0.0125
2255,3/22/2026 18:54:50.800,31.7705138,-106.4975503,604.620914338743,0.072,0.0125
2256,3/22/2026 18:54:50.840,31.7705138,-106.4975503,604.620914338743,0.072,0.0125
2257,3/22/2026 18:54:50.880,31.7705138,-106.4975503,604.620914338743,0.072,0.025
2258,3/22/2026 18:54:50.920,31.7705138,-106.4975503,604.620914338743,0.108,0.012499999999999997
2259,3/22/2026 18:54:50.960,31.7705138,-106.4975503,604.620914338743,0.072,-5.551115123125783e-18
2260,3/22/2026 18:54:51.000,31.7705137,-106.4975503,604.6320462879524,0.036,0.012499999999999994
2261,3/22/2026 18:54:51.040,31.7705137,-106.4975503,604.6320462879524,0.144,-0.025
2262,3/22/2026 18:54:51.080,31.7705137,-106.4975501,604.6509742477512,0.144,-0.05
2263,3/22/2026 18:54:51.120,31.7705137,-106.4975501,604.6509742477512,0.144,-0.05
2264,3/22/2026 18:54:51.160,31.7705137,-106.4975501,604.6509742477512,0.108,-0.05
2265,3/22/2026 18:54:51.200,31.7705137,-106.4975501,604.6509742477512,0.072,-0.0125
2266,3/22/2026 18:54:51.240,31.7705137,-106.4975501,604.6509742477512,0.108,0.0125
2267,3/22/2026 18:54:51.280,31.7705136,-106.4975501,604.6621061965651,0.108,0.0
2268,3/22/2026 18:54:51.320,31.7705136,-106.4975501,604.6621061965651,0.108,-0.0125
2269,3/22/2026 18:54:51.360,31.7705136,-106.4975501,604.6621061965651,0.072,0.0375
2270,3/22/2026 18:54:51.400,31.7705136,-106.4975499,604.6810341563842,0.072,0.075
2271,3/22/2026 18:54:51.440,31.7705136,-106.4975499,604.6810341563842,0.036,0.0375
2272,3/22/2026 18:54:51.480,31.7705135,-106.4975499,604.6921661055936,0.108,0.0
2273,3/22/2026 18:54:51.520,31.7705135,-106.4975499,604.6921661055936,0.036,0.025
2274,3/22/2026 18:54:51.560,31.7705135,-106.4975499,604.6921661055936,0.072,0.025
2275,3/22/2026 18:54:51.600,31.7705135,-106.4975499,604.6921661055936,0.072,0.05
2276,3/22/2026 18:54:51.640,31.7705135,-106.4975499,604.6921661055936,0.144,0.025
2277,3/22/2026 18:54:51.680,31.7705135,-106.4975499,604.6921661055936,0.072,-0.0375
2278,3/22/2026 18:54:51.720,31.7705134,-106.4975499,604.7032980548031,0.108,0.0
2279,3/22/2026 18:54:51.760,31.7705134,-106.4975499,604.7032980548031,0.18,-0.025
2280,3/22/2026 18:54:51.800,31.7705134,-106.4975497,604.7222260146631,0.18,-0.05
2281,3/22/2026 18:54:51.840,31.7705134,-106.4975497,604.7222260146631,0.036,0.0375
2282,3/22/2026 18:54:51.880,31.7705134,-106.4975497,604.7222260146631,0.108,0.05
2283,3/22/2026 18:54:51.920,31.7705134,-106.4975497,604.7222260146631,0.108,0.012499999999999997
2284,3/22/2026 18:54:51.960,31.7705133,-106.4975496,604.736837215431,0.072,0.03749999999999999
2285,3/22/2026 18:54:52.000,31.7705132,-106.4975496,604.7479691646405,0.216,-0.0125
2286,3/22/2026 18:54:52.040,31.7705132,-106.4975496,604.7479691646405,0.072,-0.05
2287,3/22/2026 18:54:52.080,31.7705132,-106.4975496,604.7479691646405,0.036,-0.025
2288,3/22/2026 18:54:52.120,31.7705132,-106.4975496,604.7479691646405,0.144,-0.0375
2289,3/22/2026 18:54:52.160,31.7705132,-106.4975496,604.7479691646405,0.072,-0.0375
2290,3/22/2026 18:54:52.200,31.7705131,-106.4975496,604.75910111385,0.144,0.0
2291,3/22/2026 18:54:52.240,31.7705131,-106.4975496,604.75910111385,0.18,-0.025
2292,3/22/2026 18:54:52.280,31.7705131,-106.4975496,604.75910111385,0.108,-0.0625
2293,3/22/2026 18:54:52.320,31.7705132,-106.4975496,604.7702330630594,0.144,-0.0625
2294,3/22/2026 18:54:52.360,31.7705131,-106.4975496,604.7813650122689,0.144,-0.049999999999999996
2295,3/22/2026 18:54:52.400,31.7705131,-106.4975496,604.7813650122689,0.108,-0.024999999999999994
2296,3/22/2026 18:54:52.440,31.7705131,-106.4975495,604.7908289915572,0.036,2.7755575615628915e-18
2297,3/22/2026 18:54:52.480,31.7705131,-106.4975494,604.8002929721904,0.0,0.025
2298,3/22/2026 18:54:52.520,31.7705131,-106.4975494,604.8002929721904,0.072,0.0
2299,3/22/2026 18:54:52.560,31.7705131,-106.4975495,604.8097569528236,0.036,5.551115123125783e-18
2300,3/22/2026 18:54:52.600,31.7705131,-106.4975494,604.8192209334568,0.18,-0.012499999999999989
2301,3/22/2026 18:54:52.640,31.7705131,-106.4975494,604.8192209334568,0.072,-0.012499999999999987
2302,3/22/2026 18:54:52.680,31.7705131,-106.4975494,604.8192209334568,0.036,0.025000000000000012
2303,3/22/2026 18:54:52.720,31.7705131,-106.4975494,604.8192209334568,0.036,0.03750000000000002
2304,3/22/2026 18:54:52.760,31.7705131,-106.4975494,604.8192209334568,0.108,0.025000000000000012
2305,3/22/2026 18:54:52.800,31.7705131,-106.4975494,604.8192209334568,0.072,0.012500000000000015
2306,3/22/2026 18:54:52.840,31.7705131,-106.4975494,604.8192209334568,0.072,0.025000000000000012
2307,3/22/2026 18:54:52.880,31.7705131,-106.4975494,604.8192209334568,0.036,0.03750000000000001
2308,3/22/2026 18:54:52.920,31.770513,-106.4975494,604.8303528822707,0.036,0.05000000000000001
2309,3/22/2026 18:54:52.960,31.770513,-106.4975494,604.8303528822707,0.072,0.03750000000000001
2310,3/22/2026 18:54:53.000,31.770513,-106.4975492,604.8492808422126,0.108,0.0
2311,3/22/2026 18:54:53.040,31.770513,-106.4975492,604.8492808422126,0.108,-0.025000000000000005
2312,3/22/2026 18:54:53.080,31.770513,-106.4975492,604.8492808422126,0.072,-0.025
2313,3/22/2026 18:54:53.120,31.770513,-106.4975492,604.8492808422126,0.108,-0.0375
2314,3/22/2026 18:54:53.160,31.770513,-106.4975492,604.8492808422126,0.108,-0.0375
2315,3/22/2026 18:54:53.200,31.7705129,-106.4975492,604.860412791422,0.108,-0.025
2316,3/22/2026 18:54:53.240,31.770513,-106.4975492,604.8715447406315,0.108,-0.0375
2317,3/22/2026 18:54:53.280,31.7705129,-106.4975492,604.882676689841,0.108,-0.037500000000000006
2318,3/22/2026 18:54:53.320,31.7705129,-106.4975492,604.882676689841,0.108,-0.025
2319,3/22/2026 18:54:53.360,31.7705129,-106.4975491,604.8921406691497,0.108,-0.05
2320,3/22/2026 18:54:53.400,31.7705129,-106.4975492,604.9016046484585,0.072,-0.05
2321,3/22/2026 18:54:53.440,31.7705129,-106.4975491,604.9110686277672,0.072,0.0
2322,3/22/2026 18:54:53.480,31.7705129,-106.4975491,604.9110686277672,0.036,0.037500000000000006
2323,3/22/2026 18:54:53.520,31.7705129,-106.4975491,604.9110686277672,0.036,0.024999999999999994
2324,3/22/2026 18:54:53.560,31.7705128,-106.4975491,604.9222005769767,0.072,0.012499999999999994
2325,3/22/2026 18:54:53.600,31.7705128,-106.4975491,604.9222005769767,0.072,0.0375
2326,3/22/2026 18:54:53.640,31.7705128,-106.4975491,604.9222005769767,0.036,0.049999999999999996
2327,3/22/2026 18:54:53.680,31.7705128,-106.497549,604.9316645562957,0.072,0.025
2328,3/22/2026 18:54:53.720,31.7705128,-106.497549,604.9316645562957,0.072,-8.326672684688674e-18
2329,3/22/2026 18:54:53.760,31.7705128,-106.497549,604.9316645562957,0.0,0.024999999999999998
2330,3/22/2026 18:54:53.800,31.7705128,-106.497549,604.9316645562957,0.036,0.05
2331,3/22/2026 18:54:53.840,31.7705128,-106.4975489,604.9411285369596,0.108,0.012500000000000002
2332,3/22/2026 18:54:53.880,31.7705127,-106.497549,604.9557397386384,0.108,-0.05
2333,3/22/2026 18:54:53.920,31.7705127,-106.4975489,604.9652037193125,0.036,-0.012499999999999997
2334,3/22/2026 18:54:53.960,31.7705127,-106.4975487,604.9841316793157,0.108,5.551115123125783e-18
2335,3/22/2026 18:54:54.000,31.7705127,-106.4975487,604.9841316793157,0.144,-0.03749999999999999
2336,3/22/2026 18:54:54.040,31.7705127,-106.4975487,604.9841316793157,0.108,0.0
2337,3/22/2026 18:54:54.080,31.7705127,-106.4975487,604.9841316793157,0.072,0.025
2338,3/22/2026 18:54:54.120,31.7705126,-106.4975487,604.9952636285252,0.072,0.0125
2339,3/22/2026 18:54:54.160,31.7705126,-106.4975487,604.9952636285252,0.072,-0.0125
2340,3/22/2026 18:54:54.200,31.7705126,-106.4975487,604.9952636285252,0.108,-5.551115123125783e-18
2341,3/22/2026 18:54:54.240,31.7705126,-106.4975487,604.9952636285252,0.072,0.0625
2342,3/22/2026 18:54:54.280,31.7705125,-106.4975486,605.0098748296474,0.0,0.0625
2343,3/22/2026 18:54:54.320,31.7705125,-106.4975485,605.019338810342,0.108,-0.0125
2344,3/22/2026 18:54:54.360,31.7705125,-106.4975485,605.019338810342,0.036,-0.037500000000000006
2345,3/22/2026 18:54:54.400,31.7705125,-106.4975484,605.0288027896917,0.108,-0.025
2346,3/22/2026 18:54:54.440,31.7705125,-106.4975485,605.0382667690413,0.144,-0.05
2347,3/22/2026 18:54:54.480,31.7705125,-106.4975484,605.047730748391,0.108,-0.0125
2348,3/22/2026 18:54:54.520,31.7705125,-106.4975484,605.047730748391,0.072,0.024999999999999994
2349,3/22/2026 18:54:54.560,31.7705125,-106.4975484,605.047730748391,0.036,0.0
2350,3/22/2026 18:54:54.600,31.7705124,-106.4975484,605.058862697205,0.144,-0.025
2351,3/22/2026 18:54:54.640,31.7705124,-106.4975484,605.058862697205,0.216,-0.075
2352,3/22/2026 18:54:54.680,31.7705124,-106.4975484,605.058862697205,0.036,-0.0125
2353,3/22/2026 18:54:54.720,31.7705124,-106.4975484,605.058862697205,0.036,0.075
2354,3/22/2026 18:54:54.760,31.7705124,-106.4975482,605.0777906572696,0.0,0.0625
2355,3/22/2026 18:54:54.800,31.7705123,-106.4975482,605.0889226064791,0.072,0.025
2356,3/22/2026 18:54:54.840,31.7705123,-106.4975482,605.0889226064791,0.036,0.0
2357,3/22/2026 18:54:54.880,31.7705123,-106.4975482,605.0889226064791,0.18,-0.0375
2358,3/22/2026 18:54:54.920,31.7705123,-106.4975482,605.0889226064791,0.072,-0.05
2359,3/22/2026 18:54:54.960,31.7705123,-106.4975482,605.0889226064791,0.036,-0.0125
2360,3/22/2026 18:54:55.000,31.7705123,-106.4975482,605.0889226064791,0.072,-0.0125
2361,3/22/2026 18:54:55.040,31.7705123,-106.497548,605.1078505665641,0.072,-0.025
2362,3/22/2026 18:54:55.080,31.7705122,-106.497548,605.1189825157736,0.144,-0.0375
2363,3/22/2026 18:54:55.120,31.7705122,-106.4975479,605.1284464951539,0.144,-0.025
2364,3/22/2026 18:54:55.160,31.7705122,-106.4975479,605.1284464951539,0.072,0.025
2365,3/22/2026 18:54:55.200,31.7705121,-106.4975479,605.1395784439678,0.072,0.025
2366,3/22/2026 18:54:55.240,31.7705122,-106.4975479,605.1507103927818,0.036,0.0
2367,3/22/2026 18:54:55.280,31.7705122,-106.4975479,605.1507103927818,0.072,0.012500000000000002
2368,3/22/2026 18:54:55.320,31.7705121,-106.4975479,605.1618423415957,0.036,0.03750000000000001
2369,3/22/2026 18:54:55.360,31.7705121,-106.4975479,605.1618423415957,0.036,0.0375
2370,3/22/2026 18:54:55.400,31.7705121,-106.4975479,605.1618423415957,0.036,0.05000000000000001
2371,3/22/2026 18:54:55.440,31.7705121,-106.4975479,605.1618423415957,0.036,0.0625
2372,3/22/2026 18:54:55.480,31.7705121,-106.4975479,605.1618423415957,0.072,0.025000000000000012
2373,3/22/2026 18:54:55.520,31.7705121,-106.4975477,605.1807703017217,0.144,-0.012499999999999997
2374,3/22/2026 18:54:55.560,31.7705121,-106.4975477,605.1807703017217,0.144,-0.03749999999999999
2375,3/22/2026 18:54:55.600,31.770512,-106.4975477,605.1919022509312,0.072,-0.012499999999999994
2376,3/22/2026 18:54:55.640,31.770512,-106.4975477,605.1919022509312,0.036,0.025000000000000012
2377,3/22/2026 18:54:55.680,31.770512,-106.4975477,605.1919022509312,0.108,0.0375
2378,3/22/2026 18:54:55.720,31.770512,-106.4975477,605.1919022509312,0.108,0.05
2379,3/22/2026 18:54:55.760,31.770512,-106.4975477,605.1919022509312,0.072,0.0125
2380,3/22/2026 18:54:55.800,31.770512,-106.4975477,605.1919022509312,0.144,-0.0375
2381,3/22/2026 18:54:55.840,31.770512,-106.4975477,605.1919022509312,0.108,-0.0125
2382,3/22/2026 18:54:55.880,31.770512,-106.4975477,605.1919022509312,0.072,0.05
2383,3/22/2026 18:54:55.920,31.770512,-106.4975477,605.1919022509312,0.108,0.05
2384,3/22/2026 18:54:55.960,31.770512,-106.4975477,605.1919022509312,0.072,0.0
2385,3/22/2026 18:54:56.000,31.7705119,-106.4975477,605.2030342001407,0.108,0.012500000000000002
2386,3/22/2026 18:54:56.040,31.7705119,-106.4975477,605.2030342001407,0.072,0.05
2387,3/22/2026 18:54:56.080,31.7705119,-106.4975475,605.2219621603076,0.18,0.012499999999999997
2388,3/22/2026 18:54:56.120,31.7705119,-106.4975475,605.2219621603076,0.18,-0.0625
2389,3/22/2026 18:54:56.160,31.7705119,-106.4975475,605.2219621603076,0.036,-0.0375
2390,3/22/2026 18:54:56.200,31.7705119,-106.4975477,605.2408901204745,0.072,0.025000000000000005
2391,3/22/2026 18:54:56.240,31.7705119,-106.4975477,605.2408901204745,0.144,-0.012499999999999994
2392,3/22/2026 18:54:56.280,31.7705118,-106.4975477,605.2520220692885,0.18,-0.075
2393,3/22/2026 18:54:56.320,31.7705117,-106.4975476,605.2666332704638,0.144,-0.075
2394,3/22/2026 18:54:56.360,31.7705117,-106.4975475,605.2760972512401,0.036,-0.0125
2395,3/22/2026 18:54:56.400,31.7705116,-106.4975475,605.2872292004496,0.18,-0.0375
2396,3/22/2026 18:54:56.440,31.7705117,-106.4975475,605.2983611496591,0.144,-0.0625
2397,3/22/2026 18:54:56.480,31.7705117,-106.4975475,605.2983611496591,0.144,-0.05
2398,3/22/2026 18:54:56.520,31.7705116,-106.4975474,605.3129723508409,0.036,-0.012499999999999997
2399,3/22/2026 18:54:56.560,31.7705116,-106.4975474,605.3129723508409,0.072,0.05
2400,3/22/2026 18:54:56.600,31.7705116,-106.4975473,605.3224363316275,0.108,-0.012500000000000002
2401,3/22/2026 18:54:56.640,31.7705116,-106.4975473,605.3224363316275,0.072,-0.025
2402,3/22/2026 18:54:56.680,31.7705116,-106.4975473,605.3224363316275,0.036,0.037500000000000006
2403,3/22/2026 18:54:56.720,31.7705116,-106.4975473,605.3224363316275,0.072,0.012499999999999994
2404,3/22/2026 18:54:56.760,31.7705116,-106.4975473,605.3224363316275,0.072,-0.025000000000000012
2405,3/22/2026 18:54:56.800,31.7705116,-106.4975473,605.3224363316275,0.036,-0.012500000000000011
2406,3/22/2026 18:54:56.840,31.7705116,-106.4975473,605.3224363316275,0.108,-0.025000000000000012
2407,3/22/2026 18:54:56.880,31.7705116,-106.4975472,605.3319003110691,0.036,-0.012500000000000011
2408,3/22/2026 18:54:56.920,31.7705116,-106.4975472,605.3319003110691,0.108,-1.1102230246251566e-17
2409,3/22/2026 18:54:56.960,31.7705115,-106.4975472,605.3430322598831,0.144,-0.06250000000000001
2410,3/22/2026 18:54:57.000,31.7705114,-106.4975472,605.3541642090926,0.0,-0.012500000000000008
2411,3/22/2026 18:54:57.040,31.7705114,-106.4975472,605.3541642090926,0.108,0.012499999999999992
2412,3/22/2026 18:54:57.080,31.7705114,-106.4975472,605.3541642090926,0.108,-0.050000000000000024
2413,3/22/2026 18:54:57.120,31.7705114,-106.4975472,605.3541642090926,0.036,-0.025000000000000012
2414,3/22/2026 18:54:57.160,31.7705114,-106.4975472,605.3541642090926,0.036,0.025000000000000005
2415,3/22/2026 18:54:57.200,31.7705113,-106.4975472,605.365296158302,0.036,0.05
2416,3/22/2026 18:54:57.240,31.7705113,-106.497547,605.3842241185918,0.036,0.024999999999999994
2417,3/22/2026 18:54:57.280,31.7705113,-106.497547,605.3842241185918,0.072,0.024999999999999998
2418,3/22/2026 18:54:57.320,31.7705113,-106.497547,605.3842241185918,0.072,0.03750000000000001
2419,3/22/2026 18:54:57.360,31.7705113,-106.497547,605.3842241185918,0.0,0.025
2420,3/22/2026 18:54:57.400,31.7705113,-106.497547,605.3842241185918,0.108,0.024999999999999998
2421,3/22/2026 18:54:57.440,31.7705113,-106.497547,605.3842241185918,0.036,0.025
2422,3/22/2026 18:54:57.480,31.7705113,-106.497547,605.3842241185918,0.036,0.025
2423,3/22/2026 18:54:57.520,31.7705113,-106.497547,605.3842241185918,0.036,0.0375
2424,3/22/2026 18:54:57.560,31.7705113,-106.497547,605.3842241185918,0.108,0.012500000000000002
2425,3/22/2026 18:54:57.600,31.7705113,-106.497547,605.3842241185918,0.108,-0.0125
2426,3/22/2026 18:54:57.640,31.7705113,-106.4975468,605.4031520788815,0.036,0.0375
2427,3/22/2026 18:54:57.680,31.7705113,-106.4975468,605.4031520788815,0.144,0.0
2428,3/22/2026 18:54:57.720,31.7705113,-106.4975468,605.4031520788815,0.108,-0.075
2429,3/22/2026 18:54:57.760,31.7705112,-106.4975468,605.4142840276954,0.036,-0.037500000000000006
2430,3/22/2026 18:54:57.800,31.7705112,-106.4975468,605.4142840276954,0.144,-0.025
2431,3/22/2026 18:54:57.840,31.7705112,-106.4975468,605.4142840276954,0.072,-0.0375
2432,3/22/2026 18:54:57.880,31.7705112,-106.4975468,605.4142840276954,0.072,-0.0125
2433,3/22/2026 18:54:57.920,31.7705112,-106.4975468,605.4142840276954,0.108,-0.012500000000000006
2434,3/22/2026 18:54:57.960,31.7705112,-106.4975468,605.4142840276954,0.072,-0.0125
2435,3/22/2026 18:54:58.000,31.7705111,-106.4975468,605.4254159769049,0.108,-0.025
2436,3/22/2026 18:54:58.040,31.7705111,-106.4975468,605.4254159769049,0.144,-0.05
2437,3/22/2026 18:54:58.080,31.7705111,-106.4975468,605.4254159769049,0.036,-0.0125
2438,3/22/2026 18:54:58.120,31.770511,-106.4975467,605.4400271781266,0.0,0.0625
2439,3/22/2026 18:54:58.160,31.770511,-106.4975467,605.4400271781266,0.036,0.075
2440,3/22/2026 18:54:58.200,31.770511,-106.4975467,605.4400271781266,0.072,0.025
2441,3/22/2026 18:54:58.240,31.770511,-106.4975467,605.4400271781266,0.036,0.012499999999999997
2442,3/22/2026 18:54:58.280,31.770511,-106.4975467,605.4400271781266,0.072,0.012499999999999997
2443,3/22/2026 18:54:58.320,31.770511,-106.4975467,605.4400271781266,0.072,-0.0125
2444,3/22/2026 18:54:58.360,31.770511,-106.4975465,605.4589551384776,0.072,-0.0125
2445,3/22/2026 18:54:58.400,31.770511,-106.4975465,605.4589551384776,0.036,0.025000000000000005
2446,3/22/2026 18:54:58.440,31.7705109,-106.4975465,605.4700870872915,0.072,0.05
2447,3/22/2026 18:54:58.480,31.770511,-106.4975465,605.4812190361055,0.072,0.0125
2448,3/22/2026 18:54:58.520,31.7705109,-106.4975467,605.5031778149385,0.144,-0.012500000000000006
2449,3/22/2026 18:54:58.560,31.7705109,-106.4975465,605.5221057753099,0.108,-0.0125
2450,3/22/2026 18:54:58.600,31.7705109,-106.4975465,605.5221057753099,0.072,-0.012500000000000006
2451,3/22/2026 18:54:58.640,31.7705109,-106.4975465,605.5221057753099,0.072,0.012500000000000002
2452,3/22/2026 18:54:58.680,31.7705109,-106.4975465,605.5221057753099,0.072,0.012499999999999997
2453,3/22/2026 18:54:58.720,31.7705109,-106.4975465,605.5221057753099,0.036,0.025
2454,3/22/2026 18:54:58.760,31.7705109,-106.4975465,605.5221057753099,0.072,0.024999999999999998
2455,3/22/2026 18:54:58.800,31.7705108,-106.4975465,605.5332377245194,0.108,-0.012500000000000006
2456,3/22/2026 18:54:58.840,31.7705109,-106.4975463,605.5551965035704,0.144,-0.0375
2457,3/22/2026 18:54:58.880,31.7705108,-106.4975463,605.5663284527799,0.036,-0.025
2458,3/22/2026 18:54:58.920,31.7705108,-106.4975463,605.5663284527799,0.144,-0.012499999999999997
2459,3/22/2026 18:54:58.960,31.7705108,-106.4975463,605.5663284527799,0.072,-0.012499999999999997
2460,3/22/2026 18:54:59.000,31.7705108,-106.4975463,605.5663284527799,0.072,-0.012500000000000002
2461,3/22/2026 18:54:59.040,31.7705108,-106.4975463,605.5663284527799,0.108,-0.025000000000000012
2462,3/22/2026 18:54:59.080,31.7705107,-106.4975463,605.5774604019894,0.072,0.0
2463,3/22/2026 18:54:59.120,31.7705107,-106.4975463,605.5774604019894,0.108,0.025
2464,3/22/2026 18:54:59.160,31.7705107,-106.4975463,605.5774604019894,0.072,0.025
2465,3/22/2026 18:54:59.200,31.7705107,-106.4975463,605.5774604019894,0.072,0.03749999999999999
2466,3/22/2026 18:54:59.240,31.7705107,-106.4975463,605.5774604019894,0.072,0.0625
2467,3/22/2026 18:54:59.280,31.7705106,-106.4975461,605.5994191808752,0.036,0.0625
2468,3/22/2026 18:54:59.320,31.7705106,-106.4975461,605.5994191808752,0.108,0.0375
2469,3/22/2026 18:54:59.360,31.7705106,-106.4975461,605.5994191808752,0.072,0.05
2470,3/22/2026 18:54:59.400,31.7705106,-106.497546,605.6088831604192,0.036,0.0625
2471,3/22/2026 18:54:59.440,31.7705105,-106.497546,605.6200151096286,0.072,0.025
2472,3/22/2026 18:54:59.480,31.7705105,-106.4975461,605.6294790891828,0.108,-0.012500000000000002
2473,3/22/2026 18:54:59.520,31.7705106,-106.497546,605.6440902904376,0.144,-0.024999999999999998
2474,3/22/2026 18:54:59.560,31.7705105,-106.497546,605.6552222396471,0.108,-0.012499999999999994
2475,3/22/2026 18:54:59.600,31.7705105,-106.497546,605.6552222396471,0.144,0.0
2476,3/22/2026 18:54:59.640,31.7705104,-106.497546,605.6663541888565,0.18,-0.03749999999999999
2477,3/22/2026 18:54:59.680,31.7705104,-106.497546,605.6663541888565,0.108,-0.0625
2478,3/22/2026 18:54:59.720,31.7705104,-106.497546,605.6663541888565,0.144,-0.0375
2479,3/22/2026 18:54:59.760,31.7705104,-106.4975458,605.6852821493303,0.18,-0.03749999999999999
2480,3/22/2026 18:54:59.800,31.7705104,-106.4975458,605.6852821493303,0.108,-0.049999999999999996
2481,3/22/2026 18:54:59.840,31.7705103,-106.4975458,605.6964140981443,0.072,-0.012499999999999994
2482,3/22/2026 18:54:59.880,31.7705103,-106.4975458,605.6964140981443,0.072,2.7755575615628915e-18
2483,3/22/2026 18:54:59.920,31.7705103,-106.4975458,605.6964140981443,0.108,-0.024999999999999998
2484,3/22/2026 18:54:59.960,31.7705103,-106.4975458,605.6964140981443,0.108,-0.012499999999999994
2485,3/22/2026 18:55:00.000,31.7705103,-106.4975458,605.6964140981443,0.144,-0.024999999999999994
2486,3/22/2026 18:55:00.040,31.7705103,-106.4975458,605.6964140981443,0.072,0.012500000000000006
2487,3/22/2026 18:55:00.080,31.7705102,-106.4975458,605.7075460473537,0.036,0.10000000000000002
2488,3/22/2026 18:55:00.120,31.7705102,-106.4975456,605.7264740078684,0.108,0.03750000000000001
2489,3/22/2026 18:55:00.160,31.7705101,-106.4975456,605.7376059570779,0.108,-0.024999999999999988
2490,3/22/2026 18:55:00.200,31.7705101,-106.4975456,605.7376059570779,0.036,0.012500000000000011
2491,3/22/2026 18:55:00.240,31.7705101,-106.4975456,605.7376059570779,0.108,0.012500000000000015
2492,3/22/2026 18:55:00.280,31.77051,-106.4975456,605.7487379058919,0.036,1.1102230246251566e-17
2493,3/22/2026 18:55:00.320,31.77051,-106.4975456,605.7487379058919,0.072,-0.012499999999999983
2494,3/22/2026 18:55:00.360,31.77051,-106.4975456,605.7487379058919,0.108,-0.024999999999999994
2495,3/22/2026 18:55:00.400,31.77051,-106.4975456,605.7487379058919,0.072,-0.024999999999999994
2496,3/22/2026 18:55:00.440,31.77051,-106.4975456,605.7487379058919,0.18,-0.03749999999999999
2497,3/22/2026 18:55:00.480,31.77051,-106.4975456,605.7487379058919,0.216,-0.05
2498,3/22/2026 18:55:00.520,31.77051,-106.4975456,605.7487379058919,0.036,-0.025000000000000005
2499,3/22/2026 18:55:00.560,31.77051,-106.4975456,605.7487379058919,0.108,-8.326672684688674e-18
2500,3/22/2026 18:55:00.600,31.77051,-106.4975456,605.7487379058919,0.072,0.0125
2501,3/22/2026 18:55:00.640,31.7705099,-106.4975456,605.7598698551013,0.108,-0.025
2502,3/22/2026 18:55:00.680,31.7705099,-106.4975454,605.7787978143325,0.036,-0.012500000000000002
2503,3/22/2026 18:55:00.720,31.7705099,-106.4975454,605.7787978143325,0.036,0.10000000000000002
2504,3/22/2026 18:55:00.760,31.7705099,-106.4975454,605.7787978143325,0.072,0.10000000000000002
2505,3/22/2026 18:55:00.800,31.7705099,-106.4975454,605.7787978143325,0.036,0.03750000000000002
2506,3/22/2026 18:55:00.840,31.7705098,-106.4975454,605.789929763542,0.108,0.025
2507,3/22/2026 18:55:00.880,31.7705098,-106.4975454,605.789929763542,0.144,-0.012499999999999983
2508,3/22/2026 18:55:00.920,31.7705098,-106.4975454,605.789929763542,0.036,0.012500000000000008
2509,3/22/2026 18:55:00.960,31.7705098,-106.4975454,605.789929763542,0.108,0.06250000000000003
2510,3/22/2026 18:55:01.000,31.7705098,-106.4975453,605.7993937445127,0.108,0.0
2511,3/22/2026 18:55:01.040,31.7705098,-106.4975454,605.8088577254834,0.0,1.1102230246251566e-17
2512,3/22/2026 18:55:01.080,31.7705098,-106.4975454,605.8088577254834,0.108,0.025000000000000005
2513,3/22/2026 18:55:01.120,31.7705098,-106.4975453,605.8183217064542,0.252,-0.075
2514,3/22/2026 18:55:01.160,31.7705098,-106.4975453,605.8183217064542,0.144,-0.1
2515,3/22/2026 18:55:01.200,31.7705098,-106.4975453,605.8183217064542,0.072,-0.0375
2516,3/22/2026 18:55:01.240,31.7705098,-106.4975452,605.82778568608,0.144,-0.03749999999999999
2517,3/22/2026 18:55:01.280,31.7705098,-106.4975452,605.82778568608,0.072,-0.0375
2518,3/22/2026 18:55:01.320,31.7705097,-106.4975452,605.838917634894,0.144,-0.03749999999999999
2519,3/22/2026 18:55:01.360,31.7705097,-106.4975452,605.838917634894,0.18,-0.049999999999999996
2520,3/22/2026 18:55:01.400,31.7705097,-106.4975452,605.838917634894,0.036,0.012500000000000011
2521,3/22/2026 18:55:01.440,31.7705097,-106.4975451,605.8483816158749,0.072,0.03750000000000001
2522,3/22/2026 18:55:01.480,31.7705096,-106.4975452,605.8629928180604,0.108,0.012499999999999997
2523,3/22/2026 18:55:01.520,31.7705096,-106.4975451,605.8724567990516,0.036,0.05
2524,3/22/2026 18:55:01.560,31.7705096,-106.497545,605.8819207786979,0.072,0.0375
2525,3/22/2026 18:55:01.600,31.7705096,-106.497545,605.8819207786979,0.036,0.025
2526,3/22/2026 18:55:01.640,31.7705096,-106.497545,605.8819207786979,0.072,0.0625
2527,3/22/2026 18:55:01.680,31.7705096,-106.497545,605.8819207786979,0.036,0.075
2528,3/22/2026 18:55:01.720,31.7705095,-106.497545,605.8930527279074,0.072,0.0875
2529,3/22/2026 18:55:01.760,31.7705095,-106.4975449,605.9025167089088,0.108,0.15
2530,3/22/2026 18:55:01.800,31.7705095,-106.4975449,605.9025167089088,0.144,0.2375
2531,3/22/2026 18:55:01.840,31.7705095,-106.4975449,605.9025167089088,0.072,0.3500000000000001
2532,3/22/2026 18:55:01.880,31.7705095,-106.4975449,605.9025167089088,0.144,0.4250000000000001
2533,3/22/2026 18:55:01.920,31.7705095,-106.4975449,605.9025167089088,0.144,0.45000000000000007
2534,3/22/2026 18:55:01.960,31.7705095,-106.4975448,605.9119806885653,0.072,0.5625000000000002
2535,3/22/2026 18:55:02.000,31.7705094,-106.4975449,605.9265918895917,0.108,0.7500000000000002
2536,3/22/2026 18:55:02.040,31.7705094,-106.4975448,605.9360558692584,0.18,0.9125000000000002
2537,3/22/2026 18:55:02.080,31.7705094,-106.4975448,605.9360558692584,0.144,1.0500000000000003
2538,3/22/2026 18:55:02.120,31.7705093,-106.4975447,605.9506670705927,0.216,1.1750000000000003
2539,3/22/2026 18:55:02.160,31.7705093,-106.4975447,605.9506670705927,0.396,1.2
2540,3/22/2026 18:55:02.200,31.7705092,-106.4975446,605.9652782728047,0.54,1.175
2541,3/22/2026 18:55:02.240,31.7705091,-106.4975445,605.9798894738509,0.684,1.2375
2542,3/22/2026 18:55:02.280,31.7705091,-106.4975445,605.9798894738509,0.756,1.4125
2543,3/22/2026 18:55:02.320,31.770509,-106.4975445,605.9910214230604,0.8280000000000001,1.6375
2544,3/22/2026 18:55:02.360,31.7705088,-106.4975443,606.0202438263583,1.0080000000000002,1.75
2545,3/22/2026 18:55:02.400,31.7705087,-106.4975442,606.0348550286035,1.332,1.7
2546,3/22/2026 18:55:02.440,31.7705085,-106.497544,606.0640774313714,1.584,1.65
2547,3/22/2026 18:55:02.480,31.7705084,-106.4975439,606.0786886333351,1.764,1.7
2548,3/22/2026 18:55:02.520,31.7705082,-106.4975437,606.1079110370139,1.98,1.7499999999999996
2549,3/22/2026 18:55:02.560,31.7705079,-106.4975435,606.1462978872022,2.088,1.7500000000000004
2550,3/22/2026 18:55:02.600,31.7705078,-106.4975434,606.1609090892057,2.232,1.8250000000000004
2551,3/22/2026 18:55:02.640,31.7705075,-106.4975431,606.2047426941162,2.556,1.9749999999999996
2552,3/22/2026 18:55:02.680,31.7705072,-106.4975429,606.2431295450383,2.952,2.0250000000000004
2553,3/22/2026 18:55:02.720,31.7705069,-106.4975426,606.2869631500681,3.3480000000000003,1.9875000000000007
2554,3/22/2026 18:55:02.760,31.7705067,-106.4975424,606.3161855539457,3.528,2.0
2555,3/22/2026 18:55:02.800,31.7705063,-106.4975421,606.368994899216,3.708,2.0625000000000004
2556,3/22/2026 18:55:02.840,31.770506,-106.4975418,606.4128285052958,3.96,2.175
2557,3/22/2026 18:55:02.880,31.7705055,-106.4975414,606.4801417883759,4.284,2.2625
2558,3/22/2026 18:55:02.920,31.7705052,-106.4975411,606.5239753937436,4.5,2.3375000000000004
2559,3/22/2026 18:55:02.960,31.7705049,-106.4975408,606.5678090000421,4.6080000000000005,2.5125
2560,3/22/2026 18:55:03.000,31.7705045,-106.4975403,606.6327851332078,4.968,2.5999999999999996
2561,3/22/2026 18:55:03.040,31.770504,-106.4975399,606.7000984166331,5.508,2.5124999999999997
2562,3/22/2026 18:55:03.080,31.7705034,-106.4975395,606.7768721192136,5.832000000000001,2.4499999999999993
2563,3/22/2026 18:55:03.120,31.7705029,-106.4975391,606.8441854033214,6.192,2.3624999999999994
2564,3/22/2026 18:55:03.160,31.7705024,-106.4975384,606.9307116251416,6.444,2.2749999999999995
2565,3/22/2026 18:55:03.200,31.7705018,-106.4975379,607.012567008812,6.732,2.2000000000000006
2566,3/22/2026 18:55:03.240,31.7705011,-106.4975374,607.1037331629553,7.2,2.012500000000001
2567,3/22/2026 18:55:03.280,31.7705006,-106.4975369,607.1767891738837,7.56,1.8499999999999996
2568,3/22/2026 18:55:03.320,31.7704999,-106.4975362,607.2790675891537,7.956,1.725
2569,3/22/2026 18:55:03.360,31.7704991,-106.4975355,607.3900616373876,8.388,1.6250000000000004
2570,3/22/2026 18:55:03.400,31.7704985,-106.4975348,607.4841356010298,8.676,1.5875000000000008
2571,3/22/2026 18:55:03.440,31.7704978,-106.497534,607.5927835577502,9.036,1.5625000000000013
2572,3/22/2026 18:55:03.480,31.770497,-106.4975333,607.7037776068817,9.36,1.5875000000000008
2573,3/22/2026 18:55:03.520,31.7704963,-106.4975327,607.8001959885818,9.468,1.6375
2574,3/22/2026 18:55:03.560,31.7704956,-106.4975319,607.9088439468403,9.72,1.6000000000000003
2575,3/22/2026 18:55:03.600,31.7704948,-106.4975312,608.0198379965947,9.792000000000002,1.6875
2576,3/22/2026 18:55:03.640,31.7704939,-106.4975303,608.1513388201287,9.936,1.8625000000000003
2577,3/22/2026 18:55:03.680,31.770493,-106.4975295,608.2769167978587,10.152,1.9250000000000014
2578,3/22/2026 18:55:03.720,31.7704921,-106.4975288,608.3970264323195,10.332,1.9000000000000008
2579,3/22/2026 18:55:03.760,31.7704914,-106.4975279,608.5124691352864,10.692,1.7749999999999997
2580,3/22/2026 18:55:03.800,31.7704906,-106.4975271,608.6293587576982,10.944,1.7374999999999996
2581,3/22/2026 18:55:03.840,31.7704897,-106.4975264,608.7494683931069,11.268,1.7749999999999992
2582,3/22/2026 18:55:03.880,31.7704888,-106.4975254,608.8872879836761,11.7,1.7375
2583,3/22/2026 18:55:03.920,31.7704878,-106.4975245,609.0274555726378,11.844,1.7125
2584,3/22/2026 18:55:03.960,31.7704869,-106.4975236,609.1589564003461,11.952,1.7375
2585,3/22/2026 18:55:04.000,31.7704859,-106.4975226,609.305068431476,12.420000000000002,1.624999999999999
2586,3/22/2026 18:55:04.040,31.7704848,-106.4975217,609.4542303558296,12.672,1.4624999999999984
2587,3/22/2026 18:55:04.080,31.7704838,-106.4975209,609.5888569319643,12.96,1.399999999999999
2588,3/22/2026 18:55:04.120,31.7704827,-106.4975199,609.7436182074231,12.996,1.3874999999999993
2589,3/22/2026 18:55:04.160,31.7704818,-106.497519,609.8751190381728,13.14,1.3499999999999988
2590,3/22/2026 18:55:04.200,31.7704808,-106.497518,610.0212310723805,13.5,1.1624999999999996
2591,3/22/2026 18:55:04.240,31.7704796,-106.4975169,610.1905890550287,13.824,0.8624999999999998
2592,3/22/2026 18:55:04.280,31.7704784,-106.4975159,610.3542998363528,14.148,0.5499999999999993
2593,3/22/2026 18:55:04.320,31.7704774,-106.4975149,610.5004118728134,14.328,0.31250000000000006
2594,3/22/2026 18:55:04.360,31.7704763,-106.4975139,610.6551731522758,14.472,0.23749999999999996
2595,3/22/2026 18:55:04.400,31.7704751,-106.4975128,610.8245311380366,14.58,0.2375000000000005
2596,3/22/2026 18:55:04.440,31.7704739,-106.4975118,610.9882419216991,14.724,0.1375000000000015
2597,3/22/2026 18:55:04.480,31.7704727,-106.4975106,611.1635763695247,14.94,-0.0374999999999992
2598,3/22/2026 18:55:04.520,31.7704715,-106.4975096,611.3272871546064,15.012,-0.16249999999999987
2599,3/22/2026 18:55:04.560,31.7704702,-106.4975085,611.5055569943777,15.012,-0.1749999999999996
2600,3/22/2026 18:55:04.600,31.770469,-106.4975075,611.669267780938,14.976,-0.1749999999999996
2601,3/22/2026 18:55:04.640,31.770468,-106.4975065,611.8153798236269,14.832,-0.1749999999999996
2602,3/22/2026 18:55:04.680,31.7704669,-106.4975054,611.9761030722947,14.724,-0.14999999999999902
2603,3/22/2026 18:55:04.720,31.7704657,-106.4975044,612.1398138608064,14.652,-0.07499999999999951
2604,3/22/2026 18:55:04.760,31.7704645,-106.4975034,612.3035246500277,14.832,0.012499999999999734
2605,3/22/2026 18:55:04.800,31.7704632,-106.4975022,612.4874816518623,14.904,0.09999999999999898
2606,3/22/2026 18:55:04.840,31.7704622,-106.4975013,612.6276492551463,14.796,0.2749999999999997
2607,3/22/2026 18:55:04.880,31.7704611,-106.4975003,612.7824105441172,14.76,0.4625000000000002
2608,3/22/2026 18:55:04.920,31.7704599,-106.4974991,612.9577450021202,14.724,0.5625000000000002
2609,3/22/2026 18:55:04.960,31.7704587,-106.4974981,613.1214557947715,14.796,0.525000000000001
2610,3/22/2026 18:55:05.000,31.7704576,-106.497497,613.2821790499162,14.688,0.5875000000000009
2611,3/22/2026 18:55:05.040,31.7704564,-106.497496,613.4458898439276,14.616,0.7374999999999998
2612,3/22/2026 18:55:05.080,31.7704553,-106.497495,613.6006511365268,14.508,0.7624999999999993
2613,3/22/2026 18:55:05.120,31.770454,-106.497494,613.7735650796061,14.652,0.6374999999999996
2614,3/22/2026 18:55:05.160,31.7704529,-106.4974929,613.9342883384778,14.868,0.48749999999999966
2615,3/22/2026 18:55:05.200,31.7704517,-106.4974919,614.0979991352688,15.156,0.5625000000000013
2616,3/22/2026 18:55:05.240,31.7704505,-106.4974909,614.2617099327693,15.336,0.7625000000000004
2617,3/22/2026 18:55:05.280,31.7704493,-106.49749,614.4201379979861,15.552,0.8499999999999985
2618,3/22/2026 18:55:05.320,31.7704481,-106.4974889,614.5894960024227,15.552,0.9000000000000009
2619,3/22/2026 18:55:05.360,31.7704468,-106.4974881,614.7528202801449,15.48,0.9750000000000014
2620,3/22/2026 18:55:05.400,31.7704457,-106.4974871,614.9075815784366,15.696000000000002,0.9875000000000013
2621,3/22/2026 18:55:05.440,31.7704445,-106.4974862,615.0660096460293,15.732,1.0000000000000022
2622,3/22/2026 18:55:05.480,31.7704432,-106.4974852,615.2389235954864,15.588,1.162500000000002
2623,3/22/2026 18:55:05.520,31.7704421,-106.4974842,615.3936848960302,15.408,1.4125
2624,3/22/2026 18:55:05.560,31.7704409,-106.4974833,615.5521129654048,15.515999999999998,1.5500000000000014
2625,3/22/2026 18:55:05.600,31.7704396,-106.4974822,615.7303828252839,16.128000000000004,1.4625
2626,3/22/2026 18:55:05.640,31.7704383,-106.4974811,615.9086526852318,16.56,1.237499999999998
2627,3/22/2026 18:55:05.680,31.7704369,-106.49748,616.096071978049,16.776,1.2375000000000003
2628,3/22/2026 18:55:05.720,31.7704356,-106.4974788,616.2800290008001,16.92,1.349999999999999
2629,3/22/2026 18:55:05.760,31.7704342,-106.4974776,616.4728658083702,16.92,1.3874999999999982
2630,3/22/2026 18:55:05.800,31.7704329,-106.4974764,616.6568228331676,17.1,1.4249999999999985
2631,3/22/2026 18:55:05.840,31.7704315,-106.4974752,616.8496596426895,17.208000000000002,1.4374999999999996
2632,3/22/2026 18:55:05.880,31.7704301,-106.4974742,617.0319919884894,17.46,1.4000000000000001
2633,3/22/2026 18:55:05.920,31.7704287,-106.497473,617.2248288000357,17.604,1.3750000000000007
2634,3/22/2026 18:55:05.960,31.7704274,-106.4974718,617.4087858290011,17.784000000000002,1.399999999999999
2635,3/22/2026 18:55:06.000,31.7704259,-106.4974704,617.6219458942912,18.072,1.3499999999999992
2636,3/22/2026 18:55:06.040,31.7704243,-106.4974692,617.8331833308177,18.18,1.3375000000000017
2637,3/22/2026 18:55:06.080,31.7704228,-106.4974678,618.0463433988675,18.72,1.2250000000000016
2638,3/22/2026 18:55:06.120,31.7704213,-106.4974665,618.2537533878492,18.864,1.050000000000002
2639,3/22/2026 18:55:06.160,31.7704198,-106.4974652,618.461163378812,18.972,1.037500000000001
2640,3/22/2026 18:55:06.200,31.7704183,-106.4974639,618.6685733701603,19.152,0.9875
2641,3/22/2026 18:55:06.240,31.7704168,-106.4974625,618.8817334435512,19.296000000000003,0.9375
2642,3/22/2026 18:55:06.280,31.7704152,-106.4974613,619.0929708860834,19.404,1.0125000000000006
2643,3/22/2026 18:55:06.320,31.7704137,-106.4974599,619.306130962234,19.62,1.087500000000001
2644,3/22/2026 18:55:06.360,31.7704122,-106.4974585,619.5192910397197,19.8,1.0250000000000004
2645,3/22/2026 18:55:06.400,31.7704105,-106.4974572,619.745011675812,19.944,0.8750000000000002
2646,3/22/2026 18:55:06.440,31.7704089,-106.4974558,619.9669998487229,20.16,0.7625000000000005
2647,3/22/2026 18:55:06.480,31.7704073,-106.4974544,620.1889880230017,20.268,0.7625000000000004
2648,3/22/2026 18:55:06.520,31.7704058,-106.4974529,620.4081561489082,20.340000000000003,0.7999999999999996
2649,3/22/2026 18:55:06.560,31.7704041,-106.4974514,620.6447265752882,20.484,0.8124999999999993
2650,3/22/2026 18:55:06.600,31.7704024,-106.49745,620.8757419881763,20.484,0.8749999999999993
2651,3/22/2026 18:55:06.640,31.7704009,-106.4974486,621.0889020757213,20.664,0.8374999999999977
2652,3/22/2026 18:55:06.680,31.7703991,-106.497447,621.3400581235783,20.952,0.6374999999999974
2653,3/22/2026 18:55:06.720,31.7703974,-106.4974455,621.5766285561275,21.204,0.4499999999999981
2654,3/22/2026 18:55:06.760,31.7703958,-106.497444,621.8043920316749,21.168,0.4375000000000007
2655,3/22/2026 18:55:06.800,31.7703941,-106.4974426,622.0354074510565,21.096,0.46250000000000124
2656,3/22/2026 18:55:06.840,31.7703924,-106.497441,622.2777752576263,21.204,0.3749999999999997
2657,3/22/2026 18:55:06.880,31.7703907,-106.4974395,622.5143456963448,21.42,0.3124999999999989
2658,3/22/2026 18:55:06.920,31.7703891,-106.4974379,622.7481250489199,21.492,0.37499999999999867
2659,3/22/2026 18:55:06.960,31.7703874,-106.4974364,622.9846954906769,21.672,0.4249999999999998
2660,3/22/2026 18:55:07.000,31.7703857,-106.497435,623.2157109172822,21.816,0.36250000000000115
2661,3/22/2026 18:55:07.040,31.770384,-106.4974335,623.4522813621699,21.744,0.4000000000000014
2662,3/22/2026 18:55:07.080,31.7703824,-106.4974321,623.6742695577329,21.708,0.4749999999999999
2663,3/22/2026 18:55:07.120,31.7703806,-106.4974305,623.9254256238457,21.744,0.3374999999999995
2664,3/22/2026 18:55:07.160,31.7703788,-106.4974289,624.176581690924,21.888,0.12499999999999951
2665,3/22/2026 18:55:07.200,31.7703771,-106.4974274,624.413152142165,21.708,0.2124999999999999
2666,3/22/2026 18:55:07.240,31.7703755,-106.4974259,624.6409156379653,21.672,0.5374999999999996
2667,3/22/2026 18:55:07.280,31.7703738,-106.4974245,624.8719310740212,21.852,0.6874999999999998
2668,3/22/2026 18:55:07.320,31.770372,-106.4974228,625.128904012157,22.14,0.5625000000000002
2669,3/22/2026 18:55:07.360,31.7703702,-106.4974214,625.3691233770145,22.248,0.29999999999999916
2670,3/22/2026 18:55:07.400,31.7703684,-106.4974197,625.6260963187616,22.284,0.18749999999999928
2671,3/22/2026 18:55:07.440,31.7703666,-106.4974182,625.8716625891699,22.428,0.26249999999999996
2672,3/22/2026 18:55:07.480,31.7703648,-106.4974166,626.1228186708743,22.392,0.3125000000000011
2673,3/22/2026 18:55:07.520,31.7703632,-106.4974151,626.3505821775999,22.032,0.46250000000000124
2674,3/22/2026 18:55:07.560,31.7703614,-106.4974135,626.6017382626594,21.96,0.575
2675,3/22/2026 18:55:07.600,31.7703596,-106.497412,626.847304539277,22.248,0.43749999999999944
2676,3/22/2026 18:55:07.640,31.7703578,-106.4974104,627.0984606270782,22.68,0.2500000000000002
2677,3/22/2026 18:55:07.680,31.7703559,-106.4974087,627.3642051491013,22.824,0.2124999999999999
2678,3/22/2026 18:55:07.720,31.7703542,-106.4974072,627.6007756214283,22.788,0.2874999999999994
2679,3/22/2026 18:55:07.760,31.7703525,-106.4974056,627.8431434684906,22.464,0.33749999999999947
2680,3/22/2026 18:55:07.800,31.7703507,-106.4974039,628.1001164295093,22.608,0.2999999999999991
2681,3/22/2026 18:55:07.840,31.7703489,-106.4974023,628.3512725264085,22.86,0.19999999999999907
2682,3/22/2026 18:55:07.880,31.7703471,-106.4974007,628.6024286255793,22.86,0.1375000000000004
2683,3/22/2026 18:55:07.920,31.7703453,-106.4973991,628.8535847265263,22.896,0.21250000000000213
2684,3/22/2026 18:55:07.960,31.7703435,-106.4973976,629.0991510174255,22.752,0.35000000000000253
2685,3/22/2026 18:55:08.000,31.7703416,-106.497396,629.3592749103069,22.716,0.2750000000000008
2686,3/22/2026 18:55:08.040,31.7703398,-106.4973944,629.6104310158705,22.932,0.08749999999999925
2687,3/22/2026 18:55:08.080,31.770338,-106.4973927,629.8674039907169,23.184,-0.06250000000000089
2688,3/22/2026 18:55:08.120,31.7703362,-106.497391,630.124376968365,23.256,-0.12500000000000067
2689,3/22/2026 18:55:08.160,31.7703343,-106.4973893,630.3901215123155,22.968,0.025000000000000577
2690,3/22/2026 18:55:08.200,31.7703325,-106.4973876,630.6470944931502,22.968,0.03750000000000142
2691,3/22/2026 18:55:08.240,31.7703307,-106.4973861,630.8926607954037,23.076,-0.0374999999999992
2692,3/22/2026 18:55:08.280,31.7703289,-106.4973845,631.1438169125344,23.040000000000003,0.024999999999998357
2693,3/22/2026 18:55:08.320,31.770327,-106.4973826,631.4214299711157,23.328000000000003,-0.025000000000002798
2694,3/22/2026 18:55:08.360,31.770325,-106.4973811,631.6854768484305,23.328000000000003,-0.17500000000000293
2695,3/22/2026 18:55:08.400,31.7703234,-106.4973795,631.9192562706577,22.932,-0.11250000000000204
2696,3/22/2026 18:55:08.440,31.7703215,-106.497378,632.1739872334734,22.968,0.025000000000000577
2697,3/22/2026 18:55:08.480,31.7703197,-106.4973764,632.4251433596827,22.968,0.1000000000000012
2698,3/22/2026 18:55:08.520,31.7703179,-106.4973749,632.6707096736131,23.112,0.03750000000000031
2699,3/22/2026 18:55:08.560,31.7703159,-106.4973732,632.9453968850258,23.184,-0.15000000000000013
2700,3/22/2026 18:55:08.600,31.7703142,-106.4973716,633.1877647712531,22.86,-0.025000000000000577
2701,3/22/2026 18:55:08.640,31.7703122,-106.4973699,633.462451986755,23.076,0.1749999999999996
2702,3/22/2026 18:55:08.680,31.7703104,-106.4973683,633.7136081213306,23.112,0.20000000000000018
2703,3/22/2026 18:55:08.720,31.7703086,-106.4973667,633.9647642584933,23.184,0.16249999999999987
2704,3/22/2026 18:55:08.760,31.7703069,-106.4973651,634.2071321521854,22.968,0.1750000000000007
2705,3/22/2026 18:55:08.800,31.7703051,-106.4973636,634.4526984771474,22.968,0.3000000000000025
2706,3/22/2026 18:55:08.840,31.7703033,-106.497362,634.7038546198556,23.004,0.32500000000000084
2707,3/22/2026 18:55:08.880,31.7703015,-106.4973604,634.9550107632137,23.22,0.2375000000000005
2708,3/22/2026 18:55:08.920,31.7702997,-106.4973588,635.206166909159,22.968,0.3500000000000014
2709,3/22/2026 18:55:08.960,31.7702979,-106.4973573,635.4517332405077,22.896,0.5874999999999997
2710,3/22/2026 18:55:09.000,31.770296,-106.4973557,635.711857176836,23.076,0.5999999999999993
2711,3/22/2026 18:55:09.040,31.770294,-106.4973541,635.9811105044356,23.364,0.4249999999999998
2712,3/22/2026 18:55:09.080,31.7702921,-106.4973525,636.2412344436968,23.4,0.36250000000000115
2713,3/22/2026 18:55:09.120,31.7702903,-106.4973509,636.4923905989181,23.364,0.4125000000000023
2714,3/22/2026 18:55:09.160,31.7702885,-106.4973493,636.7435467559155,23.292,0.5000000000000004
2715,3/22/2026 18:55:09.200,31.7702866,-106.4973477,637.003670700417,23.508000000000003,0.48749999999999966
2716,3/22/2026 18:55:09.240,31.7702846,-106.497346,637.2783579444989,23.4,0.4625000000000001
2717,3/22/2026 18:55:09.280,31.7702828,-106.4973443,637.5353309794466,23.508000000000003,0.5124999999999991
2718,3/22/2026 18:55:09.320,31.7702809,-106.4973428,637.7900619773092,23.688,0.4249999999999998
2719,3/22/2026 18:55:09.360,31.770279,-106.4973411,638.0558065794825,23.868,0.3125000000000022
2720,3/22/2026 18:55:09.400,31.7702772,-106.4973395,638.3069627476308,23.832,0.3375000000000017
2721,3/22/2026 18:55:09.440,31.7702754,-106.4973378,638.5639357906355,23.832,0.4250000000000009
2722,3/22/2026 18:55:09.480,31.7702735,-106.4973361,638.8296803985994,23.976000000000003,0.4124999999999989
2723,3/22/2026 18:55:09.520,31.7702714,-106.4973344,639.1134652131096,23.976000000000003,0.349999999999997
2724,3/22/2026 18:55:09.560,31.7702696,-106.4973326,639.3764671271574,24.12,0.26249999999999885
2725,3/22/2026 18:55:09.600,31.7702675,-106.4973311,639.6499657747443,24.084000000000003,0.2749999999999997
2726,3/22/2026 18:55:09.640,31.7702656,-106.4973295,639.9100897392542,24.156,0.3875000000000006
2727,3/22/2026 18:55:09.680,31.7702636,-106.4973278,640.1847770047261,24.228,0.42500000000000204
2728,3/22/2026 18:55:09.720,31.7702617,-106.4973262,640.4449009729519,24.192,0.4375000000000018
2729,3/22/2026 18:55:09.760,31.7702598,-106.4973245,640.7106455950252,24.264000000000003,0.4625000000000001
2730,3/22/2026 18:55:09.800,31.7702578,-106.4973228,640.9853328659377,24.408,0.4249999999999998
2731,3/22/2026 18:55:09.840,31.7702559,-106.4973211,641.2510774932462,24.48,0.33749999999999947
2732,3/22/2026 18:55:09.880,31.7702539,-106.4973194,641.5257647678105,24.516,0.3750000000000009
2733,3/22/2026 18:55:09.920,31.770252,-106.4973178,641.7858887452784,24.444,0.5125000000000013
2734,3/22/2026 18:55:09.960,31.7702501,-106.4973161,642.051633377879,24.408,0.675
2735,3/22/2026 18:55:10.000,31.770248,-106.4973144,642.3354182162224,24.588,0.7374999999999998
2736,3/22/2026 18:55:10.040,31.770246,-106.4973128,642.6046715872484,24.768,0.7249999999999979
2737,3/22/2026 18:55:10.080,31.770244,-106.4973111,642.8793588718967,24.840000000000003,0.6999999999999973
2738,3/22/2026 18:55:10.120,31.7702419,-106.4973094,643.1631437158173,24.840000000000003,0.6749999999999968
2739,3/22/2026 18:55:10.160,31.7702399,-106.4973077,643.4378310054295,24.948,0.6749999999999978
2740,3/22/2026 18:55:10.200,31.770238,-106.497306,643.7035756507697,24.948,0.6625000000000003
2741,3/22/2026 18:55:10.240,31.7702359,-106.4973043,643.9873605002801,24.912,0.8125000000000016
2742,3/22/2026 18:55:10.280,31.770234,-106.4973026,644.2531051498318,25.164,0.8499999999999996
2743,3/22/2026 18:55:10.320,31.7702319,-106.4973009,644.5368900032859,25.272,0.7625000000000004
2744,3/22/2026 18:55:10.360,31.7702298,-106.4972991,644.8261454356809,25.524,0.7125000000000015
2745,3/22/2026 18:55:10.400,31.7702276,-106.4972974,645.1191683330917,25.596,0.7124999999999992
2746,3/22/2026 18:55:10.440,31.7702256,-106.4972957,645.3938556364817,25.848,0.6375000000000008
2747,3/22/2026 18:55:10.480,31.7702235,-106.497294,645.6776404982176,25.776,0.6000000000000016
2748,3/22/2026 18:55:10.520,31.7702215,-106.4972923,645.9523278057837,25.848,0.7625000000000014
2749,3/22/2026 18:55:10.560,31.7702194,-106.4972905,646.2415832497765,25.884,0.8625000000000005
2750,3/22/2026 18:55:10.600,31.7702173,-106.4972888,646.525368117625,25.92,0.9124999999999982
2751,3/22/2026 18:55:10.640,31.7702152,-106.4972871,646.8091529883066,26.28,0.7999999999999984
2752,3/22/2026 18:55:10.680,31.770213,-106.4972852,647.1129807121135,26.244,0.6874999999999998
2753,3/22/2026 18:55:10.720,31.7702109,-106.4972835,647.3967655862721,26.388,0.7374999999999998
2754,3/22/2026 18:55:10.760,31.7702088,-106.4972816,647.6916939100703,26.46,0.8499999999999996
2755,3/22/2026 18:55:10.800,31.7702067,-106.4972799,647.9754787883696,26.712,0.8625000000000005
2756,3/22/2026 18:55:10.840,31.7702045,-106.497278,648.2793065219543,26.568,0.8499999999999996
2757,3/22/2026 18:55:10.880,31.7702024,-106.4972761,648.5742348533366,26.784,0.8750000000000003
2758,3/22/2026 18:55:10.920,31.7702001,-106.4972744,648.8766234216797,27.036,0.7874999999999999
2759,3/22/2026 18:55:10.960,31.7701979,-106.4972725,649.1804511628563,27.18,0.6999999999999995
2760,3/22/2026 18:55:11.000,31.7701957,-106.4972706,649.4842789065636,27.252,0.7250000000000001
2761,3/22/2026 18:55:11.040,31.7701936,-106.4972688,649.7735343782147,27.252,0.7874999999999999
2762,3/22/2026 18:55:11.080,31.7701914,-106.4972669,650.0773621265495,27.252,0.8625000000000016
2763,3/22/2026 18:55:11.120,31.7701891,-106.497265,650.390232252252,27.504,0.8750000000000014
2764,3/22/2026 18:55:11.160,31.7701869,-106.497263,650.6997551722523,27.792,0.7874999999999988
2765,3/22/2026 18:55:11.200,31.7701846,-106.497261,651.0181587733424,27.864,0.7624999999999993
2766,3/22/2026 18:55:11.240,31.7701823,-106.4972591,651.3310289066409,27.864,0.8125000000000003
2767,3/22/2026 18:55:11.280,31.7701802,-106.4972573,651.6202843928231,28.008000000000003,0.787500000000001
2768,3/22/2026 18:55:11.320,31.7701778,-106.4972552,651.9532669478317,28.08,0.7375000000000009
2769,3/22/2026 18:55:11.360,31.7701757,-106.4972533,652.248195310854,28.152,0.7625000000000004
2770,3/22/2026 18:55:11.400,31.7701734,-106.4972514,652.5610654537707,28.368,0.7875000000000021
2771,3/22/2026 18:55:11.440,31.7701711,-106.4972493,652.8851844661663,28.404,0.8500000000000008
2772,3/22/2026 18:55:11.480,31.7701688,-106.4972474,653.1980546134484,28.584000000000003,0.8374999999999977
2773,3/22/2026 18:55:11.520,31.7701665,-106.4972454,653.5164582368703,28.692,0.7624999999999971
2774,3/22/2026 18:55:11.560,31.7701641,-106.4972433,653.8494408094448,28.872,0.7000000000000006
2775,3/22/2026 18:55:11.600,31.7701618,-106.4972414,654.1623109653193,28.980000000000004,0.6875000000000009
2776,3/22/2026 18:55:11.640,31.7701595,-106.4972394,654.4807145964553,29.088,0.7125000000000004
2777,3/22/2026 18:55:11.680,31.7701571,-106.4972373,654.8136971780051,29.052000000000003,0.7250000000000001
2778,3/22/2026 18:55:11.720,31.7701549,-106.4972354,655.117524968326,29.16,0.774999999999999
2779,3/22/2026 18:55:11.760,31.7701525,-106.4972332,655.4562413847837,29.268000000000004,0.787500000000001
2780,3/22/2026 18:55:11.800,31.7701501,-106.4972313,655.7782848543497,29.52,0.7250000000000023
2781,3/22/2026 18:55:11.840,31.7701477,-106.4972292,656.1112674471493,29.7,0.6500000000000017
2782,3/22/2026 18:55:11.880,31.7701454,-106.4972272,656.4296710959156,29.7,0.6500000000000017
2783,3/22/2026 18:55:11.920,31.770143,-106.4972251,656.7626536955441,29.772,0.6875000000000053
2784,3/22/2026 18:55:11.960,31.7701406,-106.4972231,657.0900756563645,29.808,0.6750000000000034
2785,3/22/2026 18:55:12.000,31.7701382,-106.497221,657.4230582621476,30.024,0.6000000000000005
2786,3/22/2026 18:55:12.040,31.7701357,-106.4972189,657.7650370804134,30.096,0.5499999999999994
2787,3/22/2026 18:55:12.080,31.7701333,-106.4972167,658.1037535231201,30.132,0.5874999999999986
2788,3/22/2026 18:55:12.120,31.7701308,-106.4972147,658.440320369787,30.312,0.6125000000000003
2789,3/22/2026 18:55:12.160,31.7701284,-106.4972126,658.7733029881354,30.384,0.637500000000002
2790,3/22/2026 18:55:12.200,31.7701258,-106.4972105,659.1244004894596,30.492000000000004,0.6000000000000005
2791,3/22/2026 18:55:12.240,31.7701235,-106.4972083,659.4544074349634,30.6,0.4999999999999982
2792,3/22/2026 18:55:12.280,31.7701209,-106.4972064,659.7951478725548,30.672,0.475000000000001
2793,3/22/2026 18:55:12.320,31.7701185,-106.4972042,660.1338643357356,30.780000000000005,0.4375000000000018
2794,3/22/2026 18:55:12.360,31.7701161,-106.4972021,660.4668469698548,30.744,0.43749999999999956
2795,3/22/2026 18:55:12.400,31.7701136,-106.4972,660.8088258149298,30.816000000000003,0.43749999999999956
2796,3/22/2026 18:55:12.440,31.7701111,-106.4971978,661.1563901168281,30.888,0.43749999999999956
2797,3/22/2026 18:55:12.480,31.7701086,-106.4971958,661.4929569890381,31.032,0.44999999999999707
2798,3/22/2026 18:55:12.520,31.770106,-106.4971935,661.8551053427286,31.176,0.3874999999999984
2799,3/22/2026 18:55:12.560,31.7701036,-106.4971913,662.1938218265217,31.356000000000005,0.349999999999997
2800,3/22/2026 18:55:12.600,31.7701011,-106.4971892,662.5358006876621,31.248,0.3624999999999945
2801,3/22/2026 18:55:12.640,31.7700986,-106.497187,662.8833650059233,31.284,0.3874999999999984
2802,3/22/2026 18:55:12.680,31.770096,-106.4971849,663.2344625434852,31.356000000000005,0.36249999999999893
2803,3/22/2026 18:55:12.720,31.7700935,-106.4971827,663.5820268683054,31.356000000000005,0.37499999999999645
2804,3/22/2026 18:55:12.760,31.770091,-106.4971806,663.9240057423771,31.428,0.37499999999999867
2805,3/22/2026 18:55:12.800,31.7700884,-106.4971784,664.280545922053,31.392000000000003,0.36250000000000115
2806,3/22/2026 18:55:12.840,31.7700859,-106.4971762,664.6281102571193,31.572,0.3750000000000009
2807,3/22/2026 18:55:12.880,31.7700834,-106.497174,664.9756745958726,31.644,0.36250000000000115
2808,3/22/2026 18:55:12.920,31.7700808,-106.4971717,665.3378229852003,31.680000000000003,0.4125000000000001
2809,3/22/2026 18:55:12.960,31.7700782,-106.4971696,665.6889205433201,31.86,0.4000000000000026
2810,3/22/2026 18:55:13.000,31.7700756,-106.4971674,666.0454607406034,31.788,0.4750000000000032
2811,3/22/2026 18:55:13.040,31.7700731,-106.4971652,666.3930250929262,31.86,0.5125000000000024
2812,3/22/2026 18:55:13.080,31.7700706,-106.497163,666.7405894489361,31.824,0.4750000000000032
2813,3/22/2026 18:55:13.120,31.770068,-106.4971607,667.1027378563651,31.968000000000004,0.5374999999999996
2814,3/22/2026 18:55:13.160,31.7700655,-106.4971585,667.450302218934,31.896,0.5874999999999964
2815,3/22/2026 18:55:13.200,31.7700629,-106.4971563,667.8068424321226,31.968000000000004,0.5749999999999988
2816,3/22/2026 18:55:13.240,31.7700603,-106.497154,668.1689908501247,32.076,0.5250000000000021
2817,3/22/2026 18:55:13.280,31.7700577,-106.4971518,668.5255310701473,32.184,0.5250000000000044
2818,3/22/2026 18:55:13.320,31.7700551,-106.4971494,668.8934456910723,32.328,0.4750000000000054
2819,3/22/2026 18:55:13.360,31.7700525,-106.4971471,669.2555941196126,32.364000000000004,0.5000000000000004
2820,3/22/2026 18:55:13.400,31.7700499,-106.4971448,669.617742552322,32.652,0.5499999999999994
2821,3/22/2026 18:55:13.440,31.7700474,-106.4971425,669.9710576457895,32.472,0.5749999999999988
2822,3/22/2026 18:55:13.480,31.7700448,-106.4971402,670.3332060849028,32.580000000000005,0.649999999999995
2823,3/22/2026 18:55:13.520,31.7700421,-106.4971379,670.704311556046,32.76,0.6000000000000005
2824,3/22/2026 18:55:13.560,31.7700395,-106.4971355,671.0722262009268,32.796,0.5875000000000052
2825,3/22/2026 18:55:13.600,31.7700368,-106.4971333,671.4378608864597,32.724000000000004,0.7374999999999998
2826,3/22/2026 18:55:13.640,31.7700342,-106.497131,671.8000093413716,32.832,0.8249999999999978
2827,3/22/2026 18:55:13.680,31.7700315,-106.4971286,672.1767439562077,32.940000000000005,0.774999999999999
2828,3/22/2026 18:55:13.720,31.7700289,-106.4971263,672.5388924181224,32.940000000000005,0.7624999999999993
2829,3/22/2026 18:55:13.760,31.7700262,-106.4971239,672.9156270408035,33.192,0.7000000000000006
2830,3/22/2026 18:55:13.800,31.7700235,-106.4971215,673.2923616674811,33.408,0.5375000000000019
2831,3/22/2026 18:55:13.840,31.7700209,-106.4971192,673.6545101415176,33.372,0.48750000000000515
2832,3/22/2026 18:55:13.880,31.7700182,-106.4971168,674.0312447760402,33.552,0.46250000000000346
2833,3/22/2026 18:55:13.920,31.7700154,-106.4971145,674.4114222530904,33.516000000000005,0.4999999999999982
2834,3/22/2026 18:55:13.960,31.7700127,-106.4971121,674.7881568957542,33.732,0.5999999999999961
2835,3/22/2026 18:55:14.000,31.77001,-106.4971097,675.1648915424146,33.912,0.5624999999999969
2836,3/22/2026 18:55:14.040,31.7700072,-106.4971073,675.5505657742581,34.02,0.4624999999999968
2837,3/22/2026 18:55:14.080,31.7700045,-106.4971049,675.9273004290594,33.984,0.3874999999999962
2838,3/22/2026 18:55:14.120,31.7700018,-106.4971025,676.3040350878573,34.092000000000006,0.27499999999999636
2839,3/22/2026 18:55:14.160,31.7699991,-106.4971001,676.6807697506517,34.056000000000004,0.18749999999999822
2840,3/22/2026 18:55:14.200,31.7699964,-106.4970977,677.0575044174427,34.092000000000006,0.20000000000000018
2841,3/22/2026 18:55:14.240,31.7699937,-106.4970953,677.4342390882302,34.092000000000006,0.2749999999999986
2842,3/22/2026 18:55:14.280,31.7699909,-106.4970929,677.8199133436417,34.164,0.2874999999999983
2843,3/22/2026 18:55:14.320,31.7699881,-106.4970905,678.2055876031017,34.344,0.15000000000000124
2844,3/22/2026 18:55:14.360,31.7699853,-106.497088,678.5969103165045,34.632,-0.06249999999999645
2845,3/22/2026 18:55:14.400,31.7699825,-106.4970855,678.9882330347349,34.632,-0.187499999999996
2846,3/22/2026 18:55:14.440,31.7699798,-106.4970831,679.3649677260971,34.632,-0.17499999999999405
2847,3/22/2026 18:55:14.480,31.7699771,-106.4970806,679.7474829025276,34.488,-0.024999999999997247
2848,3/22/2026 18:55:14.520,31.7699744,-106.4970782,680.1242176018828,34.38,0.16249999999999876
2849,3/22/2026 18:55:14.560,31.7699717,-106.4970758,680.5009523052346,34.308,0.3125
2850,3/22/2026 18:55:14.600,31.7699689,-106.4970734,680.8866265924555,34.416000000000004,0.32499999999999973
2851,3/22/2026 18:55:14.640,31.7699661,-106.4970709,681.2779493360442,34.56,0.23749999999999938
2852,3/22/2026 18:55:14.680,31.7699634,-106.4970685,681.6546840516816,34.524,0.28750000000000275
2853,3/22/2026 18:55:14.720,31.7699607,-106.4970661,682.0314187716309,34.416000000000004,0.3750000000000031
2854,3/22/2026 18:55:14.760,31.7699579,-106.4970637,682.4170930744369,34.38,0.5125000000000002
2855,3/22/2026 18:55:14.800,31.7699552,-106.4970612,682.7996082855097,34.344,0.7500000000000018
2856,3/22/2026 18:55:14.840,31.7699525,-106.4970588,683.1763430172812,34.416000000000004,0.8500000000000018
2857,3/22/2026 18:55:14.880,31.7699497,-106.4970563,683.5676657862282,34.632,0.7250000000000001
2858,3/22/2026 18:55:14.920,31.7699469,-106.4970539,683.9533401052586,34.704,0.5375000000000019
2859,3/22/2026 18:55:14.960,31.7699441,-106.4970513,684.3504565679648,34.884,0.40000000000000036
2860,3/22/2026 18:55:15.000,31.7699413,-106.4970489,684.7361308950921,34.776,0.41249999999999787
2861,3/22/2026 18:55:15.040,31.7699385,-106.4970465,685.1218052262678,34.884,0.41249999999999787
2862,3/22/2026 18:55:15.080,31.7699357,-106.497044,685.5131280160491,35.028000000000006,0.2874999999999983
2863,3/22/2026 18:55:15.120,31.769933,-106.4970415,685.8956432627599,34.992000000000004,0.187499999999996
2864,3/22/2026 18:55:15.160,31.7699301,-106.497039,686.2958894237637,35.28,0.16249999999999432
2865,3/22/2026 18:55:15.200,31.7699272,-106.4970363,686.7076078585621,35.604000000000006,0.13749999999999485
2866,3/22/2026 18:55:15.240,31.7699242,-106.497034,687.1062427306202,35.604000000000006,0.08749999999999591
2867,3/22/2026 18:55:15.280,31.7699214,-106.4970316,687.491917086201,35.532,0.1375000000000015
2868,3/22/2026 18:55:15.320,31.7699186,-106.4970291,687.883239902738,35.352000000000004,0.17500000000000293
2869,3/22/2026 18:55:15.360,31.7699158,-106.4970267,688.2689142667354,35.388,0.16250000000000098
2870,3/22/2026 18:55:15.400,31.7699128,-106.4970243,688.6727947835566,35.46,0.22499999999999964
2871,3/22/2026 18:55:15.440,31.7699099,-106.497022,689.0621512766314,35.388,0.28750000000000053
2872,3/22/2026 18:55:15.480,31.7699071,-106.4970194,689.4592678000037,35.352000000000004,0.29999999999999805
2873,3/22/2026 18:55:15.520,31.7699043,-106.497017,689.8449421806287,35.208,0.36249999999999893
2874,3/22/2026 18:55:15.560,31.7699014,-106.4970144,690.2508547295974,35.532,0.3000000000000025
2875,3/22/2026 18:55:15.600,31.7698987,-106.4970118,690.6392951090577,35.748,0.11250000000000204
2876,3/22/2026 18:55:15.640,31.7698959,-106.4970092,691.0364116508877,35.712,0.10000000000000231
2877,3/22/2026 18:55:15.680,31.7698929,-106.4970067,691.4456894679938,35.82,0.12499999999999956
2878,3/22/2026 18:55:15.720,31.7698902,-106.4970043,691.8224242919813,35.568000000000005,0.1749999999999985
2879,3/22/2026 18:55:15.760,31.7698872,-106.4970017,692.2372451121998,35.64,0.2750000000000008
2880,3/22/2026 18:55:15.800,31.7698844,-106.4969993,692.6229195215979,35.856,0.18750000000000044
2881,3/22/2026 18:55:15.840,31.7698816,-106.4969967,693.0200360869943,35.82,0.11249999999999982
2882,3/22/2026 18:55:15.880,31.7698786,-106.4969941,693.4348569210993,35.784,0.2375000000000016
2883,3/22/2026 18:55:15.920,31.7698759,-106.4969917,693.8115917662534,35.82,0.3125
2884,3/22/2026 18:55:15.960,31.7698729,-106.4969893,694.2154723381647,35.784,0.30000000000000027
2885,3/22/2026 18:55:16.000,31.7698701,-106.4969867,694.6125889228236,35.82,0.28750000000000053
2886,3/22/2026 18:55:16.040,31.7698672,-106.4969842,695.0128351785984,35.928000000000004,0.2874999999999961
2887,3/22/2026 18:55:16.080,31.7698643,-106.4969816,695.4187477873834,35.964,0.23749999999999716
2888,3/22/2026 18:55:16.120,31.7698614,-106.496979,695.8246604005295,35.928000000000004,0.16249999999999654
2889,3/22/2026 18:55:16.160,31.7698586,-106.4969764,696.2217770041407,36.072,0.1124999999999976
2890,3/22/2026 18:55:16.200,31.7698556,-106.4969739,696.6310548760686,35.964,0.12500000000000178
2891,3/22/2026 18:55:16.240,31.7698528,-106.4969713,697.0281714892382,36.036,0.10000000000000009
2892,3/22/2026 18:55:16.280,31.7698498,-106.4969687,697.4429923684617,36.252,0.0374999999999992
2893,3/22/2026 18:55:16.320,31.769847,-106.4969661,697.8401089911897,36.252,0.08750000000000036
2894,3/22/2026 18:55:16.360,31.769844,-106.4969636,698.249386880267,36.216,0.11249999999999982
2895,3/22/2026 18:55:16.400,31.7698412,-106.496961,698.6465035125535,36.216,0.024999999999997247
2896,3/22/2026 18:55:16.440,31.7698383,-106.4969584,699.0524161629437,36.36,-0.12499999999999956
2897,3/22/2026 18:55:16.480,31.7698355,-106.4969558,699.4495328046238,36.216,-0.1374999999999993
2898,3/22/2026 18:55:16.520,31.7698324,-106.4969534,699.8626655911194,36.144,0.06250000000000089
2899,3/22/2026 18:55:16.560,31.7698297,-106.4969507,700.2571692474941,36.18000000000001,0.22499999999999964
2900,3/22/2026 18:55:16.600,31.7698267,-106.4969481,700.6719901631618,36.216,0.22499999999999964
2901,3/22/2026 18:55:16.640,31.7698239,-106.4969457,701.0576646600357,36.072,0.2375000000000016
2902,3/22/2026 18:55:16.680,31.7698209,-106.4969429,701.4839858664104,36.324,0.22499999999999964
2903,3/22/2026 18:55:16.720,31.7698181,-106.4969404,701.875308838344,36.432,2.220446049250313e-15
2904,3/22/2026 18:55:16.760,31.7698151,-106.4969378,702.2901297723128,36.36,-0.14999999999999458
2905,3/22/2026 18:55:16.800,31.7698123,-106.4969354,702.6758042856392,36.144,0.02500000000000613
2906,3/22/2026 18:55:16.840,31.7698093,-106.4969328,703.0906252290767,36.072,0.26250000000000107
2907,3/22/2026 18:55:16.880,31.7698064,-106.4969302,703.4965379308992,36.108,0.3500000000000014
2908,3/22/2026 18:55:16.920,31.7698035,-106.4969275,703.9082565780526,36.432,0.12500000000000178
2909,3/22/2026 18:55:16.960,31.7698005,-106.4969249,704.3230775350553,36.54,-0.16250000000000098
2910,3/22/2026 18:55:17.000,31.7697977,-106.4969225,704.7087520694915,36.504000000000005,-0.21250000000000213
2911,3/22/2026 18:55:17.040,31.7697947,-106.4969199,705.1235730359632,36.468,-0.1625000000000032
2912,3/22/2026 18:55:17.080,31.7697917,-106.4969172,705.5440769693035,36.576,-0.18750000000000044
2913,3/22/2026 18:55:17.120,31.769789,-106.4969146,705.9325175335883,36.18000000000001,-0.12499999999999956
2914,3/22/2026 18:55:17.160,31.769786,-106.496912,706.3473385134673,36.18000000000001,-0.012500000000004174
2915,3/22/2026 18:55:17.200,31.7697832,-106.4969095,706.7386615393644,36.396,-0.10000000000000675
2916,3/22/2026 18:55:17.240,31.7697801,-106.4969069,707.1624959301375,36.576,-0.22499999999999964
2917,3/22/2026 18:55:17.280,31.7697771,-106.4969043,707.5773169240578,36.612,-0.23749999999999938
2918,3/22/2026 18:55:17.320,31.7697743,-106.4969016,707.9803663364393,36.288,-0.07500000000000284
2919,3/22/2026 18:55:17.360,31.7697713,-106.496899,708.3951873398283,36.216,0.11249999999999982
2920,3/22/2026 18:55:17.400,31.7697684,-106.4968964,708.801100102918,36.216,0.2124999999999999
2921,3/22/2026 18:55:17.440,31.7697655,-106.4968938,709.2070128709978,36.288,0.32499999999999973
2922,3/22/2026 18:55:17.480,31.7697626,-106.4968912,709.6129256434388,36.216,0.37499999999999867
2923,3/22/2026 18:55:17.520,31.7697597,-106.4968887,710.0131720617279,36.18000000000001,0.3874999999999962
2924,3/22/2026 18:55:17.560,31.7697567,-106.4968861,710.427993088151,36.144,0.42500000000000204
2925,3/22/2026 18:55:17.600,31.7697538,-106.4968835,710.83390587478,36.144,0.3875000000000073
2926,3/22/2026 18:55:17.640,31.7697509,-106.4968809,711.2398186663994,36.18000000000001,0.25000000000000133
2927,3/22/2026 18:55:17.680,31.7697479,-106.4968784,711.649096697551,36.324,0.08749999999999813
2928,3/22/2026 18:55:17.720,31.7697449,-106.4968758,712.0639177422722,36.36,0.03750000000000142
2929,3/22/2026 18:55:17.760,31.7697419,-106.4968732,712.4787387917264,36.468,0.07500000000000284
2930,3/22/2026 18:55:17.800,31.7697391,-106.4968706,712.8758555922743,36.576,0.07500000000000284
2931,3/22/2026 18:55:17.840,31.7697361,-106.4968679,713.296359618932,36.864,-0.024999999999999467
2932,3/22/2026 18:55:17.880,31.769733,-106.4968654,713.7147704966005,36.72,-0.03749999999999698
2933,3/22/2026 18:55:17.920,31.7697302,-106.4968627,714.1178199870562,36.792,-0.03749999999999476
2934,3/22/2026 18:55:17.960,31.7697272,-106.4968601,714.5326410592228,36.75600000000001,-0.10000000000000009
2935,3/22/2026 18:55:18.000,31.7697242,-106.4968575,714.9474621366018,36.648,-0.012499999999999734
2936,3/22/2026 18:55:18.040,31.7697214,-106.4968548,715.3505116424667,36.396,0.2124999999999999
2937,3/22/2026 18:55:18.080,31.7697184,-106.4968521,715.7710156991456,36.36,0.3875000000000006
2938,3/22/2026 18:55:18.120,31.7697154,-106.4968496,716.1802937783451,36.432,0.4000000000000026
2939,3/22/2026 18:55:18.160,31.7697124,-106.4968469,716.6007978455974,36.612,0.29999999999999805
2940,3/22/2026 18:55:18.200,31.7697094,-106.4968443,717.0156189455281,36.648,0.21249999999999547
2941,3/22/2026 18:55:18.240,31.7697065,-106.4968417,717.4215318084186,36.72,0.12499999999999956
2942,3/22/2026 18:55:18.280,31.7697035,-106.496839,717.8420358909225,36.75600000000001,0.08749999999999813
2943,3/22/2026 18:55:18.320,31.7697005,-106.4968364,718.2568570048944,36.648,0.27499999999999414
2944,3/22/2026 18:55:18.360,31.7696975,-106.4968338,718.6716781243971,36.612,0.4249999999999954
2945,3/22/2026 18:55:18.400,31.7696944,-106.4968311,719.1010763471575,36.75600000000001,0.3249999999999975
2946,3/22/2026 18:55:18.440,31.7696914,-106.4968284,719.5215804488382,36.9,0.23749999999999938
2947,3/22/2026 18:55:18.480,31.7696884,-106.4968256,719.9479018911114,36.972,0.2749999999999986
2948,3/22/2026 18:55:18.520,31.7696855,-106.4968231,720.348148421573,36.972,0.3249999999999975
2949,3/22/2026 18:55:18.560,31.7696825,-106.4968205,720.7629695650592,36.936,0.33749999999999947
2950,3/22/2026 18:55:18.600,31.7696795,-106.4968177,721.1892910231776,36.936,0.3125000000000022
2951,3/22/2026 18:55:18.640,31.7696765,-106.496815,721.609795149866,36.792,0.42500000000000204
2952,3/22/2026 18:55:18.680,31.7696734,-106.4968125,722.0282061137239,36.936,0.5000000000000027
2953,3/22/2026 18:55:18.720,31.7696704,-106.4968098,722.4487102514676,37.26,0.3375000000000039
2954,3/22/2026 18:55:18.760,31.7696673,-106.4968071,722.8781085179692,37.224,0.2625000000000055
2955,3/22/2026 18:55:18.800,31.7696643,-106.4968045,723.2929296898504,37.080000000000005,0.33749999999999947
2956,3/22/2026 18:55:18.840,31.7696613,-106.4968018,723.71343384205,37.26,0.27499999999999636
2957,3/22/2026 18:55:18.880,31.7696582,-106.496799,724.1485305619954,37.404,0.16249999999999876
2958,3/22/2026 18:55:18.920,31.7696552,-106.4967963,724.569034724433,37.476,0.11249999999999982
2959,3/22/2026 18:55:18.960,31.7696522,-106.4967937,724.983855915404,37.404,0.15000000000000124
2960,3/22/2026 18:55:19.000,31.7696492,-106.4967911,725.398677111108,37.368,0.23749999999999938
2961,3/22/2026 18:55:19.040,31.7696461,-106.4967883,725.8337738513421,37.584,0.15000000000000124
2962,3/22/2026 18:55:19.080,31.7696431,-106.4967856,726.2542780349053,37.584,0.08750000000000258
2963,3/22/2026 18:55:19.120,31.76964,-106.4967829,726.6836763462773,37.584,0.18750000000000044
2964,3/22/2026 18:55:19.160,31.769637,-106.4967803,727.0984975612288,37.656000000000006,0.2624999999999966
2965,3/22/2026 18:55:19.200,31.769634,-106.4967775,727.5248191003536,37.62,0.23749999999999938
2966,3/22/2026 18:55:19.240,31.7696311,-106.4967749,727.9307320839956,37.512,0.31250000000000444
2967,3/22/2026 18:55:19.280,31.7696279,-106.4967722,728.3691267758987,37.62,0.45000000000000373
2968,3/22/2026 18:55:19.320,31.769625,-106.4967695,728.7808457287233,37.584,0.4875000000000007
2969,3/22/2026 18:55:19.360,31.769622,-106.4967669,729.1956669676582,37.728,0.475000000000001
2970,3/22/2026 18:55:19.400,31.7696188,-106.4967641,729.6396446625291,37.728,0.45000000000000373
2971,3/22/2026 18:55:19.440,31.7696159,-106.4967615,730.0455576706779,37.656000000000006,0.475000000000001
2972,3/22/2026 18:55:19.480,31.7696129,-106.4967588,730.4660619052418,37.764,0.5749999999999988
2973,3/22/2026 18:55:19.520,31.7696098,-106.4967561,730.8954602659326,37.944,0.5875000000000008
2974,3/22/2026 18:55:19.560,31.7696066,-106.4967533,731.3394379819773,38.052,0.4125000000000023
2975,3/22/2026 18:55:19.600,31.7696036,-106.4967507,731.7542592488251,37.908,0.38750000000000284
2976,3/22/2026 18:55:19.640,31.7696005,-106.4967479,732.1893560694253,38.124,0.4000000000000026
2977,3/22/2026 18:55:19.680,31.7695974,-106.4967451,732.6244528954335,38.304,0.2750000000000008
2978,3/22/2026 18:55:19.720,31.7695944,-106.4967424,733.0449571599156,38.304,0.23749999999999938
2979,3/22/2026 18:55:19.760,31.7695913,-106.4967398,733.4687918422179,38.376000000000005,0.20000000000000018
2980,3/22/2026 18:55:19.800,31.7695883,-106.4967369,733.9010597450606,38.376000000000005,0.22499999999999964
2981,3/22/2026 18:55:19.840,31.7695853,-106.4967343,734.3158810415774,38.376000000000005,0.337499999999995
2982,3/22/2026 18:55:19.880,31.7695822,-106.4967315,734.7509778941012,38.7,0.21249999999999325
2983,3/22/2026 18:55:19.920,31.7695791,-106.4967288,735.1803763052505,38.7,0.024999999999997247
2984,3/22/2026 18:55:19.960,31.7695761,-106.4967262,735.5951976166003,38.484,0.1374999999999993
2985,3/22/2026 18:55:20.000,31.7695728,-106.4967233,736.0537567727447,38.592000000000006,0.24999999999999467
2986,3/22/2026 18:55:20.040,31.7695698,-106.4967207,736.4685780937153,38.592000000000006,0.23749999999999494
2987,3/22/2026 18:55:20.080,31.7695667,-106.4967179,736.9036749732782,38.628,0.22499999999999742
2988,3/22/2026 18:55:20.120,31.7695636,-106.4967152,737.3330734099034,38.664,0.20000000000000018
2989,3/22/2026 18:55:20.160,31.7695606,-106.4967125,737.7535777314283,38.592000000000006,0.23749999999999938
2990,3/22/2026 18:55:20.200,31.7695573,-106.4967097,738.2065359036538,38.808,0.27499999999999636
2991,3/22/2026 18:55:20.240,31.7695544,-106.496707,738.6182549774993,38.916,0.2750000000000008
2992,3/22/2026 18:55:20.280,31.7695512,-106.4967044,739.0512017048541,38.772,0.27500000000000524
2993,3/22/2026 18:55:20.320,31.7695482,-106.4967016,739.4775233967338,38.7,0.2625000000000033
2994,3/22/2026 18:55:20.360,31.7695451,-106.4966989,739.9069218640833,38.88,0.19999999999999796
2995,3/22/2026 18:55:20.400,31.7695418,-106.4966961,740.3598800622815,38.916,0.1374999999999993
2996,3/22/2026 18:55:20.440,31.7695387,-106.4966934,740.7892785401501,38.952000000000005,0.16249999999999876
2997,3/22/2026 18:55:20.480,31.7695357,-106.4966907,741.2097829031522,38.916,0.16249999999999876
2998,3/22/2026 18:55:20.520,31.7695326,-106.4966881,741.6336176757719,38.952000000000005,0.1124999999999976
2999,3/22/2026 18:55:20.560,31.7695293,-106.4966852,742.0921769094689,38.988,0.08749999999999591
3000,3/22/2026 18:55:20.600,31.7695262,-106.4966824,742.5272738593683,39.204,-0.03750000000000142
3001,3/22/2026 18:55:20.640,31.7695231,-106.4966796,742.9623708149891,39.312,-0.1750000000000007
3002,3/22/2026 18:55:20.680,31.7695199,-106.4966769,743.4007656799743,39.168000000000006,-0.11250000000000426
3003,3/22/2026 18:55:20.720,31.7695169,-106.4966742,743.8212700745295,39.06,0.012499999999993072
3004,3/22/2026 18:55:20.760,31.7695137,-106.4966716,744.2542168582444,39.096,0.012499999999999734
3005,3/22/2026 18:55:20.800,31.7695105,-106.4966688,744.6981947385775,39.096,-0.012499999999997513
3006,3/22/2026 18:55:20.840,31.7695074,-106.4966661,745.1275932678907,39.24,-0.012499999999999734
3007,3/22/2026 18:55:20.880,31.7695043,-106.4966633,745.5626902559935,39.096,0.012500000000004174
3008,3/22/2026 18:55:20.920,31.7695012,-106.4966606,745.992088795497,39.096,0.10000000000000453
3009,3/22/2026 18:55:20.960,31.769498,-106.4966577,746.441779581358,39.096,0.15000000000000124
3010,3/22/2026 18:55:21.000,31.7694949,-106.4966551,746.8656144121907,38.988,0.20000000000000018
3011,3/22/2026 18:55:21.040,31.7694918,-106.4966523,747.3007114224127,39.024,0.26250000000000107
3012,3/22/2026 18:55:21.080,31.7694886,-106.4966496,747.7391063377869,39.132,0.17500000000000293
3013,3/22/2026 18:55:21.120,31.7694855,-106.4966468,748.174203358999,39.132,0.07500000000000284
3014,3/22/2026 18:55:21.160,31.7694824,-106.4966441,748.6036019290842,39.06,0.08750000000000036
3015,3/22/2026 18:55:21.200,31.7694793,-106.4966412,749.0445269284171,39.096,0.2000000000000024
3016,3/22/2026 18:55:21.240,31.7694761,-106.4966386,749.477473769294,39.204,0.28750000000000275
3017,3/22/2026 18:55:21.280,31.7694728,-106.4966357,749.9360331029917,39.168000000000006,0.26249999999999885
3018,3/22/2026 18:55:21.320,31.7694697,-106.4966329,750.3711301517661,39.312,0.2000000000000024
3019,3/22/2026 18:55:21.360,31.7694666,-106.4966302,750.8005287478202,39.312,0.17500000000000293
3020,3/22/2026 18:55:21.400,31.7694634,-106.4966275,751.2389237037629,39.348,0.18750000000000044
3021,3/22/2026 18:55:21.440,31.7694602,-106.4966247,751.6829016697693,39.42,0.10000000000000009
3022,3/22/2026 18:55:21.480,31.769457,-106.496622,752.1212966360152,39.24,0.025000000000001688
3023,3/22/2026 18:55:21.520,31.7694539,-106.4966192,752.5563937123519,39.24,0.08750000000000258
3024,3/22/2026 18:55:21.560,31.7694508,-106.4966164,752.9914907937826,39.204,0.1749999999999985
3025,3/22/2026 18:55:21.600,31.7694475,-106.4966137,753.4389782000172,39.528000000000006,0.07499999999999618
3026,3/22/2026 18:55:21.640,31.7694444,-106.4966109,753.8740752926125,39.6,-2.220446049250313e-15
3027,3/22/2026 18:55:21.680,31.7694411,-106.4966082,754.3215627086162,39.528000000000006,0.07499999999999618
3028,3/22/2026 18:55:21.720,31.7694379,-106.4966054,754.7655407122602,39.528000000000006,0.12499999999999512
3029,3/22/2026 18:55:21.760,31.7694348,-106.4966026,755.2006378219157,39.6,0.1124999999999976
3030,3/22/2026 18:55:21.800,31.7694317,-106.4965998,755.6357349369791,39.6,0.08750000000000036
3031,3/22/2026 18:55:21.840,31.7694284,-106.4965971,756.0832223730127,39.456,0.11250000000000204
3032,3/22/2026 18:55:21.880,31.7694253,-106.4965944,756.5126210369473,39.276,0.2124999999999977
3033,3/22/2026 18:55:21.920,31.7694221,-106.4965916,756.956599068405,39.456,0.23749999999999494
3034,3/22/2026 18:55:21.960,31.7694189,-106.4965888,757.4005771050159,39.492,0.1750000000000007
3035,3/22/2026 18:55:22.000,31.7694157,-106.4965861,757.8389721377494,39.456,0.16250000000000098
3036,3/22/2026 18:55:22.040,31.7694125,-106.4965833,758.2829501853014,39.672,0.11249999999999982
3037,3/22/2026 18:55:22.080,31.7694093,-106.4965806,758.7213452283379,39.672,0.10000000000000231
3038,3/22/2026 18:55:22.120,31.7694061,-106.4965778,759.1653232868312,39.744,0.11249999999999982
3039,3/22/2026 18:55:22.160,31.7694029,-106.4965751,759.6037183401708,39.708,0.10000000000000009
3040,3/22/2026 18:55:22.200,31.7693997,-106.4965723,760.0476964096051,39.744,0.10000000000000009
3041,3/22/2026 18:55:22.240,31.7693965,-106.4965696,760.4860914732479,39.636,0.16249999999999876
3042,3/22/2026 18:55:22.280,31.7693933,-106.4965668,760.9300695536234,39.708,0.12500000000000178
3043,3/22/2026 18:55:22.320,31.7693902,-106.4965641,761.3594682755659,39.708,0.012500000000001954
3044,3/22/2026 18:55:22.360,31.769387,-106.4965613,761.8034463670288,39.744,0.049999999999998934
3045,3/22/2026 18:55:22.400,31.7693838,-106.4965585,762.2474244628422,39.672,0.1374999999999993
3046,3/22/2026 18:55:22.440,31.7693806,-106.4965558,762.6858195525444,39.78,0.1374999999999993
3047,3/22/2026 18:55:22.480,31.7693774,-106.496553,763.1297976596163,39.852,0.049999999999998934
3048,3/22/2026 18:55:22.520,31.7693742,-106.4965503,763.5681927596216,39.888,0.03750000000000142
3049,3/22/2026 18:55:22.560,31.769371,-106.4965475,764.0121708776346,39.852,0.07500000000000284
3050,3/22/2026 18:55:22.600,31.7693678,-106.4965447,764.4561490016036,39.888,0.06250000000000311
3051,3/22/2026 18:55:22.640,31.7693645,-106.4965419,764.9091074972171,39.96,0.0
3052,3/22/2026 18:55:22.680,31.7693614,-106.4965392,765.3385062661772,39.744,0.07499999999999618
3053,3/22/2026 18:55:22.720,31.7693581,-106.4965365,765.7859938130847,39.708,0.26250000000000107
3054,3/22/2026 18:55:22.760,31.7693548,-106.4965337,766.2389523249519,39.888,0.23750000000000604
3055,3/22/2026 18:55:22.800,31.7693516,-106.4965308,766.6886433755635,39.924,0.13750000000000595
3056,3/22/2026 18:55:22.840,31.7693484,-106.496528,767.132621533015,39.924,0.17500000000000293
3057,3/22/2026 18:55:22.880,31.7693452,-106.4965253,767.5710166789224,39.852,0.18750000000000266
3058,3/22/2026 18:55:22.920,31.7693421,-106.4965225,768.0061139502881,39.996,0.10000000000000453
3059,3/22/2026 18:55:22.960,31.769339,-106.4965197,768.4412112270614,39.96,0.10000000000000231
3060,3/22/2026 18:55:23.000,31.7693357,-106.4965168,768.8997708041843,39.96,0.1374999999999993
3061,3/22/2026 18:55:23.040,31.7693325,-106.4965141,769.338165970537,39.888,0.16250000000000098
3062,3/22/2026 18:55:23.080,31.7693293,-106.4965113,769.782144160641,40.032,0.12500000000000622
3063,3/22/2026 18:55:23.120,31.769326,-106.4965085,770.2351027196595,40.176,0.012500000000001954
3064,3/22/2026 18:55:23.160,31.7693228,-106.4965057,770.6790809205581,40.104000000000006,0.024999999999997247
3065,3/22/2026 18:55:23.200,31.7693196,-106.4965029,771.1230591272447,40.104000000000006,0.12499999999999734
3066,3/22/2026 18:55:23.240,31.7693164,-106.4965001,771.5670373382817,40.248,0.16249999999999876
3067,3/22/2026 18:55:23.280,31.7693132,-106.4964972,772.0167284595523,40.068000000000005,0.16249999999999876
3068,3/22/2026 18:55:23.320,31.76931,-106.4964944,772.4607066815304,40.068000000000005,0.16249999999999432
3069,3/22/2026 18:55:23.360,31.7693067,-106.4964916,772.9136652736759,40.176,0.11249999999999316
3070,3/22/2026 18:55:23.400,31.7693035,-106.4964888,773.3576435078861,40.14,0.012499999999999734
3071,3/22/2026 18:55:23.440,31.7693003,-106.496486,773.8016217464469,40.176,0.012499999999999734
3072,3/22/2026 18:55:23.480,31.769297,-106.4964832,774.2545803548462,40.104000000000006,0.16249999999999432
3073,3/22/2026 18:55:23.520,31.7692938,-106.4964803,774.7042715104204,40.14,0.2124999999999977
3074,3/22/2026 18:55:23.560,31.7692906,-106.4964775,775.1482497663666,40.212,0.14999999999999902
3075,3/22/2026 18:55:23.600,31.7692873,-106.4964746,775.6068094297417,40.356,0.0749999999999984
3076,3/22/2026 18:55:23.640,31.769284,-106.4964718,776.0597680599245,40.464,0.0
3077,3/22/2026 18:55:23.680,31.7692808,-106.496469,776.5037463318215,40.32,-0.03750000000000142
3078,3/22/2026 18:55:23.720,31.7692776,-106.4964661,776.9534375167265,40.284,-0.07500000000000062
3079,3/22/2026 18:55:23.760,31.7692744,-106.4964633,777.3974158003673,40.284,-0.07499999999999618
3080,3/22/2026 18:55:23.800,31.7692712,-106.4964605,777.8413940897959,40.068000000000005,0.06250000000000089
3081,3/22/2026 18:55:23.840,31.769268,-106.4964577,778.2853723843778,40.284,0.08749999999999813
3082,3/22/2026 18:55:23.880,31.7692647,-106.4964548,778.7439320875629,40.464,0.012499999999999734
3083,3/22/2026 18:55:23.920,31.7692614,-106.496452,779.1968907548287,40.392,0.12499999999999956
3084,3/22/2026 18:55:23.960,31.7692582,-106.4964492,779.6408690664814,40.392,0.14999999999999902
3085,3/22/2026 18:55:24.000,31.769255,-106.4964463,780.0905602919913,40.392,0.0749999999999984
3086,3/22/2026 18:55:24.040,31.7692518,-106.4964434,780.5402515236083,40.428,0.08750000000000036
3087,3/22/2026 18:55:24.080,31.7692486,-106.4964405,780.9899427607056,40.248,0.18750000000000266
3088,3/22/2026 18:55:24.120,31.7692453,-106.4964377,781.4429014557362,40.14,0.2375000000000016
3089,3/22/2026 18:55:24.160,31.7692421,-106.4964349,781.8868797949126,40.212,0.12499999999999734
3090,3/22/2026 18:55:24.200,31.7692389,-106.4964318,782.3483671187711,40.32,0.09999999999999787
3091,3/22/2026 18:55:24.240,31.7692356,-106.4964289,782.8069268739408,40.284,0.2000000000000024
3092,3/22/2026 18:55:24.280,31.7692323,-106.4964261,783.2598855907548,40.5,0.22500000000000187
3093,3/22/2026 18:55:24.320,31.769229,-106.4964231,783.7241717672267,40.716,0.1374999999999993
3094,3/22/2026 18:55:24.360,31.7692259,-106.4964203,784.1592692412963,40.5,0.11249999999999982
3095,3/22/2026 18:55:24.400,31.7692226,-106.4964174,784.6178290192311,40.5,0.11249999999999982
3096,3/22/2026 18:55:24.440,31.7692194,-106.4964145,785.0675203091962,40.572,0.06249999999999867
3097,3/22/2026 18:55:24.480,31.7692161,-106.4964115,785.5318065106993,40.644,0.03750000000000142
3098,3/22/2026 18:55:24.520,31.769213,-106.4964088,785.9612055238858,40.428,0.15000000000000124
3099,3/22/2026 18:55:24.560,31.7692097,-106.4964059,786.4197653247247,40.284,0.33749999999999947
3100,3/22/2026 18:55:24.600,31.7692065,-106.496403,786.8694566383591,40.536,0.26249999999999885
3101,3/22/2026 18:55:24.640,31.7692032,-106.4964,787.333742864071,40.644,0.10000000000000009
3102,3/22/2026 18:55:24.680,31.7691999,-106.4963971,787.79230268231,40.788,0.07500000000000284
3103,3/22/2026 18:55:24.720,31.7691967,-106.4963942,788.2419940136876,40.824,0.050000000000001155
3104,3/22/2026 18:55:24.760,31.7691935,-106.4963913,788.6916853505456,40.716,0.06249999999999867
3105,3/22/2026 18:55:24.800,31.7691904,-106.4963885,789.1267828865429,40.608,0.049999999999998934
3106,3/22/2026 18:55:24.840,31.769187,-106.4963856,789.5943080595288,40.644,0.049999999999998934
3107,3/22/2026 18:55:24.880,31.7691837,-106.4963827,790.0528679065312,40.68000000000001,0.12499999999999734
3108,3/22/2026 18:55:24.920,31.7691804,-106.4963798,790.511427759393,40.824,0.06249999999999867
3109,3/22/2026 18:55:24.960,31.7691772,-106.4963768,790.9669570403612,40.86,-0.0374999999999992
3110,3/22/2026 18:55:25.000,31.769174,-106.4963739,791.416648412838,40.716,0.024999999999999467
3111,3/22/2026 18:55:25.040,31.7691707,-106.496371,791.8752082829222,40.752,0.03749999999999698
3112,3/22/2026 18:55:25.080,31.7691674,-106.4963681,792.3337681588657,40.896,-0.03750000000000364
3113,3/22/2026 18:55:25.120,31.7691642,-106.4963652,792.7834595490858,40.86,-0.012499999999999734
3114,3/22/2026 18:55:25.160,31.769161,-106.4963622,793.2389888610401,40.86,0.050000000000003375
3115,3/22/2026 18:55:25.200,31.7691578,-106.4963595,793.6773843089566,40.608,0.2000000000000024
3116,3/22/2026 18:55:25.240,31.7691545,-106.4963564,794.1475178282831,40.788,0.2000000000000024
3117,3/22/2026 18:55:25.280,31.7691512,-106.4963533,794.61765135414,40.896,0.03750000000000142
3118,3/22/2026 18:55:25.320,31.769148,-106.4963506,795.0560468175117,40.788,0.1374999999999993
3119,3/22/2026 18:55:25.360,31.7691447,-106.4963477,795.5146067340763,40.788,0.3125
3120,3/22/2026 18:55:25.400,31.7691415,-106.4963447,795.9701360833287,40.86,0.32500000000000195
3121,3/22/2026 18:55:25.440,31.7691384,-106.4963418,796.4110617121457,40.716,0.28750000000000275
3122,3/22/2026 18:55:25.480,31.769135,-106.4963389,796.8785869756882,40.824,0.3000000000000025
3123,3/22/2026 18:55:25.520,31.7691318,-106.496336,797.3282784242563,40.896,0.4000000000000026
3124,3/22/2026 18:55:25.560,31.7691285,-106.4963331,797.7868383692675,40.968,0.3875000000000006
3125,3/22/2026 18:55:25.600,31.7691252,-106.4963301,798.2511247413578,41.076,0.18749999999999822
3126,3/22/2026 18:55:25.640,31.769122,-106.4963272,798.7008162079824,40.896,0.14999999999999902
3127,3/22/2026 18:55:25.680,31.7691187,-106.4963243,799.1593761703937,40.896,0.2749999999999986
3128,3/22/2026 18:55:25.720,31.7691153,-106.4963215,799.6214091088467,41.184,0.22499999999999964
3129,3/22/2026 18:55:25.760,31.769112,-106.4963185,800.0856955048862,41.292,0.1625000000000032
3130,3/22/2026 18:55:25.800,31.7691087,-106.4963155,800.5499819079411,41.292,0.17500000000000293
3131,3/22/2026 18:55:25.840,31.7691055,-106.4963126,800.9996734044395,41.112,0.15000000000000124
3132,3/22/2026 18:55:25.880,31.7691022,-106.4963095,801.4698070272634,41.292,0.07500000000000062
3133,3/22/2026 18:55:25.920,31.7690989,-106.4963066,801.92836702483,41.580000000000005,-0.17500000000000293
3134,3/22/2026 18:55:25.960,31.7690956,-106.4963037,802.3869270282557,41.4,-0.21250000000000213
3135,3/22/2026 18:55:26.000,31.7690923,-106.4963008,802.8454870375407,41.184,0.07500000000000284
3136,3/22/2026 18:55:26.040,31.769089,-106.4962978,803.3097734775655,41.22,0.21250000000000213
3137,3/22/2026 18:55:26.080,31.7690858,-106.4962948,803.7653029328274,41.364,0.12499999999999956
3138,3/22/2026 18:55:26.120,31.7690824,-106.496292,804.2273359253265,41.364,0.024999999999999467
3139,3/22/2026 18:55:26.160,31.769079,-106.4962889,804.7062182967219,41.580000000000005,-0.10000000000000231
3140,3/22/2026 18:55:26.200,31.7690758,-106.496286,805.1559098469932,41.508,-0.15000000000000346
3141,3/22/2026 18:55:26.240,31.7690725,-106.4962831,805.6144698914334,41.328,-0.03750000000000364
3142,3/22/2026 18:55:26.280,31.7690692,-106.4962801,806.0787563677932,41.292,0.0
3143,3/22/2026 18:55:26.320,31.769066,-106.4962772,806.5284479366285,41.076,0.050000000000005596
3144,3/22/2026 18:55:26.360,31.7690627,-106.4962744,806.9814069368457,41.292,0.07500000000000506
3145,3/22/2026 18:55:26.400,31.7690593,-106.4962712,807.4661452743189,41.508,2.220446049250313e-15
3146,3/22/2026 18:55:26.440,31.769056,-106.4962682,807.9304317754504,41.508,-2.220446049250313e-15
3147,3/22/2026 18:55:26.480,31.7690528,-106.4962653,808.3801233670506,41.436,-0.049999999999998934
3148,3/22/2026 18:55:26.520,31.7690495,-106.4962624,808.8386834523277,41.364,-0.07499999999999396
3149,3/22/2026 18:55:26.560,31.7690462,-106.4962594,809.3029699729857,41.292,-0.012499999999997513
3150,3/22/2026 18:55:26.600,31.7690428,-106.4962564,809.776113331874,41.364,-0.06250000000000089
3151,3/22/2026 18:55:26.640,31.7690395,-106.4962535,810.2346734349062,41.364,-0.1750000000000007
3152,3/22/2026 18:55:26.680,31.7690362,-106.4962506,810.6932335441145,41.25600000000001,-0.21250000000000213
3153,3/22/2026 18:55:26.720,31.7690329,-106.4962476,811.1575200885965,41.25600000000001,-0.17500000000000515
3154,3/22/2026 18:55:26.760,31.7690295,-106.4962447,811.625045535864,41.328,-0.23750000000000604
3155,3/22/2026 18:55:26.800,31.7690262,-106.4962417,812.089332093742,41.472,-0.4000000000000048
3156,3/22/2026 18:55:26.840,31.7690228,-106.4962387,812.5624754889698,41.544,-0.4875000000000007
3157,3/22/2026 18:55:26.880,31.7690196,-106.4962358,813.0121671415004,41.25600000000001,-0.4249999999999998
3158,3/22/2026 18:55:26.920,31.7690162,-106.4962327,813.4910496352137,41.328,-0.38750000000000284
3159,3/22/2026 18:55:26.960,31.7690129,-106.4962298,813.9496097854746,41.292,-0.4249999999999998
3160,3/22/2026 18:55:27.000,31.7690096,-106.4962269,814.4081699415948,41.184,-0.3999999999999959
3161,3/22/2026 18:55:27.040,31.7690062,-106.4962239,814.8813133673917,41.04,-0.22499999999999742
3162,3/22/2026 18:55:27.080,31.7690029,-106.4962209,815.3455999689953,40.968,-0.012499999999999734
3163,3/22/2026 18:55:27.120,31.7689997,-106.4962181,815.7895787225644,41.04,0.012500000000001954
3164,3/22/2026 18:55:27.160,31.7689963,-106.4962151,816.2627221662759,40.86,0.050000000000003375
3165,3/22/2026 18:55:27.200,31.768993,-106.4962122,816.7212823521864,40.788,0.08750000000000036
3166,3/22/2026 18:55:27.240,31.7689898,-106.4962092,817.1768119915981,40.824,0.050000000000001155
3167,3/22/2026 18:55:27.280,31.7689864,-106.4962062,817.6499554538569,40.752,0.11250000000000204
3168,3/22/2026 18:55:27.320,31.7689831,-106.4962033,818.1085156570282,40.716,0.15000000000000124
3169,3/22/2026 18:55:27.360,31.7689798,-106.4962004,818.5670758660586,40.68000000000001,0.16249999999999876
3170,3/22/2026 18:55:27.400,31.7689766,-106.4961976,819.011054659118,40.644,0.2749999999999986
3171,3/22/2026 18:55:27.440,31.7689733,-106.4961946,819.4753413162701,40.932,0.22499999999999964
3172,3/22/2026 18:55:27.480,31.7689699,-106.4961915,819.9542238999331,41.04,0.06249999999999867
3173,3/22/2026 18:55:27.520,31.7689666,-106.4961886,820.4127841324004,41.004000000000005,0.08749999999999813
3174,3/22/2026 18:55:27.560,31.7689633,-106.4961857,820.8713443707268,41.04,0.18749999999999822
3175,3/22/2026 18:55:27.600,31.76896,-106.4961828,821.3299046149124,40.86,0.2375000000000016
3176,3/22/2026 18:55:27.640,31.7689567,-106.4961797,821.8000385256681,40.896,0.25000000000000355
3177,3/22/2026 18:55:27.680,31.7689534,-106.4961768,822.2585987815721,41.004000000000005,0.2375000000000016
3178,3/22/2026 18:55:27.720,31.7689501,-106.496174,822.7115579712536,40.896,0.26250000000000107
3179,3/22/2026 18:55:27.760,31.7689467,-106.4961709,823.1904405999885,40.968,0.30000000000000027
3180,3/22/2026 18:55:27.800,31.7689434,-106.496168,823.6490008736477,41.148,0.2874999999999961
3181,3/22/2026 18:55:27.840,31.7689401,-106.4961649,824.1191348175622,41.076,0.3249999999999975
3182,3/22/2026 18:55:27.880,31.7689368,-106.496162,824.5776951029397,41.076,0.3499999999999992
3183,3/22/2026 18:55:27.920,31.7689334,-106.4961591,825.045220717242,41.22,0.27499999999999636
3184,3/22/2026 18:55:27.960,31.76893,-106.496156,825.524103378421,41.364,0.16249999999999876
3185,3/22/2026 18:55:28.000,31.7689268,-106.4961531,825.9737951984612,41.22,0.16249999999999876
3186,3/22/2026 18:55:28.040,31.7689234,-106.4961501,826.4469387775421,41.25600000000001,0.24999999999999467
3187,3/22/2026 18:55:28.080,31.76892,-106.4961471,826.9200823617607,41.328,0.2999999999999958
3188,3/22/2026 18:55:28.120,31.7689167,-106.4961443,827.3730416077293,41.328,0.36249999999999893
3189,3/22/2026 18:55:28.160,31.7689133,-106.4961412,827.8519243010397,41.4,0.42500000000000204
3190,3/22/2026 18:55:28.200,31.76891,-106.4961383,828.3104846340009,41.544,0.4000000000000048
3191,3/22/2026 18:55:28.240,31.7689066,-106.4961354,828.7780102952946,41.616,0.3375000000000039
3192,3/22/2026 18:55:28.280,31.7689033,-106.4961323,829.248144311724,41.544,0.38750000000000284
3193,3/22/2026 18:55:28.320,31.7689,-106.4961294,829.7067046627571,41.544,0.48750000000000293
3194,3/22/2026 18:55:28.360,31.7688966,-106.4961266,830.1687379601524,41.508,0.5499999999999994
3195,3/22/2026 18:55:28.400,31.7688932,-106.4961235,830.6476206928247,41.544,0.612499999999998
3196,3/22/2026 18:55:28.440,31.7688899,-106.4961206,831.1061810614736,41.652,0.7125000000000004
3197,3/22/2026 18:55:28.480,31.7688865,-106.4961177,831.5737067577708,41.796,0.7500000000000018
3198,3/22/2026 18:55:28.520,31.7688831,-106.4961148,832.0412324599888,41.904,0.7374999999999998
3199,3/22/2026 18:55:28.560,31.7688797,-106.4961117,832.5201152188883,42.048,0.7624999999999971
3200,3/22/2026 18:55:28.600,31.7688763,-106.4961088,832.9876409329484,42.048,0.8124999999999961
3201,3/22/2026 18:55:28.640,31.7688729,-106.4961058,833.4607846047089,42.084,0.8374999999999954
3202,3/22/2026 18:55:28.680,31.7688695,-106.4961029,833.9283103306109,42.192,0.8374999999999977
3203,3/22/2026 18:55:28.720,31.7688661,-106.4960998,834.4071931159318,42.3,0.8000000000000007
3204,3/22/2026 18:55:28.760,31.7688627,-106.4960969,834.8747188536757,42.336,0.7500000000000018
3205,3/22/2026 18:55:28.800,31.7688593,-106.4960938,835.3536016522074,42.48,0.750000000000004
3206,3/22/2026 18:55:28.840,31.7688558,-106.4960909,835.8301840967363,42.768,0.6375000000000042
3207,3/22/2026 18:55:28.880,31.7688524,-106.4960878,836.309066908673,42.84,0.5249999999999977
3208,3/22/2026 18:55:28.920,31.7688489,-106.4960849,836.7856493653129,42.984,0.5499999999999949
3209,3/22/2026 18:55:28.960,31.7688454,-106.4960818,837.2733780402194,43.164,0.5000000000000004
3210,3/22/2026 18:55:29.000,31.7688419,-106.4960789,837.7499605084945,43.272,0.4000000000000026
3211,3/22/2026 18:55:29.040,31.7688385,-106.4960758,838.2288433474355,43.272,0.42500000000000204
3212,3/22/2026 18:55:29.080,31.7688349,-106.4960727,838.7255098557507,43.416,0.4125000000000023
3213,3/22/2026 18:55:29.120,31.7688315,-106.4960698,839.1930356478282,43.38,0.4499999999999993
3214,3/22/2026 18:55:29.160,31.768828,-106.4960667,839.6807643562414,43.416,0.5499999999999972
3215,3/22/2026 18:55:29.200,31.7688245,-106.4960637,840.162859283104,43.56,0.512499999999998
3216,3/22/2026 18:55:29.240,31.768821,-106.4960607,840.6449542158198,43.524,0.512499999999998
3217,3/22/2026 18:55:29.280,31.7688175,-106.4960576,841.1326829439461,43.596,0.4500000000000015
3218,3/22/2026 18:55:29.320,31.768814,-106.4960545,841.6204116790645,43.812,0.3750000000000031
3219,3/22/2026 18:55:29.360,31.7688105,-106.4960515,842.1025066312295,43.776,0.4624999999999968
3220,3/22/2026 18:55:29.400,31.768807,-106.4960485,842.5846015892477,43.812,0.4999999999999982
3221,3/22/2026 18:55:29.440,31.7688033,-106.4960454,843.0902930569284,43.956,0.40000000000000036
3222,3/22/2026 18:55:29.480,31.7687999,-106.4960422,843.5750319237536,43.92,0.36249999999999893
3223,3/22/2026 18:55:29.520,31.7687964,-106.4960392,844.0571269017213,44.172,0.36250000000000115
3224,3/22/2026 18:55:29.560,31.7687927,-106.4960361,844.5628183889036,44.208,0.36250000000000115
3225,3/22/2026 18:55:29.600,31.7687891,-106.496033,845.0594849830109,44.244,0.36250000000000115
3226,3/22/2026 18:55:29.640,31.7687856,-106.4960298,845.5529647671858,44.316,0.3000000000000025
3227,3/22/2026 18:55:29.680,31.7687821,-106.4960268,846.035059770998,44.1,0.36249999999999893
3228,3/22/2026 18:55:29.720,31.7687785,-106.4960237,846.5317263849611,44.388,0.4499999999999993
3229,3/22/2026 18:55:29.760,31.7687749,-106.4960205,847.03404168357,44.532,0.437500000000004
3230,3/22/2026 18:55:29.800,31.7687713,-106.4960175,847.525177053745,44.496,0.45000000000000373
3231,3/22/2026 18:55:29.840,31.7687678,-106.4960145,848.0072720826097,44.424,0.45000000000000373
3232,3/22/2026 18:55:29.880,31.7687642,-106.4960114,848.5039387233593,44.496,0.4750000000000032
3233,3/22/2026 18:55:29.920,31.7687606,-106.4960081,849.0120162349982,44.64,0.5250000000000021
3234,3/22/2026 18:55:29.960,31.768757,-106.496005,849.5086828892348,44.784,0.48750000000000293
3235,3/22/2026 18:55:30.000,31.7687535,-106.4960019,849.996411739758,44.712,0.4249999999999998
3236,3/22/2026 18:55:30.040,31.7687498,-106.4959988,850.5021033058657,44.712,0.36249999999999893
3237,3/22/2026 18:55:30.080,31.7687462,-106.4959957,850.9987699803327,44.748,0.31250000000000444
3238,3/22/2026 18:55:30.120,31.7687426,-106.4959925,851.5010853426869,45.036,0.20000000000000462
3239,3/22/2026 18:55:30.160,31.768739,-106.4959893,852.0034007121459,45.144,0.0374999999999992
3240,3/22/2026 18:55:30.200,31.7687354,-106.4959862,852.5000674068433,45.18000000000001,0.08749999999999591
3241,3/22/2026 18:55:30.240,31.7687318,-106.4959831,852.9967341082842,45.036,0.3124999999999978
3242,3/22/2026 18:55:30.280,31.7687281,-106.4959799,853.5079746915906,45.252,0.3249999999999975
3243,3/22/2026 18:55:30.320,31.7687244,-106.4959767,854.0192152812748,45.396,0.21249999999999547
3244,3/22/2026 18:55:30.360,31.7687208,-106.4959736,854.5158820033207,45.432,0.19999999999999796
3245,3/22/2026 18:55:30.400,31.7687172,-106.4959705,855.0125487321101,45.288,0.2750000000000008
3246,3/22/2026 18:55:30.440,31.7687135,-106.4959673,855.5237893429304,45.18000000000001,0.36249999999999893
3247,3/22/2026 18:55:30.480,31.7687099,-106.4959642,856.020456085394,45.18000000000001,0.4624999999999968
3248,3/22/2026 18:55:30.520,31.7687064,-106.495961,856.5139360298095,45.18000000000001,0.5499999999999972
3249,3/22/2026 18:55:30.560,31.7687027,-106.4959578,857.025176661572,45.108,0.4500000000000015
3250,3/22/2026 18:55:30.600,31.7686991,-106.4959546,857.5274921097753,45.468,0.2625000000000033
3251,3/22/2026 18:55:30.640,31.7686953,-106.4959514,858.0477430304876,45.648,0.1749999999999985
3252,3/22/2026 18:55:30.680,31.7686916,-106.4959482,858.5589836837738,45.576,0.26250000000000107
3253,3/22/2026 18:55:30.720,31.7686879,-106.4959451,859.0646753637625,45.684,0.31250000000000666
3254,3/22/2026 18:55:30.760,31.7686843,-106.4959418,859.5727530337248,45.72,0.3000000000000047
3255,3/22/2026 18:55:30.800,31.7686806,-106.4959385,860.0896564170648,45.792,0.3125
3256,3/22/2026 18:55:30.840,31.7686769,-106.4959353,860.6008970988556,45.72,0.3499999999999992
3257,3/22/2026 18:55:30.880,31.7686732,-106.4959319,861.1235732363255,45.972,0.2874999999999983
3258,3/22/2026 18:55:30.920,31.7686696,-106.4959287,861.6258887435589,45.972,0.13749999999999707
3259,3/22/2026 18:55:30.960,31.7686659,-106.4959255,862.1371294466796,45.612,0.2624999999999966
3260,3/22/2026 18:55:31.000,31.7686623,-106.4959223,862.639444967509,45.72,0.3999999999999959
3261,3/22/2026 18:55:31.040,31.7686585,-106.4959191,863.1596959583437,45.9,0.3499999999999992
3262,3/22/2026 18:55:31.080,31.7686548,-106.4959159,863.6709366829883,46.080000000000005,0.33749999999999947
3263,3/22/2026 18:55:31.120,31.7686511,-106.4959125,864.1936128677776,46.080000000000005,0.349999999999997
3264,3/22/2026 18:55:31.160,31.7686474,-106.4959093,864.7048536075681,46.188,0.29999999999999805
3265,3/22/2026 18:55:31.200,31.7686436,-106.4959061,865.2251046260119,46.224,0.28750000000000053
3266,3/22/2026 18:55:31.240,31.7686399,-106.4959028,865.7420080923628,46.296,0.30000000000000027
3267,3/22/2026 18:55:31.280,31.7686362,-106.4958995,866.2589115662602,46.224,0.3125
3268,3/22/2026 18:55:31.320,31.7686325,-106.4958962,866.7758150468914,46.116,0.3375000000000017
3269,3/22/2026 18:55:31.360,31.7686288,-106.495893,867.2870558227488,46.224,0.31250000000000444
3270,3/22/2026 18:55:31.400,31.7686252,-106.4958898,867.7893714167965,46.26,0.31250000000000444
3271,3/22/2026 18:55:31.440,31.7686214,-106.4958865,868.3151881662233,46.368,0.3000000000000025
3272,3/22/2026 18:55:31.480,31.7686176,-106.4958832,868.8410049235872,46.584,0.2000000000000024
3273,3/22/2026 18:55:31.520,31.7686138,-106.4958799,869.3668216874532,46.584,0.10000000000000009
3274,3/22/2026 18:55:31.560,31.7686101,-106.4958766,869.8837252145836,46.548,0.11249999999999982
3275,3/22/2026 18:55:31.600,31.7686063,-106.4958733,870.4095419946041,46.692,0.11249999999999982
3276,3/22/2026 18:55:31.640,31.7686027,-106.49587,870.9176198338869,46.692,0.11249999999999982
3277,3/22/2026 18:55:31.680,31.768599,-106.4958667,871.4345233836565,46.728,0.1375000000000015
3278,3/22/2026 18:55:31.720,31.7685951,-106.4958635,871.9638655043256,46.584,0.18750000000000044
3279,3/22/2026 18:55:31.760,31.7685914,-106.4958601,872.4865418169413,46.656000000000006,0.23749999999999494
3280,3/22/2026 18:55:31.800,31.7685876,-106.495857,873.0013410819896,46.728,0.12499999999999734
3281,3/22/2026 18:55:31.840,31.7685838,-106.4958537,873.5271579071227,46.764,0.07500000000000062
3282,3/22/2026 18:55:31.880,31.7685802,-106.4958503,874.0411076825404,46.764,0.16249999999999654
3283,3/22/2026 18:55:31.920,31.7685763,-106.495847,874.5759209316554,46.692,0.23749999999999716
3284,3/22/2026 18:55:31.960,31.7685726,-106.4958437,875.0928245352699,46.764,0.29999999999999805
3285,3/22/2026 18:55:32.000,31.7685689,-106.4958405,875.6040654261628,46.8,0.3500000000000014
3286,3/22/2026 18:55:32.040,31.768565,-106.495837,876.1501486145311,46.908,0.3375000000000039
3287,3/22/2026 18:55:32.080,31.7685613,-106.4958336,876.6728249915953,46.908,0.3375000000000017
3288,3/22/2026 18:55:32.120,31.7685574,-106.4958302,877.2132197432892,46.944,0.3750000000000009
3289,3/22/2026 18:55:32.160,31.7685537,-106.4958269,877.7301233854515,46.98,0.35000000000000364
3290,3/22/2026 18:55:32.200,31.7685499,-106.4958236,878.2559402782359,46.764,0.475000000000001
3291,3/22/2026 18:55:32.240,31.7685461,-106.4958202,878.7874331294908,46.944,0.612499999999998
3292,3/22/2026 18:55:32.280,31.7685423,-106.4958168,879.3189259884322,47.052,0.5750000000000011
3293,3/22/2026 18:55:32.320,31.7685385,-106.4958135,879.8447429043918,47.088,0.5375000000000019
3294,3/22/2026 18:55:32.360,31.7685349,-106.4958102,880.3528208843597,47.232,0.43749999999999956
3295,3/22/2026 18:55:32.400,31.7685309,-106.4958068,880.9021989417195,47.34,0.26249999999999885
3296,3/22/2026 18:55:32.440,31.7685271,-106.4958035,881.4280158802179,47.34,0.1750000000000007
3297,3/22/2026 18:55:32.480,31.7685233,-106.4958001,881.959508779481,47.448,0.2124999999999999
3298,3/22/2026 18:55:32.520,31.7685197,-106.4957968,882.467586790989,47.484,0.2749999999999986
3299,3/22/2026 18:55:32.560,31.7685158,-106.4957936,882.9969290601688,47.448,0.29999999999999805
3300,3/22/2026 18:55:32.600,31.7685119,-106.4957901,883.5430123635394,47.664,0.2750000000000008
3301,3/22/2026 18:55:32.640,31.7685081,-106.4957867,884.0745052948081,47.808,0.2750000000000008
3302,3/22/2026 18:55:32.680,31.7685042,-106.4957834,884.6093186860519,47.844,0.22499999999999964
3303,3/22/2026 18:55:32.720,31.7685005,-106.4957802,885.1205597098965,47.844,0.049999999999998934
3304,3/22/2026 18:55:32.760,31.7684966,-106.4957768,885.6609545875035,47.736,-0.0374999999999992
3305,3/22/2026 18:55:32.800,31.7684929,-106.4957735,886.1778583536718,47.592000000000006,0.11250000000000204
3306,3/22/2026 18:55:32.840,31.768489,-106.4957701,886.718253247018,47.592000000000006,0.32499999999999973
3307,3/22/2026 18:55:32.880,31.7684851,-106.4957668,887.253066675913,47.808,0.37499999999999867
3308,3/22/2026 18:55:32.920,31.7684813,-106.4957633,887.7903423820969,47.916,0.26250000000000107
3309,3/22/2026 18:55:32.960,31.7684774,-106.4957599,888.3307372997837,47.88,0.16250000000000098
3310,3/22/2026 18:55:33.000,31.7684735,-106.4957565,888.8711322252293,48.024,0.11249999999999538
3311,3/22/2026 18:55:33.040,31.7684696,-106.4957531,889.4115271587516,48.24,0.049999999999998934
3312,3/22/2026 18:55:33.080,31.7684659,-106.4957498,889.9284309799883,48.06,0.15000000000000124
3313,3/22/2026 18:55:33.120,31.768462,-106.4957463,890.4745143917263,47.772,0.36250000000000115
3314,3/22/2026 18:55:33.160,31.7684583,-106.4957428,891.0030701756182,47.7,0.42500000000000204
3315,3/22/2026 18:55:33.200,31.7684543,-106.4957395,891.5469591087764,47.952000000000005,0.33749999999999725
3316,3/22/2026 18:55:33.240,31.7684504,-106.495736,892.093042545706,48.168000000000006,0.2249999999999952
3317,3/22/2026 18:55:33.280,31.7684465,-106.4957326,892.6334375270669,48.312,0.12499999999999956
3318,3/22/2026 18:55:33.320,31.7684427,-106.4957292,893.1649305957286,48.168000000000006,0.14999999999999902
3319,3/22/2026 18:55:33.360,31.7684388,-106.4957259,893.6997441162144,48.096,0.23749999999999938
3320,3/22/2026 18:55:33.400,31.7684349,-106.4957225,894.2401391215983,48.132,0.2625000000000055
3321,3/22/2026 18:55:33.440,31.768431,-106.495719,894.7862226006587,48.276,0.18750000000000266
3322,3/22/2026 18:55:33.480,31.7684272,-106.4957156,895.3177157019575,48.456,0.08749999999999813
3323,3/22/2026 18:55:33.520,31.7684233,-106.4957122,895.8581107316819,48.42,0.12499999999999734
3324,3/22/2026 18:55:33.560,31.7684194,-106.4957089,896.3929242900894,48.276,0.19999999999999796
3325,3/22/2026 18:55:33.600,31.7684155,-106.4957054,896.939007801995,48.348,0.2000000000000024
3326,3/22/2026 18:55:33.640,31.7684117,-106.495702,897.4705009367452,48.42,0.1750000000000007
3327,3/22/2026 18:55:33.680,31.7684078,-106.4956985,898.0165844656873,48.42,0.17499999999999627
3328,3/22/2026 18:55:33.720,31.7684039,-106.4956952,898.5513980546493,48.492,0.16249999999999654
3329,3/22/2026 18:55:33.760,31.7683999,-106.4956917,899.106372777314,48.456,0.1499999999999968
3330,3/22/2026 18:55:33.800,31.768396,-106.4956883,899.6467678632573,48.528000000000006,0.1499999999999968
3331,3/22/2026 18:55:33.840,31.7683922,-106.4956849,900.1782610382528,48.42,0.14999999999999902
3332,3/22/2026 18:55:33.880,31.7683881,-106.4956814,900.7422065270199,48.564,0.11249999999999982
3333,3/22/2026 18:55:33.920,31.7683843,-106.4956779,901.2794824464814,48.672,0.12499999999999956
3334,3/22/2026 18:55:33.960,31.7683804,-106.4956746,901.8142960817682,48.6,0.2124999999999999
3335,3/22/2026 18:55:34.000,31.7683765,-106.495671,902.3661718284096,48.6,0.2124999999999977
3336,3/22/2026 18:55:34.040,31.7683726,-106.4956676,902.9065669628127,48.672,0.11249999999999982
3337,3/22/2026 18:55:34.080,31.7683686,-106.4956643,903.4504560620895,48.672,0.050000000000003375
3338,3/22/2026 18:55:34.120,31.7683647,-106.4956608,903.9965396851326,48.708,0.07500000000000284
3339,3/22/2026 18:55:34.160,31.7683607,-106.4956573,904.5515144907607,48.672,0.10000000000000231
3340,3/22/2026 18:55:34.200,31.7683567,-106.4956539,905.1008929037664,48.744,0.08750000000000036
3341,3/22/2026 18:55:34.240,31.7683528,-106.4956505,905.6412880791739,48.636,0.13749999999999707
3342,3/22/2026 18:55:34.280,31.7683489,-106.495647,906.1873717357138,48.672,0.20000000000000018
3343,3/22/2026 18:55:34.320,31.7683449,-106.4956435,906.7423465759076,48.924,0.06250000000000311
3344,3/22/2026 18:55:34.360,31.768341,-106.4956401,907.2827417757521,48.96,-0.11249999999999982
3345,3/22/2026 18:55:34.400,31.7683372,-106.4956368,907.8085590949992,48.852,-0.10000000000000009
3346,3/22/2026 18:55:34.440,31.7683331,-106.4956333,908.3725046994258,48.744,-0.012499999999999734
3347,3/22/2026 18:55:34.480,31.7683293,-106.4956298,908.909780740288,48.744,0.0374999999999992
3348,3/22/2026 18:55:34.520,31.7683252,-106.4956263,909.4737263613275,48.852,-0.012499999999999734
3349,3/22/2026 18:55:34.560,31.7683214,-106.4956229,910.0052196854008,48.816,-0.049999999999998934
3350,3/22/2026 18:55:34.600,31.7683175,-106.4956194,910.5513034112618,48.852,-0.07500000000000062
3351,3/22/2026 18:55:34.640,31.7683135,-106.495616,911.1006819111606,48.924,-0.16249999999999876
3352,3/22/2026 18:55:34.680,31.7683096,-106.4956125,911.6467656541778,48.96,-0.2499999999999969
3353,3/22/2026 18:55:34.720,31.7683056,-106.4956091,912.1961441701694,48.816,-0.2124999999999977
3354,3/22/2026 18:55:34.760,31.7683017,-106.4956056,912.7422279295271,48.744,-0.16249999999999876
3355,3/22/2026 18:55:34.800,31.7682977,-106.4956021,913.2972028702648,48.78,-0.22499999999999964
3356,3/22/2026 18:55:34.840,31.7682938,-106.4955986,913.8432866475945,48.78,-0.28750000000000053
3357,3/22/2026 18:55:34.880,31.7682899,-106.4955952,914.3836819532636,48.816,-0.36250000000000115
3358,3/22/2026 18:55:34.920,31.7682859,-106.4955918,914.9330605097059,48.744,-0.36249999999999893
3359,3/22/2026 18:55:34.960,31.768282,-106.4955883,915.4791443123471,48.78,-0.41249999999999787
3360,3/22/2026 18:55:35.000,31.768278,-106.4955848,916.0341192946961,48.672,-0.47499999999999654
3361,3/22/2026 18:55:35.040,31.7682741,-106.4955813,916.5802031144935,48.636,-0.36249999999999893
3362,3/22/2026 18:55:35.080,31.7682701,-106.4955779,917.1295817031215,48.528000000000006,-0.27500000000000524
3363,3/22/2026 18:55:35.120,31.7682662,-106.4955744,917.6756655400752,48.636,-0.31250000000000666
3364,3/22/2026 18:55:35.160,31.7682622,-106.4955709,918.2306405561869,48.456,-0.2625000000000033
3365,3/22/2026 18:55:35.200,31.7682585,-106.4955674,918.7591967889047,48.42,-0.16250000000000098
3366,3/22/2026 18:55:35.240,31.7682545,-106.4955638,919.3198721392157,48.312,-0.12499999999999734
3367,3/22/2026 18:55:35.280,31.7682506,-106.4955604,919.8602675265901,48.24,-0.049999999999996714
3368,3/22/2026 18:55:35.320,31.7682468,-106.4955569,920.3975437503822,48.276,-0.050000000000003375
3369,3/22/2026 18:55:35.360,31.7682428,-106.4955534,920.9525188079496,48.06,-0.050000000000003375
3370,3/22/2026 18:55:35.400,31.768239,-106.4955499,921.4897950489585,48.024,0.024999999999997247
3371,3/22/2026 18:55:35.440,31.768235,-106.4955464,922.0447701239964,48.24,0.0749999999999984
3372,3/22/2026 18:55:35.480,31.7682312,-106.495543,922.5762636383109,48.132,0.03750000000000142
3373,3/22/2026 18:55:35.520,31.7682273,-106.4955394,923.1281397238379,48.132,-0.03749999999999698
3374,3/22/2026 18:55:35.560,31.7682233,-106.4955358,923.6888151439667,48.204,-0.024999999999997247
3375,3/22/2026 18:55:35.600,31.7682194,-106.4955323,924.234899082555,48.204,-0.08749999999999813
3376,3/22/2026 18:55:35.640,31.7682157,-106.4955289,924.7575761995963,48.168000000000006,-0.18750000000000044
3377,3/22/2026 18:55:35.680,31.7682117,-106.4955255,925.3069549071889,48.24,-0.21250000000000213
3378,3/22/2026 18:55:35.720,31.7682078,-106.495522,925.8530388709686,48.132,-0.18749999999999822
3379,3/22/2026 18:55:35.760,31.768204,-106.4955186,926.384532442241,48.06,-0.06250000000000089
3380,3/22/2026 18:55:35.800,31.7682002,-106.495515,926.9276948670982,48.096,0.024999999999997247
3381,3/22/2026 18:55:35.840,31.7681961,-106.4955116,927.4861342482619,48.384,-0.10000000000000009
3382,3/22/2026 18:55:35.880,31.7681924,-106.4955081,928.014690629596,48.096,-0.13749999999999707
3383,3/22/2026 18:55:35.920,31.7681886,-106.4955047,928.5461842336096,48.06,-0.024999999999997247
3384,3/22/2026 18:55:35.960,31.7681847,-106.4955013,929.0865797571403,48.204,-0.049999999999998934
3385,3/22/2026 18:55:36.000,31.7681809,-106.4954977,929.6297422262707,47.952000000000005,-0.012499999999999734
3386,3/22/2026 18:55:36.040,31.768177,-106.4954942,930.175826256938,47.88,0.16249999999999876
3387,3/22/2026 18:55:36.080,31.7681731,-106.4954908,930.7162218048092,47.916,0.25000000000000133
3388,3/22/2026 18:55:36.120,31.7681693,-106.4954873,931.2534981996653,47.916,0.25000000000000355
3389,3/22/2026 18:55:36.160,31.7681655,-106.4954839,931.7849918523185,48.096,0.1375000000000015
3390,3/22/2026 18:55:36.200,31.7681616,-106.4954804,932.3310759156138,48.132,0.06250000000000311
3391,3/22/2026 18:55:36.240,31.7681578,-106.4954769,932.8683523358536,48.06,0.22500000000000187
3392,3/22/2026 18:55:36.280,31.768154,-106.4954734,933.4056287647924,48.024,0.3624999999999967
3393,3/22/2026 18:55:36.320,31.7681501,-106.49547,933.9460243599771,48.06,0.29999999999999805
3394,3/22/2026 18:55:36.360,31.7681464,-106.4954665,934.474580843678,48.06,0.19999999999999796
3395,3/22/2026 18:55:36.400,31.7681425,-106.4954631,935.0149764554026,48.06,0.22499999999999742
3396,3/22/2026 18:55:36.440,31.7681386,-106.4954595,935.5668527425828,48.24,0.2750000000000008
3397,3/22/2026 18:55:36.480,31.7681348,-106.4954562,936.0926704671585,48.276,0.2749999999999986
3398,3/22/2026 18:55:36.520,31.7681309,-106.4954526,936.6445467726745,48.276,0.2624999999999966
3399,3/22/2026 18:55:36.560,31.7681271,-106.4954492,937.1760405058684,48.132,0.36250000000000115
3400,3/22/2026 18:55:36.600,31.7681233,-106.4954458,937.7075342473784,48.276,0.3874999999999984
3401,3/22/2026 18:55:36.640,31.7681194,-106.4954423,938.2536184031342,48.564,0.187499999999996
3402,3/22/2026 18:55:36.680,31.7681155,-106.4954387,938.8054947428305,48.564,0.025000000000001688
3403,3/22/2026 18:55:36.720,31.7681117,-106.4954354,939.3313125137213,48.384,0.025000000000001688
3404,3/22/2026 18:55:36.760,31.7681078,-106.495432,939.8717081973068,48.312,0.16249999999999876
3405,3/22/2026 18:55:36.800,31.768104,-106.4954284,940.4148708440684,48.456,0.2749999999999986
3406,3/22/2026 18:55:36.840,31.7681002,-106.4954251,940.9406886380165,48.636,0.23749999999999716
3407,3/22/2026 18:55:36.880,31.7680963,-106.4954217,941.4810843454177,48.672,0.1374999999999993
3408,3/22/2026 18:55:36.920,31.7680924,-106.4954181,942.0329607376302,48.636,0.12499999999999956
3409,3/22/2026 18:55:36.960,31.7680885,-106.4954147,942.5733564603837,48.816,0.12499999999999956
3410,3/22/2026 18:55:37.000,31.7680847,-106.4954113,943.1048502831701,48.708,0.15000000000000346
3411,3/22/2026 18:55:37.040,31.7680808,-106.4954078,943.6509345227523,48.672,0.18750000000000266
3412,3/22/2026 18:55:37.080,31.7680771,-106.4954045,944.1678391361579,48.528000000000006,0.2124999999999977
3413,3/22/2026 18:55:37.120,31.7680732,-106.4954011,944.7082348913974,48.492,0.33749999999999947
3414,3/22/2026 18:55:37.160,31.7680693,-106.4953975,945.2601113361261,48.672,0.35000000000000586
3415,3/22/2026 18:55:37.200,31.7680653,-106.4953941,945.8094903419443,48.888,0.20000000000000684
3416,3/22/2026 18:55:37.240,31.7680614,-106.4953906,946.3555746236569,48.888,0.11250000000000204
3417,3/22/2026 18:55:37.280,31.7680576,-106.4953872,946.8870685035052,48.816,0.11249999999999982
3418,3/22/2026 18:55:37.320,31.7680537,-106.4953838,947.4274642983268,48.852,0.11250000000000204
3419,3/22/2026 18:55:37.360,31.7680498,-106.4953803,947.9735486052308,48.96,0.10000000000000231
3420,3/22/2026 18:55:37.400,31.7680459,-106.4953767,948.5254251031577,48.996,0.1374999999999993
3421,3/22/2026 18:55:37.440,31.7680421,-106.4953733,949.0569190156428,48.924,0.22499999999999964
3422,3/22/2026 18:55:37.480,31.7680382,-106.4953699,949.5973148425636,48.888,0.25000000000000355
3423,3/22/2026 18:55:37.520,31.7680342,-106.4953664,950.1522903466872,49.104000000000006,0.2124999999999999
3424,3/22/2026 18:55:37.560,31.7680303,-106.4953628,950.7041668800795,49.068000000000005,0.23749999999999494
3425,3/22/2026 18:55:37.600,31.7680264,-106.4953594,951.2445627314371,49.068000000000005,0.27499999999999414
3426,3/22/2026 18:55:37.640,31.7680225,-106.4953559,951.7906470968119,49.032,0.18750000000000044
3427,3/22/2026 18:55:37.680,31.7680186,-106.4953525,952.3310429651235,48.996,0.10000000000000231
3428,3/22/2026 18:55:37.720,31.7680147,-106.495349,952.8771273477518,48.996,0.13749999999999707
3429,3/22/2026 18:55:37.760,31.7680108,-106.4953455,953.4232117393509,49.104000000000006,0.14999999999999458
3430,3/22/2026 18:55:37.800,31.7680069,-106.4953419,953.9750883259412,49.248,0.024999999999997247
3431,3/22/2026 18:55:37.840,31.7680029,-106.4953384,954.5300638969491,49.32,-0.1375000000000015
3432,3/22/2026 18:55:37.880,31.767999,-106.495335,955.0704598050498,49.212,-0.17500000000000293
3433,3/22/2026 18:55:37.920,31.7679951,-106.4953316,955.6108557212272,49.392,-0.2124999999999999
3434,3/22/2026 18:55:37.960,31.7679912,-106.4953281,956.156940155391,49.464,-0.3124999999999978
3435,3/22/2026 18:55:38.000,31.7679872,-106.4953245,956.717616103852,49.464,-0.349999999999997
3436,3/22/2026 18:55:38.040,31.7679833,-106.4953211,957.2580120444662,49.176,-0.2750000000000008
3437,3/22/2026 18:55:38.080,31.7679794,-106.4953174,957.8157813319435,49.14,-0.2750000000000008
3438,3/22/2026 18:55:38.120,31.7679755,-106.4953139,958.3618658005169,49.248,-0.3874999999999962
3439,3/22/2026 18:55:38.160,31.7679716,-106.4953103,958.9137424673589,49.284,-0.4749999999999943
3440,3/22/2026 18:55:38.200,31.7679677,-106.4953069,959.4541384402794,49.14,-0.4749999999999943
3441,3/22/2026 18:55:38.240,31.7679637,-106.4953034,960.0091140950527,49.032,-0.41249999999999565
3442,3/22/2026 18:55:38.280,31.7679598,-106.4952999,960.555198596591,48.996,-0.43749999999999956
3443,3/22/2026 18:55:38.320,31.7679559,-106.4952964,961.1012831074146,48.996,-0.46250000000000346
3444,3/22/2026 18:55:38.360,31.767952,-106.4952929,961.6473676267077,48.96,-0.45000000000000373
3445,3/22/2026 18:55:38.400,31.7679481,-106.4952894,962.1934521536544,48.96,-0.48750000000000293
3446,3/22/2026 18:55:38.440,31.7679442,-106.4952859,962.7395366902009,48.888,-0.5624999999999991
3447,3/22/2026 18:55:38.480,31.7679404,-106.4952825,963.271030816511,48.636,-0.5624999999999991
3448,3/22/2026 18:55:38.520,31.7679366,-106.495279,963.8083077253102,48.636,-0.5125000000000024
3449,3/22/2026 18:55:38.560,31.7679327,-106.4952755,964.3543922857006,48.528000000000006,-0.4750000000000032
3450,3/22/2026 18:55:38.600,31.7679289,-106.4952721,964.8858864370394,48.528000000000006,-0.5125000000000024
3451,3/22/2026 18:55:38.640,31.7679249,-106.4952686,965.4408621739206,48.456,-0.5874999999999986
3452,3/22/2026 18:55:38.680,31.7679211,-106.4952652,965.9723563411835,48.312,-0.5374999999999974
3453,3/22/2026 18:55:38.720,31.7679173,-106.4952617,966.5096332922716,48.348,-0.5499999999999972
3454,3/22/2026 18:55:38.760,31.7679134,-106.4952583,967.0500293776427,48.312,-0.6874999999999964
3455,3/22/2026 18:55:38.800,31.7679096,-106.4952549,967.58152356912,48.204,-0.8124999999999982
3456,3/22/2026 18:55:38.840,31.7679058,-106.4952515,968.1130177690982,48.024,-0.8375
3457,3/22/2026 18:55:38.880,31.767902,-106.4952482,968.6388359604326,47.88,-0.7874999999999988
3458,3/22/2026 18:55:38.920,31.7678982,-106.4952448,969.1703301764134,47.916,-0.8624999999999972
3459,3/22/2026 18:55:38.960,31.7678943,-106.4952414,969.7107263016567,47.88,-0.9624999999999995
3460,3/22/2026 18:55:39.000,31.7678905,-106.495238,970.2422205330362,47.7,-0.9750000000000014
3461,3/22/2026 18:55:39.040,31.7678867,-106.4952347,970.7680387558456,47.592000000000006,-1.0375000000000023
3462,3/22/2026 18:55:39.080,31.7678831,-106.4952314,971.2761180882903,47.628,-1.1999999999999988
3463,3/22/2026 18:55:39.120,31.7678792,-106.4952281,971.810932710785,47.448,-1.2499999999999978
3464,3/22/2026 18:55:39.160,31.7678755,-106.4952247,972.3336105570638,47.232,-1.1875000000000013
3465,3/22/2026 18:55:39.200,31.7678717,-106.4952215,972.8538630463506,46.944,-1.1250000000000004
3466,3/22/2026 18:55:39.240,31.767868,-106.4952182,973.3707680870384,46.872,-1.0875000000000012
3467,3/22/2026 18:55:39.280,31.7678643,-106.4952148,973.8934459564698,46.764,-1.1750000000000038
3468,3/22/2026 18:55:39.320,31.7678606,-106.4952117,974.3991391584735,46.548,-1.2500000000000047
3469,3/22/2026 18:55:39.360,31.7678569,-106.4952085,974.9103814299807,46.476,-1.2874999999999992
3470,3/22/2026 18:55:39.400,31.7678532,-106.4952052,975.4272865008537,46.296,-1.3124999999999987
3471,3/22/2026 18:55:39.440,31.7678496,-106.495202,975.9296036255629,46.008,-1.2500000000000022
3472,3/22/2026 18:55:39.480,31.7678459,-106.4951988,976.4408459195149,45.75600000000001,-1.1875000000000036
3473,3/22/2026 18:55:39.520,31.7678422,-106.4951956,976.9520882198448,45.72,-1.2125000000000032
3474,3/22/2026 18:55:39.560,31.7678386,-106.4951923,977.4601676446257,45.54,-1.2250000000000008
3475,3/22/2026 18:55:39.600,31.767835,-106.4951892,977.9568360259234,45.396,-1.2250000000000028
3476,3/22/2026 18:55:39.640,31.7678314,-106.4951861,978.4535044142835,45.288,-1.3375000000000026
3477,3/22/2026 18:55:39.680,31.7678278,-106.4951829,978.955821582015,44.964,-1.3874999999999993
3478,3/22/2026 18:55:39.720,31.7678242,-106.4951798,979.4524899835428,44.748,-1.3249999999999962
3479,3/22/2026 18:55:39.760,31.7678207,-106.4951767,979.9402206130607,44.568000000000005,-1.2499999999999978
3480,3/22/2026 18:55:39.800,31.7678171,-106.4951736,980.4368890282069,44.424,-1.2750000000000017
3481,3/22/2026 18:55:39.840,31.7678135,-106.4951705,980.9335574497774,44.28,-1.3500000000000025
3482,3/22/2026 18:55:39.880,31.76781,-106.4951674,981.4212880997052,44.064,-1.312500000000001
3483,3/22/2026 18:55:39.920,31.7678065,-106.4951643,981.9090187566252,43.92,-1.3000000000000012
3484,3/22/2026 18:55:39.960,31.767803,-106.4951612,982.3967494199054,43.812,-1.35
3485,3/22/2026 18:55:40.000,31.7677996,-106.4951582,982.8698950676405,43.596,-1.3749999999999973
3486,3/22/2026 18:55:40.040,31.7677961,-106.4951552,983.3519918531225,43.236,-1.3499999999999956
3487,3/22/2026 18:55:40.080,31.7677927,-106.4951522,983.8251375135637,43.02,-1.349999999999998
3488,3/22/2026 18:55:40.120,31.7677893,-106.4951492,984.298283181073,42.876000000000005,-1.4125000000000032
3489,3/22/2026 18:55:40.160,31.7677859,-106.4951461,984.7771680649316,42.84,-1.4875000000000038
3490,3/22/2026 18:55:40.200,31.7677825,-106.4951432,985.244695683781,42.48,-1.4249999999999985
3491,3/22/2026 18:55:40.240,31.7677791,-106.4951402,985.7178413700731,42.336,-1.387499999999997
3492,3/22/2026 18:55:40.280,31.7677757,-106.4951373,986.1853690004439,42.228,-1.5124999999999988
3493,3/22/2026 18:55:40.320,31.7677724,-106.4951343,986.6496579107124,42.012,-1.5874999999999992
3494,3/22/2026 18:55:40.360,31.7677691,-106.4951314,987.1082202693293,41.832,-1.6375000000000004
3495,3/22/2026 18:55:40.400,31.7677657,-106.4951285,987.5757479171143,41.616,-1.6874999999999976
3496,3/22/2026 18:55:40.440,31.7677624,-106.4951255,988.0400368469712,41.328,-1.6625
3497,3/22/2026 18:55:40.480,31.7677592,-106.4951227,988.484017720875,41.04,-1.6000000000000036
3498,3/22/2026 18:55:40.520,31.7677559,-106.4951198,988.9425801029281,40.788,-1.5749999999999997
3499,3/22/2026 18:55:40.560,31.7677526,-106.4951169,989.4011424908402,40.644,-1.6249999999999987
3500,3/22/2026 18:55:40.600,31.7677494,-106.4951141,989.8451233818143,40.572,-1.7125000000000015
3501,3/22/2026 18:55:40.640,31.7677462,-106.4951113,990.2891042771388,40.248,-1.7500000000000004
3502,3/22/2026 18:55:40.680,31.767743,-106.4951086,990.7275020034302,39.96,-1.7499999999999982
3503,3/22/2026 18:55:40.720,31.7677399,-106.4951058,991.1626020688752,39.708,-1.7749999999999975
3504,3/22/2026 18:55:40.760,31.7677367,-106.495103,991.6065829812426,39.42,-1.7874999999999996
3505,3/22/2026 18:55:40.800,31.7677336,-106.4951003,992.0359844259129,39.168000000000006,-1.7750000000000021
3506,3/22/2026 18:55:40.840,31.7677305,-106.4950975,992.4710845085743,38.988,-1.8250000000000015
3507,3/22/2026 18:55:40.880,31.7677274,-106.4950948,992.9004859634346,38.772,-1.887499999999997
3508,3/22/2026 18:55:40.920,31.7677243,-106.495092,993.3355860565974,38.52,-1.9374999999999987
3509,3/22/2026 18:55:40.960,31.7677212,-106.4950894,993.7594236264891,38.232,-1.9500000000000006
3510,3/22/2026 18:55:41.000,31.7677182,-106.4950868,994.1742478686044,38.052,-1.9500000000000006
3511,3/22/2026 18:55:41.040,31.7677152,-106.4950841,994.5947552870044,37.728,-1.9125000000000014
3512,3/22/2026 18:55:41.080,31.7677122,-106.4950816,995.0040363279917,37.440000000000005,-1.812500000000001
3513,3/22/2026 18:55:41.120,31.7677093,-106.495079,995.4099524108832,37.116,-1.7374999999999985
3514,3/22/2026 18:55:41.160,31.7677063,-106.4950764,995.8247766717719,36.864,-1.7749999999999955
3515,3/22/2026 18:55:41.200,31.7677034,-106.4950738,996.2306927644901,36.612,-1.8749999999999976
3516,3/22/2026 18:55:41.240,31.7677005,-106.4950713,996.6309422957271,36.288,-1.8999999999999992
3517,3/22/2026 18:55:41.280,31.7676976,-106.4950688,997.031191832143,36.036,-1.9124999999999992
3518,3/22/2026 18:55:41.320,31.7676947,-106.4950663,997.4314413724668,35.676,-1.8374999999999964
3519,3/22/2026 18:55:41.360,31.7676919,-106.4950638,997.8227676327426,35.46,-1.762499999999998
3520,3/22/2026 18:55:41.400,31.7676891,-106.4950613,998.2140938965345,35.208,-1.8249999999999988
3521,3/22/2026 18:55:41.440,31.7676863,-106.4950588,998.6054201651538,35.064,-1.9124999999999948
3522,3/22/2026 18:55:41.480,31.7676834,-106.4950564,999.0001487571315,34.884,-2.012499999999997
3523,3/22/2026 18:55:41.520,31.7676807,-106.4950539,999.3826675657042,34.668000000000006,-2.1375000000000033
3524,3/22/2026 18:55:41.560,31.767678,-106.4950516,999.7537762993111,34.2,-2.1500000000000052
3525,3/22/2026 18:55:41.600,31.7676753,-106.4950492,1000.1305144016974,33.876000000000005,-2.075000000000005
3526,3/22/2026 18:55:41.640,31.7676726,-106.4950469,1000.5016231419671,33.552,-2.0000000000000018
3527,3/22/2026 18:55:41.680,31.76767,-106.4950446,1000.8637749404894,33.264,-1.9374999999999987
3528,3/22/2026 18:55:41.720,31.7676673,-106.4950423,1001.2348836888619,33.156000000000006,-2.0625000000000027
3529,3/22/2026 18:55:41.760,31.7676647,-106.4950399,1001.6028019327783,32.904,-2.225000000000004
3530,3/22/2026 18:55:41.800,31.7676621,-106.4950377,1001.9593453010757,32.508,-2.187500000000002
3531,3/22/2026 18:55:41.840,31.7676595,-106.4950354,1002.3214971133215,32.25600000000001,-2.162500000000005
3532,3/22/2026 18:55:41.880,31.7676569,-106.4950332,1002.6780404892379,31.896,-2.200000000000004
3533,3/22/2026 18:55:41.920,31.7676544,-106.495031,1003.025608102281,31.5,-2.1625000000000005
3534,3/22/2026 18:55:41.960,31.7676519,-106.4950288,1003.373175719011,31.176,-2.1124999999999994
3535,3/22/2026 18:55:42.000,31.7676494,-106.4950267,1003.715157641226,30.924,-2.1249999999999982
3536,3/22/2026 18:55:42.040,31.767647,-106.4950245,1004.0538775233434,30.744,-2.124999999999999
3537,3/22/2026 18:55:42.080,31.7676445,-106.4950224,1004.3958594516756,30.492000000000004,-2.1125000000000034
3538,3/22/2026 18:55:42.120,31.7676422,-106.4950202,1004.7258699202621,29.988,-2.112500000000003
3539,3/22/2026 18:55:42.160,31.7676398,-106.4950183,1005.0479161140356,29.664,-2.1125
3540,3/22/2026 18:55:42.200,31.7676373,-106.4950162,1005.3898980513561,29.448,-2.1875
3541,3/22/2026 18:55:42.240,31.767635,-106.4950141,1005.7140204035077,29.088,-2.2749999999999995
3542,3/22/2026 18:55:42.280,31.7676327,-106.4950121,1006.0324271082093,28.728,-2.187500000000001
3543,3/22/2026 18:55:42.320,31.7676304,-106.4950101,1006.3508338149085,28.44,-2.0875000000000012
3544,3/22/2026 18:55:42.360,31.7676282,-106.4950081,1006.6603599360739,28.152,-2.1124999999999985
3545,3/22/2026 18:55:42.400,31.767626,-106.4950062,1006.9641906356413,27.828000000000003,-2.1111111111111107
3546,3/22/2026 18:55:42.440,31.7676237,-106.4950043,1007.2770636266492,27.72,-2.187499999999999
3547,3/22/2026 18:55:42.480,31.7676215,-106.4950023,1007.5865897570192,27.432,-2.303571428571426
3548,3/22/2026 18:55:42.520,31.7676194,-106.4950005,1007.8758480201043,26.964,-2.249999999999997
3549,3/22/2026 18:55:42.560,31.7676172,-106.4949986,1008.179678729794,26.604,-2.124999999999995
3550,3/22/2026 18:55:42.600,31.7676151,-106.4949968,1008.468936998334,26.208,-1.9999999999999933
3551,3/22/2026 18:55:42.640,31.767613,-106.4949951,1008.7527244337479,25.776,-1.7083333333333266
3552,3/22/2026 18:55:42.680,31.7676109,-106.4949933,1009.0419827060501,25.74,-1.749999999999985
3553,3/22/2026 18:55:42.720,31.7676089,-106.4949916,1009.3166726749922,25.416,-2.2499999999999742
