,Time,Latitude,Longitude,Position,Speed,Acceleration
0,2026-02-28 17:12:43.600,31.8237684,-106.5220728,0.0,40.968,-2.4499999999999966
1,2026-02-28 17:12:43.640,31.8237713,-106.5220761,0.44904675203502586,40.68000000000001,-2.5500000000000034
2,2026-02-28 17:12:43.680,31.8237742,-106.5220793,0.8915711416844367,40.32,-2.575000000000003
3,2026-02-28 17:12:43.720,31.8237771,-106.5220825,1.334095525119602,40.068000000000005,-2.612500000000002
4,2026-02-28 17:12:43.760,31.8237799,-106.5220857,1.7685657409677074,39.708,-2.6750000000000007
5,2026-02-28 17:12:43.800,31.8237827,-106.5220888,2.196500487728215,39.204,-2.6249999999999973
6,2026-02-28 17:12:43.840,31.8237855,-106.522092,2.630970689850098,38.952000000000005,-2.6250000000000018
7,2026-02-28 17:12:43.880,31.8237882,-106.5220949,3.03788207513609,38.556000000000004,-2.6375000000000037
8,2026-02-28 17:12:43.920,31.8237909,-106.522098,3.4577779149812815,38.196,-2.5875
9,2026-02-28 17:12:43.960,31.8237936,-106.5221011,3.8776737488384634,37.800000000000004,-2.6125
10,2026-02-28 17:12:44.000,31.8237963,-106.5221041,4.291020118346777,37.368,-2.6500000000000012
11,2026-02-28 17:12:44.040,31.8237989,-106.5221071,4.696343988976764,36.936,-2.599999999999998
12,2026-02-28 17:12:44.080,31.8238015,-106.52211,5.095103413010469,36.648,-2.599999999999998
13,2026-02-28 17:12:44.120,31.8238041,-106.5221129,5.49386283201755,36.216,-2.575
14,2026-02-28 17:12:44.160,31.8238066,-106.5221158,5.884617403593863,35.856,-2.5250000000000012
15,2026-02-28 17:12:44.200,31.8238091,-106.5221186,6.268791455037235,35.496,-2.5625000000000027
16,2026-02-28 17:12:44.240,31.8238116,-106.5221214,6.652965501823252,35.1,-2.5750000000000006
17,2026-02-28 17:12:44.280,31.8238141,-106.5221241,7.030681258031289,34.812,-2.6374999999999997
18,2026-02-28 17:12:44.320,31.8238165,-106.522127,7.413587283961666,34.488,-2.6500000000000012
19,2026-02-28 17:12:44.360,31.823819,-106.5221296,7.7849733528303355,33.984,-2.500000000000002
20,2026-02-28 17:12:44.400,31.8238214,-106.5221323,8.154563785345823,33.552,-2.4
21,2026-02-28 17:12:44.440,31.8238237,-106.522135,8.51618904920791,33.264,-2.4375000000000013
22,2026-02-28 17:12:44.480,31.823826,-106.5221375,8.864712518981456,32.832,-2.462500000000003
23,2026-02-28 17:12:44.520,31.8238283,-106.5221402,9.226337772908366,32.616,-2.5250000000000012
24,2026-02-28 17:12:44.560,31.8238306,-106.5221428,9.581346574232109,32.184,-2.537499999999999
25,2026-02-28 17:12:44.600,31.8238329,-106.5221453,9.92987003263666,31.788,-2.424999999999998
26,2026-02-28 17:12:44.640,31.8238351,-106.5221478,10.270299444948964,31.392000000000003,-2.35
27,2026-02-28 17:12:44.680,31.8238373,-106.5221502,10.604228277248774,30.924,-2.3124999999999982
28,2026-02-28 17:12:44.720,31.8238395,-106.5221527,10.944657682382351,30.743999999999996,-2.3374999999999972
29,2026-02-28 17:12:44.760,31.8238416,-106.5221551,11.270510237726036,30.528000000000002,-2.3999999999999977
30,2026-02-28 17:12:44.800,31.8238438,-106.5221575,11.60443905887106,30.096,-2.375
31,2026-02-28 17:12:44.840,31.8238459,-106.5221599,11.930291606565435,29.7,-2.3375000000000012
32,2026-02-28 17:12:44.880,31.8238479,-106.5221622,12.241570194508835,29.304000000000002,-2.3125
33,2026-02-28 17:12:44.920,31.82385,-106.5221645,12.560905581803503,28.872,-2.1874999999999987
34,2026-02-28 17:12:44.960,31.823852,-106.5221667,12.86564890596423,28.62,-2.1125000000000016
35,2026-02-28 17:12:45.000,31.823854,-106.5221691,13.183609818589316,28.368,-2.200000000000002
36,2026-02-28 17:12:45.040,31.823856,-106.5221713,13.4883531365939,28.044,-2.2875000000000014
37,2026-02-28 17:12:45.080,31.8238579,-106.5221734,13.778505963870405,27.612000000000002,-2.2000000000000006
38,2026-02-28 17:12:45.120,31.8238599,-106.5221756,14.083249275872753,27.324,-2.075
39,2026-02-28 17:12:45.160,31.8238618,-106.5221778,14.379957201575976,27.036,-2.0875
40,2026-02-28 17:12:45.200,31.8238637,-106.52218,14.676665125218513,26.748,-2.1125
41,2026-02-28 17:12:45.240,31.8238655,-106.522182,14.952229272779972,26.316,-2.0624999999999987
42,2026-02-28 17:12:45.280,31.8238674,-106.5221841,15.2423820860647,26.028000000000002,-2.0124999999999993
43,2026-02-28 17:12:45.320,31.8238692,-106.5221861,15.517946228421689,25.848,-2.0124999999999993
44,2026-02-28 17:12:45.360,31.823871,-106.5221882,15.800087329897234,25.56,-2.037499999999998
45,2026-02-28 17:12:45.400,31.8238727,-106.5221902,16.067666072684645,25.092,-1.9999999999999971
46,2026-02-28 17:12:45.440,31.8238745,-106.5221922,16.34323020850931,24.732,-1.8999999999999972
47,2026-02-28 17:12:45.480,31.8238762,-106.5221942,16.610808946506356,24.588,-1.8375
48,2026-02-28 17:12:45.520,31.8238779,-106.5221961,16.87178653504745,24.372,-1.887500000000001
49,2026-02-28 17:12:45.560,31.8238796,-106.522198,17.1327641215966,23.976000000000003,-1.9375000000000007
50,2026-02-28 17:12:45.600,31.8238813,-106.5221999,17.393741705580258,23.724,-1.8875000000000017
51,2026-02-28 17:12:45.640,31.8238829,-106.5222018,17.64676330289088,23.400000000000002,-1.7875000000000019
52,2026-02-28 17:12:45.680,31.8238846,-106.5222036,17.901320067237002,23.148,-1.7374999999999996
53,2026-02-28 17:12:45.720,31.8238862,-106.5222054,18.147713606547686,22.932000000000002,-1.7500000000000004
54,2026-02-28 17:12:45.760,31.8238878,-106.5222072,18.394107142890803,22.608,-1.725000000000001
55,2026-02-28 17:12:45.800,31.8238893,-106.522209,18.63257778089652,22.284000000000002,-1.6625000000000014
56,2026-02-28 17:12:45.840,31.8238909,-106.5222108,18.878971313003586,22.068,-1.6250000000000018
57,2026-02-28 17:12:45.880,31.8238925,-106.5222125,19.118926619459405,21.96,-1.675
58,2026-02-28 17:12:45.920,31.823894,-106.5222141,19.344281281225005,21.564,-1.6499999999999981
59,2026-02-28 17:12:45.960,31.8238955,-106.5222159,19.582751911067913,21.204,-1.5374999999999994
60,2026-02-28 17:12:46.000,31.823897,-106.5222176,19.814564372990574,21.06,-1.5249999999999986
61,2026-02-28 17:12:46.040,31.8238984,-106.5222193,20.038491433336052,20.916,-1.5624999999999987
62,2026-02-28 17:12:46.080,31.8238999,-106.5222208,20.25760636212305,20.628000000000004,-1.5500000000000014
63,2026-02-28 17:12:46.120,31.8239013,-106.5222225,20.48153341856645,20.412,-1.5124999999999988
64,2026-02-28 17:12:46.160,31.8239027,-106.5222242,20.705460473534217,20.16,-1.4749999999999996
65,2026-02-28 17:12:46.200,31.8239041,-106.5222258,20.922695438686752,19.944,-1.4625000000000008
66,2026-02-28 17:12:46.240,31.8239055,-106.5222273,21.133450417500455,19.728,-1.4249999999999996
67,2026-02-28 17:12:46.280,31.8239069,-106.5222289,21.35068537973925,19.476000000000003,-1.3625000000000012
68,2026-02-28 17:12:46.320,31.8239083,-106.5222304,21.561440355656273,19.296000000000003,-1.3250000000000026
69,2026-02-28 17:12:46.360,31.8239096,-106.5222319,21.764102171317642,19.044,-1.2375000000000014
70,2026-02-28 17:12:46.400,31.8239109,-106.5222335,21.97349457549769,18.828000000000003,-1.162500000000001
71,2026-02-28 17:12:46.440,31.8239122,-106.522235,22.176156388079463,18.648,-1.1250000000000004
72,2026-02-28 17:12:46.480,31.8239136,-106.5222364,22.380663642726475,18.432000000000002,-1.0499999999999998
73,2026-02-28 17:12:46.520,31.8239149,-106.5222378,22.576820133046763,18.252000000000002,-0.9750000000000014
74,2026-02-28 17:12:46.560,31.8239162,-106.5222393,22.779481941607575,18.072,-0.9124999999999994
75,2026-02-28 17:12:46.600,31.8239174,-106.5222407,22.967575962102085,17.82,-0.8124999999999982
76,2026-02-28 17:12:46.640,31.8239187,-106.5222421,23.163732449034764,17.748,-0.725
77,2026-02-28 17:12:46.680,31.8239199,-106.5222435,23.351826467004873,17.532,-0.6500000000000006
78,2026-02-28 17:12:46.720,31.8239211,-106.5222449,23.539920483763265,17.424,-0.5874999999999997
79,2026-02-28 17:12:46.760,31.8239224,-106.5222463,23.736076967113387,17.352,-0.6124999999999992
80,2026-02-28 17:12:46.800,31.8239236,-106.5222477,23.924170980401097,17.172,-0.6375000000000008
81,2026-02-28 17:12:46.840,31.8239248,-106.522249,24.10573046035955,17.064,-0.6500000000000016
82,2026-02-28 17:12:46.880,31.823926,-106.5222504,24.293824472170108,16.992,-0.6125000000000014
83,2026-02-28 17:12:46.920,31.8239272,-106.5222518,24.481918482768954,16.884,-0.525000000000001
84,2026-02-28 17:12:46.960,31.8239284,-106.5222531,24.663477958569903,16.812,-0.48749999999999966
85,2026-02-28 17:12:47.000,31.8239296,-106.5222545,24.85157196674532,16.740000000000002,-0.4625000000000002
86,2026-02-28 17:12:47.040,31.8239309,-106.5222557,25.03548842595303,16.740000000000002,-0.5375000000000008
87,2026-02-28 17:12:47.080,31.823932,-106.5222572,25.22290141299638,16.668,-0.6749999999999989
88,2026-02-28 17:12:47.120,31.8239332,-106.5222585,25.404460885378047,16.596,-0.724999999999999
89,2026-02-28 17:12:47.160,31.8239344,-106.5222598,25.586020355767005,16.416,-0.6000000000000005
90,2026-02-28 17:12:47.200,31.8239355,-106.5222611,25.7595532756978,16.272,-0.4124999999999989
91,2026-02-28 17:12:47.240,31.8239366,-106.5222625,25.939911770161117,16.092,-0.3499999999999981
92,2026-02-28 17:12:47.280,31.8239377,-106.5222638,26.11344468868908,16.2,-0.39999999999999925
93,2026-02-28 17:12:47.320,31.8239389,-106.5222652,26.30153868775458,16.164,-0.5124999999999991
94,2026-02-28 17:12:47.360,31.8239401,-106.5222665,26.483098153002146,16.128000000000004,-0.6000000000000005
95,2026-02-28 17:12:47.400,31.8239412,-106.5222678,26.656631067274674,16.092,-0.5875000000000009
96,2026-02-28 17:12:47.440,31.8239424,-106.5222691,26.838190531357956,15.840000000000002,-0.4625000000000002
97,2026-02-28 17:12:47.480,31.8239435,-106.5222704,27.01172344345993,15.624,-0.3500000000000014
98,2026-02-28 17:12:47.520,31.8239446,-106.5222716,27.178687769619227,15.552000000000001,-0.3375000000000006
99,2026-02-28 17:12:47.560,31.8239456,-106.522273,27.351681575766545,15.732000000000001,-0.43749999999999956
100,2026-02-28 17:12:47.600,31.8239468,-106.5222743,27.53324103617201,15.768,-0.5125000000000002
101,2026-02-28 17:12:47.640,31.823948,-106.5222756,27.714800494293787,15.588000000000001,-0.43749999999999967
102,2026-02-28 17:12:47.680,31.8239491,-106.5222768,27.881764816402157,15.552000000000001,-0.43749999999999956
103,2026-02-28 17:12:47.720,31.8239501,-106.5222781,28.047630253942796,15.336,-0.4250000000000009
104,2026-02-28 17:12:47.760,31.8239512,-106.5222792,28.208314497894964,15.228000000000002,-0.3375000000000006
105,2026-02-28 17:12:47.800,31.8239522,-106.5222805,28.37417993336218,15.3,-0.3874999999999995
106,2026-02-28 17:12:47.840,31.8239534,-106.5222817,28.54947183385794,15.3,-0.4749999999999998
107,2026-02-28 17:12:47.880,31.8239545,-106.5222831,28.72983030947129,15.156,-0.4249999999999998
108,2026-02-28 17:12:47.920,31.8239556,-106.5222843,28.896794626437327,15.048,-0.3375000000000006
109,2026-02-28 17:12:47.960,31.8239567,-106.5222855,29.06375894219399,14.976,-0.32500000000000084
110,2026-02-28 17:12:48.000,31.8239577,-106.5222868,29.22962437322725,15.048,-0.3875000000000006
111,2026-02-28 17:12:48.040,31.8239587,-106.522288,29.388604736926585,15.048,-0.5125000000000013
112,2026-02-28 17:12:48.080,31.8239599,-106.5222892,29.56389663224804,14.832,-0.5000000000000006
113,2026-02-28 17:12:48.120,31.8239609,-106.5222904,29.72287699429331,14.832,-0.4249999999999998
114,2026-02-28 17:12:48.160,31.823962,-106.5222917,29.896409889215537,14.76,-0.40000000000000036
115,2026-02-28 17:12:48.200,31.823963,-106.5222929,30.055390249140665,14.652000000000001,-0.35000000000000087
116,2026-02-28 17:12:48.240,31.8239641,-106.522294,30.21607448398096,14.58,-0.32499999999999973
117,2026-02-28 17:12:48.280,31.823965,-106.5222952,30.36746889871761,14.652000000000001,-0.3749999999999998
118,2026-02-28 17:12:48.320,31.8239661,-106.5222964,30.53443320661821,14.58,-0.41249999999999953
119,2026-02-28 17:12:48.360,31.8239672,-106.5222977,30.707966096354024,14.508000000000001,-0.38749999999999896
120,2026-02-28 17:12:48.400,31.8239682,-106.5222988,30.860337669234944,14.4,-0.33749999999999947
121,2026-02-28 17:12:48.440,31.8239692,-106.5222998,31.006414242389194,14.22,-0.23749999999999938
122,2026-02-28 17:12:48.480,31.8239702,-106.522301,31.165394596271643,14.22,-0.21249999999999938
123,2026-02-28 17:12:48.520,31.8239712,-106.5223021,31.31776616655507,14.22,-0.2624999999999994
124,2026-02-28 17:12:48.560,31.8239723,-106.5223033,31.484730469564063,14.22,-0.2624999999999994
125,2026-02-28 17:12:48.600,31.8239733,-106.5223045,31.64371082044865,14.184,-0.2499999999999991
126,2026-02-28 17:12:48.640,31.8239743,-106.5223057,31.802691170732437,14.112,-0.2875
127,2026-02-28 17:12:48.680,31.8239753,-106.5223068,31.955062737231955,14.04,-0.3375
128,2026-02-28 17:12:48.720,31.8239763,-106.522308,32.114043085760294,14.004000000000001,-0.3874999999999995
129,2026-02-28 17:12:48.760,31.8239774,-106.5223091,32.27472731059406,13.968,-0.3999999999999998
130,2026-02-28 17:12:48.800,31.8239784,-106.5223102,32.42709887562588,13.968,-0.3375
131,2026-02-28 17:12:48.840,31.8239793,-106.5223114,32.57849327718218,13.968,-0.28750000000000003
132,2026-02-28 17:12:48.880,31.8239803,-106.5223126,32.73747362192271,13.860000000000001,-0.2625000000000005
133,2026-02-28 17:12:48.920,31.8239813,-106.5223137,32.88984518380511,13.824,-0.2875000000000011
134,2026-02-28 17:12:48.960,31.8239823,-106.5223148,33.0422167458358,13.860000000000001,-0.3875000000000012
135,2026-02-28 17:12:49.000,31.8239832,-106.522316,33.19361114379746,13.824,-0.4125000000000007
136,2026-02-28 17:12:49.040,31.8239843,-106.5223171,33.35429536272589,13.644,-0.31249999999999944
137,2026-02-28 17:12:49.080,31.8239852,-106.5223183,33.50568975884414,13.536,-0.24999999999999964
138,2026-02-28 17:12:49.120,31.8239862,-106.5223193,33.65176632159138,13.392000000000001,-0.21250000000000044
139,2026-02-28 17:12:49.160,31.8239872,-106.5223203,33.797842882804915,13.428,-0.16250000000000098
140,2026-02-28 17:12:49.200,31.8239881,-106.5223215,33.94923727625023,13.536,-0.2875000000000011
141,2026-02-28 17:12:49.240,31.823989,-106.5223226,34.09367620974344,13.572000000000001,-0.500000000000001
142,2026-02-28 17:12:49.280,31.82399,-106.5223237,34.2460477655599,13.5,-0.575
143,2026-02-28 17:12:49.320,31.823991,-106.5223249,34.405028101185714,13.356,-0.5749999999999987
144,2026-02-28 17:12:49.360,31.823992,-106.522326,34.557399655752064,13.212,-0.47499999999999876
145,2026-02-28 17:12:49.400,31.8239928,-106.522327,34.68731204980617,13.284,-0.4249999999999998
146,2026-02-28 17:12:49.440,31.8239939,-106.5223281,34.84799626203076,13.284,-0.5125000000000007
147,2026-02-28 17:12:49.480,31.8239948,-106.5223292,34.992435191783855,13.176,-0.5625000000000002
148,2026-02-28 17:12:49.520,31.8239958,-106.5223302,35.13851174699099,13.14,-0.6374999999999997
149,2026-02-28 17:12:49.560,31.8239966,-106.5223314,35.28278099212996,13.212,-0.7374999999999993
150,2026-02-28 17:12:49.600,31.8239976,-106.5223325,35.43515254209806,12.924,-0.7249999999999991
151,2026-02-28 17:12:49.640,31.8239985,-106.5223335,35.57293452202237,12.744,-0.6499999999999989
152,2026-02-28 17:12:49.680,31.8239994,-106.5223345,35.71071650160128,12.672,-0.6250000000000001
153,2026-02-28 17:12:49.720,31.8240003,-106.5223356,35.855155426889574,12.528,-0.6125000000000004
154,2026-02-28 17:12:49.760,31.8240011,-106.5223365,35.978352122012815,12.672,-0.6750000000000002
155,2026-02-28 17:12:49.800,31.824002,-106.5223375,36.11613410039827,12.6,-0.7750000000000002
156,2026-02-28 17:12:49.840,31.824003,-106.5223386,36.26850564558209,12.492,-0.7500000000000002
157,2026-02-28 17:12:49.880,31.8240038,-106.5223396,36.39841803143115,12.348,-0.7250000000000002
158,2026-02-28 17:12:49.920,31.8240047,-106.5223406,36.53620000791767,12.132000000000001,-0.7750000000000001
159,2026-02-28 17:12:49.960,31.8240055,-106.5223416,36.66611239249868,12.096,-0.8375000000000006
160,2026-02-28 17:12:50.000,31.8240064,-106.5223426,36.80389436686686,11.952,-0.8375
161,2026-02-28 17:12:50.040,31.8240072,-106.5223435,36.92709105931829,11.844000000000001,-0.7875000000000005
162,2026-02-28 17:12:50.080,31.824008,-106.5223445,37.05700344203452,11.772,-0.8500000000000009
163,2026-02-28 17:12:50.120,31.8240088,-106.5223455,37.18691582442513,11.664000000000001,-0.9000000000000009
164,2026-02-28 17:12:50.160,31.8240096,-106.5223464,37.31011251506158,11.592,-0.9250000000000004
165,2026-02-28 17:12:50.200,31.8240104,-106.5223473,37.43330920518834,11.448,-0.9499999999999996
166,2026-02-28 17:12:50.240,31.8240112,-106.5223481,37.550170441315814,11.484,-0.9750000000000002
167,2026-02-28 17:12:50.280,31.8240121,-106.5223491,37.68795241167512,11.268,-1.025
168,2026-02-28 17:12:50.320,31.8240128,-106.52235,37.803358736033786,10.98,-0.9625
169,2026-02-28 17:12:50.360,31.8240136,-106.5223509,37.926555424407624,10.836,-0.9250000000000007
170,2026-02-28 17:12:50.400,31.8240143,-106.5223517,38.03517284353607,10.8,-1.0250000000000004
171,2026-02-28 17:12:50.440,31.8240151,-106.5223526,38.15836953066833,10.728,-1.1249999999999993
172,2026-02-28 17:12:50.480,31.8240158,-106.5223534,38.26698694894031,10.44,-1.137499999999999
173,2026-02-28 17:12:50.520,31.8240165,-106.5223542,38.37560436652887,10.404,-1.1249999999999993
174,2026-02-28 17:12:50.560,31.8240172,-106.522355,38.48422178493786,10.188,-1.0999999999999999
175,2026-02-28 17:12:50.600,31.8240179,-106.5223558,38.59283920201078,10.116,-1.1375000000000002
176,2026-02-28 17:12:50.640,31.8240186,-106.5223566,38.701456618400286,10.008,-1.1874999999999991
177,2026-02-28 17:12:50.680,31.8240193,-106.5223574,38.81007403561023,9.792000000000002,-1.1874999999999991
178,2026-02-28 17:12:50.720,31.82402,-106.5223582,38.918691451484094,9.684,-1.2374999999999996
179,2026-02-28 17:12:50.760,31.8240206,-106.5223589,39.012738409476114,9.468,-1.2874999999999992
180,2026-02-28 17:12:50.800,31.8240212,-106.5223596,39.1067853671652,9.216000000000001,-1.25
181,2026-02-28 17:12:50.840,31.8240219,-106.5223604,39.21540278195421,9.072000000000001,-1.2000000000000013
182,2026-02-28 17:12:50.880,31.8240225,-106.522361,39.303048705014405,8.82,-1.1750000000000007
183,2026-02-28 17:12:50.920,31.8240231,-106.5223617,39.39709566174422,8.784,-1.237500000000001
184,2026-02-28 17:12:50.960,31.8240237,-106.5223624,39.491142618171104,8.64,-1.3125000000000009
185,2026-02-28 17:12:51.000,31.8240243,-106.5223631,39.58518957429506,8.388,-1.2875
186,2026-02-28 17:12:51.040,31.8240248,-106.5223637,39.664679726546446,8.316,-1.275
187,2026-02-28 17:12:51.080,31.8240254,-106.5223644,39.75872668211503,8.064000000000002,-1.2625000000000006
188,2026-02-28 17:12:51.120,31.824026,-106.5223649,39.84056623080616,7.848000000000001,-1.2875000000000008
189,2026-02-28 17:12:51.160,31.8240265,-106.5223655,39.92005638327112,7.596,-1.3250000000000002
190,2026-02-28 17:12:51.200,31.824027,-106.5223661,39.99954653483393,7.488,-1.3374999999999997
191,2026-02-28 17:12:51.240,31.8240275,-106.5223667,40.07903668686002,7.344,-1.3749999999999998
192,2026-02-28 17:12:51.280,31.824028,-106.5223672,40.15207495370036,7.164,-1.3499999999999999
193,2026-02-28 17:12:51.320,31.8240285,-106.5223677,40.225113220676235,6.8759999999999994,-1.2624999999999997
194,2026-02-28 17:12:51.360,31.824029,-106.5223682,40.29815148718488,6.768,-1.2499999999999996
195,2026-02-28 17:12:51.400,31.8240294,-106.5223688,40.370286093266415,6.5520000000000005,-1.3000000000000003
196,2026-02-28 17:12:51.440,31.8240299,-106.5223692,40.43758705298931,6.48,-1.3750000000000007
197,2026-02-28 17:12:51.480,31.8240303,-106.5223697,40.502543236091455,6.264,-1.3875000000000004
198,2026-02-28 17:12:51.520,31.8240307,-106.5223702,40.567499419044424,5.9399999999999995,-1.275
199,2026-02-28 17:12:51.560,31.8240311,-106.5223706,40.62593003190842,5.688000000000001,-1.1625000000000003
200,2026-02-28 17:12:51.600,31.8240315,-106.522371,40.68436064496766,5.5440000000000005,-1.1375000000000006
201,2026-02-28 17:12:51.640,31.8240319,-106.5223714,40.742791257050435,5.328,-1.1375000000000004
202,2026-02-28 17:12:51.680,31.8240322,-106.5223718,40.79325604156023,5.292,-1.2000000000000002
203,2026-02-28 17:12:51.720,31.8240326,-106.5223722,40.851686654026196,5.112,-1.275
204,2026-02-28 17:12:51.760,31.8240329,-106.5223726,40.902151437313215,4.932,-1.2625
205,2026-02-28 17:12:51.800,31.8240332,-106.522373,40.952616221515775,4.644,-1.1875
206,2026-02-28 17:12:51.840,31.8240335,-106.5223733,40.99643918039172,4.428,-1.0999999999999996
207,2026-02-28 17:12:51.880,31.8240339,-106.5223736,41.04923968950044,4.32,-1.0875
208,2026-02-28 17:12:51.920,31.8240342,-106.522374,41.09970447339576,4.212,-1.1375
209,2026-02-28 17:12:51.960,31.8240344,-106.5223743,41.13577177508125,4.068,-1.1124999999999994
210,2026-02-28 17:12:52.000,31.8240347,-106.5223746,41.17959473458871,3.8880000000000003,-1.0624999999999996
211,2026-02-28 17:12:52.040,31.824035,-106.5223749,41.22341769316614,3.708,-1.0749999999999997
212,2026-02-28 17:12:52.080,31.8240352,-106.5223752,41.259484994902316,3.456,-1.0625
213,2026-02-28 17:12:52.120,31.8240354,-106.5223754,41.28870030075055,3.2760000000000002,-1.0375000000000003
214,2026-02-28 17:12:52.160,31.8240356,-106.5223757,41.32476760214587,3.132,-1.0000000000000002
215,2026-02-28 17:12:52.200,31.8240358,-106.522376,41.36083490373696,3.024,-1.0000000000000002
216,2026-02-28 17:12:52.240,31.824036,-106.5223762,41.39005020950558,2.8800000000000003,-0.9625000000000001
217,2026-02-28 17:12:52.280,31.8240362,-106.5223764,41.41926551524767,2.736,-0.9250000000000004
218,2026-02-28 17:12:52.320,31.8240364,-106.5223766,41.44848082126461,2.52,-0.975
219,2026-02-28 17:12:52.360,31.8240365,-106.5223768,41.47043015419508,2.556,-1.025
220,2026-02-28 17:12:52.400,31.8240368,-106.522377,41.50881160209038,2.3400000000000003,-1.0
221,2026-02-28 17:12:52.440,31.8240369,-106.5223771,41.5234192546272,2.16,-0.9125000000000002
222,2026-02-28 17:12:52.480,31.824037,-106.5223773,41.54536858766995,1.9440000000000002,-0.875
223,2026-02-28 17:12:52.520,31.8240371,-106.5223774,41.5599762401935,1.8,-0.8875
224,2026-02-28 17:12:52.560,31.8240373,-106.5223776,41.589191545789646,1.728,-0.8875
225,2026-02-28 17:12:52.600,31.8240374,-106.5223777,41.603799199163625,1.548,-0.8625
226,2026-02-28 17:12:52.640,31.8240374,-106.5223777,41.603799199163625,1.584,-0.9
227,2026-02-28 17:12:52.680,31.8240376,-106.5223779,41.63301450384964,1.368,-0.9000000000000001
228,2026-02-28 17:12:52.720,31.8240377,-106.522378,41.64762215720371,1.08,-0.7750000000000001
229,2026-02-28 17:12:52.760,31.8240377,-106.5223781,41.65708065696784,1.044,-0.6625000000000001
230,2026-02-28 17:12:52.800,31.8240378,-106.5223781,41.668212605781775,0.9720000000000001,-0.6
231,2026-02-28 17:12:52.840,31.8240378,-106.5223782,41.67767110687979,0.9,-0.5875
232,2026-02-28 17:12:52.880,31.8240378,-106.5223783,41.687129606633675,0.684,-0.5125
233,2026-02-28 17:12:52.920,31.8240379,-106.5223783,41.69826155584309,0.5040000000000001,-0.3375000000000001
234,2026-02-28 17:12:52.960,31.8240379,-106.5223783,41.69826155584309,0.468,-0.21250000000000005
235,2026-02-28 17:12:53.000,31.8240379,-106.5223783,41.69826155584309,0.324,-0.15
236,2026-02-28 17:12:53.040,31.8240379,-106.5223783,41.69826155584309,0.216,-0.075
237,2026-02-28 17:12:53.080,31.8240379,-106.5223783,41.69826155584309,0.14400000000000002,-0.012499999999999994
238,2026-02-28 17:12:53.120,31.8240378,-106.5223783,41.7093935050525,0.07200000000000001,0.012499999999999994
239,2026-02-28 17:12:53.160,31.8240378,-106.5223783,41.7093935050525,0.14400000000000002,-0.012500000000000011
240,2026-02-28 17:12:53.200,31.8240378,-106.5223783,41.7093935050525,0.14400000000000002,-0.025000000000000015
241,2026-02-28 17:12:53.240,31.8240378,-106.5223783,41.7093935050525,0.036000000000000004,0.02499999999999999
242,2026-02-28 17:12:53.280,31.8240378,-106.5223784,41.718852004806386,0.07200000000000001,0.03749999999999999
243,2026-02-28 17:12:53.320,31.8240378,-106.5223784,41.718852004806386,0.14400000000000002,0.012499999999999983
244,2026-02-28 17:12:53.360,31.8240379,-106.5223784,41.7299839540158,0.216,-5.551115123125783e-18
245,2026-02-28 17:12:53.400,31.8240379,-106.5223784,41.7299839540158,0.14400000000000002,-0.025000000000000015
246,2026-02-28 17:12:53.440,31.8240379,-106.5223784,41.7299839540158,0.18000000000000002,-0.03750000000000002
247,2026-02-28 17:12:53.480,31.8240379,-106.5223784,41.7299839540158,0.14400000000000002,-0.012500000000000016
248,2026-02-28 17:12:53.520,31.8240379,-106.5223784,41.7299839540158,0.108,0.012499999999999997
249,2026-02-28 17:12:53.560,31.8240379,-106.5223784,41.7299839540158,0.07200000000000001,0.037500000000000006
250,2026-02-28 17:12:53.600,31.8240379,-106.5223784,41.7299839540158,0.14400000000000002,0.012499999999999989
251,2026-02-28 17:12:53.640,31.8240379,-106.5223784,41.7299839540158,0.108,-0.05000000000000001
252,2026-02-28 17:12:53.680,31.8240379,-106.5223784,41.7299839540158,0.108,-0.06250000000000001
253,2026-02-28 17:12:53.720,31.8240379,-106.5223784,41.7299839540158,0.14400000000000002,-0.06250000000000003
254,2026-02-28 17:12:53.760,31.8240379,-106.5223784,41.7299839540158,0.216,-0.07500000000000002
255,2026-02-28 17:12:53.800,31.8240379,-106.5223784,41.7299839540158,0.07200000000000001,-0.03750000000000001
256,2026-02-28 17:12:53.840,31.824038,-106.5223784,41.741115903225214,0.14400000000000002,-0.012500000000000008
257,2026-02-28 17:12:53.880,31.8240379,-106.5223785,41.755723556559396,0.14400000000000002,-0.050000000000000024
258,2026-02-28 17:12:53.920,31.8240379,-106.5223784,41.765182057647166,0.14400000000000002,-0.06250000000000003
259,2026-02-28 17:12:53.960,31.8240379,-106.5223784,41.765182057647166,0.14400000000000002,-0.050000000000000024
260,2026-02-28 17:12:54.000,31.8240379,-106.5223784,41.765182057647166,0.108,-0.025000000000000012
261,2026-02-28 17:12:54.040,31.8240379,-106.5223786,41.78409905847858,0.0,0.05
262,2026-02-28 17:12:54.080,31.8240379,-106.5223786,41.78409905847858,0.036000000000000004,0.0625
263,2026-02-28 17:12:54.120,31.8240379,-106.5223786,41.78409905847858,0.036000000000000004,0.012499999999999994
264,2026-02-28 17:12:54.160,31.8240379,-106.5223786,41.78409905847858,0.108,-0.024999999999999998
265,2026-02-28 17:12:54.200,31.8240379,-106.5223786,41.78409905847858,0.07200000000000001,-0.0375
266,2026-02-28 17:12:54.240,31.8240379,-106.5223786,41.78409905847858,0.108,-0.0375
267,2026-02-28 17:12:54.280,31.8240379,-106.5223787,41.79355755956635,0.036000000000000004,0.012500000000000011
268,2026-02-28 17:12:54.320,31.8240379,-106.5223787,41.79355755956635,0.07200000000000001,0.03750000000000001
269,2026-02-28 17:12:54.360,31.8240379,-106.5223787,41.79355755956635,0.07200000000000001,0.012499999999999994
270,2026-02-28 17:12:54.400,31.8240379,-106.5223787,41.79355755956635,0.108,0.025000000000000012
271,2026-02-28 17:12:54.440,31.8240379,-106.5223787,41.79355755956635,0.14400000000000002,-0.012499999999999992
272,2026-02-28 17:12:54.480,31.8240379,-106.5223787,41.79355755956635,0.07200000000000001,-0.012500000000000002
273,2026-02-28 17:12:54.520,31.8240379,-106.5223788,41.80301605930999,0.036000000000000004,0.025
274,2026-02-28 17:12:54.560,31.8240379,-106.5223788,41.80301605930999,0.036000000000000004,0.025000000000000012
275,2026-02-28 17:12:54.600,31.8240378,-106.5223788,41.8141480085194,0.036000000000000004,0.05
276,2026-02-28 17:12:54.640,31.8240378,-106.5223788,41.8141480085194,0.036000000000000004,0.03750000000000002
277,2026-02-28 17:12:54.680,31.8240379,-106.5223788,41.82527995772882,0.14400000000000002,-0.025
278,2026-02-28 17:12:54.720,31.8240378,-106.5223788,41.83641190693823,0.07200000000000001,-0.0125
279,2026-02-28 17:12:54.760,31.8240378,-106.5223788,41.83641190693823,0.108,0.0125
280,2026-02-28 17:12:54.800,31.8240378,-106.5223788,41.83641190693823,0.14400000000000002,2.7755575615628915e-18
281,2026-02-28 17:12:54.840,31.8240378,-106.5223788,41.83641190693823,0.07200000000000001,0.025
282,2026-02-28 17:12:54.880,31.8240378,-106.5223788,41.83641190693823,0.108,0.0
283,2026-02-28 17:12:54.920,31.8240378,-106.5223789,41.84587040803625,0.07200000000000001,-0.0125
284,2026-02-28 17:12:54.960,31.8240378,-106.5223789,41.84587040803625,0.07200000000000001,-8.326672684688674e-18
285,2026-02-28 17:12:55.000,31.8240378,-106.5223789,41.84587040803625,0.14400000000000002,0.012499999999999989
286,2026-02-28 17:12:55.040,31.8240378,-106.5223789,41.84587040803625,0.036000000000000004,0.03749999999999999
287,2026-02-28 17:12:55.080,31.8240378,-106.5223789,41.84587040803625,0.07200000000000001,0.0125
288,2026-02-28 17:12:55.120,31.8240378,-106.5223789,41.84587040803625,0.108,-0.012500000000000006
289,2026-02-28 17:12:55.160,31.8240378,-106.5223789,41.84587040803625,0.108,-0.025
290,2026-02-28 17:12:55.200,31.8240378,-106.5223789,41.84587040803625,0.14400000000000002,-0.05000000000000001
291,2026-02-28 17:12:55.240,31.8240378,-106.5223788,41.855328909134265,0.14400000000000002,-0.06250000000000001
292,2026-02-28 17:12:55.280,31.8240378,-106.5223789,41.86478741023228,0.036000000000000004,-0.03750000000000001
293,2026-02-28 17:12:55.320,31.8240378,-106.5223789,41.86478741023228,0.108,-0.025000000000000005
294,2026-02-28 17:12:55.360,31.8240378,-106.5223789,41.86478741023228,0.036000000000000004,-0.012500000000000002
295,2026-02-28 17:12:55.400,31.8240378,-106.5223788,41.8742459113303,0.216,-0.075
296,2026-02-28 17:12:55.440,31.8240378,-106.5223789,41.883704412428315,0.07200000000000001,-0.075
297,2026-02-28 17:12:55.480,31.8240378,-106.5223789,41.883704412428315,0.07200000000000001,-0.012500000000000008
298,2026-02-28 17:12:55.520,31.8240378,-106.5223789,41.883704412428315,0.07200000000000001,-0.012500000000000002
299,2026-02-28 17:12:55.560,31.8240377,-106.5223789,41.89483636124225,0.07200000000000001,-0.012500000000000002
300,2026-02-28 17:12:55.600,31.8240377,-106.5223789,41.89483636124225,0.036000000000000004,0.012499999999999997
301,2026-02-28 17:12:55.640,31.8240377,-106.5223789,41.89483636124225,0.07200000000000001,0.025
302,2026-02-28 17:12:55.680,31.8240377,-106.5223789,41.89483636124225,0.0,0.0375
303,2026-02-28 17:12:55.720,31.8240377,-106.5223789,41.89483636124225,0.07200000000000001,0.075
304,2026-02-28 17:12:55.760,31.8240377,-106.5223789,41.89483636124225,0.036000000000000004,0.0375
305,2026-02-28 17:12:55.800,31.8240377,-106.5223789,41.89483636124225,0.0,0.03749999999999999
306,2026-02-28 17:12:55.840,31.8240377,-106.5223789,41.89483636124225,0.07200000000000001,0.05
307,2026-02-28 17:12:55.880,31.8240377,-106.5223789,41.89483636124225,0.036000000000000004,0.03749999999999999
308,2026-02-28 17:12:55.920,31.8240375,-106.5223789,41.91710025966108,0.07200000000000001,0.03749999999999999
309,2026-02-28 17:12:55.960,31.8240375,-106.5223789,41.91710025966108,0.036000000000000004,0.03749999999999999
310,2026-02-28 17:12:56.000,31.8240375,-106.522379,41.926558759445705,0.108,0.025
311,2026-02-28 17:12:56.040,31.8240375,-106.5223789,41.936017259230326,0.07200000000000001,0.012499999999999994
312,2026-02-28 17:12:56.080,31.8240375,-106.5223789,41.936017259230326,0.108,-2.7755575615628915e-18
313,2026-02-28 17:12:56.120,31.8240375,-106.5223789,41.936017259230326,0.18000000000000002,-0.0125
314,2026-02-28 17:12:56.160,31.8240375,-106.5223789,41.936017259230326,0.036000000000000004,0.0625
315,2026-02-28 17:12:56.200,31.8240375,-106.5223789,41.936017259230326,0.108,0.07500000000000001
316,2026-02-28 17:12:56.240,31.8240375,-106.5223789,41.936017259230326,0.108,-0.012499999999999989
317,2026-02-28 17:12:56.280,31.8240375,-106.5223789,41.936017259230326,0.108,-0.012499999999999989
318,2026-02-28 17:12:56.320,31.8240375,-106.5223789,41.936017259230326,0.108,0.012500000000000015
319,2026-02-28 17:12:56.360,31.8240375,-106.5223789,41.936017259230326,0.108,8.326672684688674e-18
320,2026-02-28 17:12:56.400,31.8240375,-106.5223789,41.936017259230326,0.108,5.551115123125783e-18
321,2026-02-28 17:12:56.440,31.8240375,-106.5223789,41.936017259230326,0.108,-0.012499999999999987
322,2026-02-28 17:12:56.480,31.8240375,-106.5223789,41.936017259230326,0.07200000000000001,-0.012499999999999989
323,2026-02-28 17:12:56.520,31.8240375,-106.5223789,41.936017259230326,0.18000000000000002,-0.025
324,2026-02-28 17:12:56.560,31.8240375,-106.5223789,41.936017259230326,0.216,-0.03749999999999999
325,2026-02-28 17:12:56.600,31.8240375,-106.5223789,41.936017259230326,0.14400000000000002,1.6653345369377347e-17
326,2026-02-28 17:12:56.640,31.8240375,-106.5223789,41.936017259230326,0.036000000000000004,0.06250000000000001
327,2026-02-28 17:12:56.680,31.8240375,-106.5223788,41.94547576035908,0.14400000000000002,0.050000000000000024
328,2026-02-28 17:12:56.720,31.8240375,-106.5223788,41.94547576035908,0.108,-0.025
329,2026-02-28 17:12:56.760,31.8240374,-106.5223788,41.956607709173014,0.108,-0.024999999999999994
330,2026-02-28 17:12:56.800,31.8240374,-106.5223788,41.956607709173014,0.108,0.0
331,2026-02-28 17:12:56.840,31.8240374,-106.5223788,41.956607709173014,0.07200000000000001,0.025000000000000005
332,2026-02-28 17:12:56.880,31.8240374,-106.5223788,41.956607709173014,0.07200000000000001,0.05
333,2026-02-28 17:12:56.920,31.8240374,-106.5223788,41.956607709173014,0.108,0.05000000000000001
334,2026-02-28 17:12:56.960,31.8240374,-106.5223788,41.956607709173014,0.18000000000000002,0.012500000000000008
335,2026-02-28 17:12:57.000,31.8240374,-106.5223788,41.956607709173014,0.18000000000000002,-0.025
336,2026-02-28 17:12:57.040,31.8240374,-106.5223788,41.956607709173014,0.18000000000000002,-0.06250000000000003
337,2026-02-28 17:12:57.080,31.8240374,-106.5223788,41.956607709173014,0.14400000000000002,-0.07500000000000002
338,2026-02-28 17:12:57.120,31.8240374,-106.5223788,41.956607709173014,0.036000000000000004,-1.1102230246251566e-17
339,2026-02-28 17:12:57.160,31.8240374,-106.5223787,41.96606620896788,0.108,0.03750000000000002
340,2026-02-28 17:12:57.200,31.8240374,-106.5223787,41.96606620896788,0.108,0.025
341,2026-02-28 17:12:57.240,31.8240374,-106.5223788,41.97552470876275,0.14400000000000002,0.025000000000000005
342,2026-02-28 17:12:57.280,31.8240374,-106.5223787,41.984983208557615,0.14400000000000002,0.012499999999999997
343,2026-02-28 17:12:57.320,31.8240373,-106.5223787,41.99611515776703,0.18000000000000002,-0.012500000000000002
344,2026-02-28 17:12:57.360,31.8240373,-106.5223788,42.00557365757214,0.14400000000000002,-0.012500000000000015
345,2026-02-28 17:12:57.400,31.8240373,-106.5223787,42.015032157377256,0.14400000000000002,-0.012500000000000008
346,2026-02-28 17:12:57.440,31.8240373,-106.5223787,42.015032157377256,0.036000000000000004,-0.012500000000000006
347,2026-02-28 17:12:57.480,31.8240373,-106.5223787,42.015032157377256,0.07200000000000001,-0.012500000000000006
348,2026-02-28 17:12:57.520,31.8240373,-106.5223787,42.015032157377256,0.108,-0.0375
349,2026-02-28 17:12:57.560,31.8240373,-106.5223787,42.015032157377256,0.14400000000000002,-0.03749999999999999
350,2026-02-28 17:12:57.600,31.8240373,-106.5223787,42.015032157377256,0.14400000000000002,0.0
351,2026-02-28 17:12:57.640,31.8240373,-106.5223787,42.015032157377256,0.18000000000000002,0.012500000000000011
352,2026-02-28 17:12:57.680,31.8240373,-106.5223787,42.015032157377256,0.14400000000000002,-0.0125
353,2026-02-28 17:12:57.720,31.8240373,-106.5223787,42.015032157377256,0.14400000000000002,-0.03749999999999999
354,2026-02-28 17:12:57.760,31.8240373,-106.5223787,42.015032157377256,0.14400000000000002,-0.0625
355,2026-02-28 17:12:57.800,31.8240373,-106.5223787,42.015032157377256,0.108,-0.0625
356,2026-02-28 17:12:57.840,31.8240373,-106.5223787,42.015032157377256,0.036000000000000004,-0.012499999999999989
357,2026-02-28 17:12:57.880,31.8240372,-106.5223787,42.02616410658667,0.036000000000000004,0.025000000000000005
358,2026-02-28 17:12:57.920,31.8240372,-106.5223787,42.02616410658667,0.036000000000000004,0.012500000000000008
359,2026-02-28 17:12:57.960,31.8240372,-106.5223787,42.02616410658667,0.108,0.0
360,2026-02-28 17:12:58.000,31.8240372,-106.5223787,42.02616410658667,0.18000000000000002,-0.025
361,2026-02-28 17:12:58.040,31.8240372,-106.5223787,42.02616410658667,0.18000000000000002,-0.050000000000000024
362,2026-02-28 17:12:58.080,31.8240372,-106.5223786,42.03562260774616,0.108,-0.0375
363,2026-02-28 17:12:58.120,31.8240372,-106.5223786,42.03562260774616,0.07200000000000001,-0.024999999999999998
364,2026-02-28 17:12:58.160,31.8240372,-106.5223786,42.03562260774616,0.036000000000000004,0.037500000000000006
365,2026-02-28 17:12:58.200,31.8240372,-106.5223786,42.03562260774616,0.036000000000000004,0.0875
366,2026-02-28 17:12:58.240,31.8240372,-106.5223786,42.03562260774616,0.07200000000000001,0.06250000000000003
367,2026-02-28 17:12:58.280,31.8240372,-106.5223786,42.03562260774616,0.07200000000000001,0.05
368,2026-02-28 17:12:58.320,31.8240372,-106.5223786,42.03562260774616,0.036000000000000004,0.0625
369,2026-02-28 17:12:58.360,31.8240372,-106.5223786,42.03562260774616,0.108,0.025000000000000005
370,2026-02-28 17:12:58.400,31.8240372,-106.5223786,42.03562260774616,0.108,-0.0375
371,2026-02-28 17:12:58.440,31.8240372,-106.5223786,42.03562260774616,0.108,-0.05000000000000001
372,2026-02-28 17:12:58.480,31.8240372,-106.5223786,42.03562260774616,0.07200000000000001,-5.551115123125783e-18
373,2026-02-28 17:12:58.520,31.8240372,-106.5223786,42.03562260774616,0.036000000000000004,0.0625
374,2026-02-28 17:12:58.560,31.8240373,-106.5223786,42.04675455695558,0.18000000000000002,0.012499999999999989
375,2026-02-28 17:12:58.600,31.8240373,-106.5223786,42.04675455695558,0.14400000000000002,-0.050000000000000024
376,2026-02-28 17:12:58.640,31.8240372,-106.5223786,42.05788650616499,0.14400000000000002,-0.05000000000000001
377,2026-02-28 17:12:58.680,31.8240372,-106.5223786,42.05788650616499,0.14400000000000002,-0.06250000000000003
378,2026-02-28 17:12:58.720,31.8240372,-106.5223786,42.05788650616499,0.14400000000000002,-0.06250000000000001
379,2026-02-28 17:12:58.760,31.8240372,-106.5223786,42.05788650616499,0.07200000000000001,-0.05000000000000001
380,2026-02-28 17:12:58.800,31.8240372,-106.5223786,42.05788650616499,0.036000000000000004,-0.012500000000000002
381,2026-02-28 17:12:58.840,31.8240372,-106.5223786,42.05788650616499,0.036000000000000004,0.0375
382,2026-02-28 17:12:58.880,31.8240372,-106.5223786,42.05788650616499,0.14400000000000002,-5.551115123125783e-18
383,2026-02-28 17:12:58.920,31.8240372,-106.5223786,42.05788650616499,0.14400000000000002,-0.07500000000000001
384,2026-02-28 17:12:58.960,31.8240372,-106.5223786,42.05788650616499,0.108,-0.075
385,2026-02-28 17:12:59.000,31.8240372,-106.5223786,42.05788650616499,0.07200000000000001,-0.024999999999999994
386,2026-02-28 17:12:59.040,31.8240372,-106.5223786,42.05788650616499,0.07200000000000001,-0.0125
387,2026-02-28 17:12:59.080,31.8240372,-106.5223786,42.05788650616499,0.036000000000000004,0.0
388,2026-02-28 17:12:59.120,31.8240373,-106.5223786,42.069018455374405,0.07200000000000001,2.7755575615628915e-18
389,2026-02-28 17:12:59.160,31.8240373,-106.5223785,42.07847695517952,0.0,0.025
390,2026-02-28 17:12:59.200,31.8240372,-106.5223785,42.08960890438893,0.07200000000000001,0.025
391,2026-02-28 17:12:59.240,31.8240372,-106.5223785,42.08960890438893,0.108,-0.024999999999999998
392,2026-02-28 17:12:59.280,31.8240372,-106.5223784,42.099067405548425,0.07200000000000001,-0.012499999999999992
393,2026-02-28 17:12:59.320,31.8240372,-106.5223783,42.10852590536378,0.0,0.0375
394,2026-02-28 17:12:59.360,31.8240372,-106.5223783,42.10852590536378,0.036000000000000004,0.05000000000000001
395,2026-02-28 17:12:59.400,31.8240372,-106.5223783,42.10852590536378,0.07200000000000001,0.0
396,2026-02-28 17:12:59.440,31.8240372,-106.5223784,42.11798440517913,0.036000000000000004,0.0
397,2026-02-28 17:12:59.480,31.8240372,-106.5223784,42.11798440517913,0.07200000000000001,-0.012500000000000002
398,2026-02-28 17:12:59.520,31.8240372,-106.5223784,42.11798440517913,0.036000000000000004,-0.025000000000000005
399,2026-02-28 17:12:59.560,31.8240372,-106.5223784,42.11798440517913,0.108,-0.0375
400,2026-02-28 17:12:59.600,31.8240372,-106.5223784,42.11798440517913,0.036000000000000004,-0.05
401,2026-02-28 17:12:59.640,31.8240372,-106.5223784,42.11798440517913,0.07200000000000001,-0.012500000000000006
402,2026-02-28 17:12:59.680,31.8240372,-106.5223784,42.11798440517913,0.07200000000000001,-0.012500000000000002
403,2026-02-28 17:12:59.720,31.8240372,-106.5223784,42.11798440517913,0.108,-0.024999999999999998
404,2026-02-28 17:12:59.760,31.8240372,-106.5223784,42.11798440517913,0.07200000000000001,0.012500000000000016
405,2026-02-28 17:12:59.800,31.8240372,-106.5223784,42.11798440517913,0.036000000000000004,0.025
406,2026-02-28 17:12:59.840,31.8240372,-106.5223784,42.11798440517913,0.07200000000000001,-0.025
407,2026-02-28 17:12:59.880,31.8240372,-106.5223784,42.11798440517913,0.0,0.012499999999999989
408,2026-02-28 17:12:59.920,31.8240372,-106.5223785,42.12744290633862,0.036000000000000004,0.08750000000000002
409,2026-02-28 17:12:59.960,31.8240372,-106.5223785,42.12744290633862,0.0,0.075
410,2026-02-28 17:13:00.000,31.8240372,-106.5223785,42.12744290633862,0.0,0.07500000000000002
411,2026-02-28 17:13:00.040,31.8240372,-106.5223785,42.12744290633862,0.07200000000000001,0.075
412,2026-02-28 17:13:00.080,31.8240372,-106.5223785,42.12744290633862,0.036000000000000004,0.037500000000000006
413,2026-02-28 17:13:00.120,31.8240372,-106.5223785,42.12744290633862,0.07200000000000001,0.012499999999999989
414,2026-02-28 17:13:00.160,31.8240372,-106.5223785,42.12744290633862,0.14400000000000002,-0.03750000000000001
415,2026-02-28 17:13:00.200,31.8240372,-106.5223785,42.12744290633862,0.036000000000000004,-0.025000000000000012
416,2026-02-28 17:13:00.240,31.8240372,-106.5223786,42.136901406153974,0.0,0.012499999999999997
417,2026-02-28 17:13:00.280,31.8240372,-106.5223786,42.136901406153974,0.108,-0.025000000000000005
418,2026-02-28 17:13:00.320,31.8240372,-106.5223786,42.136901406153974,0.18000000000000002,-0.05000000000000001
419,2026-02-28 17:13:00.360,31.8240372,-106.5223786,42.136901406153974,0.07200000000000001,-0.012500000000000022
420,2026-02-28 17:13:00.400,31.8240372,-106.5223786,42.136901406153974,0.14400000000000002,0.037499999999999985
421,2026-02-28 17:13:00.440,31.8240372,-106.5223786,42.136901406153974,0.14400000000000002,-1.3877787807814457e-17
422,2026-02-28 17:13:00.480,31.8240372,-106.5223786,42.136901406153974,0.07200000000000001,-0.012500000000000008
423,2026-02-28 17:13:00.520,31.8240372,-106.5223786,42.136901406153974,0.07200000000000001,0.03749999999999999
424,2026-02-28 17:13:00.560,31.8240372,-106.5223786,42.136901406153974,0.036000000000000004,0.0375
425,2026-02-28 17:13:00.600,31.8240372,-106.5223786,42.136901406153974,0.07200000000000001,0.012499999999999994
426,2026-02-28 17:13:00.640,31.8240372,-106.5223786,42.136901406153974,0.0,0.025000000000000005
427,2026-02-28 17:13:00.680,31.8240372,-106.5223786,42.136901406153974,0.036000000000000004,0.025
428,2026-02-28 17:13:00.720,31.8240372,-106.5223786,42.136901406153974,0.108,-0.0125
429,2026-02-28 17:13:00.760,31.8240372,-106.5223786,42.136901406153974,0.108,1.1102230246251566e-17
430,2026-02-28 17:13:00.800,31.8240372,-106.5223786,42.136901406153974,0.216,-0.024999999999999998
431,2026-02-28 17:13:00.840,31.8240372,-106.5223786,42.136901406153974,0.07200000000000001,-0.0375
432,2026-02-28 17:13:00.880,31.8240372,-106.5223786,42.136901406153974,0.108,-0.025000000000000005
433,2026-02-28 17:13:00.920,31.8240372,-106.5223786,42.136901406153974,0.14400000000000002,-0.0375
434,2026-02-28 17:13:00.960,31.8240372,-106.5223786,42.136901406153974,0.07200000000000001,-0.025000000000000012
435,2026-02-28 17:13:01.000,31.8240372,-106.5223786,42.136901406153974,0.07200000000000001,-0.012500000000000008
436,2026-02-28 17:13:01.040,31.8240372,-106.5223786,42.136901406153974,0.07200000000000001,0.012500000000000002
437,2026-02-28 17:13:01.080,31.8240372,-106.5223786,42.136901406153974,0.036000000000000004,0.024999999999999998
438,2026-02-28 17:13:01.120,31.8240372,-106.5223786,42.136901406153974,0.07200000000000001,0.0
439,2026-02-28 17:13:01.160,31.8240372,-106.5223786,42.136901406153974,0.14400000000000002,-0.05000000000000001
440,2026-02-28 17:13:01.200,31.8240372,-106.5223786,42.136901406153974,0.108,-0.05
441,2026-02-28 17:13:01.240,31.8240372,-106.5223786,42.136901406153974,0.07200000000000001,2.7755575615628915e-18
442,2026-02-28 17:13:01.280,31.8240372,-106.5223786,42.136901406153974,0.036000000000000004,0.025
443,2026-02-28 17:13:01.320,31.8240372,-106.5223786,42.136901406153974,0.108,0.012500000000000002
444,2026-02-28 17:13:01.360,31.8240372,-106.5223786,42.136901406153974,0.036000000000000004,0.0
445,2026-02-28 17:13:01.400,31.8240372,-106.5223786,42.136901406153974,0.07200000000000001,0.0
446,2026-02-28 17:13:01.440,31.8240372,-106.5223784,42.15581840712882,0.108,0.0
447,2026-02-28 17:13:01.480,31.8240372,-106.5223784,42.15581840712882,0.07200000000000001,0.012499999999999997
448,2026-02-28 17:13:01.520,31.8240372,-106.5223784,42.15581840712882,0.036000000000000004,0.0125
449,2026-02-28 17:13:01.560,31.8240372,-106.5223784,42.15581840712882,0.036000000000000004,0.012500000000000002
450,2026-02-28 17:13:01.600,31.8240372,-106.5223786,42.174735408103665,0.07200000000000001,0.0
451,2026-02-28 17:13:01.640,31.8240372,-106.5223786,42.174735408103665,0.108,-0.0375
452,2026-02-28 17:13:01.680,31.8240372,-106.5223784,42.19365240907851,0.07200000000000001,-0.024999999999999998
453,2026-02-28 17:13:01.720,31.8240372,-106.5223784,42.19365240907851,0.108,-0.024999999999999998
454,2026-02-28 17:13:01.760,31.8240372,-106.5223784,42.19365240907851,0.036000000000000004,-0.025
455,2026-02-28 17:13:01.800,31.8240372,-106.5223784,42.19365240907851,0.07200000000000001,0.012499999999999997
456,2026-02-28 17:13:01.840,31.8240372,-106.5223786,42.212569410053355,0.108,0.0125
457,2026-02-28 17:13:01.880,31.8240371,-106.5223786,42.22370135886729,0.108,-0.025
458,2026-02-28 17:13:01.920,31.8240372,-106.5223786,42.23483330768122,0.036000000000000004,0.025000000000000012
459,2026-02-28 17:13:01.960,31.8240371,-106.5223784,42.25678264048807,0.07200000000000001,0.07500000000000002
460,2026-02-28 17:13:02.000,31.8240371,-106.5223784,42.25678264048807,0.036000000000000004,0.03750000000000002
461,2026-02-28 17:13:02.040,31.8240372,-106.5223784,42.267914589302,0.036000000000000004,1.1102230246251566e-17
462,2026-02-28 17:13:02.080,31.8240372,-106.5223784,42.267914589302,0.07200000000000001,-0.025
463,2026-02-28 17:13:02.120,31.8240372,-106.5223786,42.28683159027685,0.036000000000000004,-0.012500000000000002
464,2026-02-28 17:13:02.160,31.8240372,-106.5223784,42.30574859125169,0.036000000000000004,0.025
465,2026-02-28 17:13:02.200,31.8240371,-106.5223786,42.32769792405854,0.108,0.012500000000000002
466,2026-02-28 17:13:02.240,31.8240371,-106.5223784,42.34661492505388,0.108,-0.0375
467,2026-02-28 17:13:02.280,31.824037,-106.5223785,42.36122257844776,0.036000000000000004,-0.025
468,2026-02-28 17:13:02.320,31.8240371,-106.5223785,42.37235452765717,0.18000000000000002,-0.03750000000000001
469,2026-02-28 17:13:02.360,31.8240371,-106.5223785,42.37235452765717,0.14400000000000002,-0.07500000000000002
470,2026-02-28 17:13:02.400,31.8240371,-106.5223785,42.37235452765717,0.07200000000000001,-0.05000000000000001
471,2026-02-28 17:13:02.440,31.8240371,-106.5223785,42.37235452765717,0.0,0.025
472,2026-02-28 17:13:02.480,31.8240371,-106.5223785,42.37235452765717,0.036000000000000004,0.075
473,2026-02-28 17:13:02.520,31.8240371,-106.5223784,42.381813028826905,0.036000000000000004,0.0375
474,2026-02-28 17:13:02.560,31.8240371,-106.5223784,42.381813028826905,0.108,-0.025000000000000005
475,2026-02-28 17:13:02.600,31.8240371,-106.5223784,42.381813028826905,0.07200000000000001,-0.024999999999999998
476,2026-02-28 17:13:02.640,31.8240371,-106.5223784,42.381813028826905,0.036000000000000004,0.012500000000000002
477,2026-02-28 17:13:02.680,31.8240371,-106.5223784,42.381813028826905,0.036000000000000004,0.03750000000000001
478,2026-02-28 17:13:02.720,31.8240371,-106.5223784,42.381813028826905,0.07200000000000001,0.012499999999999997
479,2026-02-28 17:13:02.760,31.8240371,-106.5223783,42.3912715286525,0.036000000000000004,0.025
480,2026-02-28 17:13:02.800,31.8240371,-106.5223783,42.3912715286525,0.036000000000000004,0.037500000000000006
481,2026-02-28 17:13:02.840,31.8240371,-106.5223783,42.3912715286525,0.108,-0.025
482,2026-02-28 17:13:02.880,31.8240371,-106.5223783,42.3912715286525,0.14400000000000002,-0.05
483,2026-02-28 17:13:02.920,31.8240371,-106.5223783,42.3912715286525,0.036000000000000004,-0.012499999999999994
484,2026-02-28 17:13:02.960,31.8240372,-106.5223783,42.402403477466436,0.036000000000000004,0.03750000000000001
485,2026-02-28 17:13:03.000,31.8240372,-106.5223781,42.42132047844128,0.07200000000000001,0.03749999999999999
486,2026-02-28 17:13:03.040,31.8240372,-106.5223781,42.42132047844128,0.07200000000000001,0.0125
487,2026-02-28 17:13:03.080,31.8240373,-106.5223781,42.432452427650695,0.108,-0.0375
488,2026-02-28 17:13:03.120,31.8240373,-106.5223781,42.432452427650695,0.036000000000000004,-0.0375
489,2026-02-28 17:13:03.160,31.8240373,-106.5223781,42.432452427650695,0.14400000000000002,-0.03750000000000001
490,2026-02-28 17:13:03.200,31.8240373,-106.5223781,42.432452427650695,0.036000000000000004,-0.0125
491,2026-02-28 17:13:03.240,31.8240373,-106.5223781,42.432452427650695,0.036000000000000004,0.07500000000000001
492,2026-02-28 17:13:03.280,31.8240374,-106.5223779,42.4544017606228,0.07200000000000001,0.08750000000000002
493,2026-02-28 17:13:03.320,31.8240374,-106.5223779,42.4544017606228,0.07200000000000001,0.037500000000000006
494,2026-02-28 17:13:03.360,31.8240374,-106.5223779,42.4544017606228,0.108,0.012500000000000015
495,2026-02-28 17:13:03.400,31.8240374,-106.5223779,42.4544017606228,0.108,1.9428902930940238e-17
496,2026-02-28 17:13:03.440,31.8240375,-106.5223778,42.46900941281843,0.07200000000000001,-0.024999999999999994
497,2026-02-28 17:13:03.480,31.8240375,-106.5223778,42.46900941281843,0.0,0.03750000000000001
498,2026-02-28 17:13:03.520,31.8240375,-106.5223778,42.46900941281843,0.036000000000000004,0.075
499,2026-02-28 17:13:03.560,31.8240375,-106.5223778,42.46900941281843,0.036000000000000004,0.050000000000000024
500,2026-02-28 17:13:03.600,31.8240376,-106.5223778,42.480141362027844,0.108,0.012500000000000002
501,2026-02-28 17:13:03.640,31.8240376,-106.5223778,42.480141362027844,0.18000000000000002,-0.0375
502,2026-02-28 17:13:03.680,31.8240377,-106.5223776,42.50209069494697,0.18000000000000002,-0.07500000000000002
503,2026-02-28 17:13:03.720,31.8240377,-106.5223776,42.50209069494697,0.07200000000000001,-0.0375
504,2026-02-28 17:13:03.760,31.8240377,-106.5223776,42.50209069494697,0.14400000000000002,-0.025000000000000005
505,2026-02-28 17:13:03.800,31.8240377,-106.5223776,42.50209069494697,0.07200000000000001,-0.0125
506,2026-02-28 17:13:03.840,31.8240377,-106.5223776,42.50209069494697,0.036000000000000004,0.0375
507,2026-02-28 17:13:03.880,31.8240378,-106.5223776,42.513222643760905,0.14400000000000002,-0.03750000000000001
508,2026-02-28 17:13:03.920,31.8240378,-106.5223776,42.513222643760905,0.108,-0.075
509,2026-02-28 17:13:03.960,31.8240378,-106.5223776,42.513222643760905,0.108,-0.025
510,2026-02-28 17:13:04.000,31.8240378,-106.5223776,42.513222643760905,0.07200000000000001,0.025000000000000005
511,2026-02-28 17:13:04.040,31.8240378,-106.5223776,42.513222643760905,0.108,0.012499999999999997
512,2026-02-28 17:13:04.080,31.8240379,-106.5223776,42.52435459297032,0.036000000000000004,0.025
513,2026-02-28 17:13:04.120,31.8240379,-106.5223776,42.52435459297032,0.108,0.0
514,2026-02-28 17:13:04.160,31.8240379,-106.5223776,42.52435459297032,0.036000000000000004,-0.012500000000000011
515,2026-02-28 17:13:04.200,31.8240379,-106.5223776,42.52435459297032,0.14400000000000002,-0.012500000000000008
516,2026-02-28 17:13:04.240,31.8240379,-106.5223776,42.52435459297032,0.07200000000000001,-0.03750000000000002
517,2026-02-28 17:13:04.280,31.8240379,-106.5223776,42.52435459297032,0.0,0.025000000000000005
518,2026-02-28 17:13:04.320,31.8240379,-106.5223776,42.52435459297032,0.036000000000000004,0.05
519,2026-02-28 17:13:04.360,31.8240379,-106.5223774,42.543271593801734,0.108,0.012500000000000006
520,2026-02-28 17:13:04.400,31.8240379,-106.5223774,42.543271593801734,0.14400000000000002,-0.0375
521,2026-02-28 17:13:04.440,31.8240379,-106.5223774,42.543271593801734,0.07200000000000001,-0.03750000000000001
522,2026-02-28 17:13:04.480,31.824038,-106.5223773,42.55787924626558,0.14400000000000002,-0.012499999999999994
523,2026-02-28 17:13:04.520,31.8240381,-106.5223774,42.57248689842141,0.0,0.05000000000000001
524,2026-02-28 17:13:04.560,31.8240381,-106.5223774,42.57248689842141,0.108,0.06250000000000003
525,2026-02-28 17:13:04.600,31.8240381,-106.5223774,42.57248689842141,0.036000000000000004,0.025000000000000005
526,2026-02-28 17:13:04.640,31.8240381,-106.5223774,42.57248689842141,0.07200000000000001,0.025
527,2026-02-28 17:13:04.680,31.8240381,-106.5223774,42.57248689842141,0.07200000000000001,-8.326672684688674e-18
528,2026-02-28 17:13:04.720,31.8240381,-106.5223774,42.57248689842141,0.108,2.7755575615628915e-18
529,2026-02-28 17:13:04.760,31.8240381,-106.5223774,42.57248689842141,0.07200000000000001,0.024999999999999994
530,2026-02-28 17:13:04.800,31.8240381,-106.5223774,42.57248689842141,0.07200000000000001,0.024999999999999994
531,2026-02-28 17:13:04.840,31.8240381,-106.5223774,42.57248689842141,0.036000000000000004,0.0625
532,2026-02-28 17:13:04.880,31.8240381,-106.5223774,42.57248689842141,0.14400000000000002,0.0125
533,2026-02-28 17:13:04.920,31.8240381,-106.5223774,42.57248689842141,0.14400000000000002,-0.012500000000000016
534,2026-02-28 17:13:04.960,31.8240381,-106.5223774,42.57248689842141,0.14400000000000002,-8.326672684688674e-18
535,2026-02-28 17:13:05.000,31.8240381,-106.5223774,42.57248689842141,0.07200000000000001,-0.0375
536,2026-02-28 17:13:05.040,31.8240381,-106.5223774,42.57248689842141,0.108,-0.012500000000000002
537,2026-02-28 17:13:05.080,31.8240381,-106.5223774,42.57248689842141,0.036000000000000004,0.025000000000000012
538,2026-02-28 17:13:05.120,31.8240381,-106.5223774,42.57248689842141,0.14400000000000002,2.7755575615628915e-18
539,2026-02-28 17:13:05.160,31.8240381,-106.5223774,42.57248689842141,0.108,-0.012499999999999992
540,2026-02-28 17:13:05.200,31.8240381,-106.5223775,42.581945399488696,0.108,0.012500000000000008
541,2026-02-28 17:13:05.240,31.8240381,-106.5223775,42.581945399488696,0.18000000000000002,-0.012499999999999992
542,2026-02-28 17:13:05.280,31.8240381,-106.5223775,42.581945399488696,0.036000000000000004,-2.7755575615628915e-18
543,2026-02-28 17:13:05.320,31.8240381,-106.5223775,42.581945399488696,0.216,-0.0375
544,2026-02-28 17:13:05.360,31.8240381,-106.5223775,42.581945399488696,0.07200000000000001,-0.05
545,2026-02-28 17:13:05.400,31.8240381,-106.5223775,42.581945399488696,0.036000000000000004,8.326672684688674e-18
546,2026-02-28 17:13:05.440,31.8240381,-106.5223775,42.581945399488696,0.108,-5.551115123125783e-18
547,2026-02-28 17:13:05.480,31.8240381,-106.5223775,42.581945399488696,0.108,-0.012499999999999994
548,2026-02-28 17:13:05.520,31.8240381,-106.5223775,42.581945399488696,0.07200000000000001,-0.025000000000000005
549,2026-02-28 17:13:05.560,31.8240381,-106.5223776,42.59140389921185,0.14400000000000002,-0.025
550,2026-02-28 17:13:05.600,31.8240381,-106.5223776,42.59140389921185,0.108,-0.0125
551,2026-02-28 17:13:05.640,31.8240381,-106.5223776,42.59140389921185,0.14400000000000002,-0.0125
552,2026-02-28 17:13:05.680,31.8240381,-106.5223776,42.59140389921185,0.07200000000000001,-1.1102230246251566e-17
553,2026-02-28 17:13:05.720,31.8240381,-106.5223776,42.59140389921185,0.07200000000000001,0.012499999999999997
554,2026-02-28 17:13:05.760,31.8240381,-106.5223776,42.59140389921185,0.07200000000000001,0.0125
555,2026-02-28 17:13:05.800,31.8240381,-106.5223776,42.59140389921185,0.036000000000000004,0.0375
556,2026-02-28 17:13:05.840,31.8240381,-106.5223776,42.59140389921185,0.108,0.0
557,2026-02-28 17:13:05.880,31.8240381,-106.5223776,42.59140389921185,0.07200000000000001,-0.025
558,2026-02-28 17:13:05.920,31.8240381,-106.5223776,42.59140389921185,0.036000000000000004,0.012500000000000006
559,2026-02-28 17:13:05.960,31.8240381,-106.5223776,42.59140389921185,0.108,5.551115123125783e-18
560,2026-02-28 17:13:06.000,31.8240381,-106.5223776,42.59140389921185,0.108,-0.024999999999999994
561,2026-02-28 17:13:06.040,31.8240381,-106.5223776,42.59140389921185,0.108,-0.0375
562,2026-02-28 17:13:06.080,31.8240381,-106.5223776,42.59140389921185,0.108,-0.0375
563,2026-02-28 17:13:06.120,31.8240381,-106.5223776,42.59140389921185,0.07200000000000001,0.0
564,2026-02-28 17:13:06.160,31.8240381,-106.5223776,42.59140389921185,0.108,0.012499999999999997
565,2026-02-28 17:13:06.200,31.8240381,-106.5223776,42.59140389921185,0.108,-2.7755575615628915e-18
566,2026-02-28 17:13:06.240,31.8240381,-106.5223776,42.59140389921185,0.036000000000000004,0.0
567,2026-02-28 17:13:06.280,31.8240381,-106.5223776,42.59140389921185,0.07200000000000001,-0.0125
568,2026-02-28 17:13:06.320,31.8240382,-106.5223776,42.60253584842126,0.07200000000000001,-0.0375
569,2026-02-28 17:13:06.360,31.8240382,-106.5223776,42.60253584842126,0.07200000000000001,-0.0375
570,2026-02-28 17:13:06.400,31.8240382,-106.5223776,42.60253584842126,0.07200000000000001,-0.012499999999999994
571,2026-02-28 17:13:06.440,31.8240382,-106.5223776,42.60253584842126,0.036000000000000004,-0.012499999999999997
572,2026-02-28 17:13:06.480,31.8240382,-106.5223775,42.61199434813417,0.07200000000000001,-0.012499999999999997
573,2026-02-28 17:13:06.520,31.8240382,-106.5223775,42.61199434813417,0.108,0.0
574,2026-02-28 17:13:06.560,31.8240382,-106.5223775,42.61199434813417,0.108,-0.0125
575,2026-02-28 17:13:06.600,31.8240382,-106.5223775,42.61199434813417,0.108,5.551115123125783e-18
576,2026-02-28 17:13:06.640,31.8240383,-106.5223775,42.62312629734358,0.036000000000000004,0.03750000000000001
577,2026-02-28 17:13:06.680,31.8240383,-106.5223775,42.62312629734358,0.036000000000000004,0.024999999999999994
578,2026-02-28 17:13:06.720,31.8240383,-106.5223775,42.62312629734358,0.0,0.024999999999999998
579,2026-02-28 17:13:06.760,31.8240383,-106.5223775,42.62312629734358,0.036000000000000004,0.0375
580,2026-02-28 17:13:06.800,31.8240383,-106.5223774,42.632584798390376,0.07200000000000001,0.024999999999999998
581,2026-02-28 17:13:06.840,31.8240384,-106.5223774,42.64371674720431,0.0,0.024999999999999988
582,2026-02-28 17:13:06.880,31.8240384,-106.5223774,42.64371674720431,0.07200000000000001,0.0125
583,2026-02-28 17:13:06.920,31.8240385,-106.5223774,42.65484869641372,0.108,-0.012499999999999997
584,2026-02-28 17:13:06.960,31.8240384,-106.5223774,42.66598064562314,0.07200000000000001,-0.012499999999999997
585,2026-02-28 17:13:07.000,31.8240385,-106.5223774,42.67711259483255,0.14400000000000002,-0.025000000000000005
586,2026-02-28 17:13:07.040,31.8240385,-106.5223774,42.67711259483255,0.108,-0.0375
587,2026-02-28 17:13:07.080,31.8240385,-106.5223774,42.67711259483255,0.036000000000000004,0.012500000000000002
588,2026-02-28 17:13:07.120,31.8240385,-106.5223772,42.69602959554102,0.07200000000000001,0.025
589,2026-02-28 17:13:07.160,31.8240385,-106.5223772,42.69602959554102,0.07200000000000001,-0.025
590,2026-02-28 17:13:07.200,31.8240386,-106.5223772,42.707161544750434,0.108,5.551115123125783e-18
591,2026-02-28 17:13:07.240,31.8240386,-106.5223772,42.707161544750434,0.036000000000000004,0.03750000000000002
592,2026-02-28 17:13:07.280,31.8240386,-106.5223772,42.707161544750434,0.07200000000000001,0.0
593,2026-02-28 17:13:07.320,31.8240386,-106.5223772,42.707161544750434,0.07200000000000001,0.025000000000000005
594,2026-02-28 17:13:07.360,31.8240386,-106.5223772,42.707161544750434,0.07200000000000001,0.0625
595,2026-02-28 17:13:07.400,31.8240386,-106.5223772,42.707161544750434,0.07200000000000001,0.024999999999999994
596,2026-02-28 17:13:07.440,31.8240386,-106.5223772,42.707161544750434,0.07200000000000001,-1.1102230246251566e-17
597,2026-02-28 17:13:07.480,31.8240386,-106.5223771,42.716620044422356,0.108,-0.0125
598,2026-02-28 17:13:07.520,31.8240386,-106.5223772,42.72607854409428,0.07200000000000001,-0.0125
599,2026-02-28 17:13:07.560,31.8240388,-106.5223771,42.750268301659084,0.0,0.024999999999999994
600,2026-02-28 17:13:07.600,31.8240388,-106.5223772,42.75972680131052,0.18000000000000002,-1.3877787807814457e-17
601,2026-02-28 17:13:07.640,31.8240388,-106.5223772,42.75972680131052,0.07200000000000001,-0.03750000000000001
602,2026-02-28 17:13:07.680,31.8240388,-106.5223771,42.76918530096196,0.036000000000000004,0.012499999999999994
603,2026-02-28 17:13:07.720,31.8240388,-106.5223771,42.76918530096196,0.18000000000000002,-0.012500000000000008
604,2026-02-28 17:13:07.760,31.8240388,-106.5223771,42.76918530096196,0.14400000000000002,-0.050000000000000024
605,2026-02-28 17:13:07.800,31.8240389,-106.5223771,42.78031725017137,0.07200000000000001,-0.012500000000000008
606,2026-02-28 17:13:07.840,31.8240389,-106.522377,42.78977574981256,0.07200000000000001,-0.012500000000000002
607,2026-02-28 17:13:07.880,31.8240389,-106.522377,42.78977574981256,0.07200000000000001,-5.551115123125783e-18
608,2026-02-28 17:13:07.920,31.8240389,-106.522377,42.78977574981256,0.07200000000000001,0.012499999999999997
609,2026-02-28 17:13:07.960,31.8240389,-106.522377,42.78977574981256,0.07200000000000001,-0.012500000000000002
610,2026-02-28 17:13:08.000,31.8240389,-106.522377,42.78977574981256,0.108,0.012500000000000006
611,2026-02-28 17:13:08.040,31.8240389,-106.522377,42.78977574981256,0.036000000000000004,0.03750000000000001
612,2026-02-28 17:13:08.080,31.8240389,-106.5223769,42.79923425079789,0.108,-0.0125
613,2026-02-28 17:13:08.120,31.8240389,-106.5223769,42.79923425079789,0.07200000000000001,-0.025
614,2026-02-28 17:13:08.160,31.8240389,-106.5223769,42.79923425079789,0.108,-5.551115123125783e-18
615,2026-02-28 17:13:08.200,31.8240389,-106.5223769,42.79923425079789,0.07200000000000001,0.012499999999999997
616,2026-02-28 17:13:08.240,31.8240391,-106.5223767,42.82844955615522,0.036000000000000004,0.03749999999999999
617,2026-02-28 17:13:08.280,31.8240391,-106.5223767,42.82844955615522,0.108,0.0
618,2026-02-28 17:13:08.320,31.8240391,-106.5223767,42.82844955615522,0.07200000000000001,-0.037500000000000006
619,2026-02-28 17:13:08.360,31.8240391,-106.5223767,42.82844955615522,0.036000000000000004,0.025000000000000005
620,2026-02-28 17:13:08.400,31.8240392,-106.5223767,42.839581505364634,0.18000000000000002,0.025
621,2026-02-28 17:13:08.440,31.8240392,-106.5223767,42.839581505364634,0.07200000000000001,-0.012500000000000006
622,2026-02-28 17:13:08.480,31.8240392,-106.5223767,42.839581505364634,0.036000000000000004,0.0125
623,2026-02-28 17:13:08.520,31.8240392,-106.5223767,42.839581505364634,0.07200000000000001,-2.7755575615628915e-18
624,2026-02-28 17:13:08.560,31.8240392,-106.5223765,42.858498505929674,0.108,-0.025
625,2026-02-28 17:13:08.600,31.8240392,-106.5223765,42.858498505929674,0.108,-0.037500000000000006
626,2026-02-28 17:13:08.640,31.8240392,-106.5223765,42.858498505929674,0.108,-0.012499999999999994
627,2026-02-28 17:13:08.680,31.8240392,-106.5223765,42.858498505929674,0.036000000000000004,0.025
628,2026-02-28 17:13:08.720,31.8240392,-106.5223765,42.858498505929674,0.036000000000000004,0.024999999999999994
629,2026-02-28 17:13:08.760,31.8240392,-106.5223765,42.858498505929674,0.14400000000000002,0.0125
630,2026-02-28 17:13:08.800,31.8240392,-106.5223765,42.858498505929674,0.14400000000000002,0.0
631,2026-02-28 17:13:08.840,31.8240392,-106.5223765,42.858498505929674,0.07200000000000001,0.0
632,2026-02-28 17:13:08.880,31.8240393,-106.5223763,42.880447837207235,0.07200000000000001,-0.0125
633,2026-02-28 17:13:08.920,31.8240394,-106.5223763,42.89157978641665,0.036000000000000004,-0.012499999999999997
634,2026-02-28 17:13:08.960,31.8240394,-106.5223763,42.89157978641665,0.07200000000000001,-0.0125
635,2026-02-28 17:13:09.000,31.8240394,-106.5223762,42.901038287350744,0.036000000000000004,2.7755575615628915e-18
636,2026-02-28 17:13:09.040,31.8240394,-106.5223762,42.901038287350744,0.14400000000000002,-0.024999999999999998
637,2026-02-28 17:13:09.080,31.8240395,-106.5223762,42.91217023656016,0.07200000000000001,-0.03750000000000001
638,2026-02-28 17:13:09.120,31.8240395,-106.5223762,42.91217023656016,0.07200000000000001,0.05
639,2026-02-28 17:13:09.160,31.8240395,-106.5223762,42.91217023656016,0.14400000000000002,0.012499999999999987
640,2026-02-28 17:13:09.200,31.8240395,-106.5223762,42.91217023656016,0.14400000000000002,-0.025000000000000005
641,2026-02-28 17:13:09.240,31.8240395,-106.5223762,42.91217023656016,0.07200000000000001,0.05000000000000001
642,2026-02-28 17:13:09.280,31.8240395,-106.5223762,42.91217023656016,0.036000000000000004,0.07500000000000002
643,2026-02-28 17:13:09.320,31.8240395,-106.5223762,42.91217023656016,0.036000000000000004,0.050000000000000024
644,2026-02-28 17:13:09.360,31.8240395,-106.5223761,42.92162873613987,0.036000000000000004,0.025000000000000015
645,2026-02-28 17:13:09.400,31.8240395,-106.5223761,42.92162873613987,0.07200000000000001,-2.7755575615628915e-18
646,2026-02-28 17:13:09.440,31.8240395,-106.522376,42.93108723706372,0.036000000000000004,2.7755575615628915e-18
647,2026-02-28 17:13:09.480,31.8240395,-106.522376,42.93108723706372,0.07200000000000001,0.012500000000000002
648,2026-02-28 17:13:09.520,31.8240395,-106.5223761,42.94054573798757,0.216,-0.0375
649,2026-02-28 17:13:09.560,31.8240395,-106.5223761,42.94054573798757,0.036000000000000004,-0.025000000000000012
650,2026-02-28 17:13:09.600,31.8240395,-106.522376,42.95000423891142,0.18000000000000002,-0.025
651,2026-02-28 17:13:09.640,31.8240395,-106.522376,42.95000423891142,0.18000000000000002,-0.050000000000000024
652,2026-02-28 17:13:09.680,31.8240396,-106.522376,42.96113618772535,0.14400000000000002,-0.0125
653,2026-02-28 17:13:09.720,31.8240396,-106.5223759,42.97059468729483,0.07200000000000001,-5.551115123125783e-18
654,2026-02-28 17:13:09.760,31.8240396,-106.5223759,42.97059468729483,0.07200000000000001,0.0
655,2026-02-28 17:13:09.800,31.8240396,-106.5223759,42.97059468729483,0.036000000000000004,0.012500000000000006
656,2026-02-28 17:13:09.840,31.8240396,-106.5223759,42.97059468729483,0.07200000000000001,0.03750000000000001
657,2026-02-28 17:13:09.880,31.8240396,-106.5223759,42.97059468729483,0.07200000000000001,0.0375
658,2026-02-28 17:13:09.920,31.8240396,-106.5223759,42.97059468729483,0.108,0.025
659,2026-02-28 17:13:09.960,31.8240397,-106.5223759,42.98172663650424,0.07200000000000001,0.037500000000000006
660,2026-02-28 17:13:10.000,31.8240397,-106.5223759,42.98172663650424,0.07200000000000001,0.1
661,2026-02-28 17:13:10.040,31.8240397,-106.5223759,42.98172663650424,0.14400000000000002,0.1375
662,2026-02-28 17:13:10.080,31.8240398,-106.5223759,42.992858585713655,0.14400000000000002,0.12500000000000003
663,2026-02-28 17:13:10.120,31.8240398,-106.5223759,42.992858585713655,0.07200000000000001,0.21250000000000005
664,2026-02-28 17:13:10.160,31.8240398,-106.5223759,42.992858585713655,0.07200000000000001,0.35000000000000003
665,2026-02-28 17:13:10.200,31.8240398,-106.5223759,42.992858585713655,0.07200000000000001,0.45
666,2026-02-28 17:13:10.240,31.8240398,-106.5223759,42.992858585713655,0.14400000000000002,0.5375000000000001
667,2026-02-28 17:13:10.280,31.8240398,-106.5223759,42.992858585713655,0.108,0.625
668,2026-02-28 17:13:10.320,31.8240399,-106.5223759,43.00399053452759,0.14400000000000002,0.7000000000000001
669,2026-02-28 17:13:10.360,31.8240399,-106.5223759,43.00399053452759,0.14400000000000002,0.7375000000000002
670,2026-02-28 17:13:10.400,31.8240399,-106.5223759,43.00399053452759,0.28800000000000003,0.7500000000000002
671,2026-02-28 17:13:10.440,31.82404,-106.5223759,43.015122483737,0.324,0.8375
672,2026-02-28 17:13:10.480,31.82404,-106.522376,43.024580983265494,0.324,1.0000000000000002
673,2026-02-28 17:13:10.520,31.8240401,-106.522376,43.03571293247491,0.5040000000000001,1.05
674,2026-02-28 17:13:10.560,31.8240402,-106.5223761,43.05032058536176,0.648,1.0375
675,2026-02-28 17:13:10.600,31.8240403,-106.5223761,43.061452534571174,0.792,1.0875000000000001
676,2026-02-28 17:13:10.640,31.8240404,-106.5223763,43.0834018670135,0.9720000000000001,1.0875000000000004
677,2026-02-28 17:13:10.680,31.8240405,-106.5223763,43.09453381582743,1.08,1.0625000000000004
678,2026-02-28 17:13:10.720,31.8240406,-106.5223764,43.1091414681188,1.1880000000000002,1.1375000000000004
679,2026-02-28 17:13:10.760,31.8240407,-106.5223765,43.12374912040354,1.2240000000000002,1.225
680,2026-02-28 17:13:10.800,31.8240409,-106.5223766,43.14793887840979,1.368,1.2375000000000003
681,2026-02-28 17:13:10.840,31.8240411,-106.5223768,43.17715418350177,1.6560000000000001,1.225
682,2026-02-28 17:13:10.880,31.8240412,-106.522377,43.19910351580282,1.872,1.2375
683,2026-02-28 17:13:10.920,31.8240414,-106.5223771,43.223293273263465,1.9800000000000002,1.275
684,2026-02-28 17:13:10.960,31.8240416,-106.5223773,43.25250857859049,2.16,1.3375
685,2026-02-28 17:13:11.000,31.8240418,-106.5223775,43.281723883589606,2.4120000000000004,1.3624999999999994
686,2026-02-28 17:13:11.040,31.824042,-106.5223777,43.31093918856218,2.484,1.3499999999999996
687,2026-02-28 17:13:11.080,31.8240423,-106.522378,43.35476214568682,2.628,1.3125
688,2026-02-28 17:13:11.120,31.8240425,-106.5223782,43.38397745089444,2.9160000000000004,1.2250000000000003
689,2026-02-28 17:13:11.160,31.8240428,-106.5223784,43.42235889752133,3.024,1.225
690,2026-02-28 17:13:11.200,31.824043,-106.5223787,43.45842619818477,3.132,1.325
691,2026-02-28 17:13:11.240,31.8240434,-106.522379,43.511226705724326,3.42,1.3750000000000002
692,2026-02-28 17:13:11.280,31.8240437,-106.5223794,43.56169148670092,3.672,1.3875000000000006
693,2026-02-28 17:13:11.320,31.824044,-106.5223796,43.60007293320662,3.8520000000000003,1.3500000000000003
694,2026-02-28 17:13:11.360,31.8240443,-106.5223801,43.65796821044049,4.14,1.2250000000000003
695,2026-02-28 17:13:11.400,31.8240447,-106.5223805,43.71639881912678,4.356,1.1250000000000002
696,2026-02-28 17:13:11.440,31.824045,-106.5223807,43.75478026619397,4.428,1.2125000000000004
697,2026-02-28 17:13:11.480,31.8240454,-106.5223812,43.81973644339337,4.464,1.425
698,2026-02-28 17:13:11.520,31.8240457,-106.5223816,43.870201223755494,4.6080000000000005,1.4999999999999996
699,2026-02-28 17:13:11.560,31.8240461,-106.5223819,43.92300173084908,4.86,1.4249999999999998
700,2026-02-28 17:13:11.600,31.8240465,-106.5223824,43.98795790790933,5.112,1.3875000000000002
701,2026-02-28 17:13:11.640,31.8240469,-106.5223828,44.046388516580805,5.4,1.3375000000000001
702,2026-02-28 17:13:11.680,31.8240474,-106.5223833,44.1194267772878,5.688000000000001,1.2374999999999998
703,2026-02-28 17:13:11.720,31.8240478,-106.5223838,44.1843829535921,5.724,1.3
704,2026-02-28 17:13:11.760,31.8240482,-106.5223843,44.24933913001833,5.796,1.4500000000000006
705,2026-02-28 17:13:11.800,31.8240487,-106.5223848,44.322377389992745,5.9399999999999995,1.5125
706,2026-02-28 17:13:11.840,31.8240492,-106.5223854,44.40186753277246,6.336,1.4249999999999994
707,2026-02-28 17:13:11.880,31.8240497,-106.5223859,44.474905792415186,6.66,1.2749999999999992
708,2026-02-28 17:13:11.920,31.8240502,-106.5223864,44.547944051892074,6.732,1.3499999999999996
709,2026-02-28 17:13:11.960,31.8240508,-106.5223871,44.64199099463665,6.84,1.5125000000000004
710,2026-02-28 17:13:12.000,31.8240513,-106.5223876,44.715029254050066,7.128,1.5624999999999998
711,2026-02-28 17:13:12.040,31.8240518,-106.5223883,44.801526098687816,7.236,1.5999999999999994
712,2026-02-28 17:13:12.080,31.8240524,-106.5223888,44.88336563956411,7.416,1.6249999999999996
713,2026-02-28 17:13:12.120,31.824053,-106.5223895,44.977412581197946,7.74,1.5999999999999994
714,2026-02-28 17:13:12.160,31.8240536,-106.5223903,45.078342136152344,7.956,1.5624999999999996
715,2026-02-28 17:13:12.200,31.8240542,-106.5223909,45.16598804659516,8.136,1.537500000000001
716,2026-02-28 17:13:12.240,31.8240548,-106.5223916,45.2600349873202,8.244,1.562500000000001
717,2026-02-28 17:13:12.280,31.8240555,-106.5223923,45.36228854858834,8.424,1.6875000000000007
718,2026-02-28 17:13:12.320,31.8240562,-106.5223929,45.45868755855597,8.856,1.7375000000000007
719,2026-02-28 17:13:12.360,31.8240569,-106.5223938,45.57409385292075,9.072000000000001,1.675
720,2026-02-28 17:13:12.400,31.8240576,-106.5223946,45.68271124732584,9.395999999999999,1.5499999999999998
721,2026-02-28 17:13:12.440,31.8240583,-106.5223953,45.78496480729376,9.576,1.4125000000000005
722,2026-02-28 17:13:12.480,31.824059,-106.5223962,45.90037110023025,9.756,1.4250000000000003
723,2026-02-28 17:13:12.520,31.8240598,-106.5223971,46.023567759168905,10.008,1.5000000000000002
724,2026-02-28 17:13:12.560,31.8240606,-106.5223979,46.140428968778465,10.188,1.5625
725,2026-02-28 17:13:12.600,31.8240613,-106.5223988,46.25583526041769,10.332,1.624999999999999
726,2026-02-28 17:13:12.640,31.8240621,-106.5223996,46.3726964692312,10.548,1.6374999999999997
727,2026-02-28 17:13:12.680,31.8240629,-106.5224007,46.50964880969703,10.98,1.5249999999999997
728,2026-02-28 17:13:12.720,31.8240638,-106.5224015,46.635200340467065,11.304,1.3625
729,2026-02-28 17:13:12.760,31.8240646,-106.5224025,46.76511268096461,11.448,1.3375000000000004
730,2026-02-28 17:13:12.800,31.8240655,-106.5224034,46.89658153953672,11.484,1.462500000000001
731,2026-02-28 17:13:12.840,31.8240664,-106.5224044,47.03436347170633,11.556000000000001,1.5625000000000004
732,2026-02-28 17:13:12.880,31.8240672,-106.5224053,47.15756012593025,11.879999999999999,1.5125000000000004
733,2026-02-28 17:13:12.920,31.8240682,-106.5224063,47.303636633109136,12.204,1.4875000000000005
734,2026-02-28 17:13:12.960,31.8240691,-106.5224075,47.45503095189642,12.492,1.4749999999999996
735,2026-02-28 17:13:13.000,31.82407,-106.5224086,47.59946982060344,12.708,1.3874999999999997
736,2026-02-28 17:13:13.040,31.824071,-106.5224096,47.74554632622626,12.888,1.3375000000000004
737,2026-02-28 17:13:13.080,31.824072,-106.5224106,47.89162283118571,13.032,1.362500000000001
738,2026-02-28 17:13:13.120,31.8240729,-106.5224118,48.04301714647051,13.176,1.4500000000000015
739,2026-02-28 17:13:13.160,31.824074,-106.522413,48.20998136419343,13.428,1.4875000000000003
740,2026-02-28 17:13:13.200,31.824075,-106.5224141,48.362352854889565,13.716000000000001,1.4249999999999996
741,2026-02-28 17:13:13.240,31.824076,-106.5224152,48.514724343898365,13.824,1.4
742,2026-02-28 17:13:13.280,31.824077,-106.5224164,48.673704603763,13.968,1.4749999999999996
743,2026-02-28 17:13:13.320,31.8240781,-106.5224176,48.840668818349386,14.4,1.4124999999999992
744,2026-02-28 17:13:13.360,31.8240792,-106.5224187,49.001352968898566,14.544,1.3375000000000004
745,2026-02-28 17:13:13.400,31.8240802,-106.5224199,49.1603332262314,14.652000000000001,1.4250000000000007
746,2026-02-28 17:13:13.440,31.8240814,-106.5224212,49.341892564026374,14.796000000000001,1.4750000000000008
747,2026-02-28 17:13:13.480,31.8240824,-106.5224225,49.507757871937514,15.048,1.4500000000000013
748,2026-02-28 17:13:13.520,31.8240836,-106.5224238,49.68931720774808,15.336,1.399999999999999
749,2026-02-28 17:13:13.560,31.8240848,-106.5224251,49.87087654338656,15.552000000000001,1.3374999999999981
750,2026-02-28 17:13:13.600,31.824086,-106.5224264,50.05243587703232,15.696000000000002,1.2750000000000006
751,2026-02-28 17:13:13.640,31.824087,-106.5224276,50.21141612811971,15.876000000000001,1.2500000000000022
752,2026-02-28 17:13:13.680,31.8240882,-106.522429,50.39950997614657,16.164,1.2875000000000003
753,2026-02-28 17:13:13.720,31.8240894,-106.5224304,50.58760382296171,16.272,1.3624999999999998
754,2026-02-28 17:13:13.760,31.8240907,-106.5224318,50.783760143353625,16.524,1.3749999999999996
755,2026-02-28 17:13:13.800,31.8240919,-106.5224331,50.96531947167758,16.776,1.3624999999999987
756,2026-02-28 17:13:13.840,31.8240933,-106.5224346,51.176074256498886,16.92,1.3624999999999985
757,2026-02-28 17:13:13.880,31.8240945,-106.522436,51.36416809816422,17.1,1.2874999999999983
758,2026-02-28 17:13:13.920,31.8240957,-106.5224374,51.55226193861783,17.316,1.2249999999999994
759,2026-02-28 17:13:13.960,31.824097,-106.5224389,51.75492355238362,17.424,1.3125000000000009
760,2026-02-28 17:13:14.000,31.8240983,-106.5224403,51.951079865416744,17.496000000000002,1.3875000000000004
761,2026-02-28 17:13:14.040,31.8240997,-106.5224417,52.15558694722846,17.676000000000002,1.3624999999999987
762,2026-02-28 17:13:14.080,31.8241009,-106.5224433,52.357446000384776,18.072,1.3000000000000003
763,2026-02-28 17:13:14.120,31.8241024,-106.5224448,52.57656072767214,18.288,1.2750000000000017
764,2026-02-28 17:13:14.160,31.8241037,-106.5224463,52.77922233422976,18.468,1.3125000000000018
765,2026-02-28 17:13:14.200,31.8241052,-106.5224477,52.992334588472694,18.756,1.262500000000002
766,2026-02-28 17:13:14.240,31.8241064,-106.5224494,53.201378499223374,18.864,1.2
767,2026-02-28 17:13:14.280,31.8241079,-106.522451,53.42673292552584,18.864,1.2749999999999995
768,2026-02-28 17:13:14.320,31.8241092,-106.5224525,53.62939452616631,19.08,1.3250000000000015
769,2026-02-28 17:13:14.360,31.8241106,-106.5224542,53.85332132112737,19.44,1.1875000000000013
770,2026-02-28 17:13:14.400,31.824112,-106.5224558,54.07055604886744,19.476000000000003,1.1249999999999982
771,2026-02-28 17:13:14.440,31.8241135,-106.5224573,54.289670765109605,19.62,1.25
772,2026-02-28 17:13:14.480,31.8241149,-106.5224591,54.52048327595374,19.872,1.3000000000000023
773,2026-02-28 17:13:14.520,31.8241164,-106.5224606,54.73959798931023,20.16,1.1750000000000018
774,2026-02-28 17:13:14.560,31.8241179,-106.5224623,54.97141018436546,20.376,1.0250000000000004
775,2026-02-28 17:13:14.600,31.8241194,-106.522464,55.203222377608554,20.484,1.0249999999999992
776,2026-02-28 17:13:14.640,31.824121,-106.5224658,55.449615617725456,20.592,1.150000000000001
777,2026-02-28 17:13:14.680,31.8241225,-106.5224675,55.68142780722346,20.808,1.212500000000002
778,2026-02-28 17:13:14.720,31.824124,-106.5224692,55.91323999490931,20.952,1.2124999999999984
779,2026-02-28 17:13:14.760,31.8241255,-106.5224709,56.145052180783026,20.988,1.237499999999998
780,2026-02-28 17:13:14.800,31.8241271,-106.5224726,56.38500721314475,21.168,1.1875000000000002
781,2026-02-28 17:13:14.840,31.8241286,-106.5224745,56.630319723742,21.528000000000002,1.074999999999998
782,2026-02-28 17:13:14.880,31.8241302,-106.5224764,56.88334097886363,21.708000000000002,1.0499999999999965
783,2026-02-28 17:13:14.920,31.8241317,-106.5224781,57.11515315724716,21.708000000000002,1.137499999999998
784,2026-02-28 17:13:14.960,31.8241334,-106.5224798,57.36348314703407,21.78,1.2249999999999983
785,2026-02-28 17:13:15.000,31.824135,-106.5224817,57.61650439551933,22.032,1.2124999999999997
786,2026-02-28 17:13:15.040,31.8241366,-106.5224835,57.86289761575788,22.356,1.1124999999999994
787,2026-02-28 17:13:15.080,31.8241383,-106.5224853,58.117454067487856,22.536,1.087499999999998
788,2026-02-28 17:13:15.120,31.8241399,-106.5224872,58.37047530919848,22.715999999999998,1.1125000000000005
789,2026-02-28 17:13:15.160,31.8241416,-106.5224891,58.63145254455602,22.788,1.0750000000000028
790,2026-02-28 17:13:15.200,31.8241432,-106.522491,58.884473781982535,22.788,1.050000000000002
791,2026-02-28 17:13:15.240,31.824145,-106.5224929,59.153632332080015,23.003999999999998,1.050000000000001
792,2026-02-28 17:13:15.280,31.8241466,-106.5224948,59.40665356452737,23.256,1.0624999999999996
793,2026-02-28 17:13:15.320,31.8241483,-106.5224968,59.67423190836144,23.436,1.087499999999999
794,2026-02-28 17:13:15.360,31.8241499,-106.5224987,59.92725313624628,23.58,1.0749999999999993
795,2026-02-28 17:13:15.400,31.8241517,-106.5225006,60.19641167793028,23.724,1.05
796,2026-02-28 17:13:15.440,31.8241535,-106.5225027,60.47855235151833,23.868,1.0499999999999996
797,2026-02-28 17:13:15.480,31.8241552,-106.5225047,60.746130685077354,24.156,0.9875
798,2026-02-28 17:13:15.520,31.8241569,-106.5225066,61.00710789963953,24.3,0.9499999999999996
799,2026-02-28 17:13:15.560,31.8241587,-106.5225087,61.28924856563227,24.3,0.9999999999999986
800,2026-02-28 17:13:15.600,31.8241605,-106.5225106,61.558407095584606,24.3,1.087499999999998
801,2026-02-28 17:13:15.640,31.8241622,-106.5225126,61.82598541900342,24.516,1.1124999999999996
802,2026-02-28 17:13:15.680,31.8241639,-106.5225147,62.10033217140267,24.804,0.9875000000000022
803,2026-02-28 17:13:15.720,31.8241657,-106.5225169,62.38920975320353,25.02,0.9125000000000014
804,2026-02-28 17:13:15.760,31.8241677,-106.5225188,62.675329049051,25.092,0.9625000000000004
805,2026-02-28 17:13:15.800,31.8241695,-106.5225209,62.95746969840464,25.236,1.0000000000000009
806,2026-02-28 17:13:15.840,31.8241712,-106.5225231,63.23874010540093,25.38,0.9500000000000017
807,2026-02-28 17:13:15.880,31.824173,-106.5225252,63.52088074945328,25.488,0.9250000000000027
808,2026-02-28 17:13:15.920,31.824175,-106.5225272,63.813033623380285,25.704,0.9250000000000004
809,2026-02-28 17:13:15.960,31.8241768,-106.5225295,64.10879717829584,25.776,0.8999999999999997
810,2026-02-28 17:13:16.000,31.8241787,-106.5225315,64.39255835861248,25.956,0.9125000000000003
811,2026-02-28 17:13:16.040,31.8241805,-106.5225338,64.68832190711517,26.064,0.9375000000000011
812,2026-02-28 17:13:16.080,31.8241824,-106.5225358,64.97208308237765,26.1,1.0000000000000009
813,2026-02-28 17:13:16.120,31.8241844,-106.5225381,65.28336111682356,26.352,0.9875
814,2026-02-28 17:13:16.160,31.8241863,-106.5225403,65.58006852958279,26.532,0.9125000000000018
815,2026-02-28 17:13:16.200,31.8241881,-106.5225425,65.86894607501566,26.676000000000002,0.8999999999999997
816,2026-02-28 17:13:16.240,31.82419,-106.5225446,66.15909841316736,26.676000000000002,0.9124999999999982
817,2026-02-28 17:13:16.280,31.8241921,-106.5225468,66.47206631344633,26.856,0.887499999999999
818,2026-02-28 17:13:16.320,31.8241939,-106.5225491,66.76782983872403,27.0,0.8375
819,2026-02-28 17:13:16.360,31.8241958,-106.5225513,67.06453723618442,27.072,0.8875000000000011
820,2026-02-28 17:13:16.400,31.8241979,-106.5225535,67.37750512806694,27.288,0.9499999999999996
821,2026-02-28 17:13:16.440,31.8241997,-106.5225559,67.68029352572134,27.432000000000002,0.8875
822,2026-02-28 17:13:16.480,31.8242018,-106.522558,67.98705400639078,27.612000000000002,0.8249999999999991
823,2026-02-28 17:13:16.520,31.8242037,-106.5225604,68.29732140741807,27.684,0.8124999999999982
824,2026-02-28 17:13:16.560,31.8242058,-106.5225626,68.61028928716624,27.828000000000003,0.7374999999999976
825,2026-02-28 17:13:16.600,31.8242079,-106.522565,68.93614121477874,27.971999999999998,0.6874999999999998
826,2026-02-28 17:13:16.640,31.8242098,-106.5225673,69.23955693168038,28.008000000000003,0.7374999999999998
827,2026-02-28 17:13:16.680,31.8242119,-106.5225695,69.55252480258251,28.08,0.8124999999999993
828,2026-02-28 17:13:16.720,31.8242139,-106.5225719,69.87048508314501,28.188000000000002,0.8125000000000003
829,2026-02-28 17:13:16.760,31.8242159,-106.5225743,70.18844536019661,28.44,0.7374999999999987
830,2026-02-28 17:13:16.800,31.824218,-106.5225765,70.50141322166186,28.656,0.6625000000000003
831,2026-02-28 17:13:16.840,31.8242201,-106.5225789,70.82726512866023,28.62,0.675
832,2026-02-28 17:13:16.880,31.8242222,-106.5225812,71.14659991847383,28.8,0.6749999999999989
833,2026-02-28 17:13:16.920,31.8242243,-106.5225836,71.47245181799411,28.836,0.625
834,2026-02-28 17:13:16.960,31.8242262,-106.522586,71.78271917827473,28.8,0.6875000000000009
835,2026-02-28 17:13:17.000,31.8242283,-106.5225884,72.10857107122698,28.980000000000004,0.7000000000000028
836,2026-02-28 17:13:17.040,31.8242304,-106.5225908,72.43442296029832,29.124,0.6625000000000036
837,2026-02-28 17:13:17.080,31.8242325,-106.5225932,72.76027484577249,29.304000000000002,0.6500000000000039
838,2026-02-28 17:13:17.120,31.8242347,-106.5225956,73.09420301381611,29.304000000000002,0.587500000000003
839,2026-02-28 17:13:17.160,31.8242368,-106.522598,73.42005489192464,29.448,0.5750000000000011
840,2026-02-28 17:13:17.200,31.8242389,-106.5226004,73.74590676643598,29.556000000000004,0.5999999999999983
841,2026-02-28 17:13:17.240,31.8242411,-106.5226028,74.07983492349187,29.664,0.5624999999999969
842,2026-02-28 17:13:17.280,31.8242432,-106.5226052,74.4056867909213,29.7,0.5749999999999988
843,2026-02-28 17:13:17.320,31.8242453,-106.5226076,74.73153865446982,29.736,0.625
844,2026-02-28 17:13:17.360,31.8242475,-106.5226102,75.07860390688086,29.880000000000003,0.6250000000000022
845,2026-02-28 17:13:17.400,31.8242498,-106.5226126,75.42077991092644,29.916000000000004,0.6374999999999997
846,2026-02-28 17:13:17.440,31.824252,-106.522615,75.75470805005288,30.096,0.5874999999999964
847,2026-02-28 17:13:17.480,31.8242541,-106.5226174,76.08055989852751,30.204000000000004,0.5249999999999977
848,2026-02-28 17:13:17.520,31.8242563,-106.5226199,76.4209885612124,30.096,0.6249999999999978
849,2026-02-28 17:13:17.560,31.8242585,-106.5226224,76.76141722120146,30.312,0.6875000000000009
850,2026-02-28 17:13:17.600,31.8242608,-106.5226249,77.10993993540136,30.419999999999998,0.6000000000000028
851,2026-02-28 17:13:17.640,31.824263,-106.5226273,77.4438680558511,30.419999999999998,0.6125000000000025
852,2026-02-28 17:13:17.680,31.8242652,-106.5226298,77.78429670392035,30.6,0.6125000000000025
853,2026-02-28 17:13:17.720,31.8242674,-106.5226323,78.124725347142,30.636,0.587500000000003
854,2026-02-28 17:13:17.760,31.8242696,-106.5226348,78.46515398738333,30.780000000000005,0.5999999999999983
855,2026-02-28 17:13:17.800,31.8242719,-106.5226373,78.81367668200359,30.852,0.5624999999999947
856,2026-02-28 17:13:17.840,31.8242741,-106.5226397,79.14760478418958,30.852,0.6125000000000003
857,2026-02-28 17:13:17.880,31.8242764,-106.5226423,79.50261276263127,30.96,0.6624999999999992
858,2026-02-28 17:13:17.920,31.8242787,-106.5226449,79.85762073711417,31.14,0.5874999999999964
859,2026-02-28 17:13:17.960,31.8242809,-106.5226474,80.19804935631831,31.248,0.48749999999999627
860,2026-02-28 17:13:18.000,31.8242832,-106.52265,80.55305732221248,31.212,0.5249999999999977
861,2026-02-28 17:13:18.040,31.8242855,-106.5226525,80.90157999411116,31.392000000000003,0.6000000000000028
862,2026-02-28 17:13:18.080,31.8242878,-106.522655,81.25010266139158,31.392000000000003,0.600000000000005
863,2026-02-28 17:13:18.120,31.8242901,-106.5226576,81.6051106145537,31.536,0.6000000000000005
864,2026-02-28 17:13:18.160,31.8242924,-106.5226602,81.96011856375702,31.607999999999997,0.6249999999999978
865,2026-02-28 17:13:18.200,31.8242947,-106.5226628,82.3151265084311,31.644,0.6625000000000014
866,2026-02-28 17:13:18.240,31.824297,-106.5226653,82.66364915972413,31.824,0.637500000000002
867,2026-02-28 17:13:18.280,31.8242993,-106.522668,83.0252734935634,31.895999999999997,0.587500000000003
868,2026-02-28 17:13:18.320,31.8243016,-106.5226705,83.37379613748415,31.895999999999997,0.6125000000000047
869,2026-02-28 17:13:18.360,31.8243039,-106.5226731,83.72880406546739,31.895999999999997,0.6875000000000053
870,2026-02-28 17:13:18.400,31.8243063,-106.5226756,84.08558450322612,32.076,0.6750000000000034
871,2026-02-28 17:13:18.440,31.8243086,-106.5226784,84.45394926117862,32.25600000000001,0.5874999999999986
872,2026-02-28 17:13:18.480,31.824311,-106.522681,84.81706752485216,32.25600000000001,0.5499999999999972
873,2026-02-28 17:13:18.520,31.8243133,-106.5226835,85.16559014752917,32.4,0.5750000000000011
874,2026-02-28 17:13:18.560,31.8243157,-106.5226862,85.53517963525101,32.544,0.6250000000000044
875,2026-02-28 17:13:18.600,31.8243181,-106.5226889,85.90476911931428,32.616,0.6000000000000028
876,2026-02-28 17:13:18.640,31.8243205,-106.5226916,86.27435859786145,32.688,0.5625000000000013
877,2026-02-28 17:13:18.680,31.8243228,-106.5226942,86.62936649096993,32.724000000000004,0.6000000000000005
878,2026-02-28 17:13:18.720,31.8243252,-106.5226969,86.99895596053358,32.832,0.6874999999999987
879,2026-02-28 17:13:18.760,31.8243277,-106.5226996,87.37667075617607,32.940000000000005,0.7249999999999956
880,2026-02-28 17:13:18.800,31.8243301,-106.5227022,87.739788985102,32.976,0.6624999999999992
881,2026-02-28 17:13:18.840,31.8243325,-106.5227048,88.10290720969829,33.048,0.6125000000000003
882,2026-02-28 17:13:18.880,31.8243349,-106.5227076,88.47909440874392,33.048,0.6749999999999967
883,2026-02-28 17:13:18.920,31.8243373,-106.5227103,88.84868385517977,33.264,0.7374999999999976
884,2026-02-28 17:13:18.960,31.8243398,-106.5227131,89.23285685742339,33.480000000000004,0.6749999999999989
885,2026-02-28 17:13:19.000,31.8243422,-106.5227158,89.60244629449343,33.408,0.7249999999999979
886,2026-02-28 17:13:19.040,31.8243447,-106.5227185,89.98016105834131,33.516000000000005,0.799999999999994
887,2026-02-28 17:13:19.080,31.8243471,-106.5227212,90.34975048697432,33.624,0.7374999999999932
888,2026-02-28 17:13:19.120,31.8243496,-106.5227241,90.74050392606826,33.912,0.6499999999999995
889,2026-02-28 17:13:19.160,31.8243521,-106.5227268,91.11821867578473,33.948,0.6500000000000039
890,2026-02-28 17:13:19.200,31.8243545,-106.5227296,91.49440583524732,33.876000000000005,0.774999999999999
891,2026-02-28 17:13:19.240,31.824357,-106.5227323,91.87212057609086,33.912,0.887499999999999
892,2026-02-28 17:13:19.280,31.8243595,-106.5227351,92.25629353937649,34.128,0.8250000000000002
893,2026-02-28 17:13:19.320,31.824362,-106.5227379,92.64046649679159,34.308,0.7499999999999973
894,2026-02-28 17:13:19.360,31.8243646,-106.5227406,93.02645658749836,34.38,0.8125000000000003
895,2026-02-28 17:13:19.400,31.8243671,-106.5227435,93.41720999009401,34.596,0.8250000000000025
896,2026-02-28 17:13:19.440,31.8243696,-106.5227462,93.79492470737212,34.632,0.8250000000000025
897,2026-02-28 17:13:19.480,31.8243721,-106.5227491,94.18567809953969,34.632,0.8500000000000041
898,2026-02-28 17:13:19.520,31.8243747,-106.5227519,94.57799019131589,34.776,0.8375
899,2026-02-28 17:13:19.560,31.8243772,-106.5227548,94.96874357284682,34.956,0.8249999999999957
900,2026-02-28 17:13:19.600,31.8243797,-106.5227576,95.35291649618564,35.1,0.8374999999999977
901,2026-02-28 17:13:19.640,31.8243824,-106.5227605,95.75982669141246,35.244,0.8124999999999982
902,2026-02-28 17:13:19.680,31.8243848,-106.5227632,96.1294160470573,35.172,0.8875000000000011
903,2026-02-28 17:13:19.720,31.8243874,-106.5227662,96.5347386523573,35.424,0.9250000000000048
904,2026-02-28 17:13:19.760,31.82439,-106.5227691,96.93349687393918,35.604000000000006,0.7999999999999985
905,2026-02-28 17:13:19.800,31.8243926,-106.522772,97.33225508992024,35.748,0.7374999999999976
906,2026-02-28 17:13:19.840,31.8243952,-106.5227749,97.73101330087461,35.856,0.7125000000000026
907,2026-02-28 17:13:19.880,31.8243979,-106.5227778,98.13792346505794,35.856,0.7499999999999996
908,2026-02-28 17:13:19.920,31.8244005,-106.5227808,98.54324604217058,35.964,0.787500000000001
909,2026-02-28 17:13:19.960,31.8244031,-106.5227837,98.94200423697932,36.144,0.8000000000000052
910,2026-02-28 17:13:20.000,31.8244058,-106.5227866,99.34891438534048,36.324,0.8250000000000025
911,2026-02-28 17:13:20.040,31.8244084,-106.5227895,99.74767256903029,36.36,0.7625000000000015
912,2026-02-28 17:13:20.080,31.8244111,-106.5227926,100.16756703339786,36.612,0.6499999999999995
913,2026-02-28 17:13:20.120,31.8244137,-106.5227955,100.56632520654284,36.648,0.6499999999999995
914,2026-02-28 17:13:20.160,31.8244165,-106.5227986,100.99425857435727,36.684,0.7250000000000045
915,2026-02-28 17:13:20.200,31.8244192,-106.5228015,101.40116869588083,36.792,0.7625000000000037
916,2026-02-28 17:13:20.240,31.8244219,-106.5228045,101.81451374512835,36.864000000000004,0.8250000000000002
917,2026-02-28 17:13:20.280,31.8244245,-106.5228074,102.21327189591376,37.007999999999996,0.8625000000000016
918,2026-02-28 17:13:20.320,31.8244272,-106.5228105,102.63316632457456,37.080000000000005,0.8499999999999996
919,2026-02-28 17:13:20.360,31.8244299,-106.5228136,103.05306074724726,37.332,0.8499999999999975
920,2026-02-28 17:13:20.400,31.8244326,-106.5228167,103.47295516421495,37.512,0.7625000000000015
921,2026-02-28 17:13:20.440,31.8244354,-106.5228196,103.88815564166565,37.368,0.7625000000000037
922,2026-02-28 17:13:20.480,31.8244382,-106.5228225,104.30335611391735,37.476,0.8375000000000021
923,2026-02-28 17:13:20.520,31.8244409,-106.5228256,104.72325051219408,37.656000000000006,0.8124999999999982
924,2026-02-28 17:13:20.560,31.8244438,-106.5228287,105.1593587248767,37.764,0.8249999999999957
925,2026-02-28 17:13:20.600,31.8244464,-106.5228318,105.57135814223906,37.908,0.7999999999999963
926,2026-02-28 17:13:20.640,31.8244493,-106.5228349,106.0074663431772,38.124,0.6874999999999964
927,2026-02-28 17:13:20.680,31.824452,-106.5228381,106.43401929142753,38.232,0.6249999999999956
928,2026-02-28 17:13:20.720,31.8244548,-106.5228412,106.86195257589537,38.304,0.6249999999999978
929,2026-02-28 17:13:20.760,31.8244576,-106.5228443,107.28988585398193,38.556000000000004,0.6000000000000005
930,2026-02-28 17:13:20.800,31.8244605,-106.5228474,107.72599403100403,38.484,0.625
931,2026-02-28 17:13:20.840,31.8244633,-106.5228505,108.15392729697459,38.592000000000006,0.6749999999999967
932,2026-02-28 17:13:20.880,31.8244661,-106.5228537,108.5883959443794,38.664,0.6874999999999964
933,2026-02-28 17:13:20.920,31.8244689,-106.5228568,109.0163291981635,38.808,0.6749999999999989
934,2026-02-28 17:13:20.960,31.8244718,-106.5228601,109.46537430399076,38.988,0.6125000000000003
935,2026-02-28 17:13:21.000,31.8244746,-106.5228632,109.89330754508272,38.988,0.6125000000000003
936,2026-02-28 17:13:21.040,31.8244774,-106.5228663,110.32124078036952,39.024,0.7499999999999996
937,2026-02-28 17:13:21.080,31.8244803,-106.5228696,110.77028586622122,39.132,0.8375000000000021
938,2026-02-28 17:13:21.120,31.8244831,-106.5228728,111.20475447479915,39.204,0.750000000000004
939,2026-02-28 17:13:21.160,31.8244861,-106.5228759,111.64916598646191,39.384,0.6625000000000014
940,2026-02-28 17:13:21.200,31.8244888,-106.5228792,112.08248157387669,39.456,0.6749999999999989
941,2026-02-28 17:13:21.240,31.8244917,-106.5228823,112.5185896839828,39.564,0.6875000000000009
942,2026-02-28 17:13:21.280,31.8244946,-106.5228857,112.97425999874285,39.672,0.7000000000000028
943,2026-02-28 17:13:21.320,31.8244976,-106.5228888,113.41867148601058,39.744,0.7499999999999996
944,2026-02-28 17:13:21.360,31.8245004,-106.5228921,113.85978143825189,39.816,0.7250000000000001
945,2026-02-28 17:13:21.400,31.8245034,-106.5228953,114.31048942085927,39.924,0.6875000000000009
946,2026-02-28 17:13:21.440,31.8245062,-106.5228986,114.75159935894554,40.248,0.6500000000000017
947,2026-02-28 17:13:21.480,31.8245092,-106.522902,115.21522280569407,40.32,0.6000000000000005
948,2026-02-28 17:13:21.520,31.824512,-106.5229051,115.64315596539788,40.176,0.6999999999999984
949,2026-02-28 17:13:21.560,31.824515,-106.5229084,116.10026942310381,40.32,0.774999999999999
950,2026-02-28 17:13:21.600,31.824518,-106.5229118,116.56389284830482,40.464,0.7124999999999981
951,2026-02-28 17:13:21.640,31.8245209,-106.5229151,117.01293783845948,40.536,0.6749999999999967
952,2026-02-28 17:13:21.680,31.8245238,-106.5229183,117.45546054753275,40.716,0.6374999999999997
953,2026-02-28 17:13:21.720,31.8245268,-106.5229218,117.92569406265827,40.86,0.5375000000000019
954,2026-02-28 17:13:21.760,31.8245299,-106.522925,118.38471124195621,40.788000000000004,0.5374999999999974
955,2026-02-28 17:13:21.800,31.8245327,-106.5229285,118.83940321534827,40.931999999999995,0.5874999999999986
956,2026-02-28 17:13:21.840,31.8245357,-106.5229317,119.29011112684255,41.112,0.5625000000000013
957,2026-02-28 17:13:21.880,31.8245387,-106.522935,119.74722452983495,41.184,0.5625000000000013
958,2026-02-28 17:13:21.920,31.8245417,-106.5229384,120.21084789777174,41.328,0.5624999999999969
959,2026-02-28 17:13:21.960,31.8245448,-106.5229419,120.68905146731977,41.4,0.5374999999999996
960,2026-02-28 17:13:22.000,31.8245478,-106.5229451,121.13975935217414,41.436,0.5250000000000044
961,2026-02-28 17:13:22.040,31.8245508,-106.5229486,121.6099928067131,41.507999999999996,0.5375000000000041
962,2026-02-28 17:13:22.080,31.8245539,-106.522952,122.08169794541004,41.580000000000005,0.5374999999999996
963,2026-02-28 17:13:22.120,31.8245568,-106.5229553,122.53074285119723,41.544,0.5624999999999991
964,2026-02-28 17:13:22.160,31.8245598,-106.5229587,122.99436617540057,41.652,0.6250000000000022
965,2026-02-28 17:13:22.200,31.824563,-106.522962,123.46798915630004,41.76,0.6499999999999995
966,2026-02-28 17:13:22.240,31.8245659,-106.5229654,123.92365929549716,41.904,0.5999999999999961
967,2026-02-28 17:13:22.280,31.8245691,-106.522969,124.41644463484987,42.012,0.5749999999999988
968,2026-02-28 17:13:22.320,31.824572,-106.5229723,124.86548950491598,42.12,0.5750000000000033
969,2026-02-28 17:13:22.360,31.8245752,-106.5229759,125.35827482872264,42.156000000000006,0.5749999999999966
970,2026-02-28 17:13:22.400,31.8245782,-106.5229793,125.82189810846765,42.192,0.5999999999999983
971,2026-02-28 17:13:22.440,31.8245812,-106.5229827,126.28552138096401,42.300000000000004,0.6000000000000005
972,2026-02-28 17:13:22.480,31.8245843,-106.5229862,126.76372485245854,42.336,0.6249999999999978
973,2026-02-28 17:13:22.520,31.8245874,-106.5229896,127.2354299113098,42.408,0.6875000000000009
974,2026-02-28 17:13:22.560,31.8245905,-106.5229931,127.71363336648312,42.588,0.6125000000000025
975,2026-02-28 17:13:22.600,31.8245937,-106.5229965,128.19354234542004,42.696,0.4375000000000018
976,2026-02-28 17:13:22.640,31.8245967,-106.5230001,128.6704817597322,42.696,0.42500000000000204
977,2026-02-28 17:13:22.680,31.8245998,-106.5230035,129.14218678942507,42.876000000000005,0.4874999999999985
978,2026-02-28 17:13:22.720,31.8246029,-106.523007,129.62039021446213,42.912,0.48749999999999627
979,2026-02-28 17:13:22.760,31.8246062,-106.5230106,130.1212815365973,43.019999999999996,0.4499999999999993
980,2026-02-28 17:13:22.800,31.8246092,-106.523014,130.58490474143966,43.056000000000004,0.47499999999999654
981,2026-02-28 17:13:22.840,31.8246123,-106.5230176,131.06970398173488,43.164,0.5624999999999991
982,2026-02-28 17:13:22.880,31.8246156,-106.523021,131.55793281867147,43.272,0.550000000000006
983,2026-02-28 17:13:22.920,31.8246186,-106.5230246,132.03487217531642,43.452000000000005,0.3625000000000034
984,2026-02-28 17:13:22.960,31.8246217,-106.5230281,132.5130755539703,43.308,0.2750000000000008
985,2026-02-28 17:13:23.000,31.8246249,-106.5230317,133.005860750829,43.236,0.38750000000000284
986,2026-02-28 17:13:23.040,31.8246281,-106.5230351,133.485769648568,43.38,0.5500000000000016
987,2026-02-28 17:13:23.080,31.8246312,-106.5230386,133.963973003354,43.596,0.637500000000002
988,2026-02-28 17:13:23.120,31.8246344,-106.5230422,134.45675817628748,43.596,0.6625000000000059
989,2026-02-28 17:13:23.160,31.8246375,-106.5230458,134.9415573515832,43.632,0.6625000000000036
990,2026-02-28 17:13:23.200,31.8246407,-106.5230494,135.43434250817504,43.812,0.5500000000000016
991,2026-02-28 17:13:23.240,31.8246439,-106.523053,135.92712765689743,44.028000000000006,0.3125
992,2026-02-28 17:13:23.280,31.8246471,-106.5230566,136.41991279717863,43.992000000000004,0.3124999999999978
993,2026-02-28 17:13:23.320,31.8246503,-106.52306,136.89982164280434,43.776,0.6499999999999972
994,2026-02-28 17:13:23.360,31.8246536,-106.5230635,137.39433169650545,43.776,0.8374999999999954
995,2026-02-28 17:13:23.400,31.8246567,-106.5230671,137.87913082178173,43.884,0.6749999999999989
996,2026-02-28 17:13:23.440,31.82466,-106.5230707,138.38002200902463,44.316,0.475000000000001
997,2026-02-28 17:13:23.480,31.8246632,-106.5230743,138.8728071082744,44.496,0.39999999999999813
998,2026-02-28 17:13:23.520,31.8246665,-106.5230781,139.3867451813079,44.604000000000006,0.3624999999999967
999,2026-02-28 17:13:23.560,31.8246697,-106.5230817,139.87953026427806,44.532,0.4249999999999998
1000,2026-02-28 17:13:23.600,31.8246729,-106.5230853,140.37231533880703,44.496,0.46250000000000124
1001,2026-02-28 17:13:23.640,31.8246762,-106.5230888,140.86682533706286,44.244,0.5249999999999977
1002,2026-02-28 17:13:23.680,31.8246794,-106.5230925,141.36619277622304,44.676,0.5249999999999955
1003,2026-02-28 17:13:23.720,31.8246828,-106.5230962,141.88167828312308,44.964,0.4249999999999976
1004,2026-02-28 17:13:23.760,31.824686,-106.5230999,142.38104570446757,45.0,0.5000000000000027
1005,2026-02-28 17:13:23.800,31.8246891,-106.5231035,142.86584474609256,44.604000000000006,0.6374999999999997
1006,2026-02-28 17:13:23.840,31.8246924,-106.5231072,143.37321307647255,44.964,0.6374999999999997
1007,2026-02-28 17:13:23.880,31.8246957,-106.5231109,143.8805813991511,45.0,0.6875000000000031
1008,2026-02-28 17:13:23.920,31.8246989,-106.5231146,144.37994878556555,45.144,0.7374999999999998
1009,2026-02-28 17:13:23.960,31.8247022,-106.5231182,144.8808398667106,45.216,0.7000000000000006
1010,2026-02-28 17:13:24.000,31.8247054,-106.523122,145.38688078891622,45.144,0.6499999999999995
1011,2026-02-28 17:13:24.040,31.8247086,-106.5231256,145.87966577274824,45.108,0.5749999999999988
1012,2026-02-28 17:13:24.080,31.8247119,-106.5231294,146.39360372217106,45.324,0.5125000000000002
1013,2026-02-28 17:13:24.120,31.8247153,-106.523133,146.90271520499164,45.54,0.4499999999999993
1014,2026-02-28 17:13:24.160,31.8247186,-106.5231369,147.42331175119318,45.864000000000004,0.349999999999997
1015,2026-02-28 17:13:24.200,31.8247219,-106.5231406,147.93068000536627,45.576,0.4249999999999998
1016,2026-02-28 17:13:24.240,31.8247252,-106.5231443,148.4380482499837,45.828,0.5375000000000019
1017,2026-02-28 17:13:24.280,31.8247286,-106.5231481,148.96000114901562,46.116,0.3874999999999984
1018,2026-02-28 17:13:24.320,31.8247319,-106.5231519,149.4739390439844,46.152,0.22500000000000187
1019,2026-02-28 17:13:24.360,31.8247353,-106.5231557,149.99589192505434,46.224000000000004,0.12500000000000178
1020,2026-02-28 17:13:24.400,31.8247386,-106.5231594,150.5032601346346,46.007999999999996,0.22500000000000187
1021,2026-02-28 17:13:24.440,31.8247419,-106.5231631,151.0106283365134,45.9,0.4375000000000018
1022,2026-02-28 17:13:24.480,31.8247451,-106.5231669,151.51666914921924,46.007999999999996,0.5250000000000021
1023,2026-02-28 17:13:24.520,31.8247484,-106.5231706,152.0240373331753,46.152,0.5375000000000041
1024,2026-02-28 17:13:24.560,31.8247519,-106.5231744,152.55411776439888,46.26,0.48750000000000293
1025,2026-02-28 17:13:24.600,31.8247553,-106.5231782,153.0760705918509,46.404,0.40000000000000036
1026,2026-02-28 17:13:24.640,31.8247586,-106.523182,153.59000841412342,46.548,0.349999999999997
1027,2026-02-28 17:13:24.680,31.824762,-106.5231857,154.10549371719907,46.512,0.3875000000000006
1028,2026-02-28 17:13:24.720,31.8247653,-106.5231895,154.61943152122944,46.404,0.5249999999999999
1029,2026-02-28 17:13:24.760,31.8247687,-106.5231933,155.14138431275745,46.332,0.6124999999999958
1030,2026-02-28 17:13:24.800,31.824772,-106.5231971,155.6553220985457,46.548,0.5749999999999988
1031,2026-02-28 17:13:24.840,31.8247754,-106.5232009,156.17727487211167,46.62,0.5250000000000044
1032,2026-02-28 17:13:24.880,31.8247788,-106.5232048,156.70578527518077,46.800000000000004,0.4750000000000032
1033,2026-02-28 17:13:24.920,31.8247822,-106.5232086,157.22773803051666,46.908,0.43749999999999734
1034,2026-02-28 17:13:24.960,31.8247855,-106.5232124,157.74167577954836,46.908,0.4624999999999968
1035,2026-02-28 17:13:25.000,31.824789,-106.5232161,158.26538898924218,46.908,0.5499999999999972
1036,2026-02-28 17:13:25.040,31.8247924,-106.5232201,158.80054381394274,47.052,0.5624999999999991
1037,2026-02-28 17:13:25.080,31.8247958,-106.5232239,159.32249653281838,47.124,0.5125000000000002
1038,2026-02-28 17:13:25.120,31.8247992,-106.5232278,159.8510068789956,47.304,0.43749999999999956
1039,2026-02-28 17:13:25.160,31.8248027,-106.5232316,160.38108717611772,47.196,0.4125000000000023
1040,2026-02-28 17:13:25.200,31.8248061,-106.5232355,160.90959750305208,47.34,0.42500000000000204
1041,2026-02-28 17:13:25.240,31.8248095,-106.5232393,161.4315501851994,47.34,0.4624999999999968
1042,2026-02-28 17:13:25.280,31.8248129,-106.5232431,161.95350285823167,47.448,0.512499999999998
1043,2026-02-28 17:13:25.320,31.8248164,-106.5232471,162.49658766924964,47.519999999999996,0.5000000000000027
1044,2026-02-28 17:13:25.360,31.8248198,-106.5232508,163.0120728235744,47.628,0.5000000000000004
1045,2026-02-28 17:13:25.400,31.8248232,-106.5232548,163.54722755903984,47.772,0.4499999999999993
1046,2026-02-28 17:13:25.440,31.8248267,-106.5232587,164.08376609905727,47.808,0.4125000000000001
1047,2026-02-28 17:13:25.480,31.8248302,-106.5232627,164.6268508709608,47.844,0.4375000000000018
1048,2026-02-28 17:13:25.520,31.8248336,-106.5232665,165.1488034884984,47.844,0.46250000000000346
1049,2026-02-28 17:13:25.560,31.8248371,-106.5232704,165.68534199994608,47.844,0.5125000000000024
1050,2026-02-28 17:13:25.600,31.8248406,-106.5232743,166.2218805020661,47.916000000000004,0.4875000000000007
1051,2026-02-28 17:13:25.640,31.8248441,-106.5232781,166.75196068990073,48.096,0.3750000000000009
1052,2026-02-28 17:13:25.680,31.8248476,-106.5232822,167.30167644319042,48.168000000000006,0.33749999999999725
1053,2026-02-28 17:13:25.720,31.8248511,-106.5232861,167.8382149173901,48.24,0.349999999999997
1054,2026-02-28 17:13:25.760,31.8248545,-106.52329,168.3667251093456,48.348,0.38750000000000284
1055,2026-02-28 17:13:25.800,31.824858,-106.523294,168.90980980159802,48.348,0.4625000000000057
1056,2026-02-28 17:13:25.840,31.8248615,-106.5232979,169.44634824630384,48.42,0.437500000000004
1057,2026-02-28 17:13:25.880,31.8248651,-106.5233019,169.99747373274846,48.492000000000004,0.3499999999999992
1058,2026-02-28 17:13:25.920,31.8248686,-106.5233058,170.53401215766274,48.528000000000006,0.36249999999999893
1059,2026-02-28 17:13:25.960,31.8248721,-106.5233098,171.0770968099442,48.636,0.37499999999999867
1060,2026-02-28 17:13:26.000,31.8248756,-106.5233137,171.61363521562882,48.528000000000006,0.41249999999999787
1061,2026-02-28 17:13:26.040,31.8248791,-106.5233177,172.15671984792567,48.564,0.4500000000000015
1062,2026-02-28 17:13:26.080,31.8248827,-106.5233216,172.70139569712765,48.672,0.42500000000000204
1063,2026-02-28 17:13:26.120,31.8248862,-106.5233257,173.25111133631455,48.744,0.39999999999999813
1064,2026-02-28 17:13:26.160,31.8248897,-106.5233297,173.79419593806526,48.96,0.2874999999999961
1065,2026-02-28 17:13:26.200,31.8248933,-106.5233336,174.33887175858308,49.068000000000005,0.22499999999999742
1066,2026-02-28 17:13:26.240,31.8248968,-106.5233376,174.88195634034741,48.96,0.349999999999997
1067,2026-02-28 17:13:26.280,31.8249004,-106.5233415,175.42663214165228,48.96,0.43749999999999734
1068,2026-02-28 17:13:26.320,31.824904,-106.5233456,175.9842929404733,49.104000000000006,0.3874999999999962
1069,2026-02-28 17:13:26.360,31.8249075,-106.5233496,176.52737749140599,49.14,0.337499999999995
1070,2026-02-28 17:13:26.400,31.824911,-106.5233535,177.06391580013064,49.212,0.2749999999999986
1071,2026-02-28 17:13:26.440,31.8249146,-106.5233576,177.62157656798826,49.176,0.2749999999999986
1072,2026-02-28 17:13:26.480,31.8249182,-106.5233616,178.1727019050471,49.284,0.3000000000000025
1073,2026-02-28 17:13:26.520,31.8249217,-106.5233656,178.71578641572327,49.284,0.3375000000000039
1074,2026-02-28 17:13:26.560,31.8249253,-106.5233695,179.26046214964737,49.248,0.4125000000000001
1075,2026-02-28 17:13:26.600,31.8249289,-106.5233736,179.81812287573356,49.428000000000004,0.3624999999999967
1076,2026-02-28 17:13:26.640,31.8249325,-106.5233777,180.37578359130387,49.608,0.2624999999999966
1077,2026-02-28 17:13:26.680,31.8249361,-106.5233817,180.92690887800475,49.572,0.23749999999999716
1078,2026-02-28 17:13:26.720,31.8249396,-106.5233858,181.47662435895165,49.608,0.23749999999999716
1079,2026-02-28 17:13:26.760,31.8249432,-106.5233898,182.02774962567815,49.608,0.2375000000000016
1080,2026-02-28 17:13:26.800,31.8249468,-106.5233937,182.57242530142207,49.536,0.26249999999999885
1081,2026-02-28 17:13:26.840,31.8249504,-106.5233978,183.13008596470507,49.644,0.2499999999999969
1082,2026-02-28 17:13:26.880,31.824954,-106.5234018,183.68121120133557,49.68000000000001,0.29999999999999805
1083,2026-02-28 17:13:26.920,31.8249576,-106.5234059,184.23887184358682,49.86,0.33749999999999947
1084,2026-02-28 17:13:26.960,31.8249612,-106.52341,184.79653247532218,49.86,0.287500000000005
1085,2026-02-28 17:13:27.000,31.8249648,-106.523414,185.3476576812815,49.86,0.30000000000000693
1086,2026-02-28 17:13:27.040,31.8249684,-106.5234181,185.90531829198508,49.931999999999995,0.287500000000005
1087,2026-02-28 17:13:27.080,31.8249721,-106.5234222,186.47103158167943,49.931999999999995,0.22500000000000409
1088,2026-02-28 17:13:27.120,31.8249757,-106.5234262,187.02215675697383,49.931999999999995,0.287500000000005
1089,2026-02-28 17:13:27.160,31.8249793,-106.5234303,187.57981733583762,49.968,0.3250000000000042
1090,2026-02-28 17:13:27.200,31.8249829,-106.5234343,188.13094249087627,49.931999999999995,0.287500000000005
1091,2026-02-28 17:13:27.240,31.8249865,-106.5234384,188.6886030489925,49.968,0.287500000000005
1092,2026-02-28 17:13:27.280,31.8249902,-106.5234425,189.25431628627993,50.22,0.2124999999999999
1093,2026-02-28 17:13:27.320,31.8249939,-106.5234466,189.82002951320118,50.292,0.18749999999999822
1094,2026-02-28 17:13:27.360,31.8249975,-106.5234506,190.37115462716568,50.25600000000001,0.21249999999999547
1095,2026-02-28 17:13:27.400,31.8250012,-106.5234547,190.93686783306654,50.328,0.187499999999996
1096,2026-02-28 17:13:27.440,31.8250048,-106.5234588,191.49452833744274,50.292,0.20000000000000018
1097,2026-02-28 17:13:27.480,31.8250084,-106.5234629,192.05218883158727,50.22,0.26249999999999885
1098,2026-02-28 17:13:27.520,31.8250121,-106.5234669,192.6114607038423,50.472,0.3125
1099,2026-02-28 17:13:27.560,31.8250157,-106.523471,193.1691211766629,50.364000000000004,0.3874999999999984
1100,2026-02-28 17:13:27.600,31.8250194,-106.5234751,193.7348343298689,50.364000000000004,0.3874999999999962
1101,2026-02-28 17:13:27.640,31.825023,-106.5234793,194.29911304604857,50.364000000000004,0.3124999999999978
1102,2026-02-28 17:13:27.680,31.8250267,-106.5234834,194.86482617823418,50.436,0.28750000000000053
1103,2026-02-28 17:13:27.720,31.8250304,-106.5234876,195.43706443658314,50.616,0.22500000000000187
1104,2026-02-28 17:13:27.760,31.825034,-106.5234916,195.98818944786223,50.544,0.21250000000000435
1105,2026-02-28 17:13:27.800,31.8250377,-106.5234957,196.55390254866123,50.580000000000005,0.30000000000000027
1106,2026-02-28 17:13:27.840,31.8250413,-106.5234999,197.1181812091227,50.616,0.36249999999999893
1107,2026-02-28 17:13:27.880,31.825045,-106.523504,197.6838942889013,50.652,0.3625000000000056
1108,2026-02-28 17:13:27.920,31.8250487,-106.5235082,198.25613249258404,50.940000000000005,0.26250000000000107
1109,2026-02-28 17:13:27.960,31.8250524,-106.5235123,198.82184555105434,51.012,0.1375000000000015
1110,2026-02-28 17:13:28.000,31.8250561,-106.5235164,199.38755859979184,50.832,0.15000000000000124
1111,2026-02-28 17:13:28.040,31.8250597,-106.5235206,199.95183720356678,50.796,0.21249999999999547
1112,2026-02-28 17:13:28.080,31.8250634,-106.5235247,200.5175502303625,50.832,0.2499999999999969
1113,2026-02-28 17:13:28.120,31.825067,-106.5235288,201.07521055304724,50.868,0.26249999999999885
1114,2026-02-28 17:13:28.160,31.8250708,-106.523533,201.65551263729907,50.904,0.2499999999999991
1115,2026-02-28 17:13:28.200,31.8250745,-106.5235372,202.22775076484444,51.083999999999996,0.2124999999999999
1116,2026-02-28 17:13:28.240,31.8250782,-106.5235413,202.79346374902346,51.156000000000006,0.1749999999999985
1117,2026-02-28 17:13:28.280,31.8250819,-106.5235455,203.36570185353025,51.156000000000006,0.16249999999999654
1118,2026-02-28 17:13:28.320,31.8250856,-106.5235497,203.9379399479174,51.192,0.11249999999999982
1119,2026-02-28 17:13:28.360,31.8250892,-106.5235538,204.49560020575402,51.156000000000006,0.09999999999999787
1120,2026-02-28 17:13:28.400,31.8250929,-106.523558,205.0678382774013,51.12,0.18750000000000044
1121,2026-02-28 17:13:28.440,31.8250965,-106.5235622,205.63211677064186,51.12,0.3250000000000042
1122,2026-02-28 17:13:28.480,31.8251003,-106.5235664,206.21241876799502,51.228,0.36249999999999893
1123,2026-02-28 17:13:28.520,31.825104,-106.5235705,206.77813167788275,51.228,0.3249999999999975
1124,2026-02-28 17:13:28.560,31.8251077,-106.5235747,207.35036970531905,51.264,0.2624999999999966
1125,2026-02-28 17:13:28.600,31.8251114,-106.5235789,207.9226077226357,51.336,0.16250000000000098
1126,2026-02-28 17:13:28.640,31.8251151,-106.5235831,208.49484572796646,51.408,0.13750000000000373
1127,2026-02-28 17:13:28.680,31.8251187,-106.5235873,209.05912415395508,51.372,0.18749999999999822
1128,2026-02-28 17:13:28.720,31.8251225,-106.5235914,209.6329926561873,51.300000000000004,0.27499999999999636
1129,2026-02-28 17:13:28.760,31.8251262,-106.5235956,210.20523062835983,51.336,0.3500000000000014
1130,2026-02-28 17:13:28.800,31.8251299,-106.5235997,210.77094346458964,51.480000000000004,0.28750000000000053
1131,2026-02-28 17:13:28.840,31.8251336,-106.5236041,211.3564719286607,51.696,0.12499999999999956
1132,2026-02-28 17:13:28.880,31.8251374,-106.5236083,211.93677381672765,51.696,0.10000000000000231
1133,2026-02-28 17:13:28.920,31.8251412,-106.5236125,212.51707569296903,51.696,0.17500000000000293
1134,2026-02-28 17:13:28.960,31.8251449,-106.5236167,213.08931361021342,51.552,0.23750000000000382
1135,2026-02-28 17:13:29.000,31.8251485,-106.5236208,213.64697369482937,51.516000000000005,0.30000000000000027
1136,2026-02-28 17:13:29.040,31.8251523,-106.5236251,214.23379089040245,51.624,0.2749999999999986
1137,2026-02-28 17:13:29.080,31.8251561,-106.5236293,214.81409272275258,51.696,0.22499999999999964
1138,2026-02-28 17:13:29.120,31.8251598,-106.5236335,215.38633059548718,51.768,0.19999999999999796
1139,2026-02-28 17:13:29.160,31.8251636,-106.5236377,215.9666324054561,51.876000000000005,0.187499999999996
1140,2026-02-28 17:13:29.200,31.8251673,-106.5236419,216.53887025578646,51.768,0.2499999999999991
1141,2026-02-28 17:13:29.240,31.825171,-106.5236462,217.11771421773022,51.768,0.32499999999999973
1142,2026-02-28 17:13:29.280,31.8251748,-106.5236504,217.69801599470702,51.912,0.29999999999999805
1143,2026-02-28 17:13:29.320,31.8251785,-106.5236546,218.27025381158035,51.984,0.18749999999999822
1144,2026-02-28 17:13:29.360,31.8251823,-106.5236589,218.857070915837,51.948,0.16249999999999654
1145,2026-02-28 17:13:29.400,31.8251859,-106.5236631,219.42134913730567,51.984,0.22499999999999742
1146,2026-02-28 17:13:29.440,31.8251898,-106.5236672,220.0034717208406,51.948,0.22499999999999742
1147,2026-02-28 17:13:29.480,31.8251935,-106.5236716,220.58899999298671,52.019999999999996,0.2124999999999999
1148,2026-02-28 17:13:29.520,31.8251972,-106.5236758,221.16123775399876,52.019999999999996,0.275000000000003
1149,2026-02-28 17:13:29.560,31.825201,-106.5236801,221.748054800872,52.164,0.25000000000000355
1150,2026-02-28 17:13:29.600,31.8252048,-106.5236844,222.3348718354959,52.2,0.15000000000000124
1151,2026-02-28 17:13:29.640,31.8252086,-106.5236886,222.91517351382734,52.272,0.11250000000000204
1152,2026-02-28 17:13:29.680,31.8252124,-106.5236929,223.50199052617708,52.272,0.125000000000004
1153,2026-02-28 17:13:29.720,31.825216,-106.5236972,224.0729668737971,52.164,0.21250000000000213
1154,2026-02-28 17:13:29.760,31.8252198,-106.5237014,224.6532685182163,52.236,0.23750000000000382
1155,2026-02-28 17:13:29.800,31.8252236,-106.5237058,225.24668006826633,52.344,0.21250000000000435
1156,2026-02-28 17:13:29.840,31.8252274,-106.52371,225.826981690298,52.236,0.275000000000003
1157,2026-02-28 17:13:29.880,31.8252312,-106.5237143,226.41379864524407,52.344,0.30000000000000027
1158,2026-02-28 17:13:29.920,31.8252349,-106.5237186,226.99264240938894,52.488,0.2499999999999991
1159,2026-02-28 17:13:29.960,31.8252388,-106.5237229,227.5875339740322,52.416000000000004,0.2499999999999969
1160,2026-02-28 17:13:30.000,31.8252425,-106.5237271,228.15977159972238,52.38,0.2874999999999961
1161,2026-02-28 17:13:30.040,31.8252463,-106.5237314,228.7465885082772,52.416000000000004,0.2874999999999961
1162,2026-02-28 17:13:30.080,31.8252501,-106.5237357,229.3334054055142,52.488,0.2499999999999969
1163,2026-02-28 17:13:30.120,31.8252539,-106.52374,229.92022229086328,52.56,0.19999999999999796
1164,2026-02-28 17:13:30.160,31.8252577,-106.5237443,230.50703916489454,52.524,0.22499999999999742
1165,2026-02-28 17:13:30.200,31.8252615,-106.5237487,231.10045059389805,52.668000000000006,0.26249999999999885
1166,2026-02-28 17:13:30.240,31.8252653,-106.523753,231.68726744472355,52.704,0.2375000000000016
1167,2026-02-28 17:13:30.280,31.8252691,-106.5237573,232.27408428366107,52.74,0.2750000000000008
1168,2026-02-28 17:13:30.320,31.8252729,-106.5237616,232.8609011112808,52.812,0.26250000000000107
1169,2026-02-28 17:13:30.360,31.8252767,-106.523766,233.45431249222906,52.812,0.21250000000000435
1170,2026-02-28 17:13:30.400,31.8252804,-106.5237703,234.03315611553106,52.812,0.2625000000000033
1171,2026-02-28 17:13:30.440,31.8252841,-106.5237747,234.61868409834153,52.812,0.32500000000000195
1172,2026-02-28 17:13:30.480,31.825288,-106.523779,235.21357551479707,52.812,0.3500000000000014
1173,2026-02-28 17:13:30.520,31.8252917,-106.5237833,235.79241910312047,52.812,0.3500000000000014
1174,2026-02-28 17:13:30.560,31.8252957,-106.5237876,236.39548251024002,52.92,0.3499999999999992
1175,2026-02-28 17:13:30.600,31.8252995,-106.523792,236.98889381910533,53.028000000000006,0.36249999999999893
1176,2026-02-28 17:13:30.640,31.8253033,-106.5237963,237.57571055390196,53.028000000000006,0.3249999999999975
1177,2026-02-28 17:13:30.680,31.8253071,-106.5238007,238.1691218387396,53.208,0.2124999999999977
1178,2026-02-28 17:13:30.720,31.8253109,-106.523805,238.75593855033046,53.1,0.25000000000000133
1179,2026-02-28 17:13:30.760,31.8253148,-106.5238093,239.3508298860658,53.136,0.3874999999999984
1180,2026-02-28 17:13:30.800,31.8253185,-106.5238137,239.93635775865528,53.244,0.3999999999999959
1181,2026-02-28 17:13:30.840,31.8253224,-106.523818,240.53124907149981,53.316,0.3125
1182,2026-02-28 17:13:30.880,31.8253263,-106.5238224,241.1326463973838,53.316,0.2625000000000033
1183,2026-02-28 17:13:30.920,31.82533,-106.5238267,241.7114898671514,53.316,0.3125000000000022
1184,2026-02-28 17:13:30.960,31.825334,-106.5238311,242.32097195706436,53.424,0.3750000000000009
1185,2026-02-28 17:13:31.000,31.8253378,-106.5238355,242.91438314578554,53.568000000000005,0.32499999999999973
1186,2026-02-28 17:13:31.040,31.8253416,-106.5238399,243.50779432183214,53.424,0.26250000000000107
1187,2026-02-28 17:13:31.080,31.8253455,-106.5238442,244.10268556510061,53.424,0.275000000000003
1188,2026-02-28 17:13:31.120,31.8253494,-106.5238487,244.71066636987277,53.604000000000006,0.22499999999999964
1189,2026-02-28 17:13:31.160,31.8253531,-106.5238531,245.29619413064495,53.748,0.12499999999999956
1190,2026-02-28 17:13:31.200,31.8253571,-106.5238575,245.90567615036989,53.784,0.11250000000000204
1191,2026-02-28 17:13:31.240,31.8253609,-106.5238619,246.4990872651169,53.676,0.18749999999999822
1192,2026-02-28 17:13:31.280,31.8253647,-106.5238663,247.092498368132,53.712,0.21249999999999547
1193,2026-02-28 17:13:31.320,31.8253686,-106.5238707,247.69389556298898,53.82,0.1124999999999976
1194,2026-02-28 17:13:31.360,31.8253726,-106.5238751,248.30337753408443,54.0,-0.012499999999997513
1195,2026-02-28 17:13:31.400,31.8253764,-106.5238795,248.89678860077026,53.928000000000004,0.012500000000001954
1196,2026-02-28 17:13:31.440,31.8253802,-106.5238839,249.49019965478152,53.82,0.14999999999999902
1197,2026-02-28 17:13:31.480,31.8253841,-106.5238883,250.09159680035526,53.82,0.2499999999999991
1198,2026-02-28 17:13:31.520,31.825388,-106.5238927,250.69299393469288,53.856,0.23749999999999938
1199,2026-02-28 17:13:31.560,31.8253919,-106.5238971,251.29439105593408,53.856,0.22499999999999964
1200,2026-02-28 17:13:31.600,31.8253957,-106.5239016,251.8944732294197,54.0,0.18750000000000266
1201,2026-02-28 17:13:31.640,31.8253996,-106.523906,252.49587032664033,54.0,0.12500000000000622
1202,2026-02-28 17:13:31.680,31.8254036,-106.5239105,253.1118493437331,54.0,0.15000000000000568
1203,2026-02-28 17:13:31.720,31.8254074,-106.5239148,253.69866576038606,53.856,0.26250000000000107
1204,2026-02-28 17:13:31.760,31.8254112,-106.5239193,254.29874788318486,53.928000000000004,0.3874999999999962
1205,2026-02-28 17:13:31.800,31.8254151,-106.5239237,254.9001449320523,54.036,0.37499999999999867
1206,2026-02-28 17:13:31.840,31.8254191,-106.5239282,255.51612389976637,54.144,0.23749999999999938
1207,2026-02-28 17:13:31.880,31.825423,-106.5239327,256.12410446698476,54.216,0.08750000000000036
1208,2026-02-28 17:13:31.920,31.8254268,-106.5239371,256.7175153733863,54.144,0.050000000000003375
1209,2026-02-28 17:13:31.960,31.8254306,-106.5239415,257.3109262689985,54.216,0.10000000000000231
1210,2026-02-28 17:13:32.000,31.8254346,-106.5239459,257.920408049247,54.18000000000001,0.18749999999999822
1211,2026-02-28 17:13:32.040,31.8254385,-106.5239504,258.528388566437,54.18000000000001,0.2624999999999944
1212,2026-02-28 17:13:32.080,31.8254424,-106.5239549,259.1363690710392,54.252,0.2624999999999966
1213,2026-02-28 17:13:32.120,31.8254463,-106.5239593,259.7377660225764,54.36,0.20000000000000018
1214,2026-02-28 17:13:32.160,31.8254503,-106.5239638,260.3537448908958,54.54,0.08750000000000036
1215,2026-02-28 17:13:32.200,31.8254542,-106.5239683,260.9617253574119,54.504000000000005,0.06249999999999867
1216,2026-02-28 17:13:32.240,31.825458,-106.5239727,261.5551361654552,54.36,0.1750000000000007
1217,2026-02-28 17:13:32.280,31.8254619,-106.5239772,262.1631166071185,54.252,0.3000000000000025
1218,2026-02-28 17:13:32.320,31.8254658,-106.5239816,262.7645134978243,54.252,0.3125
1219,2026-02-28 17:13:32.360,31.8254697,-106.5239861,263.372493914312,54.396,0.2124999999999999
1220,2026-02-28 17:13:32.400,31.8254735,-106.5239906,263.9725758333823,54.54,0.15000000000000346
1221,2026-02-28 17:13:32.440,31.8254775,-106.523995,264.58205748157684,54.576,0.13750000000000595
1222,2026-02-28 17:13:32.480,31.8254814,-106.5239995,265.1900378603012,54.612,0.12500000000000178
1223,2026-02-28 17:13:32.520,31.8254854,-106.5240041,265.8125896467325,54.576,0.1749999999999985
1224,2026-02-28 17:13:32.560,31.8254893,-106.5240086,266.42056999995845,54.576,0.18750000000000044
1225,2026-02-28 17:13:32.600,31.8254932,-106.5240131,267.0285503405966,54.648,0.12499999999999956
1226,2026-02-28 17:13:32.640,31.8254972,-106.5240175,267.63803192815095,54.72,0.10000000000000009
1227,2026-02-28 17:13:32.680,31.8255011,-106.524022,268.24601224329075,54.75600000000001,0.1124999999999976
1228,2026-02-28 17:13:32.720,31.825505,-106.5240265,268.85399254584274,54.648,0.16249999999999432
1229,2026-02-28 17:13:32.760,31.8255089,-106.5240309,269.4553893020953,54.612,0.23749999999999494
1230,2026-02-28 17:13:32.800,31.8255127,-106.5240354,270.05547109297675,54.75600000000001,0.2624999999999944
1231,2026-02-28 17:13:32.840,31.8255167,-106.52404,270.6780227763138,54.75600000000001,0.24999999999999467
1232,2026-02-28 17:13:32.880,31.8255206,-106.5240445,271.2860030285146,54.792,0.21249999999999547
1233,2026-02-28 17:13:32.920,31.8255246,-106.5240491,271.90855468583106,54.9,0.12499999999999734
1234,2026-02-28 17:13:32.960,31.8255285,-106.5240536,272.5165349125335,54.792,0.08749999999999813
1235,2026-02-28 17:13:33.000,31.8255324,-106.5240581,273.1245151266481,54.792,0.12499999999999734
1236,2026-02-28 17:13:33.040,31.8255363,-106.5240625,273.7259117974245,54.864000000000004,0.14999999999999902
1237,2026-02-28 17:13:33.080,31.8255403,-106.524067,274.34189037902814,54.936,0.1625000000000032
1238,2026-02-28 17:13:33.120,31.8255442,-106.5240716,274.9565291203985,54.936,0.15000000000000346
1239,2026-02-28 17:13:33.160,31.825548,-106.5240761,275.5566107958445,55.007999999999996,0.11250000000000204
1240,2026-02-28 17:13:33.200,31.8255521,-106.5240807,276.1871724476497,55.116,0.050000000000001155
1241,2026-02-28 17:13:33.240,31.8255559,-106.5240852,276.78725409726167,55.116,0.0
1242,2026-02-28 17:13:33.280,31.8255598,-106.5240897,277.3952342229388,55.044,-0.012499999999999734
1243,2026-02-28 17:13:33.320,31.8255638,-106.5240941,278.004715605486,55.007999999999996,0.012500000000004174
1244,2026-02-28 17:13:33.360,31.8255678,-106.5240986,278.62069409948197,54.936,0.10000000000000453
1245,2026-02-28 17:13:33.400,31.8255717,-106.5241032,279.2353327491081,55.007999999999996,0.12500000000000178
1246,2026-02-28 17:13:33.440,31.8255756,-106.5241077,279.84331282378844,55.080000000000005,0.10000000000000009
1247,2026-02-28 17:13:33.480,31.8255796,-106.5241124,280.472510840192,55.188,0.06249999999999867
1248,2026-02-28 17:13:33.520,31.8255835,-106.5241168,281.0739073637248,55.116,0.03750000000000142
1249,2026-02-28 17:13:33.560,31.8255874,-106.5241215,281.6952771466959,55.152,0.025000000000001688
1250,2026-02-28 17:13:33.600,31.8255914,-106.5241259,282.3047584442851,55.116,-0.03750000000000142
1251,2026-02-28 17:13:33.640,31.8255953,-106.5241305,282.919397015178,55.116,-0.06250000000000311
1252,2026-02-28 17:13:33.680,31.8255993,-106.524135,283.53537540882326,55.007999999999996,0.06249999999999867
1253,2026-02-28 17:13:33.720,31.8256032,-106.5241396,284.15001395336054,55.080000000000005,0.1499999999999968
1254,2026-02-28 17:13:33.760,31.8256072,-106.5241441,284.76599232183844,55.152,0.0749999999999984
1255,2026-02-28 17:13:33.800,31.8256111,-106.5241486,285.37397228193726,55.152,0.050000000000001155
1256,2026-02-28 17:13:33.840,31.8256151,-106.5241531,285.98995062524784,55.224000000000004,0.08749999999999813
1257,2026-02-28 17:13:33.880,31.8256191,-106.5241577,286.61250197130494,55.224000000000004,0.049999999999998934
1258,2026-02-28 17:13:33.920,31.825623,-106.5241622,287.2204818929947,55.188,-0.012500000000001954
1259,2026-02-28 17:13:33.960,31.825627,-106.5241667,287.83646019746624,55.152,0.049999999999998934
1260,2026-02-28 17:13:34.000,31.8256309,-106.5241712,288.4444400936576,55.007999999999996,0.21250000000000435
1261,2026-02-28 17:13:34.040,31.8256347,-106.5241757,289.0445214853044,55.044,0.27500000000000746
1262,2026-02-28 17:13:34.080,31.8256387,-106.5241802,289.66049975343157,55.26,0.15000000000000568
1263,2026-02-28 17:13:34.120,31.8256428,-106.5241848,290.2910611105747,55.26,0.0875000000000048
1264,2026-02-28 17:13:34.160,31.8256468,-106.5241893,290.9070393528973,55.188,0.1750000000000007
1265,2026-02-28 17:13:34.200,31.8256507,-106.5241938,291.5150191851812,55.26,0.18749999999999822
1266,2026-02-28 17:13:34.240,31.8256547,-106.5241984,292.1375704139806,55.368,0.08750000000000258
1267,2026-02-28 17:13:34.280,31.8256586,-106.5242029,292.745550220766,55.224000000000004,0.07500000000000284
1268,2026-02-28 17:13:34.320,31.8256626,-106.5242073,293.3550312991879,55.152,0.22499999999999964
1269,2026-02-28 17:13:34.360,31.8256666,-106.5242118,293.97100947843285,55.332,0.2874999999999983
1270,2026-02-28 17:13:34.400,31.8256705,-106.5242164,294.58564779844664,55.440000000000005,0.22499999999999742
1271,2026-02-28 17:13:34.440,31.8256745,-106.5242209,295.20162595252424,55.404,0.18749999999999822
1272,2026-02-28 17:13:34.480,31.8256784,-106.5242255,295.81626424618236,55.332,0.1749999999999985
1273,2026-02-28 17:13:34.520,31.8256824,-106.52423,296.4322423750925,55.440000000000005,0.14999999999999458
1274,2026-02-28 17:13:34.560,31.8256864,-106.5242346,297.05479349919693,55.512,0.09999999999999565
1275,2026-02-28 17:13:34.600,31.8256905,-106.5242391,297.67886606495887,55.476,0.12499999999999956
1276,2026-02-28 17:13:34.640,31.8256945,-106.5242437,298.3014171626667,55.404,0.2124999999999999
1277,2026-02-28 17:13:34.680,31.8256985,-106.5242482,298.91739524028645,55.404,0.26249999999999885
1278,2026-02-28 17:13:34.720,31.8257024,-106.5242528,299.53203345387664,55.62,0.2375000000000016
1279,2026-02-28 17:13:34.760,31.8257064,-106.5242573,300.14801150632894,55.692,0.1625000000000032
1280,2026-02-28 17:13:34.800,31.8257104,-106.5242619,300.77056255138314,55.728,0.12500000000000178
1281,2026-02-28 17:13:34.840,31.8257144,-106.5242664,301.38654057834947,55.656000000000006,0.14999999999999902
1282,2026-02-28 17:13:34.880,31.8257185,-106.524271,302.01710168932243,55.583999999999996,0.2375000000000016
1283,2026-02-28 17:13:34.920,31.8257225,-106.5242755,302.63307969048424,55.62,0.31250000000000666
1284,2026-02-28 17:13:34.960,31.8257264,-106.5242801,303.2477178240065,55.62,0.33750000000000613
1285,2026-02-28 17:13:35.000,31.8257304,-106.5242846,303.86369580000087,55.728,0.3000000000000047
1286,2026-02-28 17:13:35.040,31.8257344,-106.5242892,304.48624676628765,55.764,0.25000000000000133
1287,2026-02-28 17:13:35.080,31.8257384,-106.5242937,305.1022247165102,55.800000000000004,0.22499999999999964
1288,2026-02-28 17:13:35.120,31.8257425,-106.5242983,305.7327857494371,55.908,0.18749999999999822
1289,2026-02-28 17:13:35.160,31.8257465,-106.5243028,306.34876367414097,55.872,0.26249999999999885
1290,2026-02-28 17:13:35.200,31.8257505,-106.5243075,306.97796110910895,55.908,0.3499999999999992
1291,2026-02-28 17:13:35.240,31.8257545,-106.5243121,307.6005120089082,55.908,0.349999999999997
1292,2026-02-28 17:13:35.280,31.8257586,-106.5243166,308.2245843605347,56.016000000000005,0.29999999999999805
1293,2026-02-28 17:13:35.320,31.8257626,-106.5243212,308.84713523393737,56.088,0.23749999999999716
1294,2026-02-28 17:13:35.360,31.8257666,-106.5243258,309.46968609416496,56.124,0.24999999999999467
1295,2026-02-28 17:13:35.400,31.8257706,-106.5243303,310.0856639418064,56.088,0.29999999999999805
1296,2026-02-28 17:13:35.440,31.8257747,-106.5243349,310.71622487002134,56.124,0.3125000000000022
1297,2026-02-28 17:13:35.480,31.8257787,-106.5243396,311.3454222090471,56.088,0.33749999999999947
1298,2026-02-28 17:13:35.520,31.8257827,-106.524344,311.9549029177773,56.16,0.36250000000000115
1299,2026-02-28 17:13:35.560,31.8257869,-106.5243488,312.6066013670378,56.376000000000005,0.30000000000000027
1300,2026-02-28 17:13:35.600,31.8257909,-106.5243533,313.2225791502944,56.412,0.2499999999999969
1301,2026-02-28 17:13:35.640,31.8257949,-106.524358,313.85177643420445,56.412,0.26250000000000107
1302,2026-02-28 17:13:35.680,31.8257991,-106.5243626,314.4904409534801,56.376000000000005,0.2749999999999986
1303,2026-02-28 17:13:35.720,31.8258031,-106.5243672,315.11299169348524,56.412,0.2749999999999986
1304,2026-02-28 17:13:35.760,31.8258071,-106.5243717,315.72896942484675,56.519999999999996,0.3000000000000025
1305,2026-02-28 17:13:35.800,31.8258113,-106.5243763,316.3676339052418,56.556000000000004,0.33749999999999947
1306,2026-02-28 17:13:35.840,31.8258153,-106.524381,316.9968311194669,56.556000000000004,0.349999999999997
1307,2026-02-28 17:13:35.880,31.8258194,-106.5243856,317.62739190232077,56.628,0.32499999999999973
1308,2026-02-28 17:13:35.920,31.8258234,-106.5243902,318.2499425754624,56.664,0.3125
1309,2026-02-28 17:13:35.960,31.8258276,-106.5243949,318.8950875281629,56.736,0.2874999999999983
1310,2026-02-28 17:13:36.000,31.8258316,-106.5243995,319.51763817429566,56.772,0.21250000000000213
1311,2026-02-28 17:13:36.040,31.8258358,-106.5244041,320.15630257573986,56.808,0.17500000000000293
1312,2026-02-28 17:13:36.080,31.8258399,-106.5244088,320.793426247336,56.772,0.20000000000000018
1313,2026-02-28 17:13:36.120,31.825844,-106.5244133,321.41749833042803,56.808,0.18750000000000044
1314,2026-02-28 17:13:36.160,31.8258481,-106.5244181,322.06125698971636,56.988,0.08750000000000258
1315,2026-02-28 17:13:36.200,31.8258522,-106.5244226,322.6853290458181,57.06,0.012500000000001954
1316,2026-02-28 17:13:36.240,31.8258563,-106.5244273,323.3224526625955,57.06,-0.025000000000001688
1317,2026-02-28 17:13:36.280,31.8258604,-106.524432,323.959576265314,57.06,-0.025000000000001688
1318,2026-02-28 17:13:36.320,31.8258646,-106.5244366,324.598240574291,57.132,-0.012500000000001954
1319,2026-02-28 17:13:36.360,31.8258687,-106.5244413,325.2353641494058,57.096,0.0
1320,2026-02-28 17:13:36.400,31.8258728,-106.5244459,325.86592475832043,57.024,0.025000000000001688
1321,2026-02-28 17:13:36.440,31.8258769,-106.5244505,326.49648535418834,57.06,-0.024999999999999467
1322,2026-02-28 17:13:36.480,31.825881,-106.5244552,327.1336088876932,57.096,-0.049999999999996714
1323,2026-02-28 17:13:36.520,31.8258851,-106.5244598,327.7641694568953,57.024,0.012499999999999734
1324,2026-02-28 17:13:36.560,31.8258892,-106.5244645,328.4012929619112,57.024,0.06249999999999645
1325,2026-02-28 17:13:36.600,31.8258933,-106.5244691,329.0318535053749,57.06,0.07500000000000062
1326,2026-02-28 17:13:36.640,31.8258974,-106.5244737,329.66241403429194,56.988,0.03750000000000142
1327,2026-02-28 17:13:36.680,31.8259016,-106.5244784,330.3075587417388,57.06,-0.025000000000001688
1328,2026-02-28 17:13:36.720,31.8259057,-106.524483,330.9381192436648,57.096,-0.11249999999999982
1329,2026-02-28 17:13:36.760,31.8259099,-106.5244876,331.57678340719843,57.132,-0.1374999999999993
1330,2026-02-28 17:13:36.800,31.825914,-106.5244923,332.2139068301103,57.06,-0.050000000000001155
1331,2026-02-28 17:13:36.840,31.8259181,-106.5244969,332.84446729171236,56.952000000000005,0.049999999999996714
1332,2026-02-28 17:13:36.880,31.8259223,-106.5245015,333.48313141543366,57.06,0.012499999999997513
1333,2026-02-28 17:13:36.920,31.8259264,-106.5245062,334.1202547966829,57.096,-0.12499999999999734
1334,2026-02-28 17:13:36.960,31.8259306,-106.5245108,334.7589188937556,57.132,-0.18749999999999822
1335,2026-02-28 17:13:37.000,31.8259347,-106.5245155,335.39604224711775,57.168000000000006,-0.21250000000000213
1336,2026-02-28 17:13:37.040,31.8259388,-106.5245201,336.02660264140474,56.988,-0.15000000000000124
1337,2026-02-28 17:13:37.080,31.825943,-106.5245246,336.65886125969007,56.988,-0.049999999999996714
1338,2026-02-28 17:13:37.120,31.8259471,-106.5245292,337.28942162727225,56.844,-0.024999999999997247
1339,2026-02-28 17:13:37.160,31.8259513,-106.5245338,337.92808565788397,56.988,-0.10000000000000009
1340,2026-02-28 17:13:37.200,31.8259554,-106.5245385,338.56520894169637,57.06,-0.2124999999999999
1341,2026-02-28 17:13:37.240,31.8259595,-106.524543,339.1892806603998,57.096,-0.27499999999999636
1342,2026-02-28 17:13:37.280,31.8259637,-106.5245476,339.8279446521148,56.952000000000005,-0.22499999999999964
1343,2026-02-28 17:13:37.320,31.8259678,-106.5245522,340.4585049523819,56.844,-0.11250000000000426
1344,2026-02-28 17:13:37.360,31.8259719,-106.5245568,341.0890652390297,56.844,-0.10000000000000009
1345,2026-02-28 17:13:37.400,31.8259761,-106.5245615,341.73420969899024,56.844,-0.16249999999999654
1346,2026-02-28 17:13:37.440,31.8259802,-106.524566,342.3582813528929,56.88,-0.23749999999999716
1347,2026-02-28 17:13:37.480,31.8259842,-106.5245706,342.9808314973349,56.952000000000005,-0.23749999999999938
1348,2026-02-28 17:13:37.520,31.8259885,-106.5245751,343.62136565475083,56.808,-0.18749999999999822
1349,2026-02-28 17:13:37.560,31.8259926,-106.5245798,344.258488812354,56.736,-0.13749999999999485
1350,2026-02-28 17:13:37.600,31.8259967,-106.5245844,344.88904901864004,56.7,-0.08749999999999591
1351,2026-02-28 17:13:37.640,31.8260008,-106.5245889,345.5131206083946,56.664,-0.06249999999999867
1352,2026-02-28 17:13:37.680,31.8260049,-106.5245934,346.1371921855462,56.736,-0.10000000000000009
1353,2026-02-28 17:13:37.720,31.8260091,-106.5245981,346.78233653600876,56.736,-0.1749999999999985
1354,2026-02-28 17:13:37.760,31.8260131,-106.5246027,347.4048865843211,56.664,-0.1749999999999985
1355,2026-02-28 17:13:37.800,31.8260172,-106.5246073,348.03544672365604,56.556000000000004,-0.1375000000000015
1356,2026-02-28 17:13:37.840,31.8260213,-106.5246118,348.65951824923866,56.484,-0.10000000000000009
1357,2026-02-28 17:13:37.880,31.8260254,-106.5246163,349.28358976163986,56.664,-0.0749999999999984
1358,2026-02-28 17:13:37.920,31.8260295,-106.5246208,349.90766126052137,56.556000000000004,-0.024999999999999467
1359,2026-02-28 17:13:37.960,31.8260336,-106.5246254,350.5382213474519,56.592000000000006,0.012499999999999734
1360,2026-02-28 17:13:38.000,31.8260378,-106.52463,351.17688510062953,56.592000000000006,0.0
1361,2026-02-28 17:13:38.040,31.8260418,-106.5246346,351.7994350541274,56.592000000000006,-0.03750000000000142
1362,2026-02-28 17:13:38.080,31.826046,-106.5246393,352.4445792824378,56.519999999999996,-0.03750000000000142
1363,2026-02-28 17:13:38.120,31.8260501,-106.5246438,353.0686507171711,56.448,-0.024999999999999467
1364,2026-02-28 17:13:38.160,31.8260542,-106.5246483,353.69272213838474,56.448,-0.024999999999999467
1365,2026-02-28 17:13:38.200,31.8260583,-106.5246529,354.3232821449922,56.376000000000005,0.0374999999999992
1366,2026-02-28 17:13:38.240,31.8260623,-106.5246574,354.9392590627044,56.376000000000005,0.0749999999999984
1367,2026-02-28 17:13:38.280,31.8260663,-106.524662,355.5618089367268,56.556000000000004,0.012499999999997513
1368,2026-02-28 17:13:38.320,31.8260704,-106.5246666,356.1923689030583,56.592000000000006,-0.06250000000000311
1369,2026-02-28 17:13:38.360,31.8260745,-106.5246712,356.82292885634314,56.592000000000006,-0.050000000000001155
1370,2026-02-28 17:13:38.400,31.8260786,-106.5246758,357.45348879600874,56.592000000000006,-0.024999999999999467
1371,2026-02-28 17:13:38.440,31.8260827,-106.5246803,358.0775601285222,56.484,0.012500000000001954
1372,2026-02-28 17:13:38.480,31.8260868,-106.5246849,358.7081200415218,56.519999999999996,0.025000000000001688
1373,2026-02-28 17:13:38.520,31.826091,-106.5246894,359.3403782007474,56.376000000000005,0.08749999999999813
1374,2026-02-28 17:13:38.560,31.8260949,-106.524694,359.9550151048875,56.448,0.1499999999999968
1375,2026-02-28 17:13:38.600,31.8260991,-106.5246985,360.5872732386804,56.484,0.1124999999999976
1376,2026-02-28 17:13:38.640,31.8261031,-106.5247032,361.2164694740263,56.484,0.08750000000000036
1377,2026-02-28 17:13:38.680,31.8261073,-106.5247076,361.84239953737585,56.484,0.03750000000000142
1378,2026-02-28 17:13:38.720,31.8261113,-106.5247123,362.4715957448235,56.484,0.03750000000000142
1379,2026-02-28 17:13:38.760,31.8261153,-106.5247169,363.09414545651083,56.556000000000004,0.050000000000001155
1380,2026-02-28 17:13:38.800,31.8261195,-106.5247215,363.732808947086,56.556000000000004,0.03749999999999698
1381,2026-02-28 17:13:38.840,31.8261235,-106.524726,364.3487856707577,56.556000000000004,0.0874999999999937
1382,2026-02-28 17:13:38.880,31.8261277,-106.5247307,364.9939296276904,56.519999999999996,0.12499999999999956
1383,2026-02-28 17:13:38.920,31.8261317,-106.5247353,365.6164792853596,56.628,0.0875000000000048
1384,2026-02-28 17:13:38.960,31.8261359,-106.5247398,366.248737304935,56.628,0.03750000000000364
1385,2026-02-28 17:13:39.000,31.8261399,-106.5247444,366.8712869355951,56.628,0.050000000000001155
1386,2026-02-28 17:13:39.040,31.8261441,-106.524749,367.5099503471874,56.592000000000006,0.08749999999999591
1387,2026-02-28 17:13:39.080,31.8261481,-106.5247536,368.13249995083834,56.484,0.12499999999999734
1388,2026-02-28 17:13:39.120,31.8261521,-106.5247581,368.7484765833968,56.592000000000006,0.13749999999999707
1389,2026-02-28 17:13:39.160,31.8261563,-106.5247628,369.39362044543094,56.592000000000006,0.11249999999999316
1390,2026-02-28 17:13:39.200,31.8261603,-106.5247672,370.00309999182684,56.628,0.14999999999999902
1391,2026-02-28 17:13:39.240,31.8261645,-106.5247719,370.6482438266523,56.736,0.13750000000000373
1392,2026-02-28 17:13:39.280,31.8261685,-106.5247765,371.2707933631099,56.7,0.049999999999998934
1393,2026-02-28 17:13:39.320,31.8261725,-106.5247811,371.8933428861094,56.7,-0.03750000000000142
1394,2026-02-28 17:13:39.360,31.8261767,-106.5247857,372.53200619332273,56.664,-0.049999999999998934
1395,2026-02-28 17:13:39.400,31.8261809,-106.5247903,373.1706694876773,56.736,0.050000000000001155
1396,2026-02-28 17:13:39.440,31.8261849,-106.5247949,373.79321897011664,56.736,0.11250000000000426
1397,2026-02-28 17:13:39.480,31.8261889,-106.5247995,374.4157684390979,56.7,0.11250000000000204
1398,2026-02-28 17:13:39.520,31.8261931,-106.5248041,375.0544316936559,56.772,0.10000000000000231
1399,2026-02-28 17:13:39.560,31.8261971,-106.5248086,375.67040818285426,56.736,0.0875000000000048
1400,2026-02-28 17:13:39.600,31.8262013,-106.5248133,376.31555189557236,56.916000000000004,-0.012500000000001954
1401,2026-02-28 17:13:39.640,31.8262053,-106.5248179,376.93810131081824,56.844,-0.06250000000000311
1402,2026-02-28 17:13:39.680,31.8262095,-106.5248225,377.57676451243134,56.736,0.03750000000000142
1403,2026-02-28 17:13:39.720,31.8262135,-106.5248271,378.1993139006681,56.556000000000004,0.1750000000000007
1404,2026-02-28 17:13:39.760,31.8262175,-106.5248316,378.81529032459065,56.664,0.26249999999999885
1405,2026-02-28 17:13:39.800,31.8262217,-106.5248363,379.46043396990535,56.88,0.20000000000000018
1406,2026-02-28 17:13:39.840,31.8262259,-106.5248409,380.0990971188631,56.916000000000004,0.11249999999999982
1407,2026-02-28 17:13:39.880,31.8262299,-106.5248455,380.7216464530815,56.844,0.09999999999999787
1408,2026-02-28 17:13:39.920,31.8262341,-106.52485,381.35390416786936,56.916000000000004,0.08749999999999813
1409,2026-02-28 17:13:39.960,31.8262381,-106.5248547,381.9830999439133,56.844,0.1374999999999993
1410,2026-02-28 17:13:40.000,31.8262421,-106.5248593,382.60564923794743,56.772,0.2124999999999999
1411,2026-02-28 17:13:40.040,31.8262463,-106.5248639,383.244312321407,56.808,0.2124999999999977
1412,2026-02-28 17:13:40.080,31.8262503,-106.5248685,383.86686158843196,56.88,0.17499999999999627
1413,2026-02-28 17:13:40.120,31.8262545,-106.524873,384.4991192399034,56.916000000000004,0.21249999999999547
1414,2026-02-28 17:13:40.160,31.8262587,-106.5248778,385.1508160727673,57.06,0.2249999999999952
1415,2026-02-28 17:13:40.200,31.8262627,-106.5248824,385.77336529894916,57.06,0.13749999999999707
1416,2026-02-28 17:13:40.240,31.8262668,-106.524887,386.4039246275246,57.06,0.0749999999999984
1417,2026-02-28 17:13:40.280,31.826271,-106.5248916,387.0425876316799,56.988,0.11250000000000204
1418,2026-02-28 17:13:40.320,31.8262751,-106.5248962,387.6731469326229,57.024,0.21250000000000213
1419,2026-02-28 17:13:40.360,31.8262791,-106.5249009,388.30234256917487,57.132,0.22499999999999964
1420,2026-02-28 17:13:40.400,31.8262833,-106.5249055,388.9410055338386,57.096,0.22500000000000187
1421,2026-02-28 17:13:40.440,31.8262873,-106.5249101,389.5635546789929,57.096,0.25000000000000355
1422,2026-02-28 17:13:40.480,31.8262915,-106.5249148,390.20869809241475,57.096,0.2625000000000055
1423,2026-02-28 17:13:40.520,31.8262957,-106.5249196,390.8603947985152,57.312,0.22500000000000409
1424,2026-02-28 17:13:40.560,31.8262998,-106.5249242,391.49095401913473,57.312,0.15000000000000346
1425,2026-02-28 17:13:40.600,31.8263039,-106.5249289,392.12807613173663,57.204,0.15000000000000346
1426,2026-02-28 17:13:40.640,31.826308,-106.5249334,392.75214675488667,57.132,0.22500000000000187
1427,2026-02-28 17:13:40.680,31.8263122,-106.5249381,393.3972900996229,57.24,0.26249999999999885
1428,2026-02-28 17:13:40.720,31.8263163,-106.5249428,394.03441217056184,57.384,0.2249999999999952
1429,2026-02-28 17:13:40.760,31.8263205,-106.5249474,394.67307501607706,57.42,0.19999999999999796
1430,2026-02-28 17:13:40.800,31.8263246,-106.5249521,395.3101970581908,57.456,0.1749999999999985
1431,2026-02-28 17:13:40.840,31.8263288,-106.5249567,395.94885987768333,57.456,0.1124999999999976
1432,2026-02-28 17:13:40.880,31.8263329,-106.5249614,396.58598189219305,57.492000000000004,0.07499999999999618
1433,2026-02-28 17:13:40.920,31.8263371,-106.5249661,397.2311251543075,57.564,0.08749999999999813
1434,2026-02-28 17:13:40.960,31.8263412,-106.5249708,397.8682471418677,57.492000000000004,0.16249999999999654
1435,2026-02-28 17:13:41.000,31.8263454,-106.5249754,398.5069099071469,57.456,0.29999999999999805
1436,2026-02-28 17:13:41.040,31.8263495,-106.5249801,399.1440318655986,57.528000000000006,0.32499999999999973
1437,2026-02-28 17:13:41.080,31.8263537,-106.5249849,399.7957283739248,57.6,0.26249999999999885
1438,2026-02-28 17:13:41.120,31.8263578,-106.5249895,400.4262874059304,57.672,0.26250000000000107
1439,2026-02-28 17:13:41.160,31.826362,-106.5249941,401.0649501179119,57.708000000000006,0.2874999999999961
1440,2026-02-28 17:13:41.200,31.8263661,-106.5249988,401.70207202181,57.672,0.3375000000000039
1441,2026-02-28 17:13:41.240,31.8263703,-106.5250036,402.3537684723275,57.564,0.4125000000000134
1442,2026-02-28 17:13:41.280,31.8263744,-106.5250081,402.9778388863955,57.6,0.4250000000000065
1443,2026-02-28 17:13:41.320,31.8263786,-106.5250128,403.6229820110934,57.708000000000006,0.3874999999999984
1444,2026-02-28 17:13:41.360,31.8263828,-106.5250175,404.2681251215685,57.815999999999995,0.36249999999999893
1445,2026-02-28 17:13:41.400,31.826387,-106.5250222,404.9132682171812,57.996,0.33749999999999947
1446,2026-02-28 17:13:41.440,31.8263912,-106.5250269,405.5584112997838,57.924,0.36249999999999893
1447,2026-02-28 17:13:41.480,31.8263954,-106.5250316,406.20355436845017,57.96000000000001,0.40000000000000036
1448,2026-02-28 17:13:41.520,31.8263996,-106.5250364,406.85525071858444,58.068,0.3375000000000039
1449,2026-02-28 17:13:41.560,31.8264038,-106.525041,407.493913296648,58.13999999999999,0.2625000000000055
1450,2026-02-28 17:13:41.600,31.826408,-106.5250457,408.13905632350566,58.21200000000001,0.23749999999999716
1451,2026-02-28 17:13:41.640,31.8264123,-106.5250505,408.79878452594113,58.21200000000001,0.27499999999999414
1452,2026-02-28 17:13:41.680,31.8264165,-106.5250551,409.43744706293916,58.176,0.3000000000000025
1453,2026-02-28 17:13:41.720,31.8264207,-106.5250599,410.0891433407838,58.248,0.3000000000000025
1454,2026-02-28 17:13:41.760,31.8264249,-106.5250646,410.73428631063854,58.32,0.287500000000005
1455,2026-02-28 17:13:41.800,31.8264291,-106.5250694,411.3859825606406,58.464,0.2375000000000016
1456,2026-02-28 17:13:41.840,31.8264333,-106.5250742,412.0376787956007,58.5,0.19999999999999574
1457,2026-02-28 17:13:41.880,31.8264376,-106.525079,412.69740691212536,58.53600000000001,0.16249999999999876
1458,2026-02-28 17:13:41.920,31.8264418,-106.5250836,413.336069368182,58.464,0.18749999999999378
1459,2026-02-28 17:13:41.960,31.826446,-106.5250883,413.9812122680237,58.5,0.2874999999999961
1460,2026-02-28 17:13:42.000,31.8264502,-106.5250931,414.63290844573606,58.53600000000001,0.40000000000000036
1461,2026-02-28 17:13:42.040,31.8264545,-106.5250979,415.2926365053523,58.68000000000001,0.37499999999999645
1462,2026-02-28 17:13:42.080,31.8264587,-106.5251027,415.9443326530069,58.572,0.28749999999999165
1463,2026-02-28 17:13:42.120,31.8264629,-106.5251075,416.59602878627203,58.715999999999994,0.2124999999999977
1464,2026-02-28 17:13:42.160,31.8264672,-106.5251122,417.24928409276714,58.68000000000001,0.20000000000000018
1465,2026-02-28 17:13:42.200,31.8264714,-106.5251169,417.8944269092538,58.788,0.21250000000000213
1466,2026-02-28 17:13:42.240,31.8264757,-106.5251217,418.5541548971219,58.752,0.20000000000000462
1467,2026-02-28 17:13:42.280,31.8264799,-106.5251264,419.19929768540425,58.752,0.26250000000000107
1468,2026-02-28 17:13:42.320,31.8264842,-106.5251313,419.86556974179314,58.788,0.2625000000000055
1469,2026-02-28 17:13:42.360,31.8264883,-106.525136,420.502691235108,59.004000000000005,0.16250000000000764
1470,2026-02-28 17:13:42.400,31.8264926,-106.5251408,421.16241916578065,59.184000000000005,0.025000000000003908
1471,2026-02-28 17:13:42.440,31.826497,-106.5251456,421.8302679421384,59.11200000000001,-0.07500000000000284
1472,2026-02-28 17:13:42.480,31.8265011,-106.5251504,422.4740243366357,58.967999999999996,-0.024999999999999467
1473,2026-02-28 17:13:42.520,31.8265055,-106.5251552,423.1418730845763,58.932,0.06250000000000533
1474,2026-02-28 17:13:42.560,31.8265098,-106.52516,423.8016009570382,59.04,0.09999999999999787
1475,2026-02-28 17:13:42.600,31.826514,-106.5251648,424.4532969152319,59.04,0.1249999999999929
1476,2026-02-28 17:13:42.640,31.8265183,-106.5251695,425.1065520551894,59.076,0.11249999999999538
1477,2026-02-28 17:13:42.680,31.8265226,-106.5251743,425.76627988433165,59.184000000000005,0.03750000000000142
1478,2026-02-28 17:13:42.720,31.8265268,-106.5251791,426.41797579867176,59.11200000000001,4.440892098500626e-15
1479,2026-02-28 17:13:42.760,31.8265311,-106.5251839,427.0777035990471,59.148,0.03749999999999698
1480,2026-02-28 17:13:42.800,31.8265354,-106.5251887,427.7374313848697,59.11200000000001,0.03749999999999698
1481,2026-02-28 17:13:42.840,31.8265396,-106.5251935,428.38912725535624,58.967999999999996,0.0875000000000048
1482,2026-02-28 17:13:42.880,31.8265439,-106.5251983,429.0488550124119,59.04,0.12500000000000178
1483,2026-02-28 17:13:42.920,31.8265481,-106.5252031,429.7005508537769,59.04,0.16249999999999432
1484,2026-02-28 17:13:42.960,31.8265524,-106.5252078,430.3538058819903,59.22,0.1499999999999968
1485,2026-02-28 17:13:43.000,31.8265567,-106.5252126,431.01353359572624,59.22,0.03750000000000142
1486,2026-02-28 17:13:43.040,31.826561,-106.5252174,431.6732612949095,59.22,-0.024999999999995026
1487,2026-02-28 17:13:43.080,31.8265652,-106.5252222,432.32495707768885,59.148,-0.0749999999999984
1488,2026-02-28 17:13:43.120,31.8265695,-106.525227,432.9846847481051,59.148,-0.07500000000000728
1489,2026-02-28 17:13:43.160,31.8265737,-106.5252318,433.6363805017629,59.22,-0.07500000000000284
1490,2026-02-28 17:13:43.200,31.826578,-106.5252366,434.29610814341214,59.148,-0.10000000000000231
1491,2026-02-28 17:13:43.240,31.8265822,-106.5252414,434.94780386794844,59.184000000000005,-0.13750000000000373
1492,2026-02-28 17:13:43.280,31.8265865,-106.5252461,435.6010587844176,59.184000000000005,-0.15000000000000124
1493,2026-02-28 17:13:43.320,31.8265908,-106.5252509,436.26078638274714,59.364,-0.23749999999999716
1494,2026-02-28 17:13:43.360,31.8265952,-106.5252557,436.9286348308029,59.328,-0.3874999999999984
1495,2026-02-28 17:13:43.400,31.8265993,-106.5252605,437.5723908847116,59.22,-0.4125000000000023
1496,2026-02-28 17:13:43.440,31.8266037,-106.5252653,438.24023930435015,59.148,-0.38750000000000284
1497,2026-02-28 17:13:43.480,31.8266078,-106.5252701,438.8839953287781,59.004000000000005,-0.287500000000005
1498,2026-02-28 17:13:43.520,31.8266122,-106.5252749,439.55184371999945,59.076,-0.28750000000000053
1499,2026-02-28 17:13:43.560,31.8266165,-106.5252797,440.21157123135106,59.076,-0.4249999999999998
1500,2026-02-28 17:13:43.600,31.8266206,-106.5252844,440.8486922798628,59.004000000000005,-0.4375000000000018
1501,2026-02-28 17:13:43.640,31.8266248,-106.5252892,441.50038785873244,58.932,-0.3249999999999975
1502,2026-02-28 17:13:43.680,31.8266291,-106.525294,442.16011532744113,59.004000000000005,-0.2874999999999961
1503,2026-02-28 17:13:43.720,31.8266333,-106.5252988,442.81181087690544,58.86000000000001,-0.3125
1504,2026-02-28 17:13:43.760,31.8266377,-106.5253035,443.47326596373773,58.715999999999994,-0.33749999999999947
1505,2026-02-28 17:13:43.800,31.8266419,-106.5253083,444.1249614837379,58.644,-0.374999999999992
1506,2026-02-28 17:13:43.840,31.8266461,-106.525313,444.77010371990195,58.608000000000004,-0.4124999999999934
1507,2026-02-28 17:13:43.880,31.8266503,-106.5253177,445.4152459427692,58.715999999999994,-0.48749999999999627
1508,2026-02-28 17:13:43.920,31.8266546,-106.5253223,446.06210147895206,58.53600000000001,-0.4249999999999998
1509,2026-02-28 17:13:43.960,31.8266588,-106.5253271,446.7137969410516,58.391999999999996,-0.2624999999999966
1510,2026-02-28 17:13:44.000,31.8266629,-106.5253318,447.3509178474377,58.428000000000004,-0.24999999999999023
1511,2026-02-28 17:13:44.040,31.8266671,-106.5253366,448.0026132813846,58.572,-0.3874999999999984
1512,2026-02-28 17:13:44.080,31.8266713,-106.5253412,448.64127500029184,58.53600000000001,-0.48750000000000515
1513,2026-02-28 17:13:44.120,31.8266756,-106.525346,449.3010023116279,58.428000000000004,-0.5000000000000027
1514,2026-02-28 17:13:44.160,31.8266799,-106.5253507,449.954256921739,58.176,-0.4249999999999998
1515,2026-02-28 17:13:44.200,31.8266841,-106.5253553,450.59291859983847,58.104000000000006,-0.30000000000000693
1516,2026-02-28 17:13:44.240,31.8266883,-106.52536,451.2380606966152,57.96000000000001,-0.21250000000000657
1517,2026-02-28 17:13:44.280,31.8266925,-106.5253647,451.8832027785295,57.96000000000001,-0.18750000000000266
1518,2026-02-28 17:13:44.320,31.8266966,-106.5253694,452.5203235716853,58.068,-0.2375000000000016
1519,2026-02-28 17:13:44.360,31.8267008,-106.525374,453.15898519616564,58.104000000000006,-0.29999999999999805
1520,2026-02-28 17:13:44.400,31.8267051,-106.5253788,453.81871240766304,57.996,-0.3000000000000025
1521,2026-02-28 17:13:44.440,31.8267093,-106.5253835,454.46385443475816,57.888,-0.2500000000000058
1522,2026-02-28 17:13:44.480,31.8267134,-106.5253881,455.0944123100735,57.815999999999995,-0.23749999999999938
1523,2026-02-28 17:13:44.520,31.8267176,-106.5253928,455.73955430962775,57.708000000000006,-0.23749999999999716
1524,2026-02-28 17:13:44.560,31.8267218,-106.5253974,456.37821586668275,57.672,-0.22499999999999964
1525,2026-02-28 17:13:44.600,31.8267259,-106.525402,457.00877370134816,57.744,-0.2499999999999991
1526,2026-02-28 17:13:44.640,31.8267301,-106.5254067,457.65391565942525,57.708000000000006,-0.2750000000000008
1527,2026-02-28 17:13:44.680,31.8267344,-106.5254114,458.3071700903168,57.672,-0.23749999999999938
1528,2026-02-28 17:13:44.720,31.8267385,-106.5254161,458.94429074297403,57.672,-0.23749999999999494
1529,2026-02-28 17:13:44.760,31.8267428,-106.5254207,459.5911459995578,57.63600000000001,-0.28750000000000275
1530,2026-02-28 17:13:44.800,31.8267469,-106.5254253,460.22170376593135,57.6,-0.287500000000005
1531,2026-02-28 17:13:44.840,31.8267511,-106.52543,460.8668456543267,57.564,-0.27499999999999636
1532,2026-02-28 17:13:44.880,31.8267553,-106.5254346,461.5055071035327,57.456,-0.26249999999999885
1533,2026-02-28 17:13:44.920,31.8267594,-106.5254391,462.1295763081797,57.384,-0.25000000000000133
1534,2026-02-28 17:13:44.960,31.8267636,-106.5254438,462.77471815509784,57.348,-0.23749999999999716
1535,2026-02-28 17:13:45.000,31.8267677,-106.5254484,463.40527585411616,57.348,-0.2874999999999961
1536,2026-02-28 17:13:45.040,31.8267719,-106.525453,464.043937250024,57.312,-0.37499999999999867
1537,2026-02-28 17:13:45.080,31.826776,-106.5254576,464.67449492176445,57.384,-0.43749999999999956
1538,2026-02-28 17:13:45.120,31.8267802,-106.5254623,465.31963671388746,57.276,-0.42500000000000204
1539,2026-02-28 17:13:45.160,31.8267844,-106.525467,465.96477849178746,57.204,-0.3375000000000039
1540,2026-02-28 17:13:45.200,31.8267884,-106.5254715,466.58075309629254,57.204,-0.28750000000000053
1541,2026-02-28 17:13:45.240,31.8267927,-106.5254762,467.2340073367615,57.168000000000006,-0.275000000000003
1542,2026-02-28 17:13:45.280,31.8267968,-106.5254808,467.8645649411467,57.096,-0.3125
1543,2026-02-28 17:13:45.320,31.826801,-106.5254853,468.49682089641,57.024,-0.37499999999999645
1544,2026-02-28 17:13:45.360,31.8268051,-106.52549,469.13394132529424,57.024,-0.3875000000000006
1545,2026-02-28 17:13:45.400,31.8268092,-106.5254944,469.7515985328919,56.844,-0.3125
1546,2026-02-28 17:13:45.440,31.8268133,-106.5254991,470.38871893422447,56.736,-0.2124999999999977
1547,2026-02-28 17:13:45.480,31.8268174,-106.5255035,471.00637611691457,56.7,-0.15000000000000124
1548,2026-02-28 17:13:45.520,31.8268215,-106.5255081,471.63693364097537,56.736,-0.12499999999999956
1549,2026-02-28 17:13:45.560,31.8268257,-106.5255125,472.2628615519232,56.772,-0.19999999999999352
1550,2026-02-28 17:13:45.600,31.8268297,-106.5255172,472.8920553142377,56.808,-0.33749999999999725
1551,2026-02-28 17:13:45.640,31.826834,-106.5255218,473.5389102826157,56.772,-0.4125000000000001
1552,2026-02-28 17:13:45.680,31.8268381,-106.5255264,474.169467752407,56.592000000000006,-0.3375000000000017
1553,2026-02-28 17:13:45.720,31.8268422,-106.525531,474.80002520915133,56.448,-0.18750000000000266
1554,2026-02-28 17:13:45.760,31.8268462,-106.5255355,475.4159996301586,56.484,-0.20000000000000018
1555,2026-02-28 17:13:45.800,31.8268503,-106.52554,476.04006854897034,56.484,-0.26249999999999885
1556,2026-02-28 17:13:45.840,31.8268544,-106.5255446,476.670625965754,56.484,-0.20000000000000018
1557,2026-02-28 17:13:45.880,31.8268585,-106.5255491,477.2946948587809,56.519999999999996,-0.16249999999999876
1558,2026-02-28 17:13:45.920,31.8268626,-106.5255537,477.9252522488981,56.556000000000004,-0.22500000000000187
1559,2026-02-28 17:13:45.960,31.8268668,-106.5255583,478.5639133403965,56.376000000000005,-0.23750000000000382
1560,2026-02-28 17:13:46.000,31.8268709,-106.5255628,479.1879821941422,56.232,-0.1374999999999993
1561,2026-02-28 17:13:46.040,31.826875,-106.5255674,479.8185395442208,56.16,-0.08749999999999591
1562,2026-02-28 17:13:46.080,31.826879,-106.5255719,480.4345138610188,56.232,-0.17499999999999627
1563,2026-02-28 17:13:46.120,31.826883,-106.5255764,481.05048816478757,56.268,-0.22499999999999742
1564,2026-02-28 17:13:46.160,31.8268871,-106.525581,481.68104547551695,56.088,-0.11249999999999982
1565,2026-02-28 17:13:46.200,31.8268912,-106.5255855,482.30511426542915,56.124,-0.08750000000000258
1566,2026-02-28 17:13:46.240,31.8268954,-106.52559,482.9373699270825,56.268,-0.1749999999999985
1567,2026-02-28 17:13:46.280,31.8268993,-106.5255946,483.55200414851544,56.268,-0.22499999999999742
1568,2026-02-28 17:13:46.320,31.8269034,-106.5255991,484.1760728991479,56.16,-0.22499999999999742
1569,2026-02-28 17:13:46.360,31.8269075,-106.5256037,484.8066301444638,56.088,-0.18750000000000044
1570,2026-02-28 17:13:46.400,31.8269115,-106.5256082,485.42260435679356,56.124,-0.2000000000000024
1571,2026-02-28 17:13:46.440,31.8269157,-106.5256128,486.0612652919128,56.016000000000005,-0.15000000000000124
1572,2026-02-28 17:13:46.480,31.8269197,-106.5256172,486.6707425006818,55.872,-0.025000000000001688
1573,2026-02-28 17:13:46.520,31.8269237,-106.5256218,487.29328954936165,55.980000000000004,-0.012500000000001954
1574,2026-02-28 17:13:46.560,31.8269278,-106.5256262,487.9109463979083,56.052,-0.10000000000000231
1575,2026-02-28 17:13:46.600,31.8269319,-106.5256308,488.54150356294775,55.908,-0.10000000000000231
1576,2026-02-28 17:13:46.640,31.8269359,-106.5256353,489.157477698186,55.980000000000004,-0.07500000000000506
1577,2026-02-28 17:13:46.680,31.8269401,-106.5256398,489.7897332210998,55.908,-0.06250000000000311
1578,2026-02-28 17:13:46.720,31.826944,-106.5256444,490.40436729340206,55.872,-0.025000000000001688
1579,2026-02-28 17:13:46.760,31.8269481,-106.525649,491.03492440547274,55.836,0.012499999999999734
1580,2026-02-28 17:13:46.800,31.8269522,-106.5256536,491.6654815044964,55.800000000000004,0.0374999999999992
1581,2026-02-28 17:13:46.840,31.8269562,-106.5256581,492.28145557534816,55.908,-2.220446049250313e-15
1582,2026-02-28 17:13:46.880,31.8269602,-106.5256626,492.89742963317065,55.908,-0.012499999999999734
1583,2026-02-28 17:13:46.920,31.8269644,-106.5256671,493.52968508156704,55.908,-0.025000000000001688
1584,2026-02-28 17:13:46.960,31.8269683,-106.5256717,494.1443190718468,55.836,-0.012499999999999734
1585,2026-02-28 17:13:47.000,31.8269723,-106.5256762,494.76029309140654,55.836,0.012500000000001954
1586,2026-02-28 17:13:47.040,31.8269764,-106.5256806,495.3779497911319,55.836,0.025000000000001688
1587,2026-02-28 17:13:47.080,31.8269805,-106.5256853,496.01506963067857,55.872,-0.012499999999997513
1588,2026-02-28 17:13:47.120,31.8269845,-106.5256897,496.6245466396859,55.836,-0.09999999999999565
1589,2026-02-28 17:13:47.160,31.8269885,-106.5256944,497.2537398626657,55.908,-0.12499999999999734
1590,2026-02-28 17:13:47.200,31.8269925,-106.5256988,497.8632168473357,55.836,-0.0749999999999984
1591,2026-02-28 17:13:47.240,31.8269966,-106.5257035,498.5003366327868,55.872,-0.03749999999999698
1592,2026-02-28 17:13:47.280,31.8270006,-106.5257079,499.10981359252264,55.908,-0.012500000000001954
1593,2026-02-28 17:13:47.320,31.8270048,-106.5257124,499.7420689152332,55.836,0.049999999999996714
1594,2026-02-28 17:13:47.360,31.8270088,-106.525717,500.3646156838889,55.872,0.0
1595,2026-02-28 17:13:47.400,31.8270127,-106.5257217,500.98598055654526,55.836,-0.11249999999999982
1596,2026-02-28 17:13:47.440,31.8270168,-106.5257261,501.60363713355486,55.908,-0.16249999999999876
1597,2026-02-28 17:13:47.480,31.8270209,-106.5257308,502.2407568373586,55.764,-0.1375000000000015
1598,2026-02-28 17:13:47.520,31.8270249,-106.5257352,502.8502337222921,55.656000000000006,-0.03750000000000586
1599,2026-02-28 17:13:47.560,31.8270288,-106.5257397,503.4582091064793,55.728,0.012499999999997513
1600,2026-02-28 17:13:47.600,31.8270329,-106.5257442,504.08227745081393,55.800000000000004,-0.049999999999998934
1601,2026-02-28 17:13:47.640,31.8270369,-106.5257489,504.71147050817274,55.800000000000004,-0.09999999999999787
1602,2026-02-28 17:13:47.680,31.8270409,-106.5257533,505.32094734477135,55.943999999999996,-0.16249999999999876
1603,2026-02-28 17:13:47.720,31.8270449,-106.525758,505.95014037491177,55.943999999999996,-0.22499999999999964
1604,2026-02-28 17:13:47.760,31.827049,-106.5257626,506.58069715885426,55.764,-0.2000000000000024
1605,2026-02-28 17:13:47.800,31.827053,-106.5257672,507.2032437828608,55.62,-0.1375000000000015
1606,2026-02-28 17:13:47.840,31.8270571,-106.5257717,507.8273120513873,55.656000000000006,-0.049999999999998934
1607,2026-02-28 17:13:47.880,31.8270611,-106.5257762,508.4432857871158,55.62,0.06250000000000311
1608,2026-02-28 17:13:47.920,31.827065,-106.5257808,509.0579194557303,55.692,0.0875000000000048
1609,2026-02-28 17:13:47.960,31.827069,-106.5257852,509.6673962049112,55.728,0.03750000000000364
1610,2026-02-28 17:13:48.000,31.827073,-106.5257898,510.28994276181834,55.656000000000006,0.0374999999999992
1611,2026-02-28 17:13:48.040,31.827077,-106.5257943,510.9059164478207,55.656000000000006,0.04999999999999449
1612,2026-02-28 17:13:48.080,31.8270811,-106.5257989,511.5364731276597,55.62,0.06249999999999867
1613,2026-02-28 17:13:48.120,31.8270851,-106.5258034,512.1524467878567,55.62,0.06250000000000311
1614,2026-02-28 17:13:48.160,31.8270892,-106.5258079,512.7765149551549,55.512,0.125000000000004
1615,2026-02-28 17:13:48.200,31.8270932,-106.5258124,513.3924885895466,55.476,0.22500000000000187
1616,2026-02-28 17:13:48.240,31.8270972,-106.5258168,514.0019652519196,55.656000000000006,0.187499999999996
1617,2026-02-28 17:13:48.280,31.8271012,-106.5258214,514.6245117162226,55.800000000000004,0.06249999999999645
1618,2026-02-28 17:13:48.320,31.8271052,-106.5258259,515.2404853120983,55.764,0.08750000000000036
1619,2026-02-28 17:13:48.360,31.8271092,-106.5258304,515.8564588955164,55.764,0.16250000000000098
1620,2026-02-28 17:13:48.400,31.8271134,-106.5258349,516.4887138814464,55.728,0.11249999999999982
1621,2026-02-28 17:13:48.440,31.8271173,-106.5258395,517.1033473746227,55.728,0.0749999999999984
1622,2026-02-28 17:13:48.480,31.8271213,-106.525844,517.719320919492,55.728,0.08750000000000036
1623,2026-02-28 17:13:48.520,31.8271255,-106.5258485,518.3515758666687,55.692,0.12500000000000178
1624,2026-02-28 17:13:48.560,31.8271295,-106.5258531,518.9741222386947,55.800000000000004,0.049999999999998934
1625,2026-02-28 17:13:48.600,31.8271334,-106.5258576,519.5820972843176,55.836,-0.10000000000000231
1626,2026-02-28 17:13:48.640,31.8271376,-106.5258621,520.214352194843,55.836,-0.18750000000000044
1627,2026-02-28 17:13:48.680,31.8271416,-106.5258667,520.8368985260738,55.800000000000004,-0.20000000000000018
1628,2026-02-28 17:13:48.720,31.8271456,-106.5258712,521.4528719935271,56.016000000000005,-0.1750000000000007
1629,2026-02-28 17:13:48.760,31.8271496,-106.5258758,522.0754182981242,55.980000000000004,-0.18750000000000266
1630,2026-02-28 17:13:48.800,31.8271538,-106.5258803,522.7076731586603,55.836,-0.11249999999999982
1631,2026-02-28 17:13:48.840,31.8271577,-106.5258848,523.3156481267896,55.836,-0.07499999999999396
1632,2026-02-28 17:13:48.880,31.8271617,-106.5258893,523.9316215429508,55.872,-0.12499999999999734
1633,2026-02-28 17:13:48.920,31.8271659,-106.5258939,524.570281673824,55.908,-0.1375000000000015
1634,2026-02-28 17:13:48.960,31.8271699,-106.5258984,525.1862550638612,55.728,-0.12500000000000178
1635,2026-02-28 17:13:49.000,31.8271738,-106.525903,525.8008883685379,55.62,-0.0749999999999984
1636,2026-02-28 17:13:49.040,31.8271778,-106.5259075,526.4168617334069,55.512,2.220446049250313e-15
1637,2026-02-28 17:13:49.080,31.8271818,-106.525912,527.0328350855325,55.548,0.024999999999999467
1638,2026-02-28 17:13:49.120,31.8271858,-106.5259165,527.6488084237001,55.764,-0.0374999999999992
1639,2026-02-28 17:13:49.160,31.8271899,-106.525921,528.2728762746337,55.692,-0.08749999999999813
1640,2026-02-28 17:13:49.200,31.8271939,-106.5259256,528.8954224335953,55.800000000000004,-0.07500000000000062
1641,2026-02-28 17:13:49.240,31.8271979,-106.5259301,529.5113957344287,55.656000000000006,-0.012500000000004174
1642,2026-02-28 17:13:49.280,31.8272019,-106.5259346,530.1273690222328,55.692,0.0
1643,2026-02-28 17:13:49.320,31.827206,-106.5259392,530.757925295894,55.692,-0.11249999999999538
1644,2026-02-28 17:13:49.360,31.82721,-106.5259437,531.3738985581786,55.583999999999996,-0.11249999999999538
1645,2026-02-28 17:13:49.400,31.827214,-106.5259482,531.9898718077196,55.548,0.0
1646,2026-02-28 17:13:49.440,31.8272179,-106.5259527,532.5978465815375,55.583999999999996,0.049999999999998934
1647,2026-02-28 17:13:49.480,31.8272219,-106.5259573,533.2203926482706,55.548,0.012499999999999734
1648,2026-02-28 17:13:49.520,31.8272258,-106.5259618,533.8283673965891,55.656000000000006,-0.050000000000005596
1649,2026-02-28 17:13:49.560,31.8272298,-106.5259663,534.444340594865,55.548,-6.661338147750939e-15
1650,2026-02-28 17:13:49.600,31.8272338,-106.5259709,535.0668866230576,55.728,-0.025000000000003908
1651,2026-02-28 17:13:49.640,31.8272378,-106.5259755,535.6894326374181,55.692,-0.06249999999999867
1652,2026-02-28 17:13:49.680,31.8272419,-106.52598,536.3135003248361,55.656000000000006,-0.03750000000000142
1653,2026-02-28 17:13:49.720,31.8272459,-106.5259846,536.9360463125163,55.404,0.04999999999999227
1654,2026-02-28 17:13:49.760,31.8272499,-106.5259891,537.5520194476852,55.548,0.024999999999997247
1655,2026-02-28 17:13:49.800,31.8272538,-106.5259936,538.1599941056262,55.583999999999996,-0.12499999999999734
1656,2026-02-28 17:13:49.840,31.8272578,-106.5259982,538.7825400541093,55.692,-0.17499999999999627
1657,2026-02-28 17:13:49.880,31.8272618,-106.5260027,539.3985131510806,55.476,-0.08749999999999813
1658,2026-02-28 17:13:49.920,31.8272658,-106.5260071,540.0079892944524,55.583999999999996,-0.012499999999999734
1659,2026-02-28 17:13:49.960,31.8272698,-106.5260118,540.6371815603623,55.62,-0.06249999999999867
1660,2026-02-28 17:13:50.000,31.8272739,-106.5260162,541.254837356715,55.583999999999996,-0.0749999999999984
1661,2026-02-28 17:13:50.040,31.8272778,-106.5260209,541.8762013160551,55.656000000000006,-0.18750000000000044
1662,2026-02-28 17:13:50.080,31.8272818,-106.5260253,542.485677410174,55.583999999999996,-0.3125
1663,2026-02-28 17:13:50.120,31.8272858,-106.5260298,543.1016504306848,55.62,-0.33749999999999725
1664,2026-02-28 17:13:50.160,31.8272899,-106.5260344,543.7322064315006,55.404,-0.26250000000000107
1665,2026-02-28 17:13:50.200,31.8272938,-106.5260389,544.3401809603307,55.368,-0.11250000000000204
1666,2026-02-28 17:13:50.240,31.8272978,-106.5260434,544.956153942897,55.404,-0.12500000000000178
1667,2026-02-28 17:13:50.280,31.8273018,-106.5260479,545.5721269117912,55.512,-0.33749999999999947
1668,2026-02-28 17:13:50.320,31.8273058,-106.5260525,546.1946727031075,55.512,-0.5249999999999977
1669,2026-02-28 17:13:50.360,31.8273097,-106.5260569,546.7960638415332,55.512,-0.5999999999999983
1670,2026-02-28 17:13:50.400,31.8273137,-106.5260616,547.425255958081,55.476,-0.649999999999995
1671,2026-02-28 17:13:50.440,31.8273177,-106.526066,548.0347319413997,55.224000000000004,-0.6499999999999995
1672,2026-02-28 17:13:50.480,31.8273216,-106.5260705,548.6427063807802,55.116,-0.6374999999999997
1673,2026-02-28 17:13:50.520,31.8273256,-106.526075,549.2586792747796,55.116,-0.6874999999999964
1674,2026-02-28 17:13:50.560,31.8273294,-106.5260794,549.8520841659011,55.152,-0.8124999999999982
1675,2026-02-28 17:13:50.600,31.8273335,-106.5260839,550.4761515652797,55.296,-0.9999999999999986
1676,2026-02-28 17:13:50.640,31.8273373,-106.5260884,551.0762273890876,55.116,-1.1124999999999985
1677,2026-02-28 17:13:50.680,31.8273413,-106.5260929,551.6922002321403,54.828,-1.0749999999999993
1678,2026-02-28 17:13:50.720,31.8273452,-106.5260974,552.3001745950629,54.684,-1.0375
1679,2026-02-28 17:13:50.760,31.8273491,-106.5261019,552.9081489453972,54.612,-1.062500000000002
1680,2026-02-28 17:13:50.800,31.8273529,-106.5261063,553.5015537625011,54.504000000000005,-1.1000000000000032
1681,2026-02-28 17:13:50.840,31.8273568,-106.5261108,554.1095280879815,54.324,-1.1125000000000007
1682,2026-02-28 17:13:50.880,31.8273607,-106.5261152,554.710919068233,54.18000000000001,-1.1000000000000032
1683,2026-02-28 17:13:50.920,31.8273645,-106.5261196,555.3043238486614,54.072,-1.1250000000000029
1684,2026-02-28 17:13:50.960,31.8273684,-106.526124,555.9057148039611,53.856,-1.099999999999999
1685,2026-02-28 17:13:51.000,31.8273722,-106.5261283,556.4925252211613,53.712,-1.0750000000000015
1686,2026-02-28 17:13:51.040,31.827376,-106.5261327,557.085929966173,53.496,-1.1000000000000032
1687,2026-02-28 17:13:51.080,31.8273798,-106.526137,557.6727403601662,53.352000000000004,-1.0750000000000015
1688,2026-02-28 17:13:51.120,31.8273836,-106.5261414,558.2661450802066,53.172,-1.0249999999999981
1689,2026-02-28 17:13:51.160,31.8273874,-106.5261457,558.8529554509929,53.064,-1.0374999999999956
1690,2026-02-28 17:13:51.200,31.8273911,-106.52615,559.4317925405732,52.884,-1.0874999999999968
1691,2026-02-28 17:13:51.240,31.8273949,-106.5261543,560.0186028887431,52.74,-1.1499999999999997
1692,2026-02-28 17:13:51.280,31.8273986,-106.5261586,560.597439954825,52.596,-1.137499999999998
1693,2026-02-28 17:13:51.320,31.8274023,-106.5261628,561.1696711275863,52.416000000000004,-1.0624999999999973
1694,2026-02-28 17:13:51.360,31.8274061,-106.5261671,561.7564814415566,52.344,-1.0624999999999996
1695,2026-02-28 17:13:51.400,31.8274097,-106.5261713,562.3207529270834,52.128,-1.0249999999999981
1696,2026-02-28 17:13:51.440,31.8274134,-106.5261756,562.8995899476319,51.912,-0.9249999999999983
1697,2026-02-28 17:13:51.480,31.8274171,-106.5261798,563.4718210761799,51.84,-0.9125000000000005
1698,2026-02-28 17:13:51.520,31.8274208,-106.526184,564.0440521943231,51.732,-0.9624999999999992
1699,2026-02-28 17:13:51.560,31.8274244,-106.5261882,564.6083236355967,51.516000000000005,-0.9624999999999995
1700,2026-02-28 17:13:51.600,31.8274281,-106.5261924,565.1805547309989,51.300000000000004,-0.9125000000000026
1701,2026-02-28 17:13:51.640,31.8274317,-106.5261965,565.73820814629,51.012,-0.8125000000000027
1702,2026-02-28 17:13:51.680,31.8274352,-106.5262007,566.2946287437816,51.048,-0.8375000000000021
1703,2026-02-28 17:13:51.720,31.827439,-106.5262049,566.8749238508824,50.904,-0.900000000000003
1704,2026-02-28 17:13:51.760,31.8274426,-106.526209,567.432577234332,50.796,-0.8625000000000016
1705,2026-02-28 17:13:51.800,31.8274462,-106.5262131,567.9902306079156,50.724000000000004,-0.8749999999999991
1706,2026-02-28 17:13:51.840,31.8274498,-106.5262173,568.5545019710121,50.652,-0.9499999999999975
1707,2026-02-28 17:13:51.880,31.8274534,-106.5262214,569.112155322628,50.472,-0.9874999999999968
1708,2026-02-28 17:13:51.920,31.827457,-106.5262255,569.6698086637275,50.328,-0.9499999999999996
1709,2026-02-28 17:13:51.960,31.8274605,-106.5262295,570.2128859260582,50.148,-0.8875000000000034
1710,2026-02-28 17:13:52.000,31.8274641,-106.5262337,570.7771572467786,50.04,-0.8375
1711,2026-02-28 17:13:52.040,31.8274676,-106.5262377,571.320234487618,49.931999999999995,-0.8249999999999957
1712,2026-02-28 17:13:52.080,31.8274712,-106.5262417,571.8713526424219,49.716,-0.7624999999999993
1713,2026-02-28 17:13:52.120,31.8274747,-106.5262459,572.4277731185585,49.644,-0.7125000000000004
1714,2026-02-28 17:13:52.160,31.8274783,-106.5262499,572.9788912521767,49.572,-0.6750000000000012
1715,2026-02-28 17:13:52.200,31.8274818,-106.5262539,573.5219684536936,49.428000000000004,-0.6125000000000047
1716,2026-02-28 17:13:52.240,31.8274853,-106.5262579,574.0650456449339,49.212,-0.6125000000000047
1717,2026-02-28 17:13:52.280,31.8274887,-106.5262619,574.6001926566081,49.068000000000005,-0.600000000000005
1718,2026-02-28 17:13:52.320,31.8274923,-106.5262659,575.1513107517605,48.996,-0.5875000000000052
1719,2026-02-28 17:13:52.360,31.8274958,-106.5262699,575.6943879133058,48.924,-0.5624999999999991
1720,2026-02-28 17:13:52.400,31.8274993,-106.5262739,576.2374650645745,48.852000000000004,-0.499999999999996
1721,2026-02-28 17:13:52.440,31.8275027,-106.5262779,576.7726120356848,48.744,-0.5000000000000004
1722,2026-02-28 17:13:52.480,31.8275062,-106.5262819,577.3156891672533,48.708,-0.4999999999999982
1723,2026-02-28 17:13:52.520,31.8275097,-106.5262858,577.8522203368924,48.6,-0.4874999999999985
1724,2026-02-28 17:13:52.560,31.8275131,-106.5262898,578.3873672788197,48.672,-0.5499999999999994
1725,2026-02-28 17:13:52.600,31.8275167,-106.5262937,578.9320360000709,48.564,-0.5624999999999969
1726,2026-02-28 17:13:52.640,31.8275202,-106.5262976,579.4685671415007,48.312,-0.41249999999999787
1727,2026-02-28 17:13:52.680,31.8275236,-106.5263016,580.0037140520549,48.24,-0.29999999999999805
1728,2026-02-28 17:13:52.720,31.827527,-106.5263055,580.5322167915979,48.132,-0.3249999999999975
1729,2026-02-28 17:13:52.760,31.8275305,-106.5263093,581.0622898870506,48.168000000000006,-0.4125000000000001
1730,2026-02-28 17:13:52.800,31.827534,-106.5263133,581.6053669392469,48.168000000000006,-0.5000000000000049
1731,2026-02-28 17:13:52.840,31.8275374,-106.5263172,582.1338696488463,47.988,-0.46250000000000346
1732,2026-02-28 17:13:52.880,31.8275408,-106.5263211,582.6623723499013,48.024,-0.36249999999999893
1733,2026-02-28 17:13:52.920,31.8275443,-106.526325,583.1989034241981,47.88,-0.32499999999999973
1734,2026-02-28 17:13:52.960,31.8275478,-106.5263288,583.7289764748909,47.808,-0.3375000000000017
1735,2026-02-28 17:13:53.000,31.8275512,-106.5263328,584.2641233061468,47.808,-0.36250000000000115
1736,2026-02-28 17:13:53.040,31.8275547,-106.5263366,584.7941963377126,47.88,-0.4125000000000001
1737,2026-02-28 17:13:53.080,31.8275581,-106.5263404,585.316141650911,47.808,-0.4375000000000018
1738,2026-02-28 17:13:53.120,31.8275615,-106.5263444,585.8512884526031,47.628,-0.3375000000000017
1739,2026-02-28 17:13:53.160,31.8275649,-106.5263482,586.3732337472835,47.484,-0.2499999999999991
1740,2026-02-28 17:13:53.200,31.8275683,-106.526352,586.8951790331352,47.412,-0.23749999999999938
1741,2026-02-28 17:13:53.240,31.8275718,-106.5263558,587.4252520204691,47.412,-0.2624999999999966
1742,2026-02-28 17:13:53.280,31.8275751,-106.5263597,587.945840479062,47.556000000000004,-0.40000000000000036
1743,2026-02-28 17:13:53.320,31.8275785,-106.5263635,588.4677857375667,47.412,-0.45000000000000373
1744,2026-02-28 17:13:53.360,31.827582,-106.5263674,589.0043167082919,47.304,-0.37499999999999867
1745,2026-02-28 17:13:53.400,31.8275854,-106.5263712,589.5262619482972,47.268,-0.4249999999999976
1746,2026-02-28 17:13:53.440,31.8275888,-106.5263751,590.0547645145425,47.232,-0.4874999999999985
1747,2026-02-28 17:13:53.480,31.8275922,-106.5263789,590.5767097363166,47.196,-0.4499999999999993
1748,2026-02-28 17:13:53.520,31.8275955,-106.5263827,591.0906398342963,47.268,-0.4375000000000018
1749,2026-02-28 17:13:53.560,31.827599,-106.5263866,591.627170758318,47.124,-0.45000000000000373
1750,2026-02-28 17:13:53.600,31.8276024,-106.5263904,592.1491159527452,47.088,-0.5000000000000004
1751,2026-02-28 17:13:53.640,31.8276058,-106.5263942,592.6710611380568,46.980000000000004,-0.4875000000000007
1752,2026-02-28 17:13:53.680,31.8276092,-106.5263979,593.186539114422,46.836,-0.3875000000000006
1753,2026-02-28 17:13:53.720,31.8276126,-106.5264016,593.7020170808338,46.836,-0.33749999999999725
1754,2026-02-28 17:13:53.760,31.827616,-106.5264055,594.2305195712183,46.800000000000004,-0.3500000000000014
1755,2026-02-28 17:13:53.800,31.8276193,-106.5264093,594.7444496043935,46.548,-0.2625000000000033
1756,2026-02-28 17:13:53.840,31.8276226,-106.5264131,595.2583796288658,46.548,-0.18750000000000044
1757,2026-02-28 17:13:53.880,31.827626,-106.5264169,595.780324759733,46.583999999999996,-0.23749999999999716
1758,2026-02-28 17:13:53.920,31.8276294,-106.5264205,596.2894290537865,46.62,-0.2624999999999944
1759,2026-02-28 17:13:53.960,31.8276327,-106.5264244,596.8100173492911,46.476,-0.2874999999999983
1760,2026-02-28 17:13:54.000,31.827636,-106.5264281,597.3173779836793,46.296,-0.22499999999999964
1761,2026-02-28 17:13:54.040,31.8276394,-106.5264319,597.839323078907,46.368,-0.17499999999999627
1762,2026-02-28 17:13:54.080,31.8276427,-106.5264356,598.3466836948484,46.332,-0.20000000000000018
1763,2026-02-28 17:13:54.120,31.8276461,-106.5264393,598.8621615762438,46.368,-0.18750000000000266
1764,2026-02-28 17:13:54.160,31.8276494,-106.5264432,599.3827498244641,46.26,-0.1750000000000007
1765,2026-02-28 17:13:54.200,31.8276528,-106.526447,599.9046948837654,46.332,-0.22500000000000187
1766,2026-02-28 17:13:54.240,31.8276561,-106.5264507,600.4120554646673,46.224000000000004,-0.23750000000000382
1767,2026-02-28 17:13:54.280,31.8276594,-106.5264545,600.9259853889375,46.224000000000004,-0.22500000000000187
1768,2026-02-28 17:13:54.320,31.8276627,-106.5264581,601.4268690469904,46.224000000000004,-0.26249999999999885
1769,2026-02-28 17:13:54.360,31.827666,-106.526462,601.9474572482095,46.044,-0.23749999999999494
1770,2026-02-28 17:13:54.400,31.8276692,-106.5264658,602.453489974662,46.080000000000005,-0.187499999999996
1771,2026-02-28 17:13:54.440,31.8276727,-106.5264695,602.9771958805813,46.080000000000005,-0.10000000000000453
1772,2026-02-28 17:13:54.480,31.8276758,-106.5264733,603.4754549733508,46.044,-0.03750000000000142
1773,2026-02-28 17:13:54.520,31.8276792,-106.526477,603.9909327683537,46.116,-0.09999999999999787
1774,2026-02-28 17:13:54.560,31.8276826,-106.5264808,604.512877747759,46.007999999999996,-0.08749999999999813
1775,2026-02-28 17:13:54.600,31.8276859,-106.5264845,605.0202382507374,45.936,0.03750000000000586
1776,2026-02-28 17:13:54.640,31.8276892,-106.5264883,605.5341680935829,45.936,0.125000000000004
1777,2026-02-28 17:13:54.680,31.8276924,-106.526492,606.0335275281229,45.864000000000004,0.12499999999999734
1778,2026-02-28 17:13:54.720,31.8276957,-106.5264958,606.5474573532697,45.828,0.14999999999999458
1779,2026-02-28 17:13:54.760,31.827699,-106.5264995,607.054817821993,45.75600000000001,0.2249999999999952
1780,2026-02-28 17:13:54.800,31.8277022,-106.5265031,607.5475951762613,45.828,0.27499999999999414
1781,2026-02-28 17:13:54.840,31.8277057,-106.5265069,608.0776678098138,46.044,0.22499999999999742
1782,2026-02-28 17:13:54.880,31.8277089,-106.5265107,608.5837004267592,45.972,0.18750000000000044
1783,2026-02-28 17:13:54.920,31.8277123,-106.5265145,609.1056453265367,45.9,0.26250000000000107
1784,2026-02-28 17:13:54.960,31.8277156,-106.5265181,609.6065288519449,45.972,0.28750000000000053
1785,2026-02-28 17:13:55.000,31.8277189,-106.526522,610.1271169033829,46.080000000000005,0.27499999999999636
1786,2026-02-28 17:13:55.040,31.8277223,-106.5265258,610.6490617763496,46.152,0.2999999999999958
1787,2026-02-28 17:13:55.080,31.8277256,-106.5265294,611.1499452766832,46.007999999999996,0.4125000000000001
1788,2026-02-28 17:13:55.120,31.8277289,-106.5265332,611.66387501143,46.116,0.4750000000000032
1789,2026-02-28 17:13:55.160,31.8277322,-106.526537,612.1778047371914,46.116,0.475000000000001
1790,2026-02-28 17:13:55.200,31.8277356,-106.5265408,612.6997495744998,46.26,0.46250000000000124
1791,2026-02-28 17:13:55.240,31.8277389,-106.5265445,613.2071099388891,46.26,0.48750000000000293
1792,2026-02-28 17:13:55.280,31.8277423,-106.5265483,613.7290547582343,46.296,0.5499999999999994
1793,2026-02-28 17:13:55.320,31.8277456,-106.5265521,614.2429844475089,46.332,0.5874999999999986
1794,2026-02-28 17:13:55.360,31.827749,-106.5265559,614.7649292488909,46.368,0.6374999999999997
1795,2026-02-28 17:13:55.400,31.8277523,-106.5265597,615.2788589199222,46.476,0.6250000000000022
1796,2026-02-28 17:13:55.440,31.8277557,-106.5265636,615.8073610206835,46.62,0.600000000000005
1797,2026-02-28 17:13:55.480,31.8277591,-106.5265674,616.3293057949867,46.728,0.5875000000000052
1798,2026-02-28 17:13:55.520,31.8277624,-106.5265712,616.8432354385168,46.764,0.6125000000000025
1799,2026-02-28 17:13:55.560,31.8277659,-106.5265749,617.3669411071425,46.836,0.6374999999999997
1800,2026-02-28 17:13:55.600,31.8277693,-106.5265787,617.8888858540986,46.872,0.6249999999999978
1801,2026-02-28 17:13:55.640,31.8277727,-106.5265827,618.4240320438529,47.052,0.5749999999999988
1802,2026-02-28 17:13:55.680,31.8277761,-106.5265864,618.9395095897534,47.088,0.625
1803,2026-02-28 17:13:55.720,31.8277794,-106.5265904,619.4668413296747,47.232,0.6999999999999984
1804,2026-02-28 17:13:55.760,31.827783,-106.5265942,620.0051489753101,47.304,0.637500000000002
1805,2026-02-28 17:13:55.800,31.8277864,-106.5265981,620.533650990449,47.34,0.6499999999999995
1806,2026-02-28 17:13:55.840,31.8277898,-106.5266019,621.055595682443,47.484,0.649999999999995
1807,2026-02-28 17:13:55.880,31.8277933,-106.5266059,621.598671994306,47.556000000000004,0.5999999999999961
1808,2026-02-28 17:13:55.920,31.8277968,-106.5266098,622.1352023752054,47.7,0.5999999999999961
1809,2026-02-28 17:13:55.960,31.8278001,-106.5266136,622.6491319160824,47.736,0.6249999999999978
1810,2026-02-28 17:13:56.000,31.8278037,-106.5266175,623.1937998606485,47.772,0.6499999999999995
1811,2026-02-28 17:13:56.040,31.8278071,-106.5266213,623.7157445062599,47.808,0.6875000000000009
1812,2026-02-28 17:13:56.080,31.8278107,-106.5266253,624.2668617056049,48.132,0.6500000000000039
1813,2026-02-28 17:13:56.120,31.8278141,-106.5266292,624.7953636434883,48.204,0.5875000000000052
1814,2026-02-28 17:13:56.160,31.8278177,-106.5266332,625.346480823139,48.168000000000006,0.6374999999999997
1815,2026-02-28 17:13:56.200,31.8278211,-106.5266371,625.8749827414993,48.348,0.625
1816,2026-02-28 17:13:56.240,31.8278247,-106.5266411,626.4260999014557,48.348,0.550000000000006
1817,2026-02-28 17:13:56.280,31.8278281,-106.526645,626.954601800293,48.42,0.5125000000000024
1818,2026-02-28 17:13:56.320,31.8278317,-106.526649,627.5057189405551,48.564,0.4999999999999982
1819,2026-02-28 17:13:56.360,31.8278353,-106.5266529,628.0503867996043,48.672,0.462499999999999
1820,2026-02-28 17:13:56.400,31.8278387,-106.5266569,628.5855327981275,48.708,0.38750000000000284
1821,2026-02-28 17:13:56.440,31.8278424,-106.5266608,629.1384425893194,48.852000000000004,0.2750000000000008
1822,2026-02-28 17:13:56.480,31.827846,-106.5266649,629.6960947940499,48.96,0.1749999999999985
1823,2026-02-28 17:13:56.520,31.8278495,-106.5266689,630.2391709454544,49.068000000000005,0.1499999999999968
1824,2026-02-28 17:13:56.560,31.827853,-106.5266728,630.7757011719569,49.14,0.11249999999999538
1825,2026-02-28 17:13:56.600,31.8278567,-106.5266768,631.3349651581173,49.176,0.0
1826,2026-02-28 17:13:56.640,31.8278602,-106.5266809,631.8846719838901,49.104000000000006,-0.06250000000000311
1827,2026-02-28 17:13:56.680,31.8278638,-106.5266849,632.4357890338396,49.14,-0.06250000000000533
1828,2026-02-28 17:13:56.720,31.8278673,-106.5266888,632.9723192210561,49.284,-0.08750000000000036
1829,2026-02-28 17:13:56.760,31.8278709,-106.5266929,633.529971353047,49.284,-0.11249999999999538
1830,2026-02-28 17:13:56.800,31.8278746,-106.5266969,634.0892352895797,49.212,-0.11249999999999538
1831,2026-02-28 17:13:56.840,31.8278781,-106.5267009,634.6323113583909,49.14,-0.06249999999999645
1832,2026-02-28 17:13:56.880,31.8278816,-106.5267049,635.1753874184292,49.176,-0.03749999999999698
1833,2026-02-28 17:13:56.920,31.8278852,-106.5267089,635.7265044081702,49.284,-0.06249999999999645
1834,2026-02-28 17:13:56.960,31.8278889,-106.5267128,636.2794140753981,49.248,-0.04999999999999449
1835,2026-02-28 17:13:57.000,31.8278924,-106.5267168,636.8224901043171,49.068000000000005,0.012499999999999734
1836,2026-02-28 17:13:57.040,31.827896,-106.5267207,637.3671577990981,49.032,0.050000000000001155
1837,2026-02-28 17:13:57.080,31.8278995,-106.5267247,637.9102338080294,49.032,0.012500000000006395
1838,2026-02-28 17:13:57.120,31.8279032,-106.5267287,638.4694976652687,49.14,-0.08749999999999813
1839,2026-02-28 17:13:57.160,31.8279067,-106.5267326,639.0060277439553,49.104000000000006,-0.11250000000000204
1840,2026-02-28 17:13:57.200,31.8279103,-106.5267366,639.5571446630779,49.068000000000005,-0.07500000000000284
1841,2026-02-28 17:13:57.240,31.8279138,-106.5267405,640.093674722546,49.104000000000006,-0.03750000000000142
1842,2026-02-28 17:13:57.280,31.8279174,-106.5267446,640.6513267186978,49.104000000000006,-0.012499999999999734
1843,2026-02-28 17:13:57.320,31.827921,-106.5267484,641.1896340055904,49.176,-0.08750000000000036
1844,2026-02-28 17:13:57.360,31.8279246,-106.5267525,641.747285980709,49.212,-0.16250000000000098
1845,2026-02-28 17:13:57.400,31.8279281,-106.5267565,642.2903619079833,49.14,-0.1124999999999976
1846,2026-02-28 17:13:57.440,31.8279318,-106.5267604,642.8432714608444,49.104000000000006,-0.03749999999999698
1847,2026-02-28 17:13:57.480,31.8279353,-106.5267644,643.3863473672781,48.996,0.050000000000001155
1848,2026-02-28 17:13:57.520,31.8279389,-106.5267684,643.9374642050125,48.924,0.08750000000000258
1849,2026-02-28 17:13:57.560,31.8279424,-106.5267723,644.4739941868323,48.996,0.050000000000003375
1850,2026-02-28 17:13:57.600,31.827946,-106.5267762,645.0186617463015,48.96,0.06250000000000311
1851,2026-02-28 17:13:57.640,31.8279496,-106.5267803,645.5763136483882,49.104000000000006,0.012499999999997513
1852,2026-02-28 17:13:57.680,31.8279532,-106.5267841,646.114620851574,49.068000000000005,-0.11250000000000648
1853,2026-02-28 17:13:57.720,31.8279567,-106.5267882,646.6643273916497,48.96,-0.15000000000000346
1854,2026-02-28 17:13:57.760,31.8279603,-106.526792,647.2026345763784,48.96,-0.07500000000000284
1855,2026-02-28 17:13:57.800,31.8279639,-106.5267961,647.7602864366908,49.068000000000005,-0.03750000000000364
1856,2026-02-28 17:13:57.840,31.8279675,-106.5268001,648.3114031948821,49.068000000000005,-0.10000000000000231
1857,2026-02-28 17:13:57.880,31.827971,-106.5268041,648.854478999671,49.176,-0.22500000000000187
1858,2026-02-28 17:13:57.920,31.8279746,-106.526808,649.3991464817417,48.996,-0.2750000000000008
1859,2026-02-28 17:13:57.960,31.8279782,-106.5268119,649.94381395407,49.068000000000005,-0.3125
1860,2026-02-28 17:13:58.000,31.8279818,-106.5268159,650.4949306720285,49.068000000000005,-0.3625000000000034
1861,2026-02-28 17:13:58.040,31.8279853,-106.5268199,651.0380064359888,49.032,-0.3375000000000017
1862,2026-02-28 17:13:58.080,31.8279889,-106.5268238,651.5826738793603,48.816,-0.2624999999999966
1863,2026-02-28 17:13:58.120,31.8279924,-106.5268278,652.1257496227653,48.78,-0.1749999999999985
1864,2026-02-28 17:13:58.160,31.8279959,-106.5268316,652.6558214895769,48.924,-0.2750000000000008
1865,2026-02-28 17:13:58.200,31.8279995,-106.5268356,653.2069381577367,48.996,-0.5125000000000024
1866,2026-02-28 17:13:58.240,31.8280031,-106.5268395,653.7516055626796,48.852000000000004,-0.5625000000000058
1867,2026-02-28 17:13:58.280,31.8280066,-106.5268435,654.2946812655415,48.744,-0.48750000000000293
1868,2026-02-28 17:13:58.320,31.8280102,-106.5268475,654.8457979038845,48.636,-0.46250000000000124
1869,2026-02-28 17:13:58.360,31.8280137,-106.5268513,655.3758697243251,48.528000000000006,-0.4375000000000018
1870,2026-02-28 17:13:58.400,31.8280172,-106.5268552,655.912399499724,48.564,-0.47499999999999876
1871,2026-02-28 17:13:58.440,31.8280208,-106.5268591,656.4570668567665,48.564,-0.5374999999999996
1872,2026-02-28 17:13:58.480,31.8280242,-106.526863,656.985568209616,48.528000000000006,-0.5625000000000013
1873,2026-02-28 17:13:58.520,31.8280278,-106.5268669,657.5302355477147,48.564,-0.6374999999999975
1874,2026-02-28 17:13:58.560,31.8280313,-106.5268709,658.0733111800546,48.348,-0.6624999999999948
1875,2026-02-28 17:13:58.600,31.8280348,-106.5268748,658.6098409071012,48.096,-0.5624999999999947
1876,2026-02-28 17:13:58.640,31.8280382,-106.5268786,659.1317849331133,48.132,-0.5124999999999935
1877,2026-02-28 17:13:58.680,31.8280418,-106.5268825,659.6764522333247,48.06,-0.499999999999996
1878,2026-02-28 17:13:58.720,31.8280453,-106.5268864,660.2129819312376,47.988,-0.4874999999999985
1879,2026-02-28 17:13:58.760,31.8280488,-106.5268903,660.7495116207463,47.916000000000004,-0.5000000000000027
1880,2026-02-28 17:13:58.800,31.8280523,-106.5268941,661.2795833392835,47.808,-0.5000000000000049
1881,2026-02-28 17:13:58.840,31.8280557,-106.526898,661.8080846033407,47.772,-0.5000000000000004
1882,2026-02-28 17:13:58.880,31.8280592,-106.5269018,662.338156303662,47.7,-0.5125000000000024
1883,2026-02-28 17:13:58.920,31.8280626,-106.5269057,662.8666575484749,47.556000000000004,-0.5250000000000044
1884,2026-02-28 17:13:58.960,31.8280661,-106.5269095,663.396729230871,47.448,-0.5500000000000038
1885,2026-02-28 17:13:59.000,31.8280695,-106.5269133,663.9186731729648,47.376000000000005,-0.5750000000000033
1886,2026-02-28 17:13:59.040,31.828073,-106.5269171,664.4487448368543,47.376000000000005,-0.637500000000002
1887,2026-02-28 17:13:59.080,31.8280765,-106.5269208,664.9724497189352,47.376000000000005,-0.7250000000000023
1888,2026-02-28 17:13:59.120,31.8280799,-106.5269247,665.5009509152148,47.268,-0.7374999999999998
1889,2026-02-28 17:13:59.160,31.8280833,-106.5269286,666.0294521032331,47.196,-0.7624999999999993
1890,2026-02-28 17:13:59.200,31.8280868,-106.5269323,666.553156959221,47.088,-0.8249999999999978
1891,2026-02-28 17:13:59.240,31.8280902,-106.5269361,667.0751008455294,47.052,-0.8624999999999972
1892,2026-02-28 17:13:59.280,31.8280936,-106.5269399,667.5970447230088,46.943999999999996,-0.8749999999999993
1893,2026-02-28 17:13:59.320,31.828097,-106.5269437,668.1189885913725,46.800000000000004,-0.887499999999999
1894,2026-02-28 17:13:59.360,31.8281004,-106.5269474,668.6344653026141,46.62,-0.8999999999999986
1895,2026-02-28 17:13:59.400,31.8281038,-106.5269512,669.1564091527463,46.548,-0.9375
1896,2026-02-28 17:13:59.440,31.8281071,-106.5269549,669.6637685552561,46.368,-0.9750000000000014
1897,2026-02-28 17:13:59.480,31.8281105,-106.5269586,670.179245240503,46.296,-0.9624999999999995
1898,2026-02-28 17:13:59.520,31.8281139,-106.5269624,670.7011890635561,46.224000000000004,-0.987500000000001
1899,2026-02-28 17:13:59.560,31.8281172,-106.5269661,671.2085484387281,46.044,-0.9874999999999989
1900,2026-02-28 17:13:59.600,31.8281205,-106.5269698,671.7159078061981,45.864000000000004,-0.9249999999999957
1901,2026-02-28 17:13:59.640,31.8281238,-106.5269735,672.2232671641117,45.792,-1.0000000000000009
1902,2026-02-28 17:13:59.680,31.8281272,-106.5269771,672.7323702301004,45.684,-1.087499999999999
1903,2026-02-28 17:13:59.720,31.8281304,-106.5269808,673.2317285006807,45.504000000000005,-1.0375
1904,2026-02-28 17:13:59.760,31.8281337,-106.5269845,673.7390878327067,45.324,-0.9750000000000014
1905,2026-02-28 17:13:59.800,31.828137,-106.5269881,674.2399703017549,45.144,-0.9250000000000004
1906,2026-02-28 17:13:59.840,31.8281402,-106.5269917,674.7327465393965,44.964,-0.8999999999999986
1907,2026-02-28 17:13:59.880,31.8281435,-106.5269954,675.2401058467235,44.928000000000004,-0.9499999999999996
1908,2026-02-28 17:13:59.920,31.8281467,-106.526999,675.7328820680842,44.748,-0.987500000000001
1909,2026-02-28 17:13:59.960,31.82815,-106.5270026,676.233764504245,44.676,-1.0125000000000006
1910,2026-02-28 17:14:00.000,31.8281532,-106.5270062,676.7265407087531,44.568000000000005,-1.062500000000006
1911,2026-02-28 17:14:00.040,31.8281564,-106.5270096,677.2064413703334,44.208,-1.0125000000000006
1912,2026-02-28 17:14:00.080,31.8281596,-106.5270132,677.6992175585297,44.136,-0.9249999999999957
1913,2026-02-28 17:14:00.120,31.8281628,-106.5270168,678.1919937388558,44.064,-0.9250000000000002
1914,2026-02-28 17:14:00.160,31.828166,-106.5270204,678.68476991074,43.956,-0.9874999999999989
1915,2026-02-28 17:14:00.200,31.8281692,-106.5270239,679.1710589475093,43.848,-1.0499999999999954
1916,2026-02-28 17:14:00.240,31.8281724,-106.5270275,679.6638351030816,43.668000000000006,-1.0499999999999998
1917,2026-02-28 17:14:00.280,31.8281755,-106.5270309,680.1355316407993,43.488,-0.9875000000000032
1918,2026-02-28 17:14:00.320,31.8281786,-106.5270345,680.6203216424487,43.344,-0.9624999999999997
1919,2026-02-28 17:14:00.360,31.8281817,-106.527038,681.0985161832248,43.164,-1.0374999999999956
1920,2026-02-28 17:14:00.400,31.8281849,-106.5270414,681.5784167782746,43.019999999999996,-1.1499999999999955
1921,2026-02-28 17:14:00.440,31.828188,-106.5270449,682.0566113036958,42.84,-1.1624999999999996
1922,2026-02-28 17:14:00.480,31.8281911,-106.5270483,682.5283078043634,42.84,-1.1875000000000036
1923,2026-02-28 17:14:00.520,31.8281942,-106.5270518,683.0065023131768,42.696,-1.2375000000000025
1924,2026-02-28 17:14:00.560,31.8281973,-106.5270552,683.4781988000357,42.480000000000004,-1.2625000000000042
1925,2026-02-28 17:14:00.600,31.8282003,-106.5270586,683.9418133276549,42.300000000000004,-1.325000000000005
1926,2026-02-28 17:14:00.640,31.8282034,-106.527062,684.4135097991099,42.192,-1.3749999999999996
1927,2026-02-28 17:14:00.680,31.8282064,-106.5270655,684.8837340249211,42.12,-1.437499999999996
1928,2026-02-28 17:14:00.720,31.8282094,-106.5270688,685.3408389522251,41.940000000000005,-1.4749999999999996
1929,2026-02-28 17:14:00.760,31.8282124,-106.5270722,685.804453451823,41.580000000000005,-1.4500000000000024
1930,2026-02-28 17:14:00.800,31.8282154,-106.5270755,686.2615583652743,41.292,-1.3749999999999996
1931,2026-02-28 17:14:00.840,31.8282184,-106.5270788,686.718663272717,41.22,-1.3749999999999976
1932,2026-02-28 17:14:00.880,31.8282213,-106.5270821,687.1676995663179,41.04,-1.449999999999996
1933,2026-02-28 17:14:00.920,31.8282243,-106.5270854,687.6248044601389,40.931999999999995,-1.499999999999997
1934,2026-02-28 17:14:00.960,31.8282272,-106.5270886,688.0673188644843,40.608,-1.4749999999999974
1935,2026-02-28 17:14:01.000,31.8282301,-106.527092,688.5229799952907,40.356,-1.3999999999999968
1936,2026-02-28 17:14:01.040,31.828233,-106.5270952,688.9654943875486,40.176,-1.3750000000000018
1937,2026-02-28 17:14:01.080,31.8282359,-106.5270984,689.4080087720953,39.996,-1.4125000000000032
1938,2026-02-28 17:14:01.120,31.8282388,-106.5271017,689.8570450248509,39.816,-1.4249999999999985
1939,2026-02-28 17:14:01.160,31.8282416,-106.5271048,690.2849700680293,39.528000000000006,-1.3874999999999993
1940,2026-02-28 17:14:01.200,31.8282445,-106.527108,690.7274844335785,39.384,-1.3875000000000015
1941,2026-02-28 17:14:01.240,31.8282473,-106.5271111,691.15540946464,39.168000000000006,-1.4000000000000035
1942,2026-02-28 17:14:01.280,31.8282501,-106.5271142,691.5833344896078,38.916000000000004,-1.375000000000004
1943,2026-02-28 17:14:01.320,31.8282529,-106.5271174,692.0177944878433,38.736,-1.3249999999999984
1944,2026-02-28 17:14:01.360,31.8282557,-106.5271205,692.4457195006235,38.556000000000004,-1.2624999999999975
1945,2026-02-28 17:14:01.400,31.8282585,-106.5271236,692.8736445073099,38.376000000000005,-1.2624999999999997
1946,2026-02-28 17:14:01.440,31.8282613,-106.5271266,693.2951454547491,38.196,-1.2749999999999972
1947,2026-02-28 17:14:01.480,31.828264,-106.5271297,693.7150313737358,37.908,-1.1999999999999988
1948,2026-02-28 17:14:01.520,31.8282668,-106.5271328,694.1429563623586,37.800000000000004,-1.1375000000000002
1949,2026-02-28 17:14:01.560,31.8282695,-106.5271358,694.5562932921041,37.548,-1.0625000000000018
1950,2026-02-28 17:14:01.600,31.8282722,-106.5271388,694.9696302170748,37.368,-1.0250000000000026
1951,2026-02-28 17:14:01.640,31.8282749,-106.5271418,695.3829671354256,37.152,-1.0000000000000009
1952,2026-02-28 17:14:01.680,31.8282775,-106.5271446,695.7752716689597,36.972,-0.9250000000000025
1953,2026-02-28 17:14:01.720,31.8282802,-106.5271477,696.1951575520147,36.864000000000004,-0.9750000000000014
1954,2026-02-28 17:14:01.760,31.8282829,-106.5271507,696.6084944546947,36.792,-1.0875000000000012
1955,2026-02-28 17:14:01.800,31.8282855,-106.5271536,697.007244714214,36.504000000000005,-1.0750000000000015
1956,2026-02-28 17:14:01.840,31.8282882,-106.5271565,697.4141470865438,36.396,-1.0749999999999993
1957,2026-02-28 17:14:01.880,31.8282908,-106.5271595,697.8194612918429,36.252,-1.1124999999999965
1958,2026-02-28 17:14:01.920,31.8282935,-106.5271624,698.2263636535569,36.18000000000001,-1.1124999999999985
1959,2026-02-28 17:14:01.960,31.8282961,-106.5271652,698.6186681510683,36.108,-1.1374999999999982
1960,2026-02-28 17:14:02.000,31.8282987,-106.5271681,699.0174183838949,35.856,-1.1499999999999957
1961,2026-02-28 17:14:02.040,31.8283013,-106.5271711,699.4227325672575,35.784,-1.2124999999999986
1962,2026-02-28 17:14:02.080,31.8283039,-106.527174,699.8214827894557,35.676,-1.3624999999999996
1963,2026-02-28 17:14:02.120,31.8283064,-106.5271768,700.2056479468637,35.352000000000004,-1.4000000000000012
1964,2026-02-28 17:14:02.160,31.828309,-106.5271796,700.5979524187761,35.172,-1.3624999999999998
1965,2026-02-28 17:14:02.200,31.8283116,-106.5271824,700.9902568862686,35.028000000000006,-1.3500000000000023
1966,2026-02-28 17:14:02.240,31.8283141,-106.5271852,701.3744220287346,34.776,-1.2750000000000061
1967,2026-02-28 17:14:02.280,31.8283166,-106.527188,701.7585871653296,34.668000000000006,-1.2625000000000064
1968,2026-02-28 17:14:02.320,31.8283191,-106.5271907,702.1362944965509,34.56,-1.3500000000000068
1969,2026-02-28 17:14:02.360,31.8283216,-106.5271935,702.5204596229707,34.452000000000005,-1.5250000000000052
1970,2026-02-28 17:14:02.400,31.8283241,-106.5271963,702.9046247456592,34.2,-1.637500000000005
1971,2026-02-28 17:14:02.440,31.8283265,-106.527199,703.2742065668423,33.948,-1.5625000000000022
1972,2026-02-28 17:14:02.480,31.828329,-106.5272016,703.6455846804151,33.588,-1.45
1973,2026-02-28 17:14:02.520,31.8283314,-106.5272042,704.0086956906234,33.408,-1.3875000000000015
1974,2026-02-28 17:14:02.560,31.8283338,-106.527207,704.3848748133538,33.192,-1.350000000000002
1975,2026-02-28 17:14:02.600,31.8283362,-106.5272097,704.7544566159947,33.12,-1.4000000000000012
1976,2026-02-28 17:14:02.640,31.8283386,-106.5272123,705.1175676132129,33.012,-1.5375000000000005
1977,2026-02-28 17:14:02.680,31.828341,-106.5272149,705.4806786063921,32.796,-1.6625
1978,2026-02-28 17:14:02.720,31.8283433,-106.5272175,705.8356790801483,32.544,-1.6999999999999993
1979,2026-02-28 17:14:02.760,31.8283456,-106.52722,706.1841946953398,32.076,-1.5375000000000005
1980,2026-02-28 17:14:02.800,31.8283479,-106.5272226,706.5391951608925,31.86,-1.400000000000001
1981,2026-02-28 17:14:02.840,31.8283502,-106.5272252,706.8941956219156,31.788,-1.412500000000001
1982,2026-02-28 17:14:02.880,31.8283525,-106.5272277,707.242711225406,31.572,-1.4874999999999972
1983,2026-02-28 17:14:02.920,31.8283548,-106.5272302,707.5912268255204,31.428,-1.5874999999999972
1984,2026-02-28 17:14:02.960,31.828357,-106.5272327,707.9316481926994,31.284,-1.6500000000000004
1985,2026-02-28 17:14:03.000,31.8283593,-106.5272352,708.2801637849932,30.996,-1.6374999999999986
1986,2026-02-28 17:14:03.040,31.8283615,-106.5272376,708.614085054721,30.708,-1.6374999999999962
1987,2026-02-28 17:14:03.080,31.8283637,-106.52724,708.9480063207712,30.312,-1.6249999999999964
1988,2026-02-28 17:14:03.120,31.8283658,-106.5272425,709.2805091387522,30.131999999999998,-1.5874999999999961
1989,2026-02-28 17:14:03.160,31.828368,-106.5272449,709.6144303976142,30.06,-1.6374999999999962
1990,2026-02-28 17:14:03.200,31.8283702,-106.5272473,709.9483516525084,29.843999999999998,-1.6749999999999965
1991,2026-02-28 17:14:03.240,31.8283723,-106.5272496,710.2676797802491,29.736,-1.6749999999999965
1992,2026-02-28 17:14:03.280,31.8283744,-106.527252,710.5935245705605,29.340000000000003,-1.6250000000000007
1993,2026-02-28 17:14:03.320,31.8283765,-106.5272543,710.9128526903531,29.088,-1.6625000000000014
1994,2026-02-28 17:14:03.360,31.8283786,-106.5272566,711.23218080769,28.872,-1.724999999999999
1995,2026-02-28 17:14:03.400,31.8283807,-106.5272589,711.5515089216556,28.692,-1.712499999999999
1996,2026-02-28 17:14:03.440,31.8283827,-106.5272611,711.856245272557,28.296000000000003,-1.6874999999999996
1997,2026-02-28 17:14:03.480,31.8283847,-106.5272634,712.1675163888655,28.044,-1.6750000000000012
1998,2026-02-28 17:14:03.520,31.8283867,-106.5272656,712.4722527345278,27.828000000000003,-1.662500000000002
1999,2026-02-28 17:14:03.560,31.8283887,-106.5272678,712.776989076483,27.648,-1.6375000000000028
2000,2026-02-28 17:14:03.600,31.8283907,-106.52727,713.0817254150709,27.432000000000002,-1.6875000000000018
2001,2026-02-28 17:14:03.640,31.8283927,-106.5272722,713.3864617505803,27.324,-1.7375000000000018
2002,2026-02-28 17:14:03.680,31.8283946,-106.5272744,713.6831625108499,27.072,-1.7875000000000019
2003,2026-02-28 17:14:03.720,31.8283965,-106.5272764,713.9669179303305,26.568,-1.725000000000001
2004,2026-02-28 17:14:03.760,31.8283984,-106.5272786,714.2636186845928,26.424,-1.6375000000000006
2005,2026-02-28 17:14:03.800,31.8284003,-106.5272807,714.5537648211108,26.208000000000002,-1.6625
2006,2026-02-28 17:14:03.840,31.8284021,-106.5272827,714.8293225873933,25.92,-1.6500000000000015
2007,2026-02-28 17:14:03.880,31.828404,-106.5272848,715.1194687184615,25.596,-1.6000000000000003
2008,2026-02-28 17:14:03.920,31.8284058,-106.5272868,715.3950264792514,25.488,-1.662499999999999
2009,2026-02-28 17:14:03.960,31.8284076,-106.5272887,715.6641794890443,25.272,-1.7249999999999985
2010,2026-02-28 17:14:04.000,31.8284094,-106.5272908,715.9463137163999,24.948,-1.662499999999999
2011,2026-02-28 17:14:04.040,31.8284112,-106.5272928,716.2218714695935,24.804,-1.6999999999999993
2012,2026-02-28 17:14:04.080,31.8284129,-106.5272947,716.4828429790116,24.444,-1.7374999999999976
2013,2026-02-28 17:14:04.120,31.8284147,-106.5272966,716.7519959795758,24.228,-1.6749999999999985
2014,2026-02-28 17:14:04.160,31.8284164,-106.5272986,717.0195681400589,24.048,-1.6999999999999982
2015,2026-02-28 17:14:04.200,31.8284181,-106.5273004,717.2741193137754,23.796000000000003,-1.7374999999999985
2016,2026-02-28 17:14:04.240,31.8284198,-106.5273023,717.5350908139436,23.58,-1.712499999999999
2017,2026-02-28 17:14:04.280,31.8284215,-106.5273042,717.7960623121197,23.328000000000003,-1.7000000000000004
2018,2026-02-28 17:14:04.320,31.8284231,-106.527306,718.042450068794,22.968,-1.675000000000002
2019,2026-02-28 17:14:04.360,31.8284247,-106.5273079,718.2954653864225,22.824,-1.6874999999999996
2020,2026-02-28 17:14:04.400,31.8284264,-106.5273097,718.5500165499008,22.608,-1.7499999999999982
2021,2026-02-28 17:14:04.440,31.828428,-106.5273114,718.7899665624504,22.248,-1.6999999999999993
2022,2026-02-28 17:14:04.480,31.8284296,-106.5273132,719.0363543111271,21.996000000000002,-1.6625000000000025
2023,2026-02-28 17:14:04.520,31.8284311,-106.527315,719.2748189691731,21.852,-1.7625000000000024
2024,2026-02-28 17:14:04.560,31.8284327,-106.5273167,719.5147689765305,21.528000000000002,-1.7750000000000021
2025,2026-02-28 17:14:04.600,31.8284342,-106.5273183,719.7401186401614,21.312,-1.725000000000001
2026,2026-02-28 17:14:04.640,31.8284357,-106.52732,719.9719256186526,21.132,-1.7500000000000007
2027,2026-02-28 17:14:04.680,31.8284372,-106.5273217,720.2037325953313,20.88,-1.7999999999999994
2028,2026-02-28 17:14:04.720,31.8284387,-106.5273234,720.4355395701978,20.592,-1.8124999999999978
2029,2026-02-28 17:14:04.760,31.8284401,-106.527325,720.6527693554731,20.340000000000003,-1.7500000000000018
2030,2026-02-28 17:14:04.800,31.8284415,-106.5273266,720.8699991379294,20.052000000000003,-1.7375000000000018
2031,2026-02-28 17:14:04.840,31.828443,-106.5273282,721.0953487918723,19.908,-1.8500000000000008
2032,2026-02-28 17:14:04.880,31.8284443,-106.5273297,721.2980057286642,19.548,-1.9000000000000004
2033,2026-02-28 17:14:04.920,31.8284457,-106.5273313,721.5152355072602,19.224,-1.7999999999999994
2034,2026-02-28 17:14:04.960,31.8284471,-106.5273328,721.725985787715,19.044,-1.712499999999999
2035,2026-02-28 17:14:05.000,31.8284484,-106.5273343,721.9286427207539,18.828000000000003,-1.7000000000000015
2036,2026-02-28 17:14:05.040,31.8284497,-106.5273358,722.1312996517356,18.576,-1.737500000000002
2037,2026-02-28 17:14:05.080,31.828451,-106.5273372,722.3274517500097,18.252000000000002,-1.7500000000000004
2038,2026-02-28 17:14:05.120,31.8284523,-106.5273387,722.5301086779115,18.0,-1.7250000000000008
2039,2026-02-28 17:14:05.160,31.8284536,-106.5273401,722.7262607736678,17.892,-1.825
2040,2026-02-28 17:14:05.200,31.8284548,-106.5273415,722.9143502122336,17.496000000000002,-1.875000000000001
2041,2026-02-28 17:14:05.240,31.8284561,-106.5273428,723.1042458876359,17.136,-1.8500000000000014
2042,2026-02-28 17:14:05.280,31.8284572,-106.5273442,723.2845996213395,16.848,-1.837499999999999
2043,2026-02-28 17:14:05.320,31.8284584,-106.5273455,723.4661550108821,16.740000000000002,-1.8499999999999985
2044,2026-02-28 17:14:05.360,31.8284596,-106.5273469,723.6542444446004,16.596,-1.9625
2045,2026-02-28 17:14:05.400,31.8284608,-106.5273482,723.8357998328883,16.38,-1.9999999999999996
2046,2026-02-28 17:14:05.440,31.8284619,-106.5273495,724.0093284809484,16.02,-1.9624999999999997
2047,2026-02-28 17:14:05.480,31.828463,-106.5273507,724.1762890303704,15.768,-1.9625000000000015
2048,2026-02-28 17:14:05.520,31.8284641,-106.5273519,724.3432495791631,15.515999999999998,-2.000000000000001
2049,2026-02-28 17:14:05.560,31.8284652,-106.5273531,724.5102101267462,15.120000000000001,-1.999999999999999
2050,2026-02-28 17:14:05.600,31.8284662,-106.5273543,724.6691865341853,14.868,-1.9374999999999987
2051,2026-02-28 17:14:05.640,31.8284672,-106.5273554,724.8215546445348,14.436,-1.8124999999999987
2052,2026-02-28 17:14:05.680,31.8284683,-106.5273565,724.9822355915833,14.256,-1.812499999999999
2053,2026-02-28 17:14:05.720,31.8284693,-106.5273576,725.1346037003166,14.004000000000001,-1.9624999999999997
2054,2026-02-28 17:14:05.760,31.8284702,-106.5273586,725.2723825353851,13.68,-2.0
2055,2026-02-28 17:14:05.800,31.8284712,-106.5273598,725.4313589381583,13.536,-2.0125
2056,2026-02-28 17:14:05.840,31.8284721,-106.5273609,725.5757942331322,13.212,-1.9875000000000003
2057,2026-02-28 17:14:05.880,31.828473,-106.5273619,725.7135730659436,12.924,-1.9249999999999996
2058,2026-02-28 17:14:05.920,31.8284739,-106.5273629,725.851351898122,12.6,-1.9124999999999996
2059,2026-02-28 17:14:05.960,31.8284747,-106.5273638,725.9745457440755,12.276000000000002,-1.9124999999999996
2060,2026-02-28 17:14:06.000,31.8284756,-106.5273648,726.1123245750581,12.132000000000001,-1.9500000000000006
2061,2026-02-28 17:14:06.040,31.8284764,-106.5273658,726.2422336245666,11.952,-1.9875
2062,2026-02-28 17:14:06.080,31.8284772,-106.5273667,726.3654274686412,11.520000000000001,-1.95
2063,2026-02-28 17:14:06.120,31.828478,-106.5273676,726.488621312492,11.088000000000001,-1.8125000000000004
2064,2026-02-28 17:14:06.160,31.8284787,-106.5273684,726.5972361824197,10.836,-1.775
2065,2026-02-28 17:14:06.200,31.8284795,-106.5273693,726.7204300250288,10.584,-1.7999999999999994
2066,2026-02-28 17:14:06.240,31.8284802,-106.5273701,726.8290448941,10.44,-1.7874999999999992
2067,2026-02-28 17:14:06.280,31.8284809,-106.5273708,726.9312963999805,10.152,-1.812499999999999
2068,2026-02-28 17:14:06.320,31.8284816,-106.5273717,727.0466996850694,9.864,-1.7874999999999992
2069,2026-02-28 17:14:06.360,31.8284823,-106.5273724,727.1489511906011,9.504000000000001,-1.687500000000001
2070,2026-02-28 17:14:06.400,31.828483,-106.5273731,727.2512026955063,9.288,-1.6500000000000008
2071,2026-02-28 17:14:06.440,31.8284836,-106.5273739,727.3521295282188,9.072000000000001,-1.6875000000000004
2072,2026-02-28 17:14:06.480,31.8284842,-106.5273746,727.4461742325052,8.784,-1.6375000000000006
2073,2026-02-28 17:14:06.520,31.8284848,-106.5273753,727.5402189364886,8.604000000000001,-1.6000000000000008
2074,2026-02-28 17:14:06.560,31.8284853,-106.5273759,727.6197071313741,8.208,-1.6250000000000007
2075,2026-02-28 17:14:06.600,31.8284859,-106.5273765,727.7073512778067,8.028,-1.6625000000000008
2076,2026-02-28 17:14:06.640,31.8284865,-106.5273772,727.8013959809316,7.848000000000001,-1.7000000000000004
2077,2026-02-28 17:14:06.680,31.828487,-106.5273777,727.8744327687083,7.524,-1.6625
2078,2026-02-28 17:14:06.720,31.8284875,-106.5273783,727.9539209626281,7.344,-1.6125
2079,2026-02-28 17:14:06.760,31.828488,-106.5273789,728.0334091570111,7.164,-1.6124999999999994
2080,2026-02-28 17:14:06.800,31.8284885,-106.5273794,728.1064459442903,6.8759999999999994,-1.5999999999999992
2081,2026-02-28 17:14:06.840,31.8284889,-106.5273799,728.171400464443,6.6240000000000006,-1.5624999999999996
2082,2026-02-28 17:14:06.880,31.8284894,-106.5273805,728.2508886582115,6.516,-1.5875
2083,2026-02-28 17:14:06.920,31.8284898,-106.5273809,728.3093180873352,6.264,-1.6375
2084,2026-02-28 17:14:06.960,31.8284902,-106.5273814,728.374272607003,5.867999999999999,-1.5875
2085,2026-02-28 17:14:07.000,31.8284906,-106.5273818,728.4327020364833,5.58,-1.4874999999999998
2086,2026-02-28 17:14:07.040,31.8284909,-106.5273823,728.4905954518717,5.4,-1.4375
2087,2026-02-28 17:14:07.080,31.8284913,-106.5273827,728.5490248814676,5.184,-1.4000000000000001
2088,2026-02-28 17:14:07.120,31.8284916,-106.5273831,728.5994882948158,5.04,-1.375
2089,2026-02-28 17:14:07.160,31.828492,-106.5273834,728.6522880682487,4.824000000000001,-1.4750000000000003
2090,2026-02-28 17:14:07.200,31.8284923,-106.5273838,728.7027514813818,4.6080000000000005,-1.5875000000000004
2091,2026-02-28 17:14:07.240,31.8284926,-106.5273841,728.7465735536699,4.392,-1.5875000000000004
2092,2026-02-28 17:14:07.280,31.8284929,-106.5273845,728.7970369666186,4.176,-1.5250000000000001
2093,2026-02-28 17:14:07.320,31.8284931,-106.5273847,728.8262516810138,3.8880000000000003,-1.4
2094,2026-02-28 17:14:07.360,31.8284934,-106.527385,728.8700737522723,3.672,-1.3125
2095,2026-02-28 17:14:07.400,31.8284936,-106.5273853,728.9061399769391,3.492,-1.2625
2096,2026-02-28 17:14:07.440,31.8284938,-106.5273856,728.942206200256,3.3480000000000003,-1.1875000000000002
2097,2026-02-28 17:14:07.480,31.828494,-106.5273858,728.9714209145318,3.204,-1.2125000000000004
2098,2026-02-28 17:14:07.520,31.8284943,-106.5273861,729.0152429856112,3.06,-1.2625000000000002
2099,2026-02-28 17:14:07.560,31.8284944,-106.5273862,729.0298503424348,2.556,-1.1625
2100,2026-02-28 17:14:07.600,31.8284945,-106.5273864,729.0517988882626,2.3040000000000003,-1.0125000000000002
2101,2026-02-28 17:14:07.640,31.8284947,-106.5273865,729.0759884678436,2.124,-0.9125000000000002
2102,2026-02-28 17:14:07.680,31.8284948,-106.5273866,729.0905958246406,2.052,-0.8500000000000002
2103,2026-02-28 17:14:07.720,31.828495,-106.5273868,729.1198105387837,1.9800000000000002,-0.8375
2104,2026-02-28 17:14:07.760,31.8284951,-106.527387,729.1417590845056,1.8,-0.8375
2105,2026-02-28 17:14:07.800,31.8284952,-106.5273871,729.1563664409747,1.728,-0.825
2106,2026-02-28 17:14:07.840,31.8284953,-106.5273872,729.1709737986089,1.692,-0.8375
2107,2026-02-28 17:14:07.880,31.8284954,-106.5273873,729.1855811553661,1.368,-0.7375
2108,2026-02-28 17:14:07.920,31.8284955,-106.5273874,729.2001885118153,1.26,-0.6125
2109,2026-02-28 17:14:07.960,31.8284955,-106.5273874,729.2001885118153,1.0080000000000002,-0.5125000000000001
2110,2026-02-28 17:14:08.000,31.8284956,-106.5273875,729.2147958694295,0.936,-0.4
2111,2026-02-28 17:14:08.040,31.8284956,-106.5273876,729.2242539124484,0.864,-0.4
2112,2026-02-28 17:14:08.080,31.8284957,-106.5273877,729.238861270056,0.864,-0.45
2113,2026-02-28 17:14:08.120,31.8284957,-106.5273877,729.238861270056,0.756,-0.4875
2114,2026-02-28 17:14:08.160,31.8284958,-106.5273878,729.2534686264853,0.6120000000000001,-0.425
2115,2026-02-28 17:14:08.200,31.8284958,-106.5273878,729.2534686264853,0.54,-0.31250000000000006
2116,2026-02-28 17:14:08.240,31.8284959,-106.5273878,729.2646005756948,0.468,-0.26250000000000007
2117,2026-02-28 17:14:08.280,31.8284959,-106.5273878,729.2646005756948,0.468,-0.2375
2118,2026-02-28 17:14:08.320,31.8284959,-106.527388,729.2835166630152,0.396,-0.2
2119,2026-02-28 17:14:08.360,31.828496,-106.527388,729.2946486122247,0.396,-0.2125
2120,2026-02-28 17:14:08.400,31.828496,-106.527388,729.2946486122247,0.396,-0.23750000000000004
2121,2026-02-28 17:14:08.440,31.828496,-106.5273881,729.3041066552026,0.25200000000000006,-0.1375
2122,2026-02-28 17:14:08.480,31.828496,-106.5273881,729.3041066552026,0.18000000000000002,-0.06250000000000003
2123,2026-02-28 17:14:08.520,31.828496,-106.5273881,729.3041066552026,0.036000000000000004,-0.012500000000000011
2124,2026-02-28 17:14:08.560,31.828496,-106.5273881,729.3041066552026,0.108,-2.7755575615628915e-18
2125,2026-02-28 17:14:08.600,31.828496,-106.5273881,729.3041066552026,0.14400000000000002,-0.03750000000000001
2126,2026-02-28 17:14:08.640,31.828496,-106.5273881,729.3041066552026,0.108,0.012500000000000011
2127,2026-02-28 17:14:08.680,31.828496,-106.5273881,729.3041066552026,0.14400000000000002,0.025000000000000012
2128,2026-02-28 17:14:08.720,31.828496,-106.5273881,729.3041066552026,0.14400000000000002,-0.012500000000000006
2129,2026-02-28 17:14:08.760,31.828496,-106.5273881,729.3041066552026,0.036000000000000004,-0.012499999999999994
2130,2026-02-28 17:14:08.800,31.828496,-106.5273881,729.3041066552026,0.07200000000000001,-2.7755575615628915e-18
2131,2026-02-28 17:14:08.840,31.828496,-106.5273882,729.3135646995246,0.18000000000000002,-0.05000000000000001
2132,2026-02-28 17:14:08.880,31.828496,-106.5273882,729.3135646995246,0.07200000000000001,-0.012499999999999994
2133,2026-02-28 17:14:08.920,31.828496,-106.5273882,729.3135646995246,0.108,0.037500000000000006
2134,2026-02-28 17:14:08.960,31.828496,-106.5273882,729.3135646995246,0.036000000000000004,0.05000000000000001
2135,2026-02-28 17:14:09.000,31.828496,-106.5273882,729.3135646995246,0.108,0.07500000000000001
2136,2026-02-28 17:14:09.040,31.828496,-106.5273882,729.3135646995246,0.18000000000000002,-0.012499999999999994
2137,2026-02-28 17:14:09.080,31.828496,-106.5273882,729.3135646995246,0.14400000000000002,-0.06250000000000003
2138,2026-02-28 17:14:09.120,31.828496,-106.5273882,729.3135646995246,0.108,-0.03749999999999999
2139,2026-02-28 17:14:09.160,31.828496,-106.5273882,729.3135646995246,0.036000000000000004,0.0
2140,2026-02-28 17:14:09.200,31.828496,-106.5273883,729.3230227425025,0.07200000000000001,0.037500000000000006
2141,2026-02-28 17:14:09.240,31.828496,-106.5273883,729.3230227425025,0.036000000000000004,0.06250000000000001
2142,2026-02-28 17:14:09.280,31.8284961,-106.5273883,729.3341546913165,0.18000000000000002,0.025000000000000012
2143,2026-02-28 17:14:09.320,31.8284961,-106.5273883,729.3341546913165,0.108,-0.03749999999999999
2144,2026-02-28 17:14:09.360,31.8284961,-106.5273883,729.3341546913165,0.18000000000000002,-0.0625
2145,2026-02-28 17:14:09.400,31.8284961,-106.5273883,729.3341546913165,0.18000000000000002,-0.0875
2146,2026-02-28 17:14:09.440,31.8284961,-106.5273884,729.3436127356282,0.07200000000000001,-0.05
2147,2026-02-28 17:14:09.480,31.8284961,-106.5273884,729.3436127356282,0.07200000000000001,0.0125
2148,2026-02-28 17:14:09.520,31.8284962,-106.5273884,729.3547446848377,0.07200000000000001,-2.7755575615628915e-18
2149,2026-02-28 17:14:09.560,31.8284962,-106.5273885,729.3642027277951,0.07200000000000001,-0.025
2150,2026-02-28 17:14:09.600,31.8284962,-106.5273884,729.3736607707526,0.14400000000000002,-0.012500000000000006
2151,2026-02-28 17:14:09.640,31.8284962,-106.5273885,729.3831188137101,0.14400000000000002,0.0
2152,2026-02-28 17:14:09.680,31.8284962,-106.5273885,729.3831188137101,0.14400000000000002,-0.025000000000000012
2153,2026-02-28 17:14:09.720,31.8284962,-106.5273885,729.3831188137101,0.036000000000000004,-0.012500000000000006
2154,2026-02-28 17:14:09.760,31.8284962,-106.5273885,729.3831188137101,0.07200000000000001,-8.326672684688674e-18
2155,2026-02-28 17:14:09.800,31.8284962,-106.5273885,729.3831188137101,0.036000000000000004,-0.012500000000000006
2156,2026-02-28 17:14:09.840,31.8284962,-106.5273885,729.3831188137101,0.07200000000000001,-0.025000000000000015
2157,2026-02-28 17:14:09.880,31.8284963,-106.5273885,729.3942507629196,0.108,-0.03750000000000001
2158,2026-02-28 17:14:09.920,31.8284963,-106.5273885,729.3942507629196,0.036000000000000004,0.04999999999999999
2159,2026-02-28 17:14:09.960,31.8284964,-106.5273886,729.4088581193091,0.036000000000000004,0.0875
2160,2026-02-28 17:14:10.000,31.8284964,-106.5273886,729.4088581193091,0.14400000000000002,0.024999999999999994
2161,2026-02-28 17:14:10.040,31.8284964,-106.5273886,729.4088581193091,0.14400000000000002,-0.025000000000000012
2162,2026-02-28 17:14:10.080,31.8284964,-106.5273887,729.4183161635901,0.07200000000000001,-1.9428902930940238e-17
2163,2026-02-28 17:14:10.120,31.8284964,-106.5273887,729.4183161635901,0.07200000000000001,0.075
2164,2026-02-28 17:14:10.160,31.8284965,-106.5273887,729.4294481127996,0.036000000000000004,0.0625
2165,2026-02-28 17:14:10.200,31.8284965,-106.5273888,729.4389061557263,0.036000000000000004,0.0375
2166,2026-02-28 17:14:10.240,31.8284965,-106.5273888,729.4389061557263,0.0,0.0875
2167,2026-02-28 17:14:10.280,31.8284965,-106.5273888,729.4389061557263,0.07200000000000001,0.08750000000000002
2168,2026-02-28 17:14:10.320,31.8284965,-106.5273888,729.4389061557263,0.216,8.326672684688674e-18
2169,2026-02-28 17:14:10.360,31.8284965,-106.5273888,729.4389061557263,0.108,-0.024999999999999988
2170,2026-02-28 17:14:10.400,31.8284965,-106.5273888,729.4389061557263,0.14400000000000002,-0.012500000000000006
2171,2026-02-28 17:14:10.440,31.8284965,-106.5273889,729.4483641999971,0.07200000000000001,-5.551115123125783e-18
2172,2026-02-28 17:14:10.480,31.8284966,-106.5273889,729.4594961492065,0.14400000000000002,-0.012500000000000008
2173,2026-02-28 17:14:10.520,31.8284966,-106.527389,729.468954192123,0.216,-0.075
2174,2026-02-28 17:14:10.560,31.8284966,-106.527389,729.468954192123,0.07200000000000001,-0.0625
2175,2026-02-28 17:14:10.600,31.8284966,-106.527389,729.468954192123,0.108,-0.0375
2176,2026-02-28 17:14:10.640,31.8284966,-106.5273889,729.4784122350394,0.18000000000000002,-0.06250000000000001
2177,2026-02-28 17:14:10.680,31.8284966,-106.5273889,729.4784122350394,0.14400000000000002,-0.06250000000000003
2178,2026-02-28 17:14:10.720,31.8284966,-106.5273889,729.4784122350394,0.14400000000000002,-0.025000000000000005
2179,2026-02-28 17:14:10.760,31.8284966,-106.5273889,729.4784122350394,0.108,-0.012499999999999994
2180,2026-02-28 17:14:10.800,31.8284966,-106.527389,729.4878702779558,0.108,-0.03749999999999999
2181,2026-02-28 17:14:10.840,31.8284966,-106.527389,729.4878702779558,0.108,-0.024999999999999998
2182,2026-02-28 17:14:10.880,31.8284966,-106.527389,729.4878702779558,0.07200000000000001,0.03750000000000001
2183,2026-02-28 17:14:10.920,31.8284966,-106.527389,729.4878702779558,0.07200000000000001,0.0375
2184,2026-02-28 17:14:10.960,31.8284966,-106.527389,729.4878702779558,0.036000000000000004,0.012500000000000016
2185,2026-02-28 17:14:11.000,31.8284966,-106.527389,729.4878702779558,0.036000000000000004,0.05000000000000001
2186,2026-02-28 17:14:11.040,31.8284966,-106.527389,729.4878702779558,0.07200000000000001,0.025000000000000022
2187,2026-02-28 17:14:11.080,31.8284966,-106.527389,729.4878702779558,0.07200000000000001,-0.012500000000000002
2188,2026-02-28 17:14:11.120,31.8284966,-106.527389,729.4878702779558,0.14400000000000002,-0.0125
2189,2026-02-28 17:14:11.160,31.8284966,-106.527389,729.4878702779558,0.07200000000000001,-0.025000000000000012
2190,2026-02-28 17:14:11.200,31.8284966,-106.527389,729.4878702779558,0.036000000000000004,-0.012499999999999992
2191,2026-02-28 17:14:11.240,31.8284966,-106.527389,729.4878702779558,0.108,-0.012499999999999997
2192,2026-02-28 17:14:11.280,31.8284966,-106.527389,729.4878702779558,0.18000000000000002,-0.0625
2193,2026-02-28 17:14:11.320,31.8284966,-106.527389,729.4878702779558,0.07200000000000001,-0.06250000000000001
2194,2026-02-28 17:14:11.360,31.8284966,-106.527389,729.4878702779558,0.07200000000000001,-0.012499999999999997
2195,2026-02-28 17:14:11.400,31.8284966,-106.527389,729.4878702779558,0.14400000000000002,-5.551115123125783e-18
2196,2026-02-28 17:14:11.440,31.8284966,-106.527389,729.4878702779558,0.036000000000000004,2.7755575615628915e-18
2197,2026-02-28 17:14:11.480,31.8284966,-106.527389,729.4878702779558,0.07200000000000001,5.551115123125783e-18
2198,2026-02-28 17:14:11.520,31.8284966,-106.527389,729.4878702779558,0.108,-0.012499999999999997
2199,2026-02-28 17:14:11.560,31.8284966,-106.527389,729.4878702779558,0.036000000000000004,2.7755575615628915e-18
2200,2026-02-28 17:14:11.600,31.8284966,-106.527389,729.4878702779558,0.036000000000000004,0.025
2201,2026-02-28 17:14:11.640,31.8284966,-106.5273892,729.5067863651328,0.07200000000000001,0.037500000000000006
2202,2026-02-28 17:14:11.680,31.8284966,-106.5273892,729.5067863651328,0.036000000000000004,0.05
2203,2026-02-28 17:14:11.720,31.8284966,-106.5273892,729.5067863651328,0.036000000000000004,0.07500000000000001
2204,2026-02-28 17:14:11.760,31.8284966,-106.5273892,729.5067863651328,0.07200000000000001,0.075
2205,2026-02-28 17:14:11.800,31.8284966,-106.527389,729.5257024523098,0.14400000000000002,-0.025000000000000015
2206,2026-02-28 17:14:11.840,31.8284966,-106.5273892,729.5446185394868,0.036000000000000004,-0.037500000000000006
2207,2026-02-28 17:14:11.880,31.8284966,-106.5273892,729.5446185394868,0.07200000000000001,0.025000000000000005
2208,2026-02-28 17:14:11.920,31.8284967,-106.5273892,729.5557504883008,0.07200000000000001,0.012499999999999989
2209,2026-02-28 17:14:11.960,31.8284967,-106.5273892,729.5557504883008,0.07200000000000001,-2.7755575615628915e-18
2210,2026-02-28 17:14:12.000,31.8284967,-106.5273892,729.5557504883008,0.07200000000000001,0.024999999999999998
2211,2026-02-28 17:14:12.040,31.8284966,-106.5273892,729.5668824371147,0.14400000000000002,0.03750000000000001
2212,2026-02-28 17:14:12.080,31.8284966,-106.5273892,729.5668824371147,0.108,0.0125
2213,2026-02-28 17:14:12.120,31.8284967,-106.5273892,729.5780143859287,0.18000000000000002,-0.05000000000000001
2214,2026-02-28 17:14:12.160,31.8284967,-106.5273892,729.5780143859287,0.14400000000000002,-0.07500000000000002
2215,2026-02-28 17:14:12.200,31.8284967,-106.5273892,729.5780143859287,0.0,-0.012500000000000011
2216,2026-02-28 17:14:12.240,31.8284967,-106.5273892,729.5780143859287,0.07200000000000001,0.024999999999999998
2217,2026-02-28 17:14:12.280,31.8284968,-106.5273892,729.5891463351381,0.108,-1.1102230246251566e-17
2218,2026-02-28 17:14:12.320,31.8284968,-106.5273892,729.5891463351381,0.07200000000000001,-0.024999999999999998
2219,2026-02-28 17:14:12.360,31.8284968,-106.5273892,729.5891463351381,0.07200000000000001,-0.012500000000000008
2220,2026-02-28 17:14:12.400,31.8284968,-106.5273892,729.5891463351381,0.14400000000000002,-0.025000000000000012
2221,2026-02-28 17:14:12.440,31.8284968,-106.5273892,729.5891463351381,0.18000000000000002,-0.06250000000000003
2222,2026-02-28 17:14:12.480,31.8284968,-106.5273892,729.5891463351381,0.108,-0.0625
2223,2026-02-28 17:14:12.520,31.8284968,-106.5273892,729.5891463351381,0.036000000000000004,0.025000000000000012
2224,2026-02-28 17:14:12.560,31.8284968,-106.5273892,729.5891463351381,0.07200000000000001,0.0625
2225,2026-02-28 17:14:12.600,31.8284968,-106.5273892,729.5891463351381,0.036000000000000004,0.024999999999999994
2226,2026-02-28 17:14:12.640,31.8284968,-106.5273892,729.5891463351381,0.108,-0.025000000000000005
2227,2026-02-28 17:14:12.680,31.8284968,-106.5273892,729.5891463351381,0.07200000000000001,-0.0375
2228,2026-02-28 17:14:12.720,31.8284968,-106.5273892,729.5891463351381,0.036000000000000004,2.7755575615628915e-18
2229,2026-02-28 17:14:12.760,31.8284968,-106.5273892,729.5891463351381,0.07200000000000001,-0.0125
2230,2026-02-28 17:14:12.800,31.8284969,-106.5273892,729.6002782843476,0.07200000000000001,0.012500000000000006
2231,2026-02-28 17:14:12.840,31.8284968,-106.5273892,729.6114102335571,0.07200000000000001,0.06250000000000001
2232,2026-02-28 17:14:12.880,31.8284968,-106.5273892,729.6114102335571,0.036000000000000004,0.025
2233,2026-02-28 17:14:12.920,31.8284968,-106.5273892,729.6114102335571,0.18000000000000002,-0.0625
2234,2026-02-28 17:14:12.960,31.8284968,-106.5273892,729.6114102335571,0.108,-0.07500000000000001
2235,2026-02-28 17:14:13.000,31.8284968,-106.5273892,729.6114102335571,0.07200000000000001,-0.024999999999999998
2236,2026-02-28 17:14:13.040,31.8284968,-106.5273892,729.6114102335571,0.0,0.012499999999999992
2237,2026-02-28 17:14:13.080,31.8284969,-106.5273892,729.6225421827666,0.07200000000000001,0.024999999999999998
2238,2026-02-28 17:14:13.120,31.8284969,-106.5273892,729.6225421827666,0.036000000000000004,0.012499999999999987
2239,2026-02-28 17:14:13.160,31.8284969,-106.5273892,729.6225421827666,0.036000000000000004,0.025
2240,2026-02-28 17:14:13.200,31.8284969,-106.5273892,729.6225421827666,0.14400000000000002,-8.326672684688674e-18
2241,2026-02-28 17:14:13.240,31.8284969,-106.5273892,729.6225421827666,0.18000000000000002,-0.050000000000000024
2242,2026-02-28 17:14:13.280,31.8284969,-106.5273892,729.6225421827666,0.0,0.024999999999999994
2243,2026-02-28 17:14:13.320,31.8284969,-106.5273892,729.6225421827666,0.036000000000000004,0.05
2244,2026-02-28 17:14:13.360,31.8284969,-106.5273892,729.6225421827666,0.036000000000000004,0.05000000000000001
2245,2026-02-28 17:14:13.400,31.8284969,-106.5273892,729.6225421827666,0.07200000000000001,0.03750000000000001
2246,2026-02-28 17:14:13.440,31.8284969,-106.5273892,729.6225421827666,0.036000000000000004,0.025000000000000012
2247,2026-02-28 17:14:13.480,31.8284969,-106.5273892,729.6225421827666,0.108,0.03750000000000001
2248,2026-02-28 17:14:13.520,31.8284969,-106.5273892,729.6225421827666,0.036000000000000004,0.012500000000000006
2249,2026-02-28 17:14:13.560,31.8284969,-106.5273892,729.6225421827666,0.108,-0.012499999999999994
2250,2026-02-28 17:14:13.600,31.828497,-106.5273892,729.6336741315805,0.07200000000000001,-0.025
2251,2026-02-28 17:14:13.640,31.8284969,-106.5273892,729.6448060803945,0.108,-0.012499999999999989
2252,2026-02-28 17:14:13.680,31.828497,-106.5273892,729.6559380292084,0.14400000000000002,-0.025
2253,2026-02-28 17:14:13.720,31.828497,-106.5273892,729.6559380292084,0.036000000000000004,0.025
2254,2026-02-28 17:14:13.760,31.828497,-106.5273892,729.6559380292084,0.18000000000000002,0.012499999999999997
2255,2026-02-28 17:14:13.800,31.828497,-106.5273892,729.6559380292084,0.036000000000000004,0.0125
2256,2026-02-28 17:14:13.840,31.828497,-106.5273892,729.6559380292084,0.14400000000000002,0.012499999999999997
2257,2026-02-28 17:14:13.880,31.8284972,-106.5273892,729.6782019276272,0.108,-0.025
2258,2026-02-28 17:14:13.920,31.8284972,-106.5273892,729.6782019276272,0.07200000000000001,0.0125
2259,2026-02-28 17:14:13.960,31.8284972,-106.5273892,729.6782019276272,0.036000000000000004,0.06250000000000001
2260,2026-02-28 17:14:14.000,31.8284972,-106.5273894,729.6971180146812,0.07200000000000001,0.0625
2261,2026-02-28 17:14:14.040,31.8284972,-106.5273894,729.6971180146812,0.07200000000000001,0.012500000000000006
2262,2026-02-28 17:14:14.080,31.8284972,-106.5273892,729.7160341017352,0.108,-0.012499999999999992
2263,2026-02-28 17:14:14.120,31.8284972,-106.5273894,729.7349501887892,0.14400000000000002,-0.03749999999999999
2264,2026-02-28 17:14:14.160,31.8284972,-106.5273894,729.7349501887892,0.108,1.1102230246251566e-17
2265,2026-02-28 17:14:14.200,31.8284972,-106.5273894,729.7349501887892,0.14400000000000002,0.03750000000000002
2266,2026-02-28 17:14:14.240,31.8284972,-106.5273894,729.7349501887892,0.07200000000000001,0.012500000000000006
2267,2026-02-28 17:14:14.280,31.8284972,-106.5273894,729.7349501887892,0.108,-0.024999999999999994
2268,2026-02-28 17:14:14.320,31.8284973,-106.5273894,729.7460821376031,0.108,-0.03749999999999999
2269,2026-02-28 17:14:14.360,31.8284973,-106.5273894,729.7460821376031,0.18000000000000002,-0.05000000000000001
2270,2026-02-28 17:14:14.400,31.8284973,-106.5273894,729.7460821376031,0.108,-0.0375
2271,2026-02-28 17:14:14.440,31.8284973,-106.5273894,729.7460821376031,0.07200000000000001,0.03749999999999999
2272,2026-02-28 17:14:14.480,31.8284975,-106.5273894,729.768346036022,0.07200000000000001,0.0625
2273,2026-02-28 17:14:14.520,31.8284975,-106.5273894,729.768346036022,0.07200000000000001,0.024999999999999994
2274,2026-02-28 17:14:14.560,31.8284975,-106.5273894,729.768346036022,0.18000000000000002,-0.05000000000000001
2275,2026-02-28 17:14:14.600,31.8284975,-106.5273894,729.768346036022,0.18000000000000002,-0.08750000000000002
2276,2026-02-28 17:14:14.640,31.8284975,-106.5273894,729.768346036022,0.07200000000000001,-0.012500000000000006
2277,2026-02-28 17:14:14.680,31.8284975,-106.5273894,729.768346036022,0.036000000000000004,0.037500000000000006
2278,2026-02-28 17:14:14.720,31.8284975,-106.5273896,729.7872621230146,0.07200000000000001,0.025
2279,2026-02-28 17:14:14.760,31.8284975,-106.5273896,729.7872621230146,0.07200000000000001,0.0375
2280,2026-02-28 17:14:14.800,31.8284976,-106.5273896,729.7983940718285,0.108,5.551115123125783e-18
2281,2026-02-28 17:14:14.840,31.8284976,-106.5273896,729.7983940718285,0.18000000000000002,-0.024999999999999998
2282,2026-02-28 17:14:14.880,31.8284976,-106.5273896,729.7983940718285,0.14400000000000002,5.551115123125783e-18
2283,2026-02-28 17:14:14.920,31.8284976,-106.5273896,729.7983940718285,0.07200000000000001,0.0125
2284,2026-02-28 17:14:14.960,31.8284978,-106.5273896,729.8206579702473,0.036000000000000004,0.037500000000000006
2285,2026-02-28 17:14:15.000,31.8284978,-106.5273896,729.8206579702473,0.07200000000000001,0.024999999999999998
2286,2026-02-28 17:14:15.040,31.8284978,-106.5273896,729.8206579702473,0.14400000000000002,-0.025
2287,2026-02-28 17:14:15.080,31.8284978,-106.5273896,729.8206579702473,0.07200000000000001,0.012500000000000006
2288,2026-02-28 17:14:15.120,31.8284978,-106.5273896,729.8206579702473,0.108,0.050000000000000024
2289,2026-02-28 17:14:15.160,31.8284978,-106.5273896,729.8206579702473,0.14400000000000002,0.025000000000000012
2290,2026-02-28 17:14:15.200,31.8284979,-106.5273897,729.8352653265373,0.036000000000000004,0.08750000000000002
2291,2026-02-28 17:14:15.240,31.8284979,-106.5273897,729.8352653265373,0.18000000000000002,0.06250000000000003
2292,2026-02-28 17:14:15.280,31.828498,-106.5273897,729.8463972757468,0.14400000000000002,-0.05000000000000001
2293,2026-02-28 17:14:15.320,31.828498,-106.5273897,729.8463972757468,0.108,-0.0625
2294,2026-02-28 17:14:15.360,31.828498,-106.5273897,729.8463972757468,0.108,-0.03749999999999999
2295,2026-02-28 17:14:15.400,31.828498,-106.5273897,729.8463972757468,0.07200000000000001,1.3877787807814457e-17
2296,2026-02-28 17:14:15.440,31.828498,-106.5273897,729.8463972757468,0.07200000000000001,0.0125
2297,2026-02-28 17:14:15.480,31.8284981,-106.5273897,729.8575292249562,0.18000000000000002,-0.012499999999999994
2298,2026-02-28 17:14:15.520,31.8284981,-106.5273897,729.8575292249562,0.14400000000000002,-0.012499999999999989
2299,2026-02-28 17:14:15.560,31.8284981,-106.5273897,729.8575292249562,0.18000000000000002,-0.025000000000000012
2300,2026-02-28 17:14:15.600,31.8284981,-106.5273899,729.8764453118258,0.25200000000000006,-0.07500000000000002
2301,2026-02-28 17:14:15.640,31.8284981,-106.5273897,729.8953613986954,0.14400000000000002,-0.03750000000000001
2302,2026-02-28 17:14:15.680,31.8284981,-106.5273897,729.8953613986954,0.036000000000000004,0.025000000000000012
2303,2026-02-28 17:14:15.720,31.8284981,-106.5273897,729.8953613986954,0.036000000000000004,0.03749999999999999
2304,2026-02-28 17:14:15.760,31.8284981,-106.5273899,729.914277485565,0.07200000000000001,0.025
2305,2026-02-28 17:14:15.800,31.8284981,-106.5273899,729.914277485565,0.108,0.0
2306,2026-02-28 17:14:15.840,31.8284983,-106.5273899,729.9365413835883,0.07200000000000001,-0.0125
2307,2026-02-28 17:14:15.880,31.8284983,-106.5273899,729.9365413835883,0.14400000000000002,0.0
2308,2026-02-28 17:14:15.920,31.8284983,-106.5273899,729.9365413835883,0.14400000000000002,0.012500000000000006
2309,2026-02-28 17:14:15.960,31.8284983,-106.5273899,729.9365413835883,0.108,0.0
2310,2026-02-28 17:14:16.000,31.8284983,-106.5273899,729.9365413835883,0.108,0.012500000000000011
2311,2026-02-28 17:14:16.040,31.8284984,-106.5273899,729.9476733327978,0.18000000000000002,-0.03750000000000001
2312,2026-02-28 17:14:16.080,31.8284984,-106.5273899,729.9476733327978,0.07200000000000001,-0.037500000000000006
2313,2026-02-28 17:14:16.120,31.8284984,-106.5273899,729.9476733327978,0.108,-0.012500000000000002
2314,2026-02-28 17:14:16.160,31.8284984,-106.5273899,729.9476733327978,0.07200000000000001,-0.024999999999999998
2315,2026-02-28 17:14:16.200,31.8284984,-106.5273899,729.9476733327978,0.108,-0.012499999999999997
2316,2026-02-28 17:14:16.240,31.8284984,-106.5273899,729.9476733327978,0.036000000000000004,-0.012499999999999989
2317,2026-02-28 17:14:16.280,31.8284984,-106.5273899,729.9476733327978,0.18000000000000002,-0.05000000000000001
2318,2026-02-28 17:14:16.320,31.8284984,-106.5273899,729.9476733327978,0.14400000000000002,-0.07500000000000002
2319,2026-02-28 17:14:16.360,31.8284984,-106.5273899,729.9476733327978,0.108,-0.05
2320,2026-02-28 17:14:16.400,31.8284984,-106.5273899,729.9476733327978,0.14400000000000002,-0.075
2321,2026-02-28 17:14:16.440,31.8284984,-106.5273899,729.9476733327978,0.036000000000000004,-0.05
2322,2026-02-28 17:14:16.480,31.8284984,-106.5273899,729.9476733327978,0.108,-0.024999999999999998
2323,2026-02-28 17:14:16.520,31.8284984,-106.5273899,729.9476733327978,0.036000000000000004,-0.012499999999999994
2324,2026-02-28 17:14:16.560,31.8284984,-106.5273899,729.9476733327978,0.07200000000000001,0.025
2325,2026-02-28 17:14:16.600,31.8284986,-106.5273899,729.9699372308211,0.07200000000000001,0.0375
2326,2026-02-28 17:14:16.640,31.8284986,-106.5273899,729.9699372308211,0.036000000000000004,0.0375
2327,2026-02-28 17:14:16.680,31.8284986,-106.5273899,729.9699372308211,0.036000000000000004,0.024999999999999994
2328,2026-02-28 17:14:16.720,31.8284986,-106.5273899,729.9699372308211,0.07200000000000001,2.7755575615628915e-18
2329,2026-02-28 17:14:16.760,31.8284986,-106.5273899,729.9699372308211,0.036000000000000004,0.012499999999999994
2330,2026-02-28 17:14:16.800,31.8284986,-106.52739,729.9793952735326,0.0,0.0625
2331,2026-02-28 17:14:16.840,31.8284986,-106.52739,729.9793952735326,0.036000000000000004,0.0625
2332,2026-02-28 17:14:16.880,31.8284986,-106.52739,729.9793952735326,0.036000000000000004,0.05
2333,2026-02-28 17:14:16.920,31.8284986,-106.52739,729.9793952735326,0.07200000000000001,0.024999999999999998
2334,2026-02-28 17:14:16.960,31.8284987,-106.52739,729.9905272227421,0.108,-0.024999999999999998
2335,2026-02-28 17:14:17.000,31.8284987,-106.5273901,729.9999852667875,0.14400000000000002,-0.05
2336,2026-02-28 17:14:17.040,31.8284987,-106.5273901,729.9999852667875,0.07200000000000001,-0.05000000000000001
2337,2026-02-28 17:14:17.080,31.8284987,-106.5273901,729.9999852667875,0.07200000000000001,-0.03750000000000001
2338,2026-02-28 17:14:17.120,31.8284987,-106.5273901,729.9999852667875,0.036000000000000004,5.551115123125783e-18
2339,2026-02-28 17:14:17.160,31.8284987,-106.5273901,729.9999852667875,0.108,-0.012499999999999994
2340,2026-02-28 17:14:17.200,31.8284987,-106.5273901,729.9999852667875,0.108,-0.0375
2341,2026-02-28 17:14:17.240,31.8284987,-106.5273901,729.9999852667875,0.108,-0.0375
2342,2026-02-28 17:14:17.280,31.8284987,-106.5273901,729.9999852667875,0.108,-0.0625
2343,2026-02-28 17:14:17.320,31.8284987,-106.5273901,729.9999852667875,0.07200000000000001,-0.012499999999999994
2344,2026-02-28 17:14:17.360,31.8284987,-106.5273901,729.9999852667875,0.036000000000000004,0.037500000000000006
2345,2026-02-28 17:14:17.400,31.8284987,-106.5273901,729.9999852667875,0.07200000000000001,0.025
2346,2026-02-28 17:14:17.440,31.8284987,-106.5273901,729.9999852667875,0.0,0.037500000000000006
2347,2026-02-28 17:14:17.480,31.8284987,-106.5273901,729.9999852667875,0.036000000000000004,0.025
2348,2026-02-28 17:14:17.520,31.8284987,-106.5273901,729.9999852667875,0.07200000000000001,-5.551115123125783e-18
2349,2026-02-28 17:14:17.560,31.8284987,-106.5273901,729.9999852667875,0.036000000000000004,0.037500000000000006
2350,2026-02-28 17:14:17.600,31.8284987,-106.5273901,729.9999852667875,0.07200000000000001,0.05
2351,2026-02-28 17:14:17.640,31.8284987,-106.5273901,729.9999852667875,0.036000000000000004,0.03749999999999999
2352,2026-02-28 17:14:17.680,31.8284989,-106.5273902,730.0241748456747,0.0,0.0625
2353,2026-02-28 17:14:17.720,31.8284989,-106.5273902,730.0241748456747,0.14400000000000002,0.025
2354,2026-02-28 17:14:17.760,31.8284989,-106.5273902,730.0241748456747,0.07200000000000001,-0.012500000000000008
2355,2026-02-28 17:14:17.800,31.8284989,-106.5273902,730.0241748456747,0.108,0.012500000000000006
2356,2026-02-28 17:14:17.840,31.8284989,-106.5273902,730.0241748456747,0.07200000000000001,0.025
2357,2026-02-28 17:14:17.880,31.8284989,-106.5273902,730.0241748456747,0.036000000000000004,0.025000000000000005
2358,2026-02-28 17:14:17.920,31.8284989,-106.5273902,730.0241748456747,0.07200000000000001,0.0625
2359,2026-02-28 17:14:17.960,31.8284989,-106.5273902,730.0241748456747,0.14400000000000002,0.03749999999999999
2360,2026-02-28 17:14:18.000,31.8284989,-106.5273902,730.0241748456747,0.108,-0.03750000000000001
2361,2026-02-28 17:14:18.040,31.828499,-106.5273902,730.0353067948841,0.108,-0.0375
2362,2026-02-28 17:14:18.080,31.828499,-106.5273902,730.0353067948841,0.108,-0.0375
2363,2026-02-28 17:14:18.120,31.828499,-106.5273902,730.0353067948841,0.108,-0.0375
2364,2026-02-28 17:14:18.160,31.828499,-106.5273902,730.0353067948841,0.07200000000000001,-0.025000000000000005
2365,2026-02-28 17:14:18.200,31.8284989,-106.5273902,730.0464387440936,0.14400000000000002,-0.025000000000000012
2366,2026-02-28 17:14:18.240,31.8284989,-106.5273902,730.0464387440936,0.108,-0.024999999999999998
2367,2026-02-28 17:14:18.280,31.828499,-106.5273902,730.0575706933031,0.07200000000000001,-0.025
2368,2026-02-28 17:14:18.320,31.828499,-106.5273902,730.0575706933031,0.216,-0.0625
2369,2026-02-28 17:14:18.360,31.828499,-106.5273902,730.0575706933031,0.108,-0.05
2370,2026-02-28 17:14:18.400,31.828499,-106.5273902,730.0575706933031,0.036000000000000004,0.012500000000000002
2371,2026-02-28 17:14:18.440,31.828499,-106.5273902,730.0575706933031,0.07200000000000001,0.037500000000000006
2372,2026-02-28 17:14:18.480,31.828499,-106.5273902,730.0575706933031,0.036000000000000004,0.05
2373,2026-02-28 17:14:18.520,31.828499,-106.5273902,730.0575706933031,0.07200000000000001,0.024999999999999994
2374,2026-02-28 17:14:18.560,31.828499,-106.5273902,730.0575706933031,0.036000000000000004,0.012499999999999997
2375,2026-02-28 17:14:18.600,31.828499,-106.5273902,730.0575706933031,0.108,-0.025
2376,2026-02-28 17:14:18.640,31.828499,-106.5273904,730.0764867799883,0.07200000000000001,-0.037500000000000006
2377,2026-02-28 17:14:18.680,31.828499,-106.5273904,730.0764867799883,0.036000000000000004,0.024999999999999994
2378,2026-02-28 17:14:18.720,31.828499,-106.5273902,730.0954028666735,0.07200000000000001,0.025
2379,2026-02-28 17:14:18.760,31.828499,-106.5273902,730.0954028666735,0.108,-0.0125
2380,2026-02-28 17:14:18.800,31.828499,-106.5273902,730.0954028666735,0.07200000000000001,-5.551115123125783e-18
2381,2026-02-28 17:14:18.840,31.828499,-106.5273904,730.1143189533586,0.14400000000000002,-0.012500000000000015
2382,2026-02-28 17:14:18.880,31.828499,-106.5273904,730.1143189533586,0.108,0.0125
2383,2026-02-28 17:14:18.920,31.828499,-106.5273904,730.1143189533586,0.07200000000000001,0.024999999999999998
2384,2026-02-28 17:14:18.960,31.828499,-106.5273904,730.1143189533586,0.07200000000000001,-1.1102230246251566e-17
2385,2026-02-28 17:14:19.000,31.828499,-106.5273904,730.1143189533586,0.0,0.012499999999999997
2386,2026-02-28 17:14:19.040,31.828499,-106.5273904,730.1143189533586,0.07200000000000001,0.0
2387,2026-02-28 17:14:19.080,31.828499,-106.5273904,730.1143189533586,0.108,0.0
2388,2026-02-28 17:14:19.120,31.828499,-106.5273904,730.1143189533586,0.07200000000000001,0.0
2389,2026-02-28 17:14:19.160,31.828499,-106.5273904,730.1143189533586,0.07200000000000001,0.012499999999999994
2390,2026-02-28 17:14:19.200,31.828499,-106.5273904,730.1143189533586,0.108,-0.012500000000000002
2391,2026-02-28 17:14:19.240,31.828499,-106.5273904,730.1143189533586,0.07200000000000001,-0.0375
2392,2026-02-28 17:14:19.280,31.828499,-106.5273904,730.1143189533586,0.216,-0.075
2393,2026-02-28 17:14:19.320,31.828499,-106.5273904,730.1143189533586,0.036000000000000004,-0.05
2394,2026-02-28 17:14:19.360,31.828499,-106.5273904,730.1143189533586,0.108,-0.012499999999999997
2395,2026-02-28 17:14:19.400,31.828499,-106.5273904,730.1143189533586,0.0,2.7755575615628915e-18
2396,2026-02-28 17:14:19.440,31.828499,-106.5273904,730.1143189533586,0.07200000000000001,0.0125
2397,2026-02-28 17:14:19.480,31.828499,-106.5273904,730.1143189533586,0.108,-0.0375
2398,2026-02-28 17:14:19.520,31.828499,-106.5273904,730.1143189533586,0.07200000000000001,-0.024999999999999998
2399,2026-02-28 17:14:19.560,31.828499,-106.5273904,730.1143189533586,0.108,-0.012499999999999994
2400,2026-02-28 17:14:19.600,31.828499,-106.5273904,730.1143189533586,0.036000000000000004,0.03750000000000001
2401,2026-02-28 17:14:19.640,31.828499,-106.5273904,730.1143189533586,0.036000000000000004,0.06250000000000001
2402,2026-02-28 17:14:19.680,31.828499,-106.5273904,730.1143189533586,0.036000000000000004,0.0125
2403,2026-02-28 17:14:19.720,31.828499,-106.5273905,730.1237769960292,0.07200000000000001,-0.012500000000000002
2404,2026-02-28 17:14:19.760,31.8284991,-106.5273906,730.1383843531098,0.036000000000000004,0.0
2405,2026-02-28 17:14:19.800,31.8284991,-106.5273906,730.1383843531098,0.07200000000000001,0.0
2406,2026-02-28 17:14:19.840,31.828499,-106.5273906,730.1495163019238,0.036000000000000004,-0.012500000000000002
2407,2026-02-28 17:14:19.880,31.828499,-106.5273906,730.1495163019238,0.036000000000000004,-2.7755575615628915e-18
2408,2026-02-28 17:14:19.920,31.828499,-106.5273905,730.1589743459384,0.07200000000000001,-0.012500000000000002
2409,2026-02-28 17:14:19.960,31.828499,-106.5273906,730.1684323899531,0.07200000000000001,-0.025000000000000005
2410,2026-02-28 17:14:20.000,31.828499,-106.5273906,730.1684323899531,0.18000000000000002,-0.07500000000000001
2411,2026-02-28 17:14:20.040,31.828499,-106.5273906,730.1684323899531,0.07200000000000001,-0.08750000000000001
2412,2026-02-28 17:14:20.080,31.828499,-106.5273906,730.1684323899531,0.036000000000000004,-1.1102230246251566e-17
2413,2026-02-28 17:14:20.120,31.828499,-106.5273906,730.1684323899531,0.036000000000000004,0.049999999999999996
2414,2026-02-28 17:14:20.160,31.828499,-106.5273906,730.1684323899531,0.07200000000000001,-1.1102230246251566e-17
2415,2026-02-28 17:14:20.200,31.828499,-106.5273906,730.1684323899531,0.036000000000000004,-0.012500000000000008
2416,2026-02-28 17:14:20.240,31.828499,-106.5273906,730.1684323899531,0.036000000000000004,0.0125
2417,2026-02-28 17:14:20.280,31.828499,-106.5273906,730.1684323899531,0.036000000000000004,-5.551115123125783e-18
2418,2026-02-28 17:14:20.320,31.828499,-106.5273906,730.1684323899531,0.036000000000000004,0.0125
2419,2026-02-28 17:14:20.360,31.828499,-106.5273906,730.1684323899531,0.036000000000000004,0.012499999999999997
2420,2026-02-28 17:14:20.400,31.828499,-106.5273906,730.1684323899531,0.0,0.0375
2421,2026-02-28 17:14:20.440,31.828499,-106.5273906,730.1684323899531,0.0,0.05
2422,2026-02-28 17:14:20.480,31.828499,-106.5273906,730.1684323899531,0.108,-0.012499999999999997
2423,2026-02-28 17:14:20.520,31.828499,-106.5273906,730.1684323899531,0.108,-0.0375
2424,2026-02-28 17:14:20.560,31.828499,-106.5273906,730.1684323899531,0.0,5.551115123125783e-18
2425,2026-02-28 17:14:20.600,31.828499,-106.5273906,730.1684323899531,0.07200000000000001,0.012500000000000002
2426,2026-02-28 17:14:20.640,31.828499,-106.5273906,730.1684323899531,0.036000000000000004,0.012500000000000002
2427,2026-02-28 17:14:20.680,31.828499,-106.5273906,730.1684323899531,0.036000000000000004,0.012500000000000002
2428,2026-02-28 17:14:20.720,31.828499,-106.5273906,730.1684323899531,0.07200000000000001,-0.012500000000000002
2429,2026-02-28 17:14:20.760,31.828499,-106.5273906,730.1684323899531,0.036000000000000004,0.012499999999999997
2430,2026-02-28 17:14:20.800,31.8284989,-106.5273906,730.1795643391625,0.108,0.012500000000000002
2431,2026-02-28 17:14:20.840,31.8284989,-106.5273906,730.1795643391625,0.036000000000000004,5.551115123125783e-18
2432,2026-02-28 17:14:20.880,31.8284989,-106.5273906,730.1795643391625,0.036000000000000004,0.025
2433,2026-02-28 17:14:20.920,31.8284989,-106.5273908,730.1984804258682,0.07200000000000001,0.012500000000000002
2434,2026-02-28 17:14:20.960,31.8284989,-106.5273908,730.1984804258682,0.036000000000000004,0.012499999999999997
2435,2026-02-28 17:14:21.000,31.8284989,-106.5273908,730.1984804258682,0.07200000000000001,0.05000000000000001
2436,2026-02-28 17:14:21.040,31.8284989,-106.5273908,730.1984804258682,0.07200000000000001,0.0625
2437,2026-02-28 17:14:21.080,31.8284989,-106.5273908,730.1984804258682,0.036000000000000004,0.05000000000000001
2438,2026-02-28 17:14:21.120,31.8284989,-106.5273908,730.1984804258682,0.036000000000000004,0.03749999999999999
2439,2026-02-28 17:14:21.160,31.8284989,-106.5273908,730.1984804258682,0.108,0.05
2440,2026-02-28 17:14:21.200,31.8284989,-106.5273908,730.1984804258682,0.07200000000000001,0.04999999999999999
2441,2026-02-28 17:14:21.240,31.8284989,-106.5273908,730.1984804258682,0.07200000000000001,0.012499999999999989
2442,2026-02-28 17:14:21.280,31.8284989,-106.5273908,730.1984804258682,0.07200000000000001,0.012499999999999989
2443,2026-02-28 17:14:21.320,31.8284989,-106.5273908,730.1984804258682,0.07200000000000001,0.012499999999999994
2444,2026-02-28 17:14:21.360,31.8284989,-106.5273908,730.1984804258682,0.07200000000000001,0.024999999999999994
2445,2026-02-28 17:14:21.400,31.8284988,-106.5273908,730.2096123750777,0.18000000000000002,-8.326672684688674e-18
2446,2026-02-28 17:14:21.440,31.8284988,-106.5273908,730.2096123750777,0.14400000000000002,-0.06250000000000003
2447,2026-02-28 17:14:21.480,31.8284988,-106.5273908,730.2096123750777,0.108,-0.025000000000000005
2448,2026-02-28 17:14:21.520,31.8284988,-106.5273908,730.2096123750777,0.07200000000000001,0.012500000000000002
2449,2026-02-28 17:14:21.560,31.8284988,-106.5273909,730.2190704177686,0.216,-0.0625
2450,2026-02-28 17:14:21.600,31.8284988,-106.5273909,730.2190704177686,0.108,-0.075
2451,2026-02-28 17:14:21.640,31.8284988,-106.5273909,730.2190704177686,0.07200000000000001,-0.025
2452,2026-02-28 17:14:21.680,31.8284988,-106.5273908,730.2285284604596,0.108,-0.025
2453,2026-02-28 17:14:21.720,31.8284988,-106.5273909,730.2379865031506,0.07200000000000001,-0.012499999999999997
2454,2026-02-28 17:14:21.760,31.8284988,-106.5273909,730.2379865031506,0.14400000000000002,-0.025
2455,2026-02-28 17:14:21.800,31.8284988,-106.5273909,730.2379865031506,0.108,-0.025
2456,2026-02-28 17:14:21.840,31.8284988,-106.5273909,730.2379865031506,0.036000000000000004,2.7755575615628915e-18
2457,2026-02-28 17:14:21.880,31.8284988,-106.5273909,730.2379865031506,0.14400000000000002,-0.0375
2458,2026-02-28 17:14:21.920,31.8284988,-106.5273909,730.2379865031506,0.07200000000000001,-0.03750000000000001
2459,2026-02-28 17:14:21.960,31.8284988,-106.5273909,730.2379865031506,0.036000000000000004,5.551115123125783e-18
2460,2026-02-28 17:14:22.000,31.8284988,-106.5273909,730.2379865031506,0.07200000000000001,0.0
2461,2026-02-28 17:14:22.040,31.8284986,-106.5273909,730.260250401174,0.036000000000000004,2.7755575615628915e-18
2462,2026-02-28 17:14:22.080,31.8284986,-106.5273909,730.260250401174,0.07200000000000001,0.012499999999999997
2463,2026-02-28 17:14:22.120,31.8284986,-106.527391,730.2697084438855,0.07200000000000001,0.012500000000000002
2464,2026-02-28 17:14:22.160,31.8284986,-106.5273909,730.2791664865971,0.07200000000000001,0.012499999999999997
2465,2026-02-28 17:14:22.200,31.8284986,-106.5273909,730.2791664865971,0.108,2.7755575615628915e-18
2466,2026-02-28 17:14:22.240,31.8284986,-106.527391,730.2886245293087,0.036000000000000004,-0.012499999999999997
2467,2026-02-28 17:14:22.280,31.8284986,-106.527391,730.2886245293087,0.036000000000000004,-2.7755575615628915e-18
2468,2026-02-28 17:14:22.320,31.8284986,-106.5273909,730.2980825720202,0.07200000000000001,0.012499999999999997
2469,2026-02-28 17:14:22.360,31.8284986,-106.527391,730.3075406147318,0.036000000000000004,0.05
2470,2026-02-28 17:14:22.400,31.8284986,-106.527391,730.3075406147318,0.07200000000000001,0.0625
2471,2026-02-28 17:14:22.440,31.8284986,-106.5273911,730.3169986587874,0.036000000000000004,0.049999999999999996
2472,2026-02-28 17:14:22.480,31.8284986,-106.5273911,730.3169986587874,0.108,0.0125
2473,2026-02-28 17:14:22.520,31.8284986,-106.5273911,730.3169986587874,0.07200000000000001,-0.025000000000000005
2474,2026-02-28 17:14:22.560,31.8284986,-106.5273911,730.3169986587874,0.108,-0.0375
2475,2026-02-28 17:14:22.600,31.8284985,-106.5273911,730.3281306079969,0.07200000000000001,-0.0125
2476,2026-02-28 17:14:22.640,31.8284985,-106.5273911,730.3281306079969,0.036000000000000004,0.0375
2477,2026-02-28 17:14:22.680,31.8284985,-106.5273911,730.3281306079969,0.036000000000000004,0.0375
2478,2026-02-28 17:14:22.720,31.8284985,-106.5273911,730.3281306079969,0.108,-0.012499999999999997
2479,2026-02-28 17:14:22.760,31.8284986,-106.5273911,730.3392625572063,0.14400000000000002,-0.0625
2480,2026-02-28 17:14:22.800,31.8284986,-106.5273911,730.3392625572063,0.14400000000000002,-0.05000000000000001
2481,2026-02-28 17:14:22.840,31.8284986,-106.5273911,730.3392625572063,0.108,-0.024999999999999998
2482,2026-02-28 17:14:22.880,31.8284985,-106.5273911,730.3503945064158,0.07200000000000001,-0.024999999999999998
2483,2026-02-28 17:14:22.920,31.8284985,-106.5273911,730.3503945064158,0.036000000000000004,0.012499999999999997
2484,2026-02-28 17:14:22.960,31.8284985,-106.5273911,730.3503945064158,0.036000000000000004,0.05
2485,2026-02-28 17:14:23.000,31.8284985,-106.5273911,730.3503945064158,0.108,0.012500000000000002
2486,2026-02-28 17:14:23.040,31.8284985,-106.5273911,730.3503945064158,0.108,-0.012499999999999997
2487,2026-02-28 17:14:23.080,31.8284985,-106.5273911,730.3503945064158,0.07200000000000001,0.025000000000000005
2488,2026-02-28 17:14:23.120,31.8284985,-106.5273911,730.3503945064158,0.036000000000000004,0.0625
2489,2026-02-28 17:14:23.160,31.8284985,-106.5273911,730.3503945064158,0.036000000000000004,0.07500000000000002
2490,2026-02-28 17:14:23.200,31.8284985,-106.5273913,730.3693105932034,0.108,0.0
2491,2026-02-28 17:14:23.240,31.8284985,-106.5273913,730.3693105932034,0.07200000000000001,-0.05
2492,2026-02-28 17:14:23.280,31.8284985,-106.5273913,730.3693105932034,0.036000000000000004,0.037500000000000006
2493,2026-02-28 17:14:23.320,31.8284985,-106.5273913,730.3693105932034,0.108,0.05
2494,2026-02-28 17:14:23.360,31.8284985,-106.5273913,730.3693105932034,0.108,0.012500000000000002
2495,2026-02-28 17:14:23.400,31.8284985,-106.5273913,730.3693105932034,0.07200000000000001,0.05000000000000001
2496,2026-02-28 17:14:23.440,31.8284985,-106.5273911,730.388226679991,0.108,0.012500000000000006
2497,2026-02-28 17:14:23.480,31.8284985,-106.5273913,730.4071427667786,0.14400000000000002,-0.05000000000000001
2498,2026-02-28 17:14:23.520,31.8284985,-106.5273913,730.4071427667786,0.14400000000000002,-0.05
2499,2026-02-28 17:14:23.560,31.8284985,-106.5273913,730.4071427667786,0.14400000000000002,-0.05000000000000001
2500,2026-02-28 17:14:23.600,31.8284984,-106.5273913,730.4182747155926,0.0,5.551115123125783e-18
2501,2026-02-28 17:14:23.640,31.8284984,-106.5273913,730.4182747155926,0.036000000000000004,0.025000000000000012
2502,2026-02-28 17:14:23.680,31.8284984,-106.5273913,730.4182747155926,0.18000000000000002,-0.025
2503,2026-02-28 17:14:23.720,31.8284984,-106.5273913,730.4182747155926,0.108,-0.05
2504,2026-02-28 17:14:23.760,31.8284984,-106.5273913,730.4182747155926,0.14400000000000002,-0.05
2505,2026-02-28 17:14:23.800,31.8284984,-106.5273913,730.4182747155926,0.18000000000000002,-0.050000000000000024
2506,2026-02-28 17:14:23.840,31.8284984,-106.5273913,730.4182747155926,0.036000000000000004,-2.7755575615628915e-18
2507,2026-02-28 17:14:23.880,31.8284984,-106.5273913,730.4182747155926,0.07200000000000001,0.05
2508,2026-02-28 17:14:23.920,31.8284984,-106.5273913,730.4182747155926,0.07200000000000001,0.025
2509,2026-02-28 17:14:23.960,31.8284984,-106.5273913,730.4182747155926,0.07200000000000001,0.024999999999999998
2510,2026-02-28 17:14:24.000,31.8284984,-106.5273913,730.4182747155926,0.07200000000000001,0.03750000000000001
2511,2026-02-28 17:14:24.040,31.8284984,-106.5273913,730.4182747155926,0.036000000000000004,0.024999999999999994
2512,2026-02-28 17:14:24.080,31.8284984,-106.5273913,730.4182747155926,0.108,-0.0125
2513,2026-02-28 17:14:24.120,31.8284983,-106.5273913,730.4294066648021,0.036000000000000004,-8.326672684688674e-18
2514,2026-02-28 17:14:24.160,31.8284983,-106.5273913,730.4294066648021,0.07200000000000001,0.012500000000000008
2515,2026-02-28 17:14:24.200,31.8284983,-106.5273913,730.4294066648021,0.108,-0.012500000000000008
2516,2026-02-28 17:14:24.240,31.8284983,-106.5273913,730.4294066648021,0.108,-0.024999999999999994
2517,2026-02-28 17:14:24.280,31.8284983,-106.5273913,730.4294066648021,0.14400000000000002,-0.03750000000000001
2518,2026-02-28 17:14:24.320,31.8284983,-106.5273913,730.4294066648021,0.07200000000000001,-0.012499999999999997
2519,2026-02-28 17:14:24.360,31.8284983,-106.5273913,730.4294066648021,0.14400000000000002,-0.012500000000000008
2520,2026-02-28 17:14:24.400,31.8284983,-106.5273913,730.4294066648021,0.108,-0.024999999999999998
2521,2026-02-28 17:14:24.440,31.8284983,-106.5273913,730.4294066648021,0.07200000000000001,-0.012499999999999997
2522,2026-02-28 17:14:24.480,31.8284983,-106.5273913,730.4294066648021,0.036000000000000004,0.0
2523,2026-02-28 17:14:24.520,31.8284983,-106.5273913,730.4294066648021,0.108,0.012500000000000008
2524,2026-02-28 17:14:24.560,31.8284983,-106.5273913,730.4294066648021,0.036000000000000004,0.06250000000000003
2525,2026-02-28 17:14:24.600,31.8284983,-106.5273913,730.4294066648021,0.108,0.050000000000000024
2526,2026-02-28 17:14:24.640,31.8284983,-106.5273913,730.4294066648021,0.036000000000000004,0.012500000000000016
2527,2026-02-28 17:14:24.680,31.8284983,-106.5273913,730.4294066648021,0.108,0.025000000000000022
2528,2026-02-28 17:14:24.720,31.8284983,-106.5273913,730.4294066648021,0.07200000000000001,0.012500000000000016
2529,2026-02-28 17:14:24.760,31.8284983,-106.5273913,730.4294066648021,0.108,5.551115123125783e-18
2530,2026-02-28 17:14:24.800,31.8284983,-106.5273913,730.4294066648021,0.07200000000000001,1.1102230246251566e-17
2531,2026-02-28 17:14:24.840,31.8284983,-106.5273913,730.4294066648021,0.07200000000000001,8.326672684688674e-18
2532,2026-02-28 17:14:24.880,31.8284983,-106.5273913,730.4294066648021,0.036000000000000004,0.012500000000000015
2533,2026-02-28 17:14:24.920,31.8284983,-106.5273913,730.4294066648021,0.14400000000000002,0.012500000000000011
2534,2026-02-28 17:14:24.960,31.8284983,-106.5273913,730.4294066648021,0.18000000000000002,-0.03749999999999999
2535,2026-02-28 17:14:25.000,31.8284983,-106.5273913,730.4294066648021,0.108,-0.05
2536,2026-02-28 17:14:25.040,31.8284983,-106.5273913,730.4294066648021,0.07200000000000001,-0.012499999999999997
2537,2026-02-28 17:14:25.080,31.8284983,-106.5273913,730.4294066648021,0.14400000000000002,-0.0375
2538,2026-02-28 17:14:25.120,31.8284983,-106.5273913,730.4294066648021,0.07200000000000001,-0.0375
2539,2026-02-28 17:14:25.160,31.8284983,-106.5273913,730.4294066648021,0.108,-0.012499999999999997
2540,2026-02-28 17:14:25.200,31.8284983,-106.5273913,730.4294066648021,0.07200000000000001,-0.012499999999999997
2541,2026-02-28 17:14:25.240,31.8284983,-106.5273913,730.4294066648021,0.07200000000000001,0.0
2542,2026-02-28 17:14:25.280,31.8284983,-106.5273914,730.4388647075443,0.07200000000000001,0.0
2543,2026-02-28 17:14:25.320,31.8284983,-106.5273913,730.4483227502866,0.14400000000000002,-0.03750000000000001
2544,2026-02-28 17:14:25.360,31.8284983,-106.5273914,730.4577807930289,0.07200000000000001,-0.05000000000000001
2545,2026-02-28 17:14:25.400,31.8284983,-106.5273914,730.4577807930289,0.07200000000000001,-5.551115123125783e-18
2546,2026-02-28 17:14:25.440,31.8284983,-106.5273914,730.4577807930289,0.07200000000000001,0.012499999999999997
2547,2026-02-28 17:14:25.480,31.8284983,-106.5273914,730.4577807930289,0.036000000000000004,0.012500000000000002
2548,2026-02-28 17:14:25.520,31.8284983,-106.5273914,730.4577807930289,0.07200000000000001,0.037500000000000006
2549,2026-02-28 17:14:25.560,31.8284983,-106.5273914,730.4577807930289,0.07200000000000001,0.05000000000000001
2550,2026-02-28 17:14:25.600,31.8284983,-106.5273914,730.4577807930289,0.07200000000000001,0.037500000000000006
2551,2026-02-28 17:14:25.640,31.8284983,-106.5273914,730.4577807930289,0.07200000000000001,0.012500000000000011
2552,2026-02-28 17:14:25.680,31.8284982,-106.5273914,730.4689127422383,0.07200000000000001,-0.0125
2553,2026-02-28 17:14:25.720,31.8284982,-106.5273914,730.4689127422383,0.036000000000000004,0.0
2554,2026-02-28 17:14:25.760,31.8284982,-106.5273914,730.4689127422383,0.036000000000000004,0.03750000000000001
2555,2026-02-28 17:14:25.800,31.8284982,-106.5273914,730.4689127422383,0.108,0.012500000000000011
2556,2026-02-28 17:14:25.840,31.8284982,-106.5273914,730.4689127422383,0.07200000000000001,1.1102230246251566e-17
2557,2026-02-28 17:14:25.880,31.8284982,-106.5273914,730.4689127422383,0.07200000000000001,0.0125
2558,2026-02-28 17:14:25.920,31.8284982,-106.5273915,730.4783707849908,0.14400000000000002,5.551115123125783e-18
2559,2026-02-28 17:14:25.960,31.8284982,-106.5273915,730.4783707849908,0.14400000000000002,0.0125
2560,2026-02-28 17:14:26.000,31.8284982,-106.5273915,730.4783707849908,0.108,-0.012499999999999994
2561,2026-02-28 17:14:26.040,31.8284982,-106.5273915,730.4783707849908,0.07200000000000001,2.7755575615628915e-18
2562,2026-02-28 17:14:26.080,31.8284982,-106.5273915,730.4783707849908,0.036000000000000004,0.05
2563,2026-02-28 17:14:26.120,31.8284982,-106.5273915,730.4783707849908,0.07200000000000001,0.05
2564,2026-02-28 17:14:26.160,31.8284982,-106.5273915,730.4783707849908,0.108,0.0
2565,2026-02-28 17:14:26.200,31.8284982,-106.5273915,730.4783707849908,0.07200000000000001,-0.025000000000000005
2566,2026-02-28 17:14:26.240,31.8284982,-106.5273915,730.4783707849908,0.108,-0.012499999999999997
2567,2026-02-28 17:14:26.280,31.8284982,-106.5273915,730.4783707849908,0.07200000000000001,-0.012499999999999997
2568,2026-02-28 17:14:26.320,31.8284982,-106.5273915,730.4783707849908,0.14400000000000002,-0.012500000000000002
2569,2026-02-28 17:14:26.360,31.8284982,-106.5273916,730.4878288290874,0.18000000000000002,-0.03750000000000001
2570,2026-02-28 17:14:26.400,31.8284981,-106.5273916,730.4989607779014,0.036000000000000004,-1.1102230246251566e-17
2571,2026-02-28 17:14:26.440,31.828498,-106.5273916,730.5100927271109,0.14400000000000002,0.0125
2572,2026-02-28 17:14:26.480,31.828498,-106.5273916,730.5100927271109,0.108,-0.037500000000000006
2573,2026-02-28 17:14:26.520,31.828498,-106.5273916,730.5100927271109,0.14400000000000002,-0.05
2574,2026-02-28 17:14:26.560,31.828498,-106.5273916,730.5100927271109,0.036000000000000004,0.0125
2575,2026-02-28 17:14:26.600,31.828498,-106.5273916,730.5100927271109,0.07200000000000001,0.037500000000000006
2576,2026-02-28 17:14:26.640,31.8284979,-106.5273916,730.5212246763203,0.07200000000000001,0.0
2577,2026-02-28 17:14:26.680,31.8284979,-106.5273916,730.5212246763203,0.07200000000000001,-5.551115123125783e-18
2578,2026-02-28 17:14:26.720,31.8284979,-106.5273916,730.5212246763203,0.108,-0.012499999999999997
2579,2026-02-28 17:14:26.760,31.8284979,-106.5273916,730.5212246763203,0.108,-0.0375
2580,2026-02-28 17:14:26.800,31.8284979,-106.5273916,730.5212246763203,0.108,-0.025
2581,2026-02-28 17:14:26.840,31.8284979,-106.5273916,730.5212246763203,0.108,-1.1102230246251566e-17
2582,2026-02-28 17:14:26.880,31.8284979,-106.5273916,730.5212246763203,0.036000000000000004,0.037500000000000006
2583,2026-02-28 17:14:26.920,31.8284979,-106.5273916,730.5212246763203,0.07200000000000001,0.05
2584,2026-02-28 17:14:26.960,31.8284979,-106.5273916,730.5212246763203,0.14400000000000002,-0.025000000000000012
2585,2026-02-28 17:14:27.000,31.8284979,-106.5273916,730.5212246763203,0.07200000000000001,-0.025000000000000015
2586,2026-02-28 17:14:27.040,31.8284979,-106.5273916,730.5212246763203,0.07200000000000001,0.024999999999999994
2587,2026-02-28 17:14:27.080,31.8284979,-106.5273916,730.5212246763203,0.07200000000000001,-2.7755575615628915e-18
2588,2026-02-28 17:14:27.120,31.8284977,-106.5273915,730.5454142557732,0.07200000000000001,0.0125
2589,2026-02-28 17:14:27.160,31.8284977,-106.5273915,730.5454142557732,0.036000000000000004,0.07500000000000001
2590,2026-02-28 17:14:27.200,31.8284977,-106.5273916,730.5548722999209,0.108,0.03750000000000002
2591,2026-02-28 17:14:27.240,31.8284977,-106.5273916,730.5548722999209,0.108,-0.03749999999999999
2592,2026-02-28 17:14:27.280,31.8284977,-106.5273916,730.5548722999209,0.14400000000000002,-0.0625
2593,2026-02-28 17:14:27.320,31.8284977,-106.5273916,730.5548722999209,0.108,-0.0375
2594,2026-02-28 17:14:27.360,31.8284976,-106.5273915,730.5694796573958,0.036000000000000004,0.0625
2595,2026-02-28 17:14:27.400,31.8284976,-106.5273915,730.5694796573958,0.108,0.0625
2596,2026-02-28 17:14:27.440,31.8284976,-106.5273915,730.5694796573958,0.108,-0.025
2597,2026-02-28 17:14:27.480,31.8284976,-106.5273915,730.5694796573958,0.036000000000000004,0.0
2598,2026-02-28 17:14:27.520,31.8284976,-106.5273915,730.5694796573958,0.14400000000000002,-0.012500000000000006
2599,2026-02-28 17:14:27.560,31.8284976,-106.5273915,730.5694796573958,0.18000000000000002,-0.03750000000000001
2600,2026-02-28 17:14:27.600,31.8284976,-106.5273915,730.5694796573958,0.07200000000000001,2.7755575615628915e-18
2601,2026-02-28 17:14:27.640,31.8284976,-106.5273915,730.5694796573958,0.036000000000000004,0.012500000000000006
2602,2026-02-28 17:14:27.680,31.8284976,-106.5273915,730.5694796573958,0.036000000000000004,0.025000000000000005
2603,2026-02-28 17:14:27.720,31.8284976,-106.5273915,730.5694796573958,0.108,0.012500000000000008
2604,2026-02-28 17:14:27.760,31.8284974,-106.5273915,730.5917435554192,0.216,-0.05
2605,2026-02-28 17:14:27.800,31.8284974,-106.5273915,730.5917435554192,0.108,-0.062499999999999986
2606,2026-02-28 17:14:27.840,31.8284974,-106.5273914,730.6012015982536,0.036000000000000004,0.0125
2607,2026-02-28 17:14:27.880,31.8284974,-106.5273915,730.6106596410881,0.108,5.551115123125783e-18
2608,2026-02-28 17:14:27.920,31.8284974,-106.5273914,730.6201176839226,0.036000000000000004,-0.012499999999999997
2609,2026-02-28 17:14:27.960,31.8284973,-106.5273915,730.6347250405471,0.18000000000000002,-0.0125
2610,2026-02-28 17:14:28.000,31.8284973,-106.5273914,730.6441830833918,0.07200000000000001,-5.551115123125783e-18
2611,2026-02-28 17:14:28.040,31.8284973,-106.5273914,730.6441830833918,0.07200000000000001,0.0125
2612,2026-02-28 17:14:28.080,31.8284973,-106.5273914,730.6441830833918,0.07200000000000001,-5.551115123125783e-18
2613,2026-02-28 17:14:28.120,31.8284973,-106.5273914,730.6441830833918,0.108,0.03750000000000001
2614,2026-02-28 17:14:28.160,31.8284973,-106.5273914,730.6441830833918,0.07200000000000001,0.037500000000000006
2615,2026-02-28 17:14:28.200,31.8284973,-106.5273914,730.6441830833918,0.07200000000000001,0.0
2616,2026-02-28 17:14:28.240,31.8284973,-106.5273914,730.6441830833918,0.108,-0.012500000000000006
2617,2026-02-28 17:14:28.280,31.8284973,-106.5273914,730.6441830833918,0.036000000000000004,0.012500000000000006
2618,2026-02-28 17:14:28.320,31.8284973,-106.5273914,730.6441830833918,0.07200000000000001,0.024999999999999998
2619,2026-02-28 17:14:28.360,31.8284973,-106.5273914,730.6441830833918,0.108,-0.012500000000000002
2620,2026-02-28 17:14:28.400,31.8284971,-106.5273914,730.6664469814151,0.14400000000000002,-0.05000000000000001
2621,2026-02-28 17:14:28.440,31.8284971,-106.5273913,730.6759050242803,0.036000000000000004,-0.012499999999999997
2622,2026-02-28 17:14:28.480,31.8284971,-106.5273913,730.6759050242803,0.108,0.012500000000000002
2623,2026-02-28 17:14:28.520,31.8284971,-106.5273913,730.6759050242803,0.18000000000000002,-5.551115123125783e-18
2624,2026-02-28 17:14:28.560,31.828497,-106.5273913,730.6870369734897,0.108,0.0125
2625,2026-02-28 17:14:28.600,31.828497,-106.5273913,730.6870369734897,0.036000000000000004,0.012499999999999989
2626,2026-02-28 17:14:28.640,31.828497,-106.5273913,730.6870369734897,0.108,0.025
2627,2026-02-28 17:14:28.680,31.828497,-106.5273913,730.6870369734897,0.07200000000000001,0.05
2628,2026-02-28 17:14:28.720,31.828497,-106.5273913,730.6870369734897,0.108,-1.1102230246251566e-17
2629,2026-02-28 17:14:28.760,31.828497,-106.5273913,730.6870369734897,0.036000000000000004,-1.6653345369377347e-17
2630,2026-02-28 17:14:28.800,31.828497,-106.5273913,730.6870369734897,0.07200000000000001,0.037499999999999985
2631,2026-02-28 17:14:28.840,31.828497,-106.5273913,730.6870369734897,0.07200000000000001,0.03749999999999999
2632,2026-02-28 17:14:28.880,31.828497,-106.5273913,730.6870369734897,0.108,0.012499999999999997
2633,2026-02-28 17:14:28.920,31.8284969,-106.5273913,730.6981689223037,0.18000000000000002,-0.050000000000000024
2634,2026-02-28 17:14:28.960,31.8284969,-106.5273913,730.6981689223037,0.14400000000000002,-0.08750000000000002
2635,2026-02-28 17:14:29.000,31.8284969,-106.5273912,730.7076269665334,0.036000000000000004,-0.03750000000000001
2636,2026-02-28 17:14:29.040,31.8284969,-106.5273913,730.7170850107632,0.18000000000000002,-0.03750000000000001
2637,2026-02-28 17:14:29.080,31.8284969,-106.5273913,730.7170850107632,0.14400000000000002,-0.06250000000000003
2638,2026-02-28 17:14:29.120,31.8284969,-106.5273912,730.7265430549929,0.036000000000000004,0.02499999999999999
2639,2026-02-28 17:14:29.160,31.8284968,-106.5273912,730.7376750042024,0.108,0.025000000000000012
2640,2026-02-28 17:14:29.200,31.8284968,-106.5273912,730.7376750042024,0.108,-0.025
2641,2026-02-28 17:14:29.240,31.8284968,-106.5273911,730.7471330470984,0.14400000000000002,-0.012499999999999989
2642,2026-02-28 17:14:29.280,31.8284968,-106.5273911,730.7471330470984,0.07200000000000001,-5.551115123125783e-18
2643,2026-02-28 17:14:29.320,31.8284968,-106.5273911,730.7471330470984,0.07200000000000001,0.025000000000000005
2644,2026-02-28 17:14:29.360,31.8284966,-106.5273911,730.7693969451217,0.0,0.075
2645,2026-02-28 17:14:29.400,31.8284966,-106.5273911,730.7693969451217,0.07200000000000001,0.03750000000000002
2646,2026-02-28 17:14:29.440,31.8284966,-106.5273911,730.7693969451217,0.036000000000000004,-0.0125
2647,2026-02-28 17:14:29.480,31.8284966,-106.5273911,730.7693969451217,0.108,-0.012499999999999992
2648,2026-02-28 17:14:29.520,31.8284966,-106.5273911,730.7693969451217,0.14400000000000002,-0.05
2649,2026-02-28 17:14:29.560,31.8284966,-106.5273911,730.7693969451217,0.07200000000000001,-0.05
2650,2026-02-28 17:14:29.600,31.8284966,-106.5273911,730.7693969451217,0.07200000000000001,-0.025
2651,2026-02-28 17:14:29.640,31.8284965,-106.527391,730.7840043026696,0.14400000000000002,-0.0625
2652,2026-02-28 17:14:29.680,31.8284965,-106.527391,730.7840043026696,0.07200000000000001,-0.0375
2653,2026-02-28 17:14:29.720,31.8284965,-106.5273911,730.7934623469404,0.14400000000000002,0.0
2654,2026-02-28 17:14:29.760,31.8284965,-106.527391,730.8029203912112,0.14400000000000002,-0.06250000000000003
2655,2026-02-28 17:14:29.800,31.8284965,-106.527391,730.8029203912112,0.036000000000000004,-0.0375
2656,2026-02-28 17:14:29.840,31.8284965,-106.527391,730.8029203912112,0.036000000000000004,0.025000000000000005
2657,2026-02-28 17:14:29.880,31.8284965,-106.5273909,730.8123784341378,0.07200000000000001,0.0125
2658,2026-02-28 17:14:29.920,31.8284965,-106.5273909,730.8123784341378,0.036000000000000004,0.012500000000000002
2659,2026-02-28 17:14:29.960,31.8284964,-106.5273909,730.8235103833473,0.036000000000000004,0.012500000000000002
2660,2026-02-28 17:14:30.000,31.8284964,-106.5273909,730.8235103833473,0.036000000000000004,0.0
2661,2026-02-28 17:14:30.040,31.8284964,-106.5273909,730.8235103833473,0.0,0.012499999999999997
2662,2026-02-28 17:14:30.080,31.8284964,-106.5273909,730.8235103833473,0.108,5.551115123125783e-18
2663,2026-02-28 17:14:30.120,31.8284964,-106.5273909,730.8235103833473,0.108,-0.05
2664,2026-02-28 17:14:30.160,31.8284964,-106.5273908,730.8329684262842,0.0,0.0
2665,2026-02-28 17:14:30.200,31.8284964,-106.5273908,730.8329684262842,0.07200000000000001,0.012499999999999997
2666,2026-02-28 17:14:30.240,31.8284964,-106.5273908,730.8329684262842,0.07200000000000001,-0.025000000000000005
2667,2026-02-28 17:14:30.280,31.8284964,-106.5273908,730.8329684262842,0.07200000000000001,-0.012500000000000002
2668,2026-02-28 17:14:30.320,31.8284964,-106.5273907,730.8424264705652,0.07200000000000001,-0.012500000000000002
2669,2026-02-28 17:14:30.360,31.8284964,-106.5273907,730.8424264705652,0.036000000000000004,0.025
2670,2026-02-28 17:14:30.400,31.8284964,-106.5273907,730.8424264705652,0.036000000000000004,0.0375
2671,2026-02-28 17:14:30.440,31.8284963,-106.5273907,730.8535584193792,0.036000000000000004,0.0375
2672,2026-02-28 17:14:30.480,31.8284963,-106.5273907,730.8535584193792,0.07200000000000001,0.03749999999999999
2673,2026-02-28 17:14:30.520,31.8284963,-106.5273906,730.8630164623264,0.0,0.0375
2674,2026-02-28 17:14:30.560,31.8284963,-106.5273906,730.8630164623264,0.108,0.012500000000000015
2675,2026-02-28 17:14:30.600,31.8284963,-106.5273906,730.8630164623264,0.0,0.025000000000000005
2676,2026-02-28 17:14:30.640,31.8284963,-106.5273906,730.8630164623264,0.07200000000000001,0.0375
2677,2026-02-28 17:14:30.680,31.8284962,-106.5273905,730.8776238198942,0.036000000000000004,0.012500000000000002
2678,2026-02-28 17:14:30.720,31.8284962,-106.5273906,730.8870818641957,0.07200000000000001,0.012500000000000002
2679,2026-02-28 17:14:30.760,31.8284962,-106.5273906,730.8870818641957,0.108,-0.025
2680,2026-02-28 17:14:30.800,31.8284962,-106.5273905,730.8965399084972,0.07200000000000001,-0.012500000000000002
2681,2026-02-28 17:14:30.840,31.8284962,-106.5273905,730.8965399084972,0.108,0.012499999999999997
2682,2026-02-28 17:14:30.880,31.8284962,-106.5273904,730.9059979514547,0.108,-0.025
2683,2026-02-28 17:14:30.920,31.8284962,-106.5273904,730.9059979514547,0.07200000000000001,-0.0375
2684,2026-02-28 17:14:30.960,31.8284961,-106.5273904,730.9171299006641,0.07200000000000001,-0.012500000000000002
2685,2026-02-28 17:14:31.000,31.8284961,-106.5273904,730.9171299006641,0.108,0.012500000000000008
2686,2026-02-28 17:14:31.040,31.8284961,-106.5273904,730.9171299006641,0.07200000000000001,0.03750000000000001
2687,2026-02-28 17:14:31.080,31.8284961,-106.5273904,730.9171299006641,0.07200000000000001,0.025000000000000015
2688,2026-02-28 17:14:31.120,31.8284961,-106.5273904,730.9171299006641,0.07200000000000001,0.0375
2689,2026-02-28 17:14:31.160,31.8284961,-106.5273904,730.9171299006641,0.036000000000000004,0.05000000000000001
2690,2026-02-28 17:14:31.200,31.8284961,-106.5273904,730.9171299006641,0.108,5.551115123125783e-18
2691,2026-02-28 17:14:31.240,31.8284961,-106.5273904,730.9171299006641,0.108,-0.03749999999999999
2692,2026-02-28 17:14:31.280,31.828496,-106.5273904,730.9282618494781,0.036000000000000004,-0.012500000000000002
2693,2026-02-28 17:14:31.320,31.828496,-106.5273904,730.9282618494781,0.036000000000000004,0.0375
2694,2026-02-28 17:14:31.360,31.828496,-106.5273903,730.9377198938,0.07200000000000001,0.0375
2695,2026-02-28 17:14:31.400,31.828496,-106.5273903,730.9377198938,0.14400000000000002,0.012499999999999994
2696,2026-02-28 17:14:31.440,31.828496,-106.5273903,730.9377198938,0.14400000000000002,-0.025
2697,2026-02-28 17:14:31.480,31.8284959,-106.5273903,730.9488518430095,0.07200000000000001,-0.03750000000000001
2698,2026-02-28 17:14:31.520,31.8284959,-106.5273903,730.9488518430095,0.18000000000000002,-0.0625
2699,2026-02-28 17:14:31.560,31.8284959,-106.5273903,730.9488518430095,0.07200000000000001,-0.03750000000000001
2700,2026-02-28 17:14:31.600,31.8284959,-106.5273903,730.9488518430095,0.07200000000000001,0.012500000000000002
2701,2026-02-28 17:14:31.640,31.8284959,-106.5273902,730.9583098859977,0.036000000000000004,0.0
2702,2026-02-28 17:14:31.680,31.8284959,-106.5273902,730.9583098859977,0.07200000000000001,-0.012500000000000002
2703,2026-02-28 17:14:31.720,31.8284958,-106.5273902,730.9694418352071,0.108,-0.05
2704,2026-02-28 17:14:31.760,31.8284958,-106.5273902,730.9694418352071,0.108,-0.05
2705,2026-02-28 17:14:31.800,31.8284958,-106.5273902,730.9694418352071,0.14400000000000002,-0.03749999999999999
2706,2026-02-28 17:14:31.840,31.8284958,-106.5273902,730.9694418352071,0.07200000000000001,-0.03750000000000001
2707,2026-02-28 17:14:31.880,31.8284958,-106.5273902,730.9694418352071,0.036000000000000004,2.7755575615628915e-18
2708,2026-02-28 17:14:31.920,31.8284958,-106.5273902,730.9694418352071,0.036000000000000004,0.012500000000000002
2709,2026-02-28 17:14:31.960,31.8284958,-106.5273902,730.9694418352071,0.108,-0.012499999999999989
2710,2026-02-28 17:14:32.000,31.8284957,-106.5273902,730.9805737840211,0.07200000000000001,2.7755575615628915e-18
2711,2026-02-28 17:14:32.040,31.8284957,-106.5273902,730.9805737840211,0.036000000000000004,0.0375
2712,2026-02-28 17:14:32.080,31.8284957,-106.5273902,730.9805737840211,0.036000000000000004,0.025
2713,2026-02-28 17:14:32.120,31.8284956,-106.5273901,730.9951811407584,0.0,0.012500000000000011
2714,2026-02-28 17:14:32.160,31.8284955,-106.5273901,731.0063130899679,0.07200000000000001,0.0
2715,2026-02-28 17:14:32.200,31.8284955,-106.5273901,731.0063130899679,0.07200000000000001,0.0
2716,2026-02-28 17:14:32.240,31.8284955,-106.5273901,731.0063130899679,0.036000000000000004,0.05
2717,2026-02-28 17:14:32.280,31.8284955,-106.5273901,731.0063130899679,0.07200000000000001,0.0625
2718,2026-02-28 17:14:32.320,31.8284955,-106.5273901,731.0063130899679,0.036000000000000004,0.024999999999999994
2719,2026-02-28 17:14:32.360,31.8284955,-106.52739,731.0157711343411,0.07200000000000001,0.0125
2720,2026-02-28 17:14:32.400,31.8284955,-106.52739,731.0157711343411,0.108,-2.7755575615628915e-18
2721,2026-02-28 17:14:32.440,31.8284955,-106.52739,731.0157711343411,0.108,-0.0375
2722,2026-02-28 17:14:32.480,31.8284955,-106.52739,731.0157711343411,0.036000000000000004,-0.037500000000000006
2723,2026-02-28 17:14:32.520,31.8284955,-106.52739,731.0157711343411,0.036000000000000004,-2.7755575615628915e-18
2724,2026-02-28 17:14:32.560,31.8284955,-106.52739,731.0157711343411,0.036000000000000004,0.025000000000000012
2725,2026-02-28 17:14:32.600,31.8284955,-106.52739,731.0157711343411,0.108,-0.012499999999999997
2726,2026-02-28 17:14:32.640,31.8284954,-106.52739,731.026903083155,0.14400000000000002,-0.04999999999999999
2727,2026-02-28 17:14:32.680,31.8284954,-106.52739,731.026903083155,0.14400000000000002,-0.025000000000000005
2728,2026-02-28 17:14:32.720,31.8284954,-106.52739,731.026903083155,0.036000000000000004,0.025000000000000012
2729,2026-02-28 17:14:32.760,31.8284954,-106.52739,731.026903083155,0.108,0.012500000000000006
2730,2026-02-28 17:14:32.800,31.8284954,-106.52739,731.026903083155,0.07200000000000001,0.025000000000000015
2731,2026-02-28 17:14:32.840,31.8284952,-106.52739,731.0491669815739,0.036000000000000004,0.06250000000000001
2732,2026-02-28 17:14:32.880,31.8284952,-106.52739,731.0491669815739,0.0,0.05
2733,2026-02-28 17:14:32.920,31.8284952,-106.52739,731.0491669815739,0.07200000000000001,0.025000000000000012
2734,2026-02-28 17:14:32.960,31.8284952,-106.52739,731.0491669815739,0.07200000000000001,0.025
2735,2026-02-28 17:14:33.000,31.8284952,-106.52739,731.0491669815739,0.036000000000000004,0.03750000000000001
2736,2026-02-28 17:14:33.040,31.8284952,-106.52739,731.0491669815739,0.07200000000000001,0.024999999999999994
2737,2026-02-28 17:14:33.080,31.8284952,-106.52739,731.0491669815739,0.14400000000000002,0.012500000000000006
2738,2026-02-28 17:14:33.120,31.8284952,-106.52739,731.0491669815739,0.108,-0.012499999999999992
2739,2026-02-28 17:14:33.160,31.8284952,-106.52739,731.0491669815739,0.07200000000000001,-0.012499999999999987
2740,2026-02-28 17:14:33.200,31.8284952,-106.5273899,731.0586250246338,0.18000000000000002,-0.05000000000000001
2741,2026-02-28 17:14:33.240,31.8284952,-106.52739,731.0680830676937,0.108,-0.05
2742,2026-02-28 17:14:33.280,31.8284952,-106.52739,731.0680830676937,0.07200000000000001,0.0125
2743,2026-02-28 17:14:33.320,31.8284952,-106.52739,731.0680830676937,0.07200000000000001,0.012500000000000002
2744,2026-02-28 17:14:33.360,31.8284952,-106.52739,731.0680830676937,0.14400000000000002,-0.037500000000000006
2745,2026-02-28 17:14:33.400,31.8284952,-106.52739,731.0680830676937,0.07200000000000001,-0.025
2746,2026-02-28 17:14:33.440,31.8284952,-106.52739,731.0680830676937,0.108,0.0
2747,2026-02-28 17:14:33.480,31.8284951,-106.5273899,731.0826904241628,0.14400000000000002,-0.025
2748,2026-02-28 17:14:33.520,31.8284952,-106.52739,731.097297780632,0.07200000000000001,-0.025000000000000012
2749,2026-02-28 17:14:33.560,31.8284951,-106.52739,731.1084297294459,0.07200000000000001,-0.012500000000000002
2750,2026-02-28 17:14:33.600,31.8284951,-106.52739,731.1084297294459,0.036000000000000004,0.012500000000000002
2751,2026-02-28 17:14:33.640,31.8284951,-106.52739,731.1084297294459,0.108,0.012500000000000002
2752,2026-02-28 17:14:33.680,31.8284951,-106.52739,731.1084297294459,0.108,-0.037500000000000006
2753,2026-02-28 17:14:33.720,31.8284951,-106.52739,731.1084297294459,0.07200000000000001,-0.05
2754,2026-02-28 17:14:33.760,31.8284951,-106.52739,731.1084297294459,0.036000000000000004,0.0
2755,2026-02-28 17:14:33.800,31.8284951,-106.5273899,731.117887772516,0.108,0.012500000000000006
2756,2026-02-28 17:14:33.840,31.8284951,-106.52739,731.1273458155862,0.07200000000000001,-0.012500000000000002
2757,2026-02-28 17:14:33.880,31.8284949,-106.5273899,731.1515353949897,0.108,-0.0375
2758,2026-02-28 17:14:33.920,31.8284949,-106.52739,731.1609934380803,0.036000000000000004,-0.012499999999999997
2759,2026-02-28 17:14:33.960,31.8284949,-106.52739,731.1609934380803,0.07200000000000001,0.012500000000000006
2760,2026-02-28 17:14:34.000,31.8284949,-106.52739,731.1609934380803,0.07200000000000001,-0.025000000000000005
2761,2026-02-28 17:14:34.040,31.8284949,-106.52739,731.1609934380803,0.108,-0.0375
2762,2026-02-28 17:14:34.080,31.8284949,-106.52739,731.1609934380803,0.0,0.012500000000000008
2763,2026-02-28 17:14:34.120,31.8284949,-106.52739,731.1609934380803,0.036000000000000004,0.025
2764,2026-02-28 17:14:34.160,31.8284949,-106.52739,731.1609934380803,0.07200000000000001,0.0
2765,2026-02-28 17:14:34.200,31.8284949,-106.52739,731.1609934380803,0.108,2.7755575615628915e-18
2766,2026-02-28 17:14:34.240,31.8284949,-106.5273899,731.1704514811709,0.036000000000000004,0.0
2767,2026-02-28 17:14:34.280,31.8284949,-106.5273899,731.1704514811709,0.036000000000000004,-2.7755575615628915e-18
2768,2026-02-28 17:14:34.320,31.8284949,-106.5273899,731.1704514811709,0.07200000000000001,0.0
2769,2026-02-28 17:14:34.360,31.8284949,-106.5273899,731.1704514811709,0.07200000000000001,5.551115123125783e-18
2770,2026-02-28 17:14:34.400,31.8284948,-106.5273899,731.1815834299848,0.0,0.012500000000000002
2771,2026-02-28 17:14:34.440,31.8284948,-106.5273899,731.1815834299848,0.07200000000000001,0.012500000000000002
2772,2026-02-28 17:14:34.480,31.8284948,-106.5273899,731.1815834299848,0.07200000000000001,-0.012500000000000002
2773,2026-02-28 17:14:34.520,31.8284948,-106.5273899,731.1815834299848,0.036000000000000004,0.0125
2774,2026-02-28 17:14:34.560,31.8284948,-106.5273899,731.1815834299848,0.07200000000000001,0.012499999999999997
2775,2026-02-28 17:14:34.600,31.8284948,-106.5273899,731.1815834299848,0.108,-0.024999999999999998
2776,2026-02-28 17:14:34.640,31.8284948,-106.5273899,731.1815834299848,0.036000000000000004,0.012500000000000002
2777,2026-02-28 17:14:34.680,31.8284948,-106.5273899,731.1815834299848,0.036000000000000004,0.0375
2778,2026-02-28 17:14:34.720,31.8284947,-106.5273899,731.1927153791943,0.07200000000000001,-0.0125
2779,2026-02-28 17:14:34.760,31.8284947,-106.5273899,731.1927153791943,0.07200000000000001,-0.05
2780,2026-02-28 17:14:34.800,31.8284947,-106.5273899,731.1927153791943,0.036000000000000004,-5.551115123125783e-18
2781,2026-02-28 17:14:34.840,31.8284947,-106.5273899,731.1927153791943,0.07200000000000001,0.012500000000000002
2782,2026-02-28 17:14:34.880,31.8284947,-106.5273899,731.1927153791943,0.036000000000000004,0.012499999999999997
2783,2026-02-28 17:14:34.920,31.8284947,-106.5273899,731.1927153791943,0.108,0.012500000000000006
2784,2026-02-28 17:14:34.960,31.8284947,-106.5273899,731.1927153791943,0.036000000000000004,0.012500000000000002
2785,2026-02-28 17:14:35.000,31.8284947,-106.5273899,731.1927153791943,0.07200000000000001,0.012499999999999997
2786,2026-02-28 17:14:35.040,31.8284947,-106.5273899,731.1927153791943,0.108,-0.0375
2787,2026-02-28 17:14:35.080,31.8284947,-106.5273899,731.1927153791943,0.07200000000000001,-0.024999999999999998
2788,2026-02-28 17:14:35.120,31.8284946,-106.5273899,731.2038473284038,0.0,0.0
2789,2026-02-28 17:14:35.160,31.8284946,-106.5273899,731.2038473284038,0.0,0.024999999999999998
2790,2026-02-28 17:14:35.200,31.8284946,-106.5273899,731.2038473284038,0.108,8.326672684688674e-18
2791,2026-02-28 17:14:35.240,31.8284946,-106.5273899,731.2038473284038,0.036000000000000004,0.0
2792,2026-02-28 17:14:35.280,31.8284946,-106.5273899,731.2038473284038,0.108,0.025
2793,2026-02-28 17:14:35.320,31.8284946,-106.5273899,731.2038473284038,0.07200000000000001,0.0
2794,2026-02-28 17:14:35.360,31.8284946,-106.5273899,731.2038473284038,0.108,0.012500000000000008
2795,2026-02-28 17:14:35.400,31.8284946,-106.5273899,731.2038473284038,0.036000000000000004,0.012500000000000002
2796,2026-02-28 17:14:35.440,31.8284946,-106.5273899,731.2038473284038,0.036000000000000004,0.03750000000000001
2797,2026-02-28 17:14:35.480,31.8284946,-106.5273899,731.2038473284038,0.07200000000000001,0.0375
2798,2026-02-28 17:14:35.520,31.8284946,-106.5273899,731.2038473284038,0.0,0.012500000000000006
2799,2026-02-28 17:14:35.560,31.8284946,-106.5273899,731.2038473284038,0.07200000000000001,-8.326672684688674e-18
2800,2026-02-28 17:14:35.600,31.8284946,-106.5273899,731.2038473284038,0.036000000000000004,-0.012499999999999992
2801,2026-02-28 17:14:35.640,31.8284946,-106.5273899,731.2038473284038,0.108,-5.551115123125783e-18
2802,2026-02-28 17:14:35.680,31.8284946,-106.5273899,731.2038473284038,0.108,-0.012499999999999992
2803,2026-02-28 17:14:35.720,31.8284946,-106.5273899,731.2038473284038,0.07200000000000001,-0.025
2804,2026-02-28 17:14:35.760,31.8284946,-106.5273899,731.2038473284038,0.14400000000000002,-0.025
2805,2026-02-28 17:14:35.800,31.8284946,-106.5273899,731.2038473284038,0.036000000000000004,-1.1102230246251566e-17
2806,2026-02-28 17:14:35.840,31.8284946,-106.5273899,731.2038473284038,0.14400000000000002,0.0
2807,2026-02-28 17:14:35.880,31.8284946,-106.5273899,731.2038473284038,0.07200000000000001,-1.1102230246251566e-17
2808,2026-02-28 17:14:35.920,31.8284946,-106.5273899,731.2038473284038,0.036000000000000004,0.024999999999999998
2809,2026-02-28 17:14:35.960,31.8284946,-106.5273899,731.2038473284038,0.036000000000000004,0.0375
2810,2026-02-28 17:14:36.000,31.8284946,-106.5273899,731.2038473284038,0.036000000000000004,0.024999999999999998
2811,2026-02-28 17:14:36.040,31.8284946,-106.5273899,731.2038473284038,0.108,-0.012499999999999997
2812,2026-02-28 17:14:36.080,31.8284946,-106.5273899,731.2038473284038,0.07200000000000001,-0.025
2813,2026-02-28 17:14:36.120,31.8284946,-106.5273899,731.2038473284038,0.036000000000000004,-0.012500000000000002
2814,2026-02-28 17:14:36.160,31.8284946,-106.5273899,731.2038473284038,0.108,0.0
2815,2026-02-28 17:14:36.200,31.8284946,-106.5273899,731.2038473284038,0.07200000000000001,0.0125
2816,2026-02-28 17:14:36.240,31.8284946,-106.5273899,731.2038473284038,0.108,-0.012500000000000002
2817,2026-02-28 17:14:36.280,31.8284946,-106.5273899,731.2038473284038,0.108,-0.05
2818,2026-02-28 17:14:36.320,31.8284946,-106.5273899,731.2038473284038,0.07200000000000001,-0.0125
2819,2026-02-28 17:14:36.360,31.8284946,-106.5273899,731.2038473284038,0.108,-0.0125
2820,2026-02-28 17:14:36.400,31.8284946,-106.5273899,731.2038473284038,0.036000000000000004,0.0
2821,2026-02-28 17:14:36.440,31.8284945,-106.5273899,731.2149792772177,0.07200000000000001,0.0125
2822,2026-02-28 17:14:36.480,31.8284945,-106.5273898,731.2244373216934,0.036000000000000004,0.012499999999999997
2823,2026-02-28 17:14:36.520,31.8284945,-106.5273898,731.2244373216934,0.036000000000000004,0.0375
2824,2026-02-28 17:14:36.560,31.8284945,-106.5273898,731.2244373216934,0.108,0.012500000000000002
2825,2026-02-28 17:14:36.600,31.8284945,-106.5273898,731.2244373216934,0.108,0.025000000000000012
2826,2026-02-28 17:14:36.640,31.8284945,-106.5273898,731.2244373216934,0.036000000000000004,0.025000000000000012
2827,2026-02-28 17:14:36.680,31.8284945,-106.5273898,731.2244373216934,0.036000000000000004,0.025
2828,2026-02-28 17:14:36.720,31.8284945,-106.5273898,731.2244373216934,0.108,0.012500000000000002
2829,2026-02-28 17:14:36.760,31.8284945,-106.5273897,731.233895364825,0.036000000000000004,-0.0125
2830,2026-02-28 17:14:36.800,31.8284945,-106.5273897,731.233895364825,0.108,-0.0125
2831,2026-02-28 17:14:36.840,31.8284945,-106.5273897,731.233895364825,0.036000000000000004,-0.0125
2832,2026-02-28 17:14:36.880,31.8284945,-106.5273897,731.233895364825,0.108,-0.025
2833,2026-02-28 17:14:36.920,31.8284945,-106.5273897,731.233895364825,0.07200000000000001,-0.0375
2834,2026-02-28 17:14:36.960,31.8284945,-106.5273897,731.233895364825,0.108,0.012500000000000011
2835,2026-02-28 17:14:37.000,31.8284945,-106.5273897,731.233895364825,0.18000000000000002,0.0
2836,2026-02-28 17:14:37.040,31.8284945,-106.5273897,731.233895364825,0.036000000000000004,-0.025000000000000012
2837,2026-02-28 17:14:37.080,31.8284945,-106.5273897,731.233895364825,0.108,0.0
2838,2026-02-28 17:14:37.120,31.8284945,-106.5273897,731.233895364825,0.07200000000000001,0.0125
2839,2026-02-28 17:14:37.160,31.8284945,-106.5273897,731.233895364825,0.036000000000000004,0.05
2840,2026-02-28 17:14:37.200,31.8284945,-106.5273897,731.233895364825,0.07200000000000001,0.025
2841,2026-02-28 17:14:37.240,31.8284945,-106.5273897,731.233895364825,0.036000000000000004,0.012499999999999994
2842,2026-02-28 17:14:37.280,31.8284945,-106.5273898,731.2433534079566,0.036000000000000004,0.0375
2843,2026-02-28 17:14:37.320,31.8284945,-106.5273898,731.2433534079566,0.036000000000000004,0.0125
2844,2026-02-28 17:14:37.360,31.8284945,-106.5273898,731.2433534079566,0.18000000000000002,-0.03750000000000001
2845,2026-02-28 17:14:37.400,31.8284945,-106.5273899,731.2528114524323,0.108,-0.075
2846,2026-02-28 17:14:37.440,31.8284945,-106.5273899,731.2528114524323,0.036000000000000004,-0.024999999999999998
2847,2026-02-28 17:14:37.480,31.8284945,-106.5273899,731.2528114524323,0.108,-0.012499999999999997
2848,2026-02-28 17:14:37.520,31.8284945,-106.5273899,731.2528114524323,0.108,-0.025
2849,2026-02-28 17:14:37.560,31.8284945,-106.5273898,731.262269496908,0.14400000000000002,-0.0375
2850,2026-02-28 17:14:37.600,31.8284945,-106.5273899,731.2717275413836,0.036000000000000004,-0.0375
2851,2026-02-28 17:14:37.640,31.8284945,-106.5273899,731.2717275413836,0.108,0.0
2852,2026-02-28 17:14:37.680,31.8284945,-106.5273899,731.2717275413836,0.07200000000000001,-0.0125
2853,2026-02-28 17:14:37.720,31.8284945,-106.5273899,731.2717275413836,0.036000000000000004,0.012499999999999997
2854,2026-02-28 17:14:37.760,31.8284945,-106.5273899,731.2717275413836,0.07200000000000001,0.025
2855,2026-02-28 17:14:37.800,31.8284946,-106.5273899,731.2828594901976,0.0,0.0125
2856,2026-02-28 17:14:37.840,31.8284946,-106.5273899,731.2828594901976,0.07200000000000001,0.0125
2857,2026-02-28 17:14:37.880,31.8284946,-106.5273899,731.2828594901976,0.036000000000000004,0.025
2858,2026-02-28 17:14:37.920,31.8284946,-106.5273899,731.2828594901976,0.108,0.012500000000000002
2859,2026-02-28 17:14:37.960,31.8284946,-106.5273899,731.2828594901976,0.036000000000000004,5.551115123125783e-18
2860,2026-02-28 17:14:38.000,31.8284946,-106.5273899,731.2828594901976,0.036000000000000004,0.012499999999999997
2861,2026-02-28 17:14:38.040,31.8284946,-106.5273899,731.2828594901976,0.108,0.0375
2862,2026-02-28 17:14:38.080,31.8284946,-106.5273899,731.2828594901976,0.036000000000000004,0.075
2863,2026-02-28 17:14:38.120,31.8284946,-106.5273899,731.2828594901976,0.108,0.06250000000000001
2864,2026-02-28 17:14:38.160,31.8284946,-106.5273899,731.2828594901976,0.07200000000000001,0.05000000000000001
2865,2026-02-28 17:14:38.200,31.8284946,-106.5273899,731.2828594901976,0.036000000000000004,0.037500000000000006
2866,2026-02-28 17:14:38.240,31.8284946,-106.5273899,731.2828594901976,0.07200000000000001,0.0
2867,2026-02-28 17:14:38.280,31.8284946,-106.5273899,731.2828594901976,0.108,-0.012500000000000002
2868,2026-02-28 17:14:38.320,31.8284946,-106.5273899,731.2828594901976,0.07200000000000001,0.0
2869,2026-02-28 17:14:38.360,31.8284946,-106.5273899,731.2828594901976,0.07200000000000001,-0.012500000000000008
2870,2026-02-28 17:14:38.400,31.8284946,-106.5273899,731.2828594901976,0.036000000000000004,-0.012500000000000002
2871,2026-02-28 17:14:38.440,31.8284946,-106.5273899,731.2828594901976,0.216,0.0
2872,2026-02-28 17:14:38.480,31.8284947,-106.5273899,731.293991439407,0.14400000000000002,5.551115123125783e-18
2873,2026-02-28 17:14:38.520,31.8284947,-106.5273899,731.293991439407,0.18000000000000002,-0.03750000000000002
2874,2026-02-28 17:14:38.560,31.8284947,-106.5273899,731.293991439407,0.14400000000000002,-0.07500000000000002
2875,2026-02-28 17:14:38.600,31.8284947,-106.5273899,731.293991439407,0.07200000000000001,-0.05000000000000001
2876,2026-02-28 17:14:38.640,31.8284947,-106.5273899,731.293991439407,0.036000000000000004,0.03750000000000001
2877,2026-02-28 17:14:38.680,31.8284947,-106.5273899,731.293991439407,0.108,0.025000000000000012
2878,2026-02-28 17:14:38.720,31.8284947,-106.5273899,731.293991439407,0.07200000000000001,-0.0125
2879,2026-02-28 17:14:38.760,31.8284947,-106.5273899,731.293991439407,0.036000000000000004,0.05
2880,2026-02-28 17:14:38.800,31.8284947,-106.5273899,731.293991439407,0.036000000000000004,0.075
2881,2026-02-28 17:14:38.840,31.8284947,-106.5273899,731.293991439407,0.216,0.0
2882,2026-02-28 17:14:38.880,31.8284947,-106.5273899,731.293991439407,0.14400000000000002,-0.05
2883,2026-02-28 17:14:38.920,31.8284947,-106.5273899,731.293991439407,0.07200000000000001,-0.025000000000000012
2884,2026-02-28 17:14:38.960,31.8284947,-106.5273899,731.293991439407,0.036000000000000004,2.7755575615628915e-18
2885,2026-02-28 17:14:39.000,31.8284947,-106.5273899,731.293991439407,0.036000000000000004,0.0375
2886,2026-02-28 17:14:39.040,31.8284947,-106.5273899,731.293991439407,0.18000000000000002,-0.012500000000000011
2887,2026-02-28 17:14:39.080,31.8284947,-106.5273899,731.293991439407,0.036000000000000004,-0.037500000000000006
2888,2026-02-28 17:14:39.120,31.8284947,-106.5273899,731.293991439407,0.108,-2.7755575615628915e-18
2889,2026-02-28 17:14:39.160,31.8284948,-106.5273899,731.3051233886165,0.14400000000000002,5.551115123125783e-18
2890,2026-02-28 17:14:39.200,31.8284948,-106.5273899,731.3051233886165,0.14400000000000002,0.0
2891,2026-02-28 17:14:39.240,31.8284948,-106.5273899,731.3051233886165,0.108,-0.025
2892,2026-02-28 17:14:39.280,31.8284948,-106.5273899,731.3051233886165,0.108,-0.0375
2893,2026-02-28 17:14:39.320,31.8284948,-106.5273899,731.3051233886165,0.036000000000000004,-0.012500000000000002
2894,2026-02-28 17:14:39.360,31.8284948,-106.5273899,731.3051233886165,0.07200000000000001,-0.025000000000000012
2895,2026-02-28 17:14:39.400,31.8284948,-106.5273899,731.3051233886165,0.108,-0.05
2896,2026-02-28 17:14:39.440,31.8284948,-106.5273899,731.3051233886165,0.07200000000000001,-0.012500000000000011
2897,2026-02-28 17:14:39.480,31.8284948,-106.5273899,731.3051233886165,0.036000000000000004,0.049999999999999996
2898,2026-02-28 17:14:39.520,31.8284948,-106.5273899,731.3051233886165,0.108,0.025
2899,2026-02-28 17:14:39.560,31.8284948,-106.5273899,731.3051233886165,0.14400000000000002,-0.012500000000000002
2900,2026-02-28 17:14:39.600,31.8284948,-106.5273899,731.3051233886165,0.14400000000000002,-5.551115123125783e-18
2901,2026-02-28 17:14:39.640,31.8284948,-106.5273899,731.3051233886165,0.036000000000000004,-1.1102230246251566e-17
2902,2026-02-28 17:14:39.680,31.8284948,-106.5273899,731.3051233886165,0.07200000000000001,-0.012499999999999989
2903,2026-02-28 17:14:39.720,31.8284948,-106.5273901,731.3240394761623,0.036000000000000004,0.024999999999999998
2904,2026-02-28 17:14:39.760,31.8284948,-106.5273901,731.3240394761623,0.0,0.07500000000000002
2905,2026-02-28 17:14:39.800,31.8284948,-106.5273901,731.3240394761623,0.036000000000000004,0.03749999999999999
2906,2026-02-28 17:14:39.840,31.8284948,-106.5273901,731.3240394761623,0.108,5.551115123125783e-18
2907,2026-02-28 17:14:39.880,31.8284948,-106.5273901,731.3240394761623,0.14400000000000002,-0.0375
2908,2026-02-28 17:14:39.920,31.8284948,-106.5273901,731.3240394761623,0.07200000000000001,-0.05
2909,2026-02-28 17:14:39.960,31.8284948,-106.5273901,731.3240394761623,0.14400000000000002,-0.0375
2910,2026-02-28 17:14:40.000,31.8284947,-106.5273901,731.3351714253718,0.14400000000000002,-0.06250000000000001
2911,2026-02-28 17:14:40.040,31.8284948,-106.5273902,731.3497787821688,0.036000000000000004,-0.0375
2912,2026-02-28 17:14:40.080,31.8284948,-106.5273902,731.3497787821688,0.036000000000000004,-5.551115123125783e-18
2913,2026-02-28 17:14:40.120,31.8284948,-106.5273902,731.3497787821688,0.14400000000000002,-0.012500000000000006
2914,2026-02-28 17:14:40.160,31.8284948,-106.5273902,731.3497787821688,0.108,-0.024999999999999998
2915,2026-02-28 17:14:40.200,31.8284948,-106.5273902,731.3497787821688,0.036000000000000004,0.012500000000000002
2916,2026-02-28 17:14:40.240,31.8284948,-106.5273902,731.3497787821688,0.108,0.0125
2917,2026-02-28 17:14:40.280,31.8284948,-106.5273902,731.3497787821688,0.036000000000000004,0.0125
2918,2026-02-28 17:14:40.320,31.8284948,-106.5273902,731.3497787821688,0.036000000000000004,0.05
2919,2026-02-28 17:14:40.360,31.8284948,-106.5273902,731.3497787821688,0.07200000000000001,0.025
2920,2026-02-28 17:14:40.400,31.8284948,-106.5273902,731.3497787821688,0.036000000000000004,0.0125
2921,2026-02-28 17:14:40.440,31.8284948,-106.5273902,731.3497787821688,0.036000000000000004,0.025
2922,2026-02-28 17:14:40.480,31.8284948,-106.5273902,731.3497787821688,0.036000000000000004,0.012499999999999997
2923,2026-02-28 17:14:40.520,31.8284948,-106.5273902,731.3497787821688,0.108,-0.012499999999999997
2924,2026-02-28 17:14:40.560,31.8284948,-106.5273902,731.3497787821688,0.07200000000000001,0.012500000000000006
2925,2026-02-28 17:14:40.600,31.8284948,-106.5273902,731.3497787821688,0.108,0.012500000000000006
2926,2026-02-28 17:14:40.640,31.8284948,-106.5273902,731.3497787821688,0.07200000000000001,-0.025
2927,2026-02-28 17:14:40.680,31.8284948,-106.5273902,731.3497787821688,0.108,-0.012500000000000002
2928,2026-02-28 17:14:40.720,31.8284948,-106.5273902,731.3497787821688,0.108,-0.025
2929,2026-02-28 17:14:40.760,31.8284948,-106.5273902,731.3497787821688,0.07200000000000001,-0.037500000000000006
2930,2026-02-28 17:14:40.800,31.8284948,-106.5273902,731.3497787821688,0.07200000000000001,-0.012500000000000008
2931,2026-02-28 17:14:40.840,31.8284948,-106.5273902,731.3497787821688,0.07200000000000001,-0.012500000000000008
2932,2026-02-28 17:14:40.880,31.8284948,-106.5273902,731.3497787821688,0.036000000000000004,-0.025000000000000005
2933,2026-02-28 17:14:40.920,31.8284948,-106.5273902,731.3497787821688,0.07200000000000001,-0.025000000000000012
2934,2026-02-28 17:14:40.960,31.8284949,-106.5273902,731.3609107309827,0.14400000000000002,-0.025000000000000012
2935,2026-02-28 17:14:41.000,31.8284949,-106.5273902,731.3609107309827,0.07200000000000001,0.012499999999999994
2936,2026-02-28 17:14:41.040,31.8284949,-106.52739,731.379826818508,0.036000000000000004,0.025
2937,2026-02-28 17:14:41.080,31.8284949,-106.5273902,731.3987429060334,0.108,-0.025000000000000005
2938,2026-02-28 17:14:41.120,31.8284949,-106.52739,731.4176589935587,0.036000000000000004,-0.012500000000000002
2939,2026-02-28 17:14:41.160,31.8284949,-106.52739,731.4176589935587,0.036000000000000004,0.025
2940,2026-02-28 17:14:41.200,31.8284949,-106.52739,731.4176589935587,0.07200000000000001,0.0
2941,2026-02-28 17:14:41.240,31.8284949,-106.52739,731.4176589935587,0.036000000000000004,0.0375
2942,2026-02-28 17:14:41.280,31.828495,-106.52739,731.4287909427682,0.0,0.0875
2943,2026-02-28 17:14:41.320,31.828495,-106.52739,731.4287909427682,0.036000000000000004,0.024999999999999988
2944,2026-02-28 17:14:41.360,31.8284951,-106.52739,731.4399228919776,0.108,-0.012500000000000011
2945,2026-02-28 17:14:41.400,31.8284951,-106.52739,731.4399228919776,0.14400000000000002,1.1102230246251566e-17
2946,2026-02-28 17:14:41.440,31.8284951,-106.52739,731.4399228919776,0.036000000000000004,0.025
2947,2026-02-28 17:14:41.480,31.8284951,-106.52739,731.4399228919776,0.036000000000000004,0.03749999999999999
2948,2026-02-28 17:14:41.520,31.8284951,-106.52739,731.4399228919776,0.07200000000000001,0.012499999999999997
2949,2026-02-28 17:14:41.560,31.8284951,-106.52739,731.4399228919776,0.07200000000000001,-0.012500000000000006
2950,2026-02-28 17:14:41.600,31.8284951,-106.52739,731.4399228919776,0.036000000000000004,-2.7755575615628915e-18
2951,2026-02-28 17:14:41.640,31.8284951,-106.52739,731.4399228919776,0.18000000000000002,-0.024999999999999998
2952,2026-02-28 17:14:41.680,31.8284951,-106.52739,731.4399228919776,0.108,-0.05
2953,2026-02-28 17:14:41.720,31.8284951,-106.52739,731.4399228919776,0.0,0.012500000000000008
2954,2026-02-28 17:14:41.760,31.8284951,-106.52739,731.4399228919776,0.108,-0.012499999999999994
2955,2026-02-28 17:14:41.800,31.8284951,-106.5273898,731.458838979462,0.14400000000000002,-0.075
2956,2026-02-28 17:14:41.840,31.8284951,-106.5273898,731.458838979462,0.108,-0.0625
2957,2026-02-28 17:14:41.880,31.8284951,-106.52739,731.4777550669464,0.07200000000000001,-0.025000000000000012
2958,2026-02-28 17:14:41.920,31.8284952,-106.52739,731.4888870157604,0.07200000000000001,0.0
2959,2026-02-28 17:14:41.960,31.8284952,-106.52739,731.4888870157604,0.036000000000000004,0.0125
2960,2026-02-28 17:14:42.000,31.8284952,-106.52739,731.4888870157604,0.07200000000000001,0.0
2961,2026-02-28 17:14:42.040,31.8284952,-106.52739,731.4888870157604,0.07200000000000001,-0.012500000000000002
2962,2026-02-28 17:14:42.080,31.8284952,-106.5273898,731.5078031032242,0.07200000000000001,0.0
2963,2026-02-28 17:14:42.120,31.8284952,-106.5273898,731.5078031032242,0.07200000000000001,-0.025000000000000012
2964,2026-02-28 17:14:42.160,31.8284952,-106.5273898,731.5078031032242,0.0,-0.012500000000000002
2965,2026-02-28 17:14:42.200,31.8284952,-106.52739,731.526719190688,0.036000000000000004,0.0375
2966,2026-02-28 17:14:42.240,31.8284952,-106.52739,731.526719190688,0.036000000000000004,0.04999999999999999
2967,2026-02-28 17:14:42.280,31.8284952,-106.52739,731.526719190688,0.07200000000000001,0.024999999999999998
2968,2026-02-28 17:14:42.320,31.8284952,-106.52739,731.526719190688,0.07200000000000001,0.012499999999999992
2969,2026-02-28 17:14:42.360,31.8284954,-106.52739,731.5489830891069,0.07200000000000001,-8.326672684688674e-18
2970,2026-02-28 17:14:42.400,31.8284954,-106.52739,731.5489830891069,0.036000000000000004,-0.012500000000000015
2971,2026-02-28 17:14:42.440,31.8284954,-106.52739,731.5489830891069,0.07200000000000001,-2.7755575615628915e-18
2972,2026-02-28 17:14:42.480,31.8284954,-106.52739,731.5489830891069,0.07200000000000001,-0.012500000000000008
2973,2026-02-28 17:14:42.520,31.8284954,-106.52739,731.5489830891069,0.0,-2.7755575615628915e-18
2974,2026-02-28 17:14:42.560,31.8284954,-106.52739,731.5489830891069,0.036000000000000004,-5.551115123125783e-18
2975,2026-02-28 17:14:42.600,31.8284954,-106.52739,731.5489830891069,0.108,-0.0375
2976,2026-02-28 17:14:42.640,31.8284954,-106.52739,731.5489830891069,0.108,-0.025
2977,2026-02-28 17:14:42.680,31.8284954,-106.52739,731.5489830891069,0.07200000000000001,2.7755575615628915e-18
2978,2026-02-28 17:14:42.720,31.8284954,-106.52739,731.5489830891069,0.108,-0.025
2979,2026-02-28 17:14:42.760,31.8284954,-106.52739,731.5489830891069,0.036000000000000004,-0.0125
2980,2026-02-28 17:14:42.800,31.8284954,-106.52739,731.5489830891069,0.036000000000000004,0.012499999999999997
2981,2026-02-28 17:14:42.840,31.8284954,-106.52739,731.5489830891069,0.07200000000000001,-0.012500000000000008
2982,2026-02-28 17:14:42.880,31.8284954,-106.52739,731.5489830891069,0.036000000000000004,-0.012500000000000006
2983,2026-02-28 17:14:42.920,31.8284954,-106.52739,731.5489830891069,0.036000000000000004,0.012500000000000002
2984,2026-02-28 17:14:42.960,31.8284955,-106.52739,731.5601150379208,0.0,0.0375
2985,2026-02-28 17:14:43.000,31.8284955,-106.52739,731.5601150379208,0.036000000000000004,0.024999999999999998
2986,2026-02-28 17:14:43.040,31.8284955,-106.52739,731.5601150379208,0.108,-0.012499999999999997
2987,2026-02-28 17:14:43.080,31.8284955,-106.52739,731.5601150379208,0.07200000000000001,-0.024999999999999998
2988,2026-02-28 17:14:43.120,31.8284955,-106.52739,731.5601150379208,0.036000000000000004,0.0
2989,2026-02-28 17:14:43.160,31.8284955,-106.52739,731.5601150379208,0.07200000000000001,0.012500000000000002
2990,2026-02-28 17:14:43.200,31.8284955,-106.52739,731.5601150379208,0.036000000000000004,0.025
2991,2026-02-28 17:14:43.240,31.8284955,-106.52739,731.5601150379208,0.036000000000000004,0.024999999999999998
2992,2026-02-28 17:14:43.280,31.8284956,-106.5273901,731.574722395535,0.036000000000000004,-2.7755575615628915e-18
2993,2026-02-28 17:14:43.320,31.8284956,-106.5273901,731.574722395535,0.07200000000000001,-0.012500000000000002
2994,2026-02-28 17:14:43.360,31.8284956,-106.5273901,731.574722395535,0.07200000000000001,-0.012499999999999997
2995,2026-02-28 17:14:43.400,31.8284956,-106.5273901,731.574722395535,0.036000000000000004,0.012500000000000002
2996,2026-02-28 17:14:43.440,31.8284956,-106.5273901,731.574722395535,0.07200000000000001,2.7755575615628915e-18
2997,2026-02-28 17:14:43.480,31.8284956,-106.5273901,731.574722395535,0.036000000000000004,0.025000000000000005
2998,2026-02-28 17:14:43.520,31.8284956,-106.5273901,731.574722395535,0.07200000000000001,0.05000000000000001
2999,2026-02-28 17:14:43.560,31.8284956,-106.5273901,731.574722395535,0.07200000000000001,0.0125
3000,2026-02-28 17:14:43.600,31.8284956,-106.5273901,731.574722395535,0.108,-0.037500000000000006
3001,2026-02-28 17:14:43.640,31.8284956,-106.5273901,731.574722395535,0.036000000000000004,-0.0375
3002,2026-02-28 17:14:43.680,31.8284956,-106.5273901,731.574722395535,0.036000000000000004,2.7755575615628915e-18
3003,2026-02-28 17:14:43.720,31.8284956,-106.5273901,731.574722395535,0.036000000000000004,-0.012499999999999989
3004,2026-02-28 17:14:43.760,31.8284956,-106.5273901,731.574722395535,0.07200000000000001,-0.025
3005,2026-02-28 17:14:43.800,31.8284957,-106.5273901,731.5858543447445,0.07200000000000001,-0.012499999999999994
3006,2026-02-28 17:14:43.840,31.8284957,-106.5273901,731.5858543447445,0.036000000000000004,0.025000000000000005
3007,2026-02-28 17:14:43.880,31.8284957,-106.5273901,731.5858543447445,0.14400000000000002,5.551115123125783e-18
3008,2026-02-28 17:14:43.920,31.8284957,-106.5273901,731.5858543447445,0.108,-0.0375
3009,2026-02-28 17:14:43.960,31.8284957,-106.5273901,731.5858543447445,0.07200000000000001,-0.025
3010,2026-02-28 17:14:44.000,31.8284957,-106.5273901,731.5858543447445,0.0,-8.326672684688674e-18
3011,2026-02-28 17:14:44.040,31.8284957,-106.5273901,731.5858543447445,0.036000000000000004,0.012500000000000002
3012,2026-02-28 17:14:44.080,31.8284957,-106.5273901,731.5858543447445,0.036000000000000004,0.0
3013,2026-02-28 17:14:44.120,31.8284957,-106.5273901,731.5858543447445,0.0,0.025
3014,2026-02-28 17:14:44.160,31.8284957,-106.5273901,731.5858543447445,0.036000000000000004,0.024999999999999998
3015,2026-02-28 17:14:44.200,31.8284957,-106.5273901,731.5858543447445,0.07200000000000001,0.012499999999999997
3016,2026-02-28 17:14:44.240,31.8284957,-106.5273901,731.5858543447445,0.108,2.7755575615628915e-18
3017,2026-02-28 17:14:44.280,31.8284957,-106.5273901,731.5858543447445,0.07200000000000001,-0.024999999999999998
3018,2026-02-28 17:14:44.320,31.8284957,-106.5273901,731.5858543447445,0.07200000000000001,-0.025000000000000012
3019,2026-02-28 17:14:44.360,31.8284957,-106.5273901,731.5858543447445,0.036000000000000004,0.012499999999999997
3020,2026-02-28 17:14:44.400,31.8284957,-106.5273901,731.5858543447445,0.036000000000000004,0.025
3021,2026-02-28 17:14:44.440,31.8284957,-106.5273901,731.5858543447445,0.036000000000000004,0.012500000000000002
3022,2026-02-28 17:14:44.480,31.8284957,-106.5273901,731.5858543447445,0.036000000000000004,0.075
3023,2026-02-28 17:14:44.520,31.8284957,-106.5273901,731.5858543447445,0.07200000000000001,0.05
3024,2026-02-28 17:14:44.560,31.8284957,-106.5273901,731.5858543447445,0.036000000000000004,0.0
3025,2026-02-28 17:14:44.600,31.8284957,-106.5273901,731.5858543447445,0.108,0.0125
3026,2026-02-28 17:14:44.640,31.8284959,-106.5273901,731.6081182427678,0.07200000000000001,-0.012500000000000002
3027,2026-02-28 17:14:44.680,31.8284959,-106.5273901,731.6081182427678,0.036000000000000004,-0.012500000000000002
3028,2026-02-28 17:14:44.720,31.8284959,-106.5273901,731.6081182427678,0.036000000000000004,0.0
3029,2026-02-28 17:14:44.760,31.8284959,-106.5273901,731.6081182427678,0.108,0.012500000000000006
3030,2026-02-28 17:14:44.800,31.8284959,-106.5273902,731.617576285756,0.036000000000000004,0.037500000000000006
3031,2026-02-28 17:14:44.840,31.8284959,-106.5273902,731.617576285756,0.07200000000000001,0.03749999999999999
3032,2026-02-28 17:14:44.880,31.8284959,-106.5273902,731.617576285756,0.216,-0.025000000000000005
3033,2026-02-28 17:14:44.920,31.8284959,-106.5273902,731.617576285756,0.036000000000000004,-0.0375
3034,2026-02-28 17:14:44.960,31.8284959,-106.5273902,731.617576285756,0.07200000000000001,0.012499999999999989
3035,2026-02-28 17:14:45.000,31.8284959,-106.5273902,731.617576285756,0.108,0.0125
3036,2026-02-28 17:14:45.040,31.8284959,-106.5273902,731.617576285756,0.036000000000000004,0.012499999999999997
3037,2026-02-28 17:14:45.080,31.828496,-106.5273904,731.6395248313189,0.036000000000000004,0.025
3038,2026-02-28 17:14:45.120,31.828496,-106.5273904,731.6395248313189,0.036000000000000004,0.025
3039,2026-02-28 17:14:45.160,31.8284959,-106.5273904,731.6506567805284,0.14400000000000002,-0.025
3040,2026-02-28 17:14:45.200,31.8284959,-106.5273904,731.6506567805284,0.108,-0.05
3041,2026-02-28 17:14:45.240,31.828496,-106.5273904,731.6617887297379,0.108,-0.024999999999999998
3042,2026-02-28 17:14:45.280,31.828496,-106.5273904,731.6617887297379,0.108,-0.024999999999999998
3043,2026-02-28 17:14:45.320,31.828496,-106.5273904,731.6617887297379,0.036000000000000004,0.025000000000000012
3044,2026-02-28 17:14:45.360,31.828496,-106.5273904,731.6617887297379,0.108,0.050000000000000024
3045,2026-02-28 17:14:45.400,31.828496,-106.5273904,731.6617887297379,0.108,1.1102230246251566e-17
3046,2026-02-28 17:14:45.440,31.828496,-106.5273904,731.6617887297379,0.07200000000000001,-0.0125
3047,2026-02-28 17:14:45.480,31.828496,-106.5273904,731.6617887297379,0.07200000000000001,0.012499999999999997
3048,2026-02-28 17:14:45.520,31.828496,-106.5273904,731.6617887297379,0.07200000000000001,-0.012500000000000008
3049,2026-02-28 17:14:45.560,31.828496,-106.5273904,731.6617887297379,0.036000000000000004,-0.012500000000000002
3050,2026-02-28 17:14:45.600,31.828496,-106.5273906,731.6807048170377,0.07200000000000001,-5.551115123125783e-18
3051,2026-02-28 17:14:45.640,31.828496,-106.5273906,731.6807048170377,0.07200000000000001,-0.025000000000000005
3052,2026-02-28 17:14:45.680,31.828496,-106.5273906,731.6807048170377,0.07200000000000001,-0.025000000000000005
3053,2026-02-28 17:14:45.720,31.828496,-106.5273906,731.6807048170377,0.14400000000000002,-0.05000000000000001
3054,2026-02-28 17:14:45.760,31.828496,-106.5273904,731.6996209043376,0.14400000000000002,-0.050000000000000024
3055,2026-02-28 17:14:45.800,31.828496,-106.5273906,731.7185369916375,0.07200000000000001,-0.012500000000000008
3056,2026-02-28 17:14:45.840,31.828496,-106.5273906,731.7185369916375,0.07200000000000001,0.0
3057,2026-02-28 17:14:45.880,31.828496,-106.5273906,731.7185369916375,0.108,-0.025
3058,2026-02-28 17:14:45.920,31.8284961,-106.5273906,731.7296689404515,0.0,-0.025
3059,2026-02-28 17:14:45.960,31.8284961,-106.5273906,731.7296689404515,0.07200000000000001,-2.7755575615628915e-18
3060,2026-02-28 17:14:46.000,31.8284962,-106.5273906,731.7408008896609,0.036000000000000004,-5.551115123125783e-18
3061,2026-02-28 17:14:46.040,31.8284962,-106.5273906,731.7408008896609,0.036000000000000004,0.03750000000000001
3062,2026-02-28 17:14:46.080,31.8284962,-106.5273906,731.7408008896609,0.036000000000000004,0.07500000000000001
3063,2026-02-28 17:14:46.120,31.8284962,-106.5273906,731.7408008896609,0.036000000000000004,0.06250000000000003
3064,2026-02-28 17:14:46.160,31.8284961,-106.5273906,731.7519328388704,0.108,0.025000000000000012
3065,2026-02-28 17:14:46.200,31.8284962,-106.5273906,731.7630647880799,0.07200000000000001,8.326672684688674e-18
3066,2026-02-28 17:14:46.240,31.8284962,-106.5273906,731.7630647880799,0.07200000000000001,0.0
3067,2026-02-28 17:14:46.280,31.8284962,-106.5273906,731.7630647880799,0.036000000000000004,0.050000000000000024
3068,2026-02-28 17:14:46.320,31.8284962,-106.5273906,731.7630647880799,0.0,0.10000000000000002
3069,2026-02-28 17:14:46.360,31.8284962,-106.5273906,731.7630647880799,0.07200000000000001,0.050000000000000024
3070,2026-02-28 17:14:46.400,31.8284962,-106.5273906,731.7630647880799,0.036000000000000004,0.03750000000000002
3071,2026-02-28 17:14:46.440,31.8284962,-106.5273906,731.7630647880799,0.14400000000000002,0.025000000000000012
3072,2026-02-28 17:14:46.480,31.8284962,-106.5273906,731.7630647880799,0.14400000000000002,-0.05
3073,2026-02-28 17:14:46.520,31.8284962,-106.5273906,731.7630647880799,0.108,-0.0375
3074,2026-02-28 17:14:46.560,31.8284962,-106.5273906,731.7630647880799,0.108,-5.551115123125783e-18
3075,2026-02-28 17:14:46.600,31.8284962,-106.5273906,731.7630647880799,0.07200000000000001,0.05
3076,2026-02-28 17:14:46.640,31.8284962,-106.5273906,731.7630647880799,0.07200000000000001,0.0375
3077,2026-02-28 17:14:46.680,31.8284962,-106.5273906,731.7630647880799,0.18000000000000002,-0.06250000000000001
3078,2026-02-28 17:14:46.720,31.8284962,-106.5273906,731.7630647880799,0.14400000000000002,-0.10000000000000002
3079,2026-02-28 17:14:46.760,31.8284962,-106.5273906,731.7630647880799,0.07200000000000001,-0.025000000000000005
3080,2026-02-28 17:14:46.800,31.8284962,-106.5273908,731.7819808753388,0.14400000000000002,0.012499999999999994
3081,2026-02-28 17:14:46.840,31.8284962,-106.5273908,731.7819808753388,0.108,-0.012500000000000011
3082,2026-02-28 17:14:46.880,31.8284962,-106.5273908,731.7819808753388,0.036000000000000004,0.024999999999999994
3083,2026-02-28 17:14:46.920,31.8284963,-106.5273908,731.7931128245483,0.108,0.0375
3084,2026-02-28 17:14:46.960,31.8284962,-106.5273908,731.8042447737578,0.108,8.326672684688674e-18
3085,2026-02-28 17:14:47.000,31.8284963,-106.5273908,731.8153767229672,0.216,-0.075
3086,2026-02-28 17:14:47.040,31.8284963,-106.5273908,731.8153767229672,0.036000000000000004,-0.05
3087,2026-02-28 17:14:47.080,31.8284963,-106.5273908,731.8153767229672,0.036000000000000004,0.05
3088,2026-02-28 17:14:47.120,31.8284963,-106.5273908,731.8153767229672,0.0,0.075
3089,2026-02-28 17:14:47.160,31.8284963,-106.5273908,731.8153767229672,0.14400000000000002,-0.012500000000000011
3090,2026-02-28 17:14:47.200,31.8284963,-106.5273908,731.8153767229672,0.108,-0.05000000000000001
3091,2026-02-28 17:14:47.240,31.8284963,-106.5273908,731.8153767229672,0.108,-0.012499999999999994
3092,2026-02-28 17:14:47.280,31.8284963,-106.5273908,731.8153767229672,0.108,-0.05
3093,2026-02-28 17:14:47.320,31.8284963,-106.5273908,731.8153767229672,0.14400000000000002,-0.03749999999999999
3094,2026-02-28 17:14:47.360,31.8284963,-106.5273908,731.8153767229672,0.07200000000000001,1.1102230246251566e-17
3095,2026-02-28 17:14:47.400,31.8284963,-106.5273909,731.8248347659145,0.036000000000000004,5.551115123125783e-18
3096,2026-02-28 17:14:47.440,31.8284963,-106.5273909,731.8248347659145,0.07200000000000001,0.0
3097,2026-02-28 17:14:47.480,31.8284963,-106.5273909,731.8248347659145,0.14400000000000002,-0.024999999999999998
3098,2026-02-28 17:14:47.520,31.8284963,-106.527391,731.8342928088617,0.108,-0.03749999999999999
3099,2026-02-28 17:14:47.560,31.8284963,-106.527391,731.8342928088617,0.0,0.03750000000000002
3100,2026-02-28 17:14:47.600,31.8284963,-106.527391,731.8342928088617,0.108,0.050000000000000024
3101,2026-02-28 17:14:47.640,31.8284963,-106.527391,731.8342928088617,0.07200000000000001,-0.012499999999999994
3102,2026-02-28 17:14:47.680,31.8284963,-106.527391,731.8342928088617,0.0,0.0375
3103,2026-02-28 17:14:47.720,31.8284963,-106.527391,731.8342928088617,0.14400000000000002,0.025000000000000005
3104,2026-02-28 17:14:47.760,31.8284963,-106.527391,731.8342928088617,0.07200000000000001,2.7755575615628915e-18
3105,2026-02-28 17:14:47.800,31.8284963,-106.527391,731.8342928088617,0.036000000000000004,0.05000000000000001
3106,2026-02-28 17:14:47.840,31.8284963,-106.527391,731.8342928088617,0.07200000000000001,0.024999999999999994
3107,2026-02-28 17:14:47.880,31.8284963,-106.5273911,731.843750853153,0.07200000000000001,2.7755575615628915e-18
3108,2026-02-28 17:14:47.920,31.8284963,-106.5273911,731.843750853153,0.07200000000000001,-0.012500000000000006
3109,2026-02-28 17:14:47.960,31.8284963,-106.5273912,731.8532088961002,0.14400000000000002,-0.0375
3110,2026-02-28 17:14:48.000,31.8284963,-106.5273912,731.8532088961002,0.108,-0.05000000000000001
3111,2026-02-28 17:14:48.040,31.8284963,-106.5273912,731.8532088961002,0.036000000000000004,-0.03749999999999999
3112,2026-02-28 17:14:48.080,31.8284962,-106.5273912,731.8643408453097,0.14400000000000002,-0.025000000000000012
3113,2026-02-28 17:14:48.120,31.8284963,-106.5273913,731.8789482028775,0.07200000000000001,-1.1102230246251566e-17
3114,2026-02-28 17:14:48.160,31.8284963,-106.5273913,731.8789482028775,0.14400000000000002,-0.012500000000000015
3115,2026-02-28 17:14:48.200,31.8284963,-106.5273913,731.8789482028775,0.108,-0.012499999999999994
3116,2026-02-28 17:14:48.240,31.8284962,-106.5273914,731.893555559575,0.07200000000000001,0.0125
3117,2026-02-28 17:14:48.280,31.8284962,-106.5273914,731.893555559575,0.07200000000000001,-0.012500000000000006
3118,2026-02-28 17:14:48.320,31.8284962,-106.5273914,731.893555559575,0.036000000000000004,-0.012500000000000008
3119,2026-02-28 17:14:48.360,31.8284962,-106.5273914,731.893555559575,0.07200000000000001,-0.012500000000000008
3120,2026-02-28 17:14:48.400,31.8284962,-106.5273914,731.893555559575,0.036000000000000004,-8.326672684688674e-18
3121,2026-02-28 17:14:48.440,31.8284962,-106.5273914,731.893555559575,0.0,0.025
3122,2026-02-28 17:14:48.480,31.8284962,-106.5273914,731.893555559575,0.108,0.049999999999999996
3123,2026-02-28 17:14:48.520,31.8284962,-106.5273914,731.893555559575,0.108,0.025
3124,2026-02-28 17:14:48.560,31.8284962,-106.5273914,731.893555559575,0.07200000000000001,-0.025
3125,2026-02-28 17:14:48.600,31.8284962,-106.5273914,731.893555559575,0.14400000000000002,-0.05000000000000001
3126,2026-02-28 17:14:48.640,31.8284962,-106.5273915,731.9030136025325,0.07200000000000001,-0.025000000000000012
3127,2026-02-28 17:14:48.680,31.8284962,-106.5273915,731.9030136025325,0.036000000000000004,0.025
3128,2026-02-28 17:14:48.720,31.8284962,-106.5273915,731.9030136025325,0.036000000000000004,0.0375
3129,2026-02-28 17:14:48.760,31.8284961,-106.5273916,731.9176209601069,0.036000000000000004,0.024999999999999998
3130,2026-02-28 17:14:48.800,31.8284961,-106.5273916,731.9176209601069,0.07200000000000001,0.012499999999999997
3131,2026-02-28 17:14:48.840,31.8284961,-106.5273916,731.9176209601069,0.036000000000000004,0.025
3132,2026-02-28 17:14:48.880,31.8284961,-106.5273916,731.9176209601069,0.216,-0.03749999999999999
3133,2026-02-28 17:14:48.920,31.8284961,-106.5273916,731.9176209601069,0.07200000000000001,-0.0375
3134,2026-02-28 17:14:48.960,31.8284961,-106.5273917,731.9270790030746,0.036000000000000004,0.0625
3135,2026-02-28 17:14:49.000,31.8284961,-106.5273917,731.9270790030746,0.036000000000000004,0.0625
3136,2026-02-28 17:14:49.040,31.8284961,-106.5273917,731.9270790030746,0.108,0.012499999999999989
3137,2026-02-28 17:14:49.080,31.8284961,-106.5273918,731.9365370473863,0.07200000000000001,0.025000000000000005
3138,2026-02-28 17:14:49.120,31.8284961,-106.5273918,731.9365370473863,0.108,0.0375
3139,2026-02-28 17:14:49.160,31.8284961,-106.5273918,731.9365370473863,0.036000000000000004,0.025000000000000015
3140,2026-02-28 17:14:49.200,31.8284961,-106.5273918,731.9365370473863,0.108,-1.1102230246251566e-17
3141,2026-02-28 17:14:49.240,31.8284961,-106.5273919,731.945995090354,0.07200000000000001,-0.0125
3142,2026-02-28 17:14:49.280,31.8284961,-106.5273919,731.945995090354,0.07200000000000001,-0.025000000000000015
3143,2026-02-28 17:14:49.320,31.8284961,-106.5273919,731.945995090354,0.108,-0.025000000000000012
3144,2026-02-28 17:14:49.360,31.8284961,-106.5273918,731.9554531333217,0.18000000000000002,-0.012500000000000011
3145,2026-02-28 17:14:49.400,31.8284961,-106.5273919,731.9649111762894,0.07200000000000001,-1.1102230246251566e-17
3146,2026-02-28 17:14:49.440,31.8284961,-106.527392,731.9743692206011,0.108,0.0
3147,2026-02-28 17:14:49.480,31.8284961,-106.527392,731.9743692206011,0.14400000000000002,-0.03750000000000001
3148,2026-02-28 17:14:49.520,31.8284961,-106.527392,731.9743692206011,0.14400000000000002,-0.025000000000000005
3149,2026-02-28 17:14:49.560,31.8284961,-106.527392,731.9743692206011,0.07200000000000001,0.025000000000000012
3150,2026-02-28 17:14:49.600,31.8284961,-106.527392,731.9743692206011,0.07200000000000001,0.03750000000000002
3151,2026-02-28 17:14:49.640,31.8284961,-106.527392,731.9743692206011,0.07200000000000001,0.025
3152,2026-02-28 17:14:49.680,31.8284961,-106.5273921,731.9838272635689,0.0,0.050000000000000024
3153,2026-02-28 17:14:49.720,31.8284961,-106.5273921,731.9838272635689,0.108,0.025000000000000012
3154,2026-02-28 17:14:49.760,31.8284961,-106.5273921,731.9838272635689,0.14400000000000002,-0.0375
3155,2026-02-28 17:14:49.800,31.8284961,-106.5273921,731.9838272635689,0.108,-0.025
3156,2026-02-28 17:14:49.840,31.8284961,-106.5273921,731.9838272635689,0.07200000000000001,8.326672684688674e-18
3157,2026-02-28 17:14:49.880,31.8284961,-106.5273921,731.9838272635689,0.07200000000000001,-0.012499999999999997
3158,2026-02-28 17:14:49.920,31.8284961,-106.5273921,731.9838272635689,0.14400000000000002,-0.05
3159,2026-02-28 17:14:49.960,31.8284961,-106.5273921,731.9838272635689,0.14400000000000002,-0.07500000000000001
3160,2026-02-28 17:14:50.000,31.8284961,-106.5273921,731.9838272635689,0.108,-0.024999999999999994
3161,2026-02-28 17:14:50.040,31.8284961,-106.5273921,731.9838272635689,0.108,0.03750000000000002
3162,2026-02-28 17:14:50.080,31.8284961,-106.5273921,731.9838272635689,0.108,0.050000000000000024
3163,2026-02-28 17:14:50.120,31.8284961,-106.5273921,731.9838272635689,0.07200000000000001,0.012500000000000011
3164,2026-02-28 17:14:50.160,31.8284961,-106.5273921,731.9838272635689,0.07200000000000001,0.012500000000000008
3165,2026-02-28 17:14:50.200,31.828496,-106.5273921,731.9949592123828,0.108,8.326672684688674e-18
3166,2026-02-28 17:14:50.240,31.828496,-106.5273922,732.0044172553607,0.07200000000000001,-0.0125
3167,2026-02-28 17:14:50.280,31.828496,-106.5273922,732.0044172553607,0.036000000000000004,0.025000000000000012
3168,2026-02-28 17:14:50.320,31.828496,-106.5273921,732.0138752983387,0.036000000000000004,0.06250000000000001
3169,2026-02-28 17:14:50.360,31.828496,-106.5273922,732.0233333413166,0.036000000000000004,0.07500000000000002
3170,2026-02-28 17:14:50.400,31.828496,-106.5273922,732.0233333413166,0.14400000000000002,0.012499999999999989
3171,2026-02-28 17:14:50.440,31.828496,-106.5273922,732.0233333413166,0.18000000000000002,-0.05000000000000001
3172,2026-02-28 17:14:50.480,31.8284959,-106.5273923,732.0379406989043,0.18000000000000002,-0.08750000000000002
3173,2026-02-28 17:14:50.520,31.8284958,-106.5273923,732.0490726481138,0.036000000000000004,-0.037500000000000006
3174,2026-02-28 17:14:50.560,31.8284958,-106.5273923,732.0490726481138,0.14400000000000002,-0.025000000000000005
3175,2026-02-28 17:14:50.600,31.8284958,-106.5273923,732.0490726481138,0.036000000000000004,0.025
3176,2026-02-28 17:14:50.640,31.8284958,-106.5273923,732.0490726481138,0.108,0.08750000000000001
3177,2026-02-28 17:14:50.680,31.8284958,-106.5273923,732.0490726481138,0.07200000000000001,0.025000000000000012
3178,2026-02-28 17:14:50.720,31.8284958,-106.5273923,732.0490726481138,0.18000000000000002,-0.03750000000000002
3179,2026-02-28 17:14:50.760,31.8284958,-106.5273923,732.0490726481138,0.108,-0.0375
3180,2026-02-28 17:14:50.800,31.8284958,-106.5273923,732.0490726481138,0.108,-0.025000000000000005
3181,2026-02-28 17:14:50.840,31.8284958,-106.5273923,732.0490726481138,0.07200000000000001,-0.025
3182,2026-02-28 17:14:50.880,31.8284958,-106.5273923,732.0490726481138,0.036000000000000004,0.012500000000000006
3183,2026-02-28 17:14:50.920,31.8284958,-106.5273923,732.0490726481138,0.07200000000000001,0.03750000000000001
3184,2026-02-28 17:14:50.960,31.8284958,-106.5273924,732.0585306911122,0.036000000000000004,0.037500000000000006
3185,2026-02-28 17:14:51.000,31.8284958,-106.5273925,732.0679887354547,0.216,-0.024999999999999994
3186,2026-02-28 17:14:51.040,31.8284958,-106.5273925,732.0679887354547,0.18000000000000002,-0.0875
3187,2026-02-28 17:14:51.080,31.8284958,-106.5273925,732.0679887354547,0.07200000000000001,-0.06250000000000001
3188,2026-02-28 17:14:51.120,31.8284958,-106.5273925,732.0679887354547,0.07200000000000001,-5.551115123125783e-18
3189,2026-02-28 17:14:51.160,31.8284958,-106.5273925,732.0679887354547,0.108,1.3877787807814457e-17
3190,2026-02-28 17:14:51.200,31.8284958,-106.5273925,732.0679887354547,0.036000000000000004,0.012500000000000002
3191,2026-02-28 17:14:51.240,31.8284958,-106.5273925,732.0679887354547,0.07200000000000001,0.0375
3192,2026-02-28 17:14:51.280,31.8284958,-106.5273925,732.0679887354547,0.07200000000000001,-5.551115123125783e-18
3193,2026-02-28 17:14:51.320,31.8284958,-106.5273925,732.0679887354547,0.14400000000000002,-0.05
3194,2026-02-28 17:14:51.360,31.8284957,-106.5273925,732.0791206842687,0.07200000000000001,-0.03750000000000001
3195,2026-02-28 17:14:51.400,31.8284957,-106.5273925,732.0791206842687,0.108,0.012500000000000008
3196,2026-02-28 17:14:51.440,31.8284957,-106.5273925,732.0791206842687,0.036000000000000004,0.025000000000000012
3197,2026-02-28 17:14:51.480,31.8284957,-106.5273925,732.0791206842687,0.036000000000000004,0.037500000000000006
3198,2026-02-28 17:14:51.520,31.8284958,-106.5273925,732.0902526330826,0.108,0.012500000000000006
3199,2026-02-28 17:14:51.560,31.8284957,-106.5273925,732.1013845818966,0.07200000000000001,5.551115123125783e-18
3200,2026-02-28 17:14:51.600,31.8284957,-106.5273925,732.1013845818966,0.108,-0.012500000000000002
3201,2026-02-28 17:14:51.640,31.8284957,-106.5273925,732.1013845818966,0.108,-0.024999999999999998
3202,2026-02-28 17:14:51.680,31.8284956,-106.5273925,732.112516531106,0.036000000000000004,0.025
3203,2026-02-28 17:14:51.720,31.8284956,-106.5273925,732.112516531106,0.036000000000000004,0.05
3204,2026-02-28 17:14:51.760,31.8284955,-106.5273925,732.1236484803155,0.07200000000000001,0.0125
3205,2026-02-28 17:14:51.800,31.8284955,-106.5273925,732.1236484803155,0.14400000000000002,-0.025000000000000012
3206,2026-02-28 17:14:51.840,31.8284955,-106.5273925,732.1236484803155,0.07200000000000001,-1.1102230246251566e-17
3207,2026-02-28 17:14:51.880,31.8284955,-106.5273925,732.1236484803155,0.108,0.012499999999999997
3208,2026-02-28 17:14:51.920,31.8284955,-106.5273925,732.1236484803155,0.07200000000000001,0.012499999999999997
3209,2026-02-28 17:14:51.960,31.8284955,-106.5273925,732.1236484803155,0.108,0.012499999999999997
3210,2026-02-28 17:14:52.000,31.8284955,-106.5273925,732.1236484803155,0.036000000000000004,0.012500000000000002
3211,2026-02-28 17:14:52.040,31.8284955,-106.5273926,732.1331065233447,0.108,0.012500000000000002
3212,2026-02-28 17:14:52.080,31.8284955,-106.5273926,732.1331065233447,0.108,-0.012499999999999997
3213,2026-02-28 17:14:52.120,31.8284955,-106.5273926,732.1331065233447,0.108,-0.024999999999999994
3214,2026-02-28 17:14:52.160,31.8284955,-106.5273926,732.1331065233447,0.036000000000000004,-0.012499999999999997
3215,2026-02-28 17:14:52.200,31.8284955,-106.5273926,732.1331065233447,0.108,0.0
3216,2026-02-28 17:14:52.240,31.8284955,-106.5273926,732.1331065233447,0.108,-0.012499999999999997
3217,2026-02-28 17:14:52.280,31.8284955,-106.5273926,732.1331065233447,0.108,-0.024999999999999994
3218,2026-02-28 17:14:52.320,31.8284955,-106.5273926,732.1331065233447,0.108,-0.024999999999999994
3219,2026-02-28 17:14:52.360,31.8284955,-106.5273926,732.1331065233447,0.108,-0.024999999999999994
3220,2026-02-28 17:14:52.400,31.8284955,-106.5273926,732.1331065233447,0.07200000000000001,0.0
3221,2026-02-28 17:14:52.440,31.8284955,-106.5273926,732.1331065233447,0.108,0.0
3222,2026-02-28 17:14:52.480,31.8284955,-106.5273926,732.1331065233447,0.07200000000000001,-0.012499999999999997
3223,2026-02-28 17:14:52.520,31.8284955,-106.5273926,732.1331065233447,0.07200000000000001,0.0
3224,2026-02-28 17:14:52.560,31.8284955,-106.5273926,732.1331065233447,0.036000000000000004,0.025
3225,2026-02-28 17:14:52.600,31.8284955,-106.5273926,732.1331065233447,0.108,0.0
3226,2026-02-28 17:14:52.640,31.8284955,-106.5273926,732.1331065233447,0.07200000000000001,-0.025
3227,2026-02-28 17:14:52.680,31.8284955,-106.5273925,732.142564566374,0.07200000000000001,0.012499999999999997
3228,2026-02-28 17:14:52.720,31.8284955,-106.5273925,732.142564566374,0.07200000000000001,-0.012500000000000008
3229,2026-02-28 17:14:52.760,31.8284955,-106.5273926,732.1520226094032,0.07200000000000001,-0.03750000000000001
3230,2026-02-28 17:14:52.800,31.8284955,-106.5273926,732.1520226094032,0.108,-0.0125
3231,2026-02-28 17:14:52.840,31.8284955,-106.5273925,732.1614806524324,0.07200000000000001,2.7755575615628915e-18
3232,2026-02-28 17:14:52.880,31.8284955,-106.5273925,732.1614806524324,0.07200000000000001,0.025
3233,2026-02-28 17:14:52.920,31.8284955,-106.5273925,732.1614806524324,0.07200000000000001,0.0375
3234,2026-02-28 17:14:52.960,31.8284955,-106.5273925,732.1614806524324,0.108,-0.012500000000000006
3235,2026-02-28 17:14:53.000,31.8284955,-106.5273925,732.1614806524324,0.036000000000000004,-0.012500000000000002
3236,2026-02-28 17:14:53.040,31.8284955,-106.5273925,732.1614806524324,0.07200000000000001,0.024999999999999998
3237,2026-02-28 17:14:53.080,31.8284955,-106.5273925,732.1614806524324,0.108,-0.012500000000000002
3238,2026-02-28 17:14:53.120,31.8284955,-106.5273926,732.1709386954616,0.0,0.025
3239,2026-02-28 17:14:53.160,31.8284955,-106.5273926,732.1709386954616,0.036000000000000004,0.0875
3240,2026-02-28 17:14:53.200,31.8284955,-106.5273926,732.1709386954616,0.108,0.025000000000000005
3241,2026-02-28 17:14:53.240,31.8284955,-106.5273926,732.1709386954616,0.07200000000000001,0.0
3242,2026-02-28 17:14:53.280,31.8284955,-106.5273926,732.1709386954616,0.14400000000000002,-1.3877787807814457e-17
3243,2026-02-28 17:14:53.320,31.8284955,-106.5273926,732.1709386954616,0.108,-0.012500000000000002
3244,2026-02-28 17:14:53.360,31.8284955,-106.5273926,732.1709386954616,0.036000000000000004,0.024999999999999998
3245,2026-02-28 17:14:53.400,31.8284956,-106.5273926,732.1820706446711,0.07200000000000001,0.0125
3246,2026-02-28 17:14:53.440,31.8284956,-106.5273926,732.1820706446711,0.108,-0.037500000000000006
3247,2026-02-28 17:14:53.480,31.8284956,-106.5273926,732.1820706446711,0.036000000000000004,-0.012499999999999997
3248,2026-02-28 17:14:53.520,31.8284956,-106.5273926,732.1820706446711,0.14400000000000002,-1.1102230246251566e-17
3249,2026-02-28 17:14:53.560,31.8284956,-106.5273926,732.1820706446711,0.14400000000000002,-0.025000000000000012
3250,2026-02-28 17:14:53.600,31.8284956,-106.5273924,732.2009867320529,0.07200000000000001,-0.03750000000000001
3251,2026-02-28 17:14:53.640,31.8284956,-106.5273924,732.2009867320529,0.108,-0.05
3252,2026-02-28 17:14:53.680,31.8284956,-106.5273924,732.2009867320529,0.108,-0.03749999999999999
3253,2026-02-28 17:14:53.720,31.8284957,-106.5273924,732.2121186812624,0.108,-0.012499999999999994
3254,2026-02-28 17:14:53.760,31.8284956,-106.5273924,732.2232506304719,0.108,2.7755575615628915e-18
3255,2026-02-28 17:14:53.800,31.8284957,-106.5273924,732.2343825796813,0.036000000000000004,-2.7755575615628915e-18
3256,2026-02-28 17:14:53.840,31.8284957,-106.5273924,732.2343825796813,0.036000000000000004,0.0
3257,2026-02-28 17:14:53.880,31.8284957,-106.5273924,732.2343825796813,0.07200000000000001,0.0125
3258,2026-02-28 17:14:53.920,31.8284957,-106.5273924,732.2343825796813,0.108,8.326672684688674e-18
3259,2026-02-28 17:14:53.960,31.8284957,-106.5273924,732.2343825796813,0.108,8.326672684688674e-18
3260,2026-02-28 17:14:54.000,31.8284957,-106.5273924,732.2343825796813,0.0,0.03750000000000001
3261,2026-02-28 17:14:54.040,31.8284957,-106.5273924,732.2343825796813,0.036000000000000004,0.0125
3262,2026-02-28 17:14:54.080,31.8284957,-106.5273924,732.2343825796813,0.07200000000000001,-1.3877787807814457e-17
3263,2026-02-28 17:14:54.120,31.8284957,-106.5273924,732.2343825796813,0.108,0.025000000000000012
3264,2026-02-28 17:14:54.160,31.8284957,-106.5273924,732.2343825796813,0.108,-0.012499999999999994
3265,2026-02-28 17:14:54.200,31.8284957,-106.5273924,732.2343825796813,0.036000000000000004,-0.024999999999999994
3266,2026-02-28 17:14:54.240,31.8284957,-106.5273924,732.2343825796813,0.036000000000000004,0.012499999999999997
3267,2026-02-28 17:14:54.280,31.8284957,-106.5273924,732.2343825796813,0.108,-0.012499999999999987
3268,2026-02-28 17:14:54.320,31.8284957,-106.5273924,732.2343825796813,0.07200000000000001,-0.05
3269,2026-02-28 17:14:54.360,31.8284957,-106.5273924,732.2343825796813,0.14400000000000002,-0.05
3270,2026-02-28 17:14:54.400,31.8284957,-106.5273924,732.2343825796813,0.07200000000000001,-0.0375
3271,2026-02-28 17:14:54.440,31.8284957,-106.5273924,732.2343825796813,0.0,0.025000000000000012
3272,2026-02-28 17:14:54.480,31.8284957,-106.5273924,732.2343825796813,0.108,0.05000000000000001
3273,2026-02-28 17:14:54.520,31.8284957,-106.5273924,732.2343825796813,0.14400000000000002,-0.012499999999999992
3274,2026-02-28 17:14:54.560,31.8284957,-106.5273924,732.2343825796813,0.036000000000000004,-0.012500000000000002
3275,2026-02-28 17:14:54.600,31.8284957,-106.5273924,732.2343825796813,0.036000000000000004,0.012500000000000002
3276,2026-02-28 17:14:54.640,31.8284957,-106.5273924,732.2343825796813,0.07200000000000001,0.025
3277,2026-02-28 17:14:54.680,31.8284957,-106.5273924,732.2343825796813,0.036000000000000004,0.0375
3278,2026-02-28 17:14:54.720,31.8284957,-106.5273924,732.2343825796813,0.0,0.024999999999999994
3279,2026-02-28 17:14:54.760,31.8284957,-106.5273924,732.2343825796813,0.07200000000000001,2.7755575615628915e-18
3280,2026-02-28 17:14:54.800,31.8284957,-106.5273924,732.2343825796813,0.036000000000000004,-0.025
3281,2026-02-28 17:14:54.840,31.8284957,-106.5273924,732.2343825796813,0.108,-0.0125
3282,2026-02-28 17:14:54.880,31.8284957,-106.5273924,732.2343825796813,0.14400000000000002,1.1102230246251566e-17
3283,2026-02-28 17:14:54.920,31.8284957,-106.5273924,732.2343825796813,0.07200000000000001,2.7755575615628915e-18
3284,2026-02-28 17:14:54.960,31.8284957,-106.5273924,732.2343825796813,0.07200000000000001,0.025
3285,2026-02-28 17:14:55.000,31.8284957,-106.5273924,732.2343825796813,0.036000000000000004,0.03750000000000001
3286,2026-02-28 17:14:55.040,31.8284957,-106.5273924,732.2343825796813,0.14400000000000002,-0.024999999999999994
3287,2026-02-28 17:14:55.080,31.8284957,-106.5273924,732.2343825796813,0.07200000000000001,-0.037500000000000006
3288,2026-02-28 17:14:55.120,31.8284957,-106.5273924,732.2343825796813,0.036000000000000004,0.012500000000000002
3289,2026-02-28 17:14:55.160,31.8284957,-106.5273924,732.2343825796813,0.036000000000000004,0.03750000000000001
3290,2026-02-28 17:14:55.200,31.8284957,-106.5273924,732.2343825796813,0.0,0.06250000000000001
3291,2026-02-28 17:14:55.240,31.8284957,-106.5273924,732.2343825796813,0.108,0.0375
3292,2026-02-28 17:14:55.280,31.8284957,-106.5273924,732.2343825796813,0.14400000000000002,-0.024999999999999998
3293,2026-02-28 17:14:55.320,31.8284957,-106.5273925,732.2438406240341,0.07200000000000001,-0.025
3294,2026-02-28 17:14:55.360,31.8284957,-106.5273925,732.2438406240341,0.14400000000000002,-0.025
3295,2026-02-28 17:14:55.400,31.8284957,-106.5273925,732.2438406240341,0.07200000000000001,-0.025
3296,2026-02-28 17:14:55.440,31.8284957,-106.5273925,732.2438406240341,0.036000000000000004,2.7755575615628915e-18
3297,2026-02-28 17:14:55.480,31.8284957,-106.5273926,732.2532986670427,0.07200000000000001,-0.0125
3298,2026-02-28 17:14:55.520,31.8284957,-106.5273926,732.2532986670427,0.07200000000000001,0.0125
3299,2026-02-28 17:14:55.560,31.8284957,-106.5273926,732.2532986670427,0.108,0.012500000000000008
3300,2026-02-28 17:14:55.600,31.8284957,-106.5273926,732.2532986670427,0.108,-0.0125
3301,2026-02-28 17:14:55.640,31.8284957,-106.5273926,732.2532986670427,0.108,-0.012499999999999994
3302,2026-02-28 17:14:55.680,31.8284957,-106.5273926,732.2532986670427,0.07200000000000001,-2.7755575615628915e-18
3303,2026-02-28 17:14:55.720,31.8284957,-106.5273926,732.2532986670427,0.07200000000000001,0.024999999999999998
3304,2026-02-28 17:14:55.760,31.8284957,-106.5273926,732.2532986670427,0.07200000000000001,0.012499999999999994
3305,2026-02-28 17:14:55.800,31.8284957,-106.5273926,732.2532986670427,0.07200000000000001,-0.0125
3306,2026-02-28 17:14:55.840,31.8284957,-106.5273926,732.2532986670427,0.036000000000000004,-2.7755575615628915e-18
3307,2026-02-28 17:14:55.880,31.8284957,-106.5273926,732.2532986670427,0.036000000000000004,0.012500000000000006
3308,2026-02-28 17:14:55.920,31.8284957,-106.5273926,732.2532986670427,0.14400000000000002,-0.012500000000000002
3309,2026-02-28 17:14:55.960,31.8284957,-106.5273928,732.2722147544041,0.07200000000000001,-0.012500000000000008
3310,2026-02-28 17:14:56.000,31.8284957,-106.5273928,732.2722147544041,0.108,-0.012499999999999997
3311,2026-02-28 17:14:56.040,31.8284957,-106.5273928,732.2722147544041,0.07200000000000001,-0.0375
3312,2026-02-28 17:14:56.080,31.8284957,-106.5273928,732.2722147544041,0.108,-0.012499999999999994
3313,2026-02-28 17:14:56.120,31.8284957,-106.5273928,732.2722147544041,0.108,0.025000000000000015
3314,2026-02-28 17:14:56.160,31.8284957,-106.5273928,732.2722147544041,0.07200000000000001,0.0625
3315,2026-02-28 17:14:56.200,31.8284957,-106.5273928,732.2722147544041,0.036000000000000004,0.06250000000000003
3316,2026-02-28 17:14:56.240,31.8284957,-106.5273928,732.2722147544041,0.07200000000000001,-0.0125
3317,2026-02-28 17:14:56.280,31.8284957,-106.5273928,732.2722147544041,0.036000000000000004,0.012500000000000016
3318,2026-02-28 17:14:56.320,31.8284957,-106.527393,732.2911308417655,0.108,0.025000000000000015
3319,2026-02-28 17:14:56.360,31.8284957,-106.527393,732.2911308417655,0.07200000000000001,-0.012499999999999978
3320,2026-02-28 17:14:56.400,31.8284957,-106.527393,732.2911308417655,0.07200000000000001,5.551115123125783e-18
3321,2026-02-28 17:14:56.440,31.8284958,-106.527393,732.3022627905794,0.0,0.03750000000000001
3322,2026-02-28 17:14:56.480,31.8284958,-106.527393,732.3022627905794,0.14400000000000002,0.05000000000000001
3323,2026-02-28 17:14:56.520,31.8284958,-106.527393,732.3022627905794,0.14400000000000002,5.551115123125783e-18
3324,2026-02-28 17:14:56.560,31.8284958,-106.527393,732.3022627905794,0.216,-0.0625
3325,2026-02-28 17:14:56.600,31.8284959,-106.527393,732.3133947397889,0.07200000000000001,-0.05
3326,2026-02-28 17:14:56.640,31.8284959,-106.527393,732.3133947397889,0.0,0.025
3327,2026-02-28 17:14:56.680,31.8284959,-106.527393,732.3133947397889,0.14400000000000002,0.025000000000000012
3328,2026-02-28 17:14:56.720,31.8284959,-106.527393,732.3133947397889,0.07200000000000001,0.012499999999999997
3329,2026-02-28 17:14:56.760,31.8284959,-106.5273932,732.3323108271094,0.07200000000000001,0.012499999999999994
3330,2026-02-28 17:14:56.800,31.8284959,-106.5273932,732.3323108271094,0.07200000000000001,-0.012500000000000011
3331,2026-02-28 17:14:56.840,31.8284959,-106.5273932,732.3323108271094,0.108,-0.0375
3332,2026-02-28 17:14:56.880,31.8284959,-106.5273932,732.3323108271094,0.18000000000000002,-0.0625
3333,2026-02-28 17:14:56.920,31.828496,-106.5273932,732.3434427763189,0.108,-0.0625
3334,2026-02-28 17:14:56.960,31.828496,-106.5273932,732.3434427763189,0.07200000000000001,5.551115123125783e-18
3335,2026-02-28 17:14:57.000,31.828496,-106.5273932,732.3434427763189,0.07200000000000001,0.025000000000000012
3336,2026-02-28 17:14:57.040,31.828496,-106.5273932,732.3434427763189,0.07200000000000001,-0.012499999999999994
3337,2026-02-28 17:14:57.080,31.828496,-106.5273932,732.3434427763189,0.14400000000000002,-0.025000000000000012
3338,2026-02-28 17:14:57.120,31.828496,-106.5273933,732.3529008192968,0.108,-0.0125
3339,2026-02-28 17:14:57.160,31.828496,-106.5273933,732.3529008192968,0.07200000000000001,0.012500000000000002
3340,2026-02-28 17:14:57.200,31.828496,-106.5273933,732.3529008192968,0.036000000000000004,0.025000000000000012
3341,2026-02-28 17:14:57.240,31.828496,-106.5273934,732.3623588622747,0.036000000000000004,0.0125
3342,2026-02-28 17:14:57.280,31.828496,-106.5273934,732.3623588622747,0.07200000000000001,-0.012499999999999997
3343,2026-02-28 17:14:57.320,31.828496,-106.5273934,732.3623588622747,0.036000000000000004,0.0
3344,2026-02-28 17:14:57.360,31.828496,-106.5273935,732.3718169065967,0.14400000000000002,0.012500000000000008
3345,2026-02-28 17:14:57.400,31.8284962,-106.5273935,732.39408080462,0.07200000000000001,0.012499999999999992
3346,2026-02-28 17:14:57.440,31.8284962,-106.5273935,732.39408080462,0.036000000000000004,0.05000000000000001
3347,2026-02-28 17:14:57.480,31.8284962,-106.5273935,732.39408080462,0.108,0.0125
3348,2026-02-28 17:14:57.520,31.8284962,-106.5273937,732.412996891879,0.108,-0.012499999999999989
3349,2026-02-28 17:14:57.560,31.8284962,-106.5273937,732.412996891879,0.108,0.03750000000000001
3350,2026-02-28 17:14:57.600,31.8284962,-106.5273937,732.412996891879,0.07200000000000001,0.025000000000000015
3351,2026-02-28 17:14:57.640,31.8284963,-106.5273937,732.4241288410884,0.036000000000000004,0.024999999999999988
3352,2026-02-28 17:14:57.680,31.8284963,-106.5273937,732.4241288410884,0.036000000000000004,0.03750000000000001
3353,2026-02-28 17:14:57.720,31.8284963,-106.5273937,732.4241288410884,0.07200000000000001,0.024999999999999988
3354,2026-02-28 17:14:57.760,31.8284963,-106.5273937,732.4241288410884,0.14400000000000002,-1.1102230246251566e-17
3355,2026-02-28 17:14:57.800,31.8284963,-106.5273937,732.4241288410884,0.108,-0.025000000000000012
3356,2026-02-28 17:14:57.840,31.8284963,-106.5273937,732.4241288410884,0.14400000000000002,-0.05
3357,2026-02-28 17:14:57.880,31.8284963,-106.5273939,732.4430449283269,0.036000000000000004,-0.025000000000000012
3358,2026-02-28 17:14:57.920,31.8284963,-106.5273939,732.4430449283269,0.14400000000000002,-0.012500000000000002
3359,2026-02-28 17:14:57.960,31.8284963,-106.5273939,732.4430449283269,0.18000000000000002,-0.03750000000000002
3360,2026-02-28 17:14:58.000,31.8284963,-106.5273939,732.4430449283269,0.07200000000000001,-8.326672684688674e-18
3361,2026-02-28 17:14:58.040,31.8284963,-106.5273939,732.4430449283269,0.108,0.025000000000000012
3362,2026-02-28 17:14:58.080,31.8284963,-106.5273939,732.4430449283269,0.07200000000000001,0.0
3363,2026-02-28 17:14:58.120,31.8284963,-106.527394,732.4525029712742,0.108,0.012500000000000015
3364,2026-02-28 17:14:58.160,31.8284963,-106.527394,732.4525029712742,0.108,0.025000000000000005
3365,2026-02-28 17:14:58.200,31.8284963,-106.527394,732.4525029712742,0.07200000000000001,5.551115123125783e-18
3366,2026-02-28 17:14:58.240,31.8284963,-106.527394,732.4525029712742,0.036000000000000004,0.012499999999999997
3367,2026-02-28 17:14:58.280,31.8284963,-106.5273941,732.4619610142214,0.07200000000000001,0.03750000000000002
3368,2026-02-28 17:14:58.320,31.8284963,-106.5273941,732.4619610142214,0.07200000000000001,0.025000000000000005
3369,2026-02-28 17:14:58.360,31.8284963,-106.5273941,732.4619610142214,0.14400000000000002,-0.025
3370,2026-02-28 17:14:58.400,31.8284965,-106.5273941,732.4842249122447,0.108,-0.0375
3371,2026-02-28 17:14:58.440,31.8284965,-106.5273941,732.4842249122447,0.14400000000000002,-0.025
3372,2026-02-28 17:14:58.480,31.8284965,-106.5273942,732.4936829565155,0.036000000000000004,-0.012500000000000006
3373,2026-02-28 17:14:58.520,31.8284965,-106.5273942,732.4936829565155,0.18000000000000002,-0.03750000000000001
3374,2026-02-28 17:14:58.560,31.8284965,-106.5273942,732.4936829565155,0.108,-0.0625
3375,2026-02-28 17:14:58.600,31.8284965,-106.5273942,732.4936829565155,0.07200000000000001,-0.025
3376,2026-02-28 17:14:58.640,31.8284965,-106.5273942,732.4936829565155,0.07200000000000001,0.0
3377,2026-02-28 17:14:58.680,31.8284965,-106.5273942,732.4936829565155,0.14400000000000002,-0.025000000000000012
3378,2026-02-28 17:14:58.720,31.8284966,-106.5273942,732.504814905725,0.07200000000000001,-0.012500000000000008
3379,2026-02-28 17:14:58.760,31.8284966,-106.5273944,732.523730992902,0.07200000000000001,0.012499999999999997
3380,2026-02-28 17:14:58.800,31.8284966,-106.5273944,732.523730992902,0.07200000000000001,0.0
3381,2026-02-28 17:14:58.840,31.8284966,-106.5273944,732.523730992902,0.108,-0.012499999999999997
3382,2026-02-28 17:14:58.880,31.8284966,-106.5273945,732.5331890358184,0.036000000000000004,5.551115123125783e-18
3383,2026-02-28 17:14:58.920,31.8284966,-106.5273945,732.5331890358184,0.07200000000000001,0.0
3384,2026-02-28 17:14:58.960,31.8284966,-106.5273945,732.5331890358184,0.036000000000000004,0.012499999999999997
3385,2026-02-28 17:14:59.000,31.8284966,-106.5273945,732.5331890358184,0.07200000000000001,0.025
3386,2026-02-28 17:14:59.040,31.8284966,-106.5273945,732.5331890358184,0.07200000000000001,-0.012500000000000002
3387,2026-02-28 17:14:59.080,31.8284966,-106.5273945,732.5331890358184,0.07200000000000001,-0.012500000000000002
3388,2026-02-28 17:14:59.120,31.8284966,-106.5273945,732.5331890358184,0.108,0.012500000000000006
3389,2026-02-28 17:14:59.160,31.8284966,-106.5273945,732.5331890358184,0.07200000000000001,0.012500000000000006
3390,2026-02-28 17:14:59.200,31.8284966,-106.5273945,732.5331890358184,0.07200000000000001,-0.0125
3391,2026-02-28 17:14:59.240,31.8284967,-106.5273945,732.5443209846323,0.07200000000000001,-0.012500000000000006
3392,2026-02-28 17:14:59.280,31.8284967,-106.5273945,732.5443209846323,0.07200000000000001,-0.025000000000000005
3393,2026-02-28 17:14:59.320,31.8284968,-106.5273945,732.5554529338418,0.036000000000000004,-5.551115123125783e-18
3394,2026-02-28 17:14:59.360,31.8284968,-106.5273945,732.5554529338418,0.108,0.0
3395,2026-02-28 17:14:59.400,31.8284968,-106.5273945,732.5554529338418,0.07200000000000001,-0.025
3396,2026-02-28 17:14:59.440,31.8284969,-106.5273945,732.5665848830513,0.036000000000000004,0.012500000000000002
3397,2026-02-28 17:14:59.480,31.8284969,-106.5273945,732.5665848830513,0.07200000000000001,0.025
3398,2026-02-28 17:14:59.520,31.8284969,-106.5273945,732.5665848830513,0.14400000000000002,-0.012500000000000008
3399,2026-02-28 17:14:59.560,31.8284969,-106.5273945,732.5665848830513,0.07200000000000001,-0.025
3400,2026-02-28 17:14:59.600,31.8284969,-106.5273945,732.5665848830513,0.036000000000000004,0.03750000000000001
3401,2026-02-28 17:14:59.640,31.8284969,-106.5273945,732.5665848830513,0.07200000000000001,0.03750000000000001
3402,2026-02-28 17:14:59.680,31.828497,-106.5273945,732.5777168318652,0.0,0.06250000000000001
3403,2026-02-28 17:14:59.720,31.828497,-106.5273946,732.5871748747408,0.108,0.05000000000000001
3404,2026-02-28 17:14:59.760,31.8284971,-106.5273946,732.5983068239502,0.036000000000000004,5.551115123125783e-18
3405,2026-02-28 17:14:59.800,31.8284971,-106.5273946,732.5983068239502,0.07200000000000001,0.025
3406,2026-02-28 17:14:59.840,31.8284971,-106.5273946,732.5983068239502,0.07200000000000001,0.0
3407,2026-02-28 17:14:59.880,31.8284971,-106.5273947,732.6077648681595,0.108,-0.012500000000000002
3408,2026-02-28 17:14:59.920,31.8284971,-106.5273947,732.6077648681595,0.07200000000000001,2.7755575615628915e-18
3409,2026-02-28 17:14:59.960,31.8284972,-106.5273947,732.618896817369,0.07200000000000001,5.551115123125783e-18
3410,2026-02-28 17:15:00.000,31.8284972,-106.5273948,732.6283548602239,0.14400000000000002,5.551115123125783e-18
3411,2026-02-28 17:15:00.040,31.8284972,-106.5273948,732.6283548602239,0.07200000000000001,-0.012500000000000002
3412,2026-02-28 17:15:00.080,31.8284972,-106.5273948,732.6283548602239,0.18000000000000002,-0.05
3413,2026-02-28 17:15:00.120,31.8284972,-106.5273948,732.6283548602239,0.07200000000000001,-0.0375
3414,2026-02-28 17:15:00.160,31.8284972,-106.5273948,732.6283548602239,0.07200000000000001,0.012499999999999997
3415,2026-02-28 17:15:00.200,31.8284972,-106.5273948,732.6283548602239,0.108,0.0
3416,2026-02-28 17:15:00.240,31.8284972,-106.5273948,732.6283548602239,0.036000000000000004,-0.0125
3417,2026-02-28 17:15:00.280,31.8284972,-106.5273948,732.6283548602239,0.108,-0.025
3418,2026-02-28 17:15:00.320,31.8284972,-106.5273949,732.637812904423,0.07200000000000001,-0.0375
3419,2026-02-28 17:15:00.360,31.8284972,-106.5273949,732.637812904423,0.07200000000000001,0.012500000000000006
3420,2026-02-28 17:15:00.400,31.8284974,-106.5273949,732.6600768024463,0.14400000000000002,-0.025000000000000012
3421,2026-02-28 17:15:00.440,31.8284974,-106.5273949,732.6600768024463,0.036000000000000004,-0.03750000000000001
3422,2026-02-28 17:15:00.480,31.8284974,-106.5273949,732.6600768024463,0.07200000000000001,0.012499999999999997
3423,2026-02-28 17:15:00.520,31.8284974,-106.527395,732.6695348452807,0.07200000000000001,-0.012500000000000002
3424,2026-02-28 17:15:00.560,31.8284974,-106.527395,732.6695348452807,0.108,-0.012500000000000002
3425,2026-02-28 17:15:00.600,31.8284975,-106.527395,732.6806667944902,0.07200000000000001,0.012499999999999992
3426,2026-02-28 17:15:00.640,31.8284975,-106.527395,732.6806667944902,0.036000000000000004,0.03749999999999999
3427,2026-02-28 17:15:00.680,31.8284975,-106.527395,732.6806667944902,0.036000000000000004,0.0375
3428,2026-02-28 17:15:00.720,31.8284975,-106.527395,732.6806667944902,0.036000000000000004,0.0125
3429,2026-02-28 17:15:00.760,31.8284975,-106.527395,732.6806667944902,0.14400000000000002,-0.025000000000000012
3430,2026-02-28 17:15:00.800,31.8284975,-106.527395,732.6806667944902,0.0,0.012499999999999994
3431,2026-02-28 17:15:00.840,31.8284975,-106.527395,732.6806667944902,0.07200000000000001,0.0375
3432,2026-02-28 17:15:00.880,31.8284975,-106.527395,732.6806667944902,0.07200000000000001,0.025
3433,2026-02-28 17:15:00.920,31.8284977,-106.5273951,732.704856373951,0.036000000000000004,0.037500000000000006
3434,2026-02-28 17:15:00.960,31.8284977,-106.5273951,732.704856373951,0.108,0.025000000000000005
3435,2026-02-28 17:15:01.000,31.8284977,-106.5273951,732.704856373951,0.108,0.025000000000000012
3436,2026-02-28 17:15:01.040,31.8284977,-106.5273951,732.704856373951,0.108,-0.012499999999999994
3437,2026-02-28 17:15:01.080,31.8284978,-106.5273951,732.7159883231604,0.07200000000000001,0.012500000000000008
3438,2026-02-28 17:15:01.120,31.8284978,-106.5273951,732.7159883231604,0.036000000000000004,0.05000000000000001
3439,2026-02-28 17:15:01.160,31.8284978,-106.5273951,732.7159883231604,0.07200000000000001,0.025
3440,2026-02-28 17:15:01.200,31.8284978,-106.5273951,732.7159883231604,0.108,-0.012500000000000002
3441,2026-02-28 17:15:01.240,31.8284978,-106.5273951,732.7159883231604,0.07200000000000001,-0.012500000000000002
3442,2026-02-28 17:15:01.280,31.8284978,-106.5273952,732.725446365954,0.14400000000000002,-0.012500000000000002
3443,2026-02-28 17:15:01.320,31.8284978,-106.5273952,732.725446365954,0.07200000000000001,-0.012500000000000002
3444,2026-02-28 17:15:01.360,31.8284978,-106.5273952,732.725446365954,0.14400000000000002,-8.326672684688674e-18
3445,2026-02-28 17:15:01.400,31.8284978,-106.5273952,732.725446365954,0.14400000000000002,-0.012500000000000006
3446,2026-02-28 17:15:01.440,31.828498,-106.5273952,732.7477102639773,0.036000000000000004,0.012500000000000002
3447,2026-02-28 17:15:01.480,31.828498,-106.5273952,732.7477102639773,0.18000000000000002,-0.025000000000000012
3448,2026-02-28 17:15:01.520,31.828498,-106.5273952,732.7477102639773,0.07200000000000001,-0.03750000000000001
3449,2026-02-28 17:15:01.560,31.828498,-106.5273952,732.7477102639773,0.108,-0.025
3450,2026-02-28 17:15:01.600,31.8284981,-106.5273953,732.7623176205555,0.036000000000000004,0.050000000000000024
3451,2026-02-28 17:15:01.640,31.8284981,-106.5273953,732.7623176205555,0.108,0.06250000000000003
3452,2026-02-28 17:15:01.680,31.8284981,-106.5273953,732.7623176205555,0.07200000000000001,0.0
3453,2026-02-28 17:15:01.720,31.8284981,-106.5273954,732.7717756646623,0.108,0.012499999999999997
3454,2026-02-28 17:15:01.760,31.8284981,-106.5273954,732.7717756646623,0.108,-0.012499999999999997
3455,2026-02-28 17:15:01.800,31.8284981,-106.5273954,732.7717756646623,0.14400000000000002,-0.05
3456,2026-02-28 17:15:01.840,31.8284982,-106.5273955,732.7863830209324,0.07200000000000001,-0.025000000000000012
3457,2026-02-28 17:15:01.880,31.8284982,-106.5273955,732.7863830209324,0.07200000000000001,0.0375
3458,2026-02-28 17:15:01.920,31.8284983,-106.5273955,732.7975149701418,0.07200000000000001,0.025
3459,2026-02-28 17:15:01.960,31.8284983,-106.5273955,732.7975149701418,0.036000000000000004,0.0375
3460,2026-02-28 17:15:02.000,31.8284983,-106.5273955,732.7975149701418,0.25200000000000006,-0.025000000000000012
3461,2026-02-28 17:15:02.040,31.8284984,-106.5273955,732.8086469193513,0.07200000000000001,-0.025000000000000022
3462,2026-02-28 17:15:02.080,31.8284984,-106.5273956,732.8181049634273,0.108,0.03750000000000001
3463,2026-02-28 17:15:02.120,31.8284984,-106.5273956,732.8181049634273,0.108,-0.012500000000000006
3464,2026-02-28 17:15:02.160,31.8284984,-106.5273956,732.8181049634273,0.07200000000000001,-0.012499999999999992
3465,2026-02-28 17:15:02.200,31.8284984,-106.5273956,732.8181049634273,0.036000000000000004,0.02499999999999999
3466,2026-02-28 17:15:02.240,31.8284984,-106.5273956,732.8181049634273,0.108,0.05000000000000001
3467,2026-02-28 17:15:02.280,31.8284985,-106.5273956,732.8292369122413,0.14400000000000002,0.0125
3468,2026-02-28 17:15:02.320,31.8284985,-106.5273956,732.8292369122413,0.07200000000000001,-0.025000000000000012
3469,2026-02-28 17:15:02.360,31.8284985,-106.5273956,732.8292369122413,0.14400000000000002,-0.03750000000000001
3470,2026-02-28 17:15:02.400,31.8284985,-106.5273956,732.8292369122413,0.07200000000000001,-0.03750000000000001
3471,2026-02-28 17:15:02.440,31.8284987,-106.5273957,732.8534264915005,0.18000000000000002,-0.025000000000000015
3472,2026-02-28 17:15:02.480,31.8284987,-106.5273957,732.8534264915005,0.108,0.03750000000000002
3473,2026-02-28 17:15:02.520,31.8284987,-106.5273957,732.8534264915005,0.07200000000000001,0.050000000000000024
3474,2026-02-28 17:15:02.560,31.8284987,-106.5273957,732.8534264915005,0.07200000000000001,0.024999999999999984
3475,2026-02-28 17:15:02.600,31.8284987,-106.5273957,732.8534264915005,0.108,0.03750000000000001
3476,2026-02-28 17:15:02.640,31.8284987,-106.5273957,732.8534264915005,0.18000000000000002,-0.025000000000000012
3477,2026-02-28 17:15:02.680,31.8284987,-106.5273959,732.8723425782471,0.108,-0.05
3478,2026-02-28 17:15:02.720,31.8284987,-106.5273959,732.8723425782471,0.036000000000000004,-5.551115123125783e-18
3479,2026-02-28 17:15:02.760,31.8284987,-106.5273959,732.8723425782471,0.07200000000000001,0.024999999999999998
3480,2026-02-28 17:15:02.800,31.8284987,-106.5273959,732.8723425782471,0.036000000000000004,0.05
3481,2026-02-28 17:15:02.840,31.8284987,-106.5273959,732.8723425782471,0.14400000000000002,0.025000000000000005
3482,2026-02-28 17:15:02.880,31.8284988,-106.5273959,732.883474527061,0.25200000000000006,-0.06250000000000003
3483,2026-02-28 17:15:02.920,31.8284988,-106.5273959,732.883474527061,0.07200000000000001,-0.050000000000000024
3484,2026-02-28 17:15:02.960,31.8284988,-106.5273959,732.883474527061,0.14400000000000002,-2.7755575615628915e-18
3485,2026-02-28 17:15:03.000,31.8284988,-106.5273961,732.9023906137871,0.14400000000000002,5.551115123125783e-18
3486,2026-02-28 17:15:03.040,31.8284988,-106.5273961,732.9023906137871,0.07200000000000001,-0.012500000000000006
3487,2026-02-28 17:15:03.080,31.8284988,-106.5273961,732.9023906137871,0.07200000000000001,0.0
3488,2026-02-28 17:15:03.120,31.8284988,-106.5273961,732.9023906137871,0.07200000000000001,0.024999999999999998
3489,2026-02-28 17:15:03.160,31.828499,-106.5273962,732.9265801930343,0.108,0.012500000000000006
3490,2026-02-28 17:15:03.200,31.828499,-106.5273962,732.9265801930343,0.14400000000000002,-0.025
3491,2026-02-28 17:15:03.240,31.828499,-106.5273962,732.9265801930343,0.108,-0.024999999999999998
3492,2026-02-28 17:15:03.280,31.828499,-106.5273962,732.9265801930343,0.108,0.025000000000000012
3493,2026-02-28 17:15:03.320,31.828499,-106.5273963,732.9360382370489,0.07200000000000001,0.050000000000000024
3494,2026-02-28 17:15:03.360,31.828499,-106.5273963,732.9360382370489,0.14400000000000002,5.551115123125783e-18
3495,2026-02-28 17:15:03.400,31.828499,-106.5273963,732.9360382370489,0.14400000000000002,-0.05000000000000001
3496,2026-02-28 17:15:03.440,31.828499,-106.5273963,732.9360382370489,0.036000000000000004,-0.012500000000000002
3497,2026-02-28 17:15:03.480,31.828499,-106.5273964,732.9454962797195,0.108,0.0125
3498,2026-02-28 17:15:03.520,31.828499,-106.5273964,732.9454962797195,0.108,5.551115123125783e-18
3499,2026-02-28 17:15:03.560,31.828499,-106.5273964,732.9454962797195,0.108,-2.7755575615628915e-18
3500,2026-02-28 17:15:03.600,31.828499,-106.5273964,732.9454962797195,0.07200000000000001,0.012499999999999994
3501,2026-02-28 17:15:03.640,31.8284991,-106.5273964,732.9566282285334,0.108,-0.012500000000000006
3502,2026-02-28 17:15:03.680,31.8284991,-106.5273964,732.9566282285334,0.18000000000000002,-0.0625
3503,2026-02-28 17:15:03.720,31.8284991,-106.5273964,732.9566282285334,0.14400000000000002,-0.07500000000000001
3504,2026-02-28 17:15:03.760,31.8284991,-106.5273964,732.9566282285334,0.07200000000000001,-0.025000000000000012
3505,2026-02-28 17:15:03.800,31.8284991,-106.5273964,732.9566282285334,0.07200000000000001,-8.326672684688674e-18
3506,2026-02-28 17:15:03.840,31.8284991,-106.5273966,732.975544315198,0.07200000000000001,-0.025000000000000005
3507,2026-02-28 17:15:03.880,31.8284993,-106.5273966,732.9978082136168,0.108,-0.0375
3508,2026-02-28 17:15:03.920,31.8284993,-106.5273966,732.9978082136168,0.108,-0.0375
3509,2026-02-28 17:15:03.960,31.8284993,-106.5273966,732.9978082136168,0.108,-0.024999999999999998
3510,2026-02-28 17:15:04.000,31.8284993,-106.5273966,732.9978082136168,0.108,-0.0375
3511,2026-02-28 17:15:04.040,31.8284993,-106.5273967,733.0072662562567,0.036000000000000004,-0.025
3512,2026-02-28 17:15:04.080,31.8284993,-106.5273967,733.0072662562567,0.07200000000000001,0.012499999999999997
3513,2026-02-28 17:15:04.120,31.8284993,-106.5273967,733.0072662562567,0.036000000000000004,0.0375
3514,2026-02-28 17:15:04.160,31.8284993,-106.5273967,733.0072662562567,0.108,0.0
3515,2026-02-28 17:15:04.200,31.8284993,-106.5273968,733.0167243002405,0.036000000000000004,-0.012499999999999997
3516,2026-02-28 17:15:04.240,31.8284993,-106.5273968,733.0167243002405,0.036000000000000004,0.0
3517,2026-02-28 17:15:04.280,31.8284993,-106.5273968,733.0167243002405,0.036000000000000004,-0.012500000000000006
3518,2026-02-28 17:15:04.320,31.8284993,-106.5273968,733.0167243002405,0.07200000000000001,-0.025000000000000005
3519,2026-02-28 17:15:04.360,31.8284993,-106.5273968,733.0167243002405,0.07200000000000001,-0.037500000000000006
3520,2026-02-28 17:15:04.400,31.8284993,-106.5273969,733.0261823428804,0.036000000000000004,0.0125
3521,2026-02-28 17:15:04.440,31.8284993,-106.5273969,733.0261823428804,0.036000000000000004,0.024999999999999994
3522,2026-02-28 17:15:04.480,31.8284993,-106.5273969,733.0261823428804,0.108,0.025000000000000012
3523,2026-02-28 17:15:04.520,31.8284993,-106.5273969,733.0261823428804,0.108,0.025000000000000012
3524,2026-02-28 17:15:04.560,31.8284993,-106.5273969,733.0261823428804,0.036000000000000004,0.025
3525,2026-02-28 17:15:04.600,31.8284993,-106.5273969,733.0261823428804,0.07200000000000001,0.0625
3526,2026-02-28 17:15:04.640,31.8284994,-106.5273969,733.0373142916943,0.0,0.06250000000000001
3527,2026-02-28 17:15:04.680,31.8284994,-106.5273969,733.0373142916943,0.036000000000000004,0.05
3528,2026-02-28 17:15:04.720,31.8284994,-106.5273969,733.0373142916943,0.0,0.0375
3529,2026-02-28 17:15:04.760,31.8284994,-106.527397,733.0467723343239,0.036000000000000004,0.025
3530,2026-02-28 17:15:04.800,31.8284994,-106.527397,733.0467723343239,0.108,8.326672684688674e-18
3531,2026-02-28 17:15:04.840,31.8284995,-106.527397,733.0579042835334,0.036000000000000004,0.025000000000000012
3532,2026-02-28 17:15:04.880,31.8284995,-106.527397,733.0579042835334,0.18000000000000002,5.551115123125783e-18
3533,2026-02-28 17:15:04.920,31.8284995,-106.527397,733.0579042835334,0.108,-0.05
3534,2026-02-28 17:15:04.960,31.8284995,-106.527397,733.0579042835334,0.108,-0.012499999999999994
3535,2026-02-28 17:15:05.000,31.8284995,-106.527397,733.0579042835334,0.18000000000000002,-0.05
3536,2026-02-28 17:15:05.040,31.8284996,-106.527397,733.0690362327429,0.07200000000000001,-0.06250000000000001
3537,2026-02-28 17:15:05.080,31.8284996,-106.527397,733.0690362327429,0.108,-0.0125
3538,2026-02-28 17:15:05.120,31.8284996,-106.527397,733.0690362327429,0.036000000000000004,0.037500000000000006
3539,2026-02-28 17:15:05.160,31.8284996,-106.527397,733.0690362327429,0.07200000000000001,0.07500000000000001
3540,2026-02-28 17:15:05.200,31.8284996,-106.527397,733.0690362327429,0.07200000000000001,0.05
3541,2026-02-28 17:15:05.240,31.8284996,-106.527397,733.0690362327429,0.14400000000000002,-0.0125
3542,2026-02-28 17:15:05.280,31.8284996,-106.527397,733.0690362327429,0.07200000000000001,-0.03750000000000002
3543,2026-02-28 17:15:05.320,31.8284996,-106.527397,733.0690362327429,0.07200000000000001,2.7755575615628915e-18
3544,2026-02-28 17:15:05.360,31.8284996,-106.527397,733.0690362327429,0.108,0.012500000000000002
3545,2026-02-28 17:15:05.400,31.8284996,-106.527397,733.0690362327429,0.036000000000000004,0.012500000000000015
3546,2026-02-28 17:15:05.440,31.8284996,-106.527397,733.0690362327429,0.036000000000000004,0.0125
3547,2026-02-28 17:15:05.480,31.8284998,-106.527397,733.0913001307662,0.108,-0.012499999999999989
3548,2026-02-28 17:15:05.520,31.8284998,-106.527397,733.0913001307662,0.14400000000000002,-0.049999999999999996
3549,2026-02-28 17:15:05.560,31.8284998,-106.527397,733.0913001307662,0.18000000000000002,-0.05
3550,2026-02-28 17:15:05.600,31.8284998,-106.527397,733.0913001307662,0.108,-0.02499999999999999
3551,2026-02-28 17:15:05.640,31.8284998,-106.527397,733.0913001307662,0.07200000000000001,2.7755575615628915e-18
3552,2026-02-28 17:15:05.680,31.8284998,-106.527397,733.0913001307662,0.036000000000000004,0.05000000000000001
3553,2026-02-28 17:15:05.720,31.8284999,-106.5273971,733.1059074880951,0.108,0.06250000000000003
3554,2026-02-28 17:15:05.760,31.8284999,-106.527397,733.1153655320174,0.108,-0.012499999999999989
3555,2026-02-28 17:15:05.800,31.8284999,-106.527397,733.1153655320174,0.07200000000000001,-0.0625
3556,2026-02-28 17:15:05.840,31.8284999,-106.527397,733.1153655320174,0.036000000000000004,0.0
3557,2026-02-28 17:15:05.880,31.8284999,-106.527397,733.1153655320174,0.07200000000000001,0.025000000000000005
3558,2026-02-28 17:15:05.920,31.8284999,-106.527397,733.1153655320174,0.036000000000000004,5.551115123125783e-18
3559,2026-02-28 17:15:05.960,31.8284999,-106.5273971,733.1248235759398,0.14400000000000002,5.551115123125783e-18
3560,2026-02-28 17:15:06.000,31.8284999,-106.5273971,733.1248235759398,0.07200000000000001,0.025000000000000005
3561,2026-02-28 17:15:06.040,31.8284999,-106.527397,733.1342816198621,0.108,0.0125
3562,2026-02-28 17:15:06.080,31.8284999,-106.5273971,733.1437396637845,0.14400000000000002,-0.025
3563,2026-02-28 17:15:06.120,31.8284999,-106.5273971,733.1437396637845,0.18000000000000002,-0.050000000000000024
3564,2026-02-28 17:15:06.160,31.8284999,-106.5273971,733.1437396637845,0.0,-0.025000000000000005
3565,2026-02-28 17:15:06.200,31.8284999,-106.5273971,733.1437396637845,0.0,0.0375
3566,2026-02-28 17:15:06.240,31.8284999,-106.5273971,733.1437396637845,0.108,0.012500000000000015
3567,2026-02-28 17:15:06.280,31.8284999,-106.5273971,733.1437396637845,0.07200000000000001,0.0
3568,2026-02-28 17:15:06.320,31.8284999,-106.5273971,733.1437396637845,0.036000000000000004,0.05
3569,2026-02-28 17:15:06.360,31.8285001,-106.5273971,733.1660035618078,0.14400000000000002,0.012500000000000002
3570,2026-02-28 17:15:06.400,31.8285001,-106.5273971,733.1660035618078,0.14400000000000002,-0.050000000000000024
3571,2026-02-28 17:15:06.440,31.8285001,-106.5273971,733.1660035618078,0.07200000000000001,-0.025
3572,2026-02-28 17:15:06.480,31.8285001,-106.5273971,733.1660035618078,0.108,-0.012499999999999997
3573,2026-02-28 17:15:06.520,31.8285001,-106.5273971,733.1660035618078,0.07200000000000001,-0.025
3574,2026-02-28 17:15:06.560,31.8285001,-106.5273971,733.1660035618078,0.036000000000000004,-0.012500000000000006
3575,2026-02-28 17:15:06.600,31.8285001,-106.5273971,733.1660035618078,0.07200000000000001,0.012499999999999997
3576,2026-02-28 17:15:06.640,31.8285001,-106.5273971,733.1660035618078,0.07200000000000001,0.0375
3577,2026-02-28 17:15:06.680,31.8285001,-106.5273971,733.1660035618078,0.108,0.037500000000000006
3578,2026-02-28 17:15:06.720,31.8285002,-106.5273971,733.1771355110172,0.14400000000000002,-0.025000000000000005
3579,2026-02-28 17:15:06.760,31.8285002,-106.5273972,733.1865935535649,0.07200000000000001,-0.03750000000000001
3580,2026-02-28 17:15:06.800,31.8285002,-106.5273972,733.1865935535649,0.07200000000000001,0.0375
3581,2026-02-28 17:15:06.840,31.8285002,-106.5273972,733.1865935535649,0.07200000000000001,0.025
3582,2026-02-28 17:15:06.880,31.8285002,-106.5273972,733.1865935535649,0.07200000000000001,-1.3877787807814457e-17
3583,2026-02-28 17:15:06.920,31.8285002,-106.5273972,733.1865935535649,0.036000000000000004,0.06250000000000001
3584,2026-02-28 17:15:06.960,31.8285002,-106.5273972,733.1865935535649,0.036000000000000004,0.075
3585,2026-02-28 17:15:07.000,31.8285002,-106.5273972,733.1865935535649,0.108,0.012500000000000006
3586,2026-02-28 17:15:07.040,31.8285003,-106.5273972,733.1977255027743,0.14400000000000002,-0.0375
3587,2026-02-28 17:15:07.080,31.8285003,-106.5273972,733.1977255027743,0.14400000000000002,-0.0625
3588,2026-02-28 17:15:07.120,31.8285003,-106.5273972,733.1977255027743,0.036000000000000004,-0.0375
3589,2026-02-28 17:15:07.160,31.8285003,-106.5273972,733.1977255027743,0.07200000000000001,1.1102230246251566e-17
3590,2026-02-28 17:15:07.200,31.8285003,-106.5273972,733.1977255027743,0.18000000000000002,-0.05
3591,2026-02-28 17:15:07.240,31.8285003,-106.5273972,733.1977255027743,0.036000000000000004,-0.0125
3592,2026-02-28 17:15:07.280,31.8285003,-106.5273972,733.1977255027743,0.108,0.07500000000000001
3593,2026-02-28 17:15:07.320,31.8285003,-106.5273972,733.1977255027743,0.18000000000000002,0.025000000000000005
3594,2026-02-28 17:15:07.360,31.8285003,-106.5273972,733.1977255027743,0.108,-0.025
3595,2026-02-28 17:15:07.400,31.8285003,-106.5273972,733.1977255027743,0.07200000000000001,0.0125
3596,2026-02-28 17:15:07.440,31.8285003,-106.5273972,733.1977255027743,0.07200000000000001,0.0625
3597,2026-02-28 17:15:07.480,31.8285003,-106.5273972,733.1977255027743,0.036000000000000004,0.08750000000000001
3598,2026-02-28 17:15:07.520,31.8285003,-106.5273972,733.1977255027743,0.036000000000000004,0.0625
3599,2026-02-28 17:15:07.560,31.8285003,-106.5273972,733.1977255027743,0.07200000000000001,0.024999999999999988
3600,2026-02-28 17:15:07.600,31.8285003,-106.5273972,733.1977255027743,0.036000000000000004,0.03749999999999999
3601,2026-02-28 17:15:07.640,31.8285004,-106.5273972,733.2088574515883,0.14400000000000002,-0.012500000000000015
3602,2026-02-28 17:15:07.680,31.8285004,-106.527397,733.2277735379865,0.216,-0.075
3603,2026-02-28 17:15:07.720,31.8285004,-106.527397,733.2277735379865,0.14400000000000002,-0.06250000000000001
3604,2026-02-28 17:15:07.760,31.8285004,-106.527397,733.2277735379865,0.07200000000000001,-0.0375
3605,2026-02-28 17:15:07.800,31.8285004,-106.527397,733.2277735379865,0.14400000000000002,-0.025000000000000012
3606,2026-02-28 17:15:07.840,31.8285006,-106.527397,733.2500374364054,0.18000000000000002,-0.06250000000000001
3607,2026-02-28 17:15:07.880,31.8285006,-106.527397,733.2500374364054,0.18000000000000002,-0.10000000000000002
3608,2026-02-28 17:15:07.920,31.8285006,-106.527397,733.2500374364054,0.07200000000000001,-0.06250000000000001
3609,2026-02-28 17:15:07.960,31.8285006,-106.527397,733.2500374364054,0.108,-0.0125
3610,2026-02-28 17:15:08.000,31.8285006,-106.527397,733.2500374364054,0.108,-0.012499999999999997
3611,2026-02-28 17:15:08.040,31.8285006,-106.527397,733.2500374364054,0.036000000000000004,5.551115123125783e-18
3612,2026-02-28 17:15:08.080,31.8285006,-106.527397,733.2500374364054,0.108,-0.0125
3613,2026-02-28 17:15:08.120,31.8285006,-106.527397,733.2500374364054,0.07200000000000001,-0.0125
3614,2026-02-28 17:15:08.160,31.8285006,-106.527397,733.2500374364054,0.036000000000000004,0.05
3615,2026-02-28 17:15:08.200,31.8285006,-106.5273969,733.259495478912,0.108,0.037500000000000006
3616,2026-02-28 17:15:08.240,31.8285006,-106.5273969,733.259495478912,0.036000000000000004,0.012499999999999994
3617,2026-02-28 17:15:08.280,31.8285006,-106.5273969,733.259495478912,0.036000000000000004,0.024999999999999998
3618,2026-02-28 17:15:08.320,31.8285006,-106.5273969,733.259495478912,0.036000000000000004,0.012499999999999994
3619,2026-02-28 17:15:08.360,31.8285006,-106.5273969,733.259495478912,0.108,-0.012499999999999997
3620,2026-02-28 17:15:08.400,31.8285007,-106.5273969,733.2706274277259,0.07200000000000001,-0.012499999999999997
3621,2026-02-28 17:15:08.440,31.8285007,-106.5273969,733.2706274277259,0.07200000000000001,-0.0125
3622,2026-02-28 17:15:08.480,31.8285007,-106.5273969,733.2706274277259,0.036000000000000004,-0.012500000000000008
3623,2026-02-28 17:15:08.520,31.8285007,-106.5273969,733.2706274277259,0.108,0.012500000000000006
3624,2026-02-28 17:15:08.560,31.8285007,-106.5273968,733.2800854702223,0.14400000000000002,5.551115123125783e-18
3625,2026-02-28 17:15:08.600,31.8285009,-106.5273968,733.3023493686411,0.108,-0.025000000000000005
3626,2026-02-28 17:15:08.640,31.8285009,-106.5273968,733.3023493686411,0.07200000000000001,-8.326672684688674e-18
3627,2026-02-28 17:15:08.680,31.8285009,-106.5273968,733.3023493686411,0.07200000000000001,0.062499999999999986
3628,2026-02-28 17:15:08.720,31.8285009,-106.5273968,733.3023493686411,0.036000000000000004,0.062499999999999986
3629,2026-02-28 17:15:08.760,31.8285009,-106.5273968,733.3023493686411,0.07200000000000001,0.0125
3630,2026-02-28 17:15:08.800,31.8285009,-106.5273968,733.3023493686411,0.07200000000000001,-0.012500000000000015
3631,2026-02-28 17:15:08.840,31.8285009,-106.5273968,733.3023493686411,0.036000000000000004,-8.326672684688674e-18
3632,2026-02-28 17:15:08.880,31.8285009,-106.5273968,733.3023493686411,0.036000000000000004,0.024999999999999998
3633,2026-02-28 17:15:08.920,31.8285009,-106.5273968,733.3023493686411,0.14400000000000002,-0.012500000000000002
3634,2026-02-28 17:15:08.960,31.8285009,-106.5273968,733.3023493686411,0.108,-0.025000000000000012
3635,2026-02-28 17:15:09.000,31.828501,-106.5273967,733.3169567255957,0.07200000000000001,-0.025000000000000012
3636,2026-02-28 17:15:09.040,31.828501,-106.5273967,733.3169567255957,0.108,-0.025000000000000005
3637,2026-02-28 17:15:09.080,31.8285011,-106.5273967,733.3280886748051,0.216,-0.049999999999999996
3638,2026-02-28 17:15:09.120,31.8285011,-106.5273966,733.3375467172605,0.07200000000000001,-0.012499999999999994
3639,2026-02-28 17:15:09.160,31.8285011,-106.5273966,733.3375467172605,0.07200000000000001,0.05000000000000001
3640,2026-02-28 17:15:09.200,31.8285011,-106.5273966,733.3375467172605,0.036000000000000004,0.012500000000000011
3641,2026-02-28 17:15:09.240,31.8285011,-106.5273966,733.3375467172605,0.07200000000000001,0.012500000000000011
3642,2026-02-28 17:15:09.280,31.8285012,-106.5273966,733.3486786664699,0.07200000000000001,0.012500000000000006
3643,2026-02-28 17:15:09.320,31.8285012,-106.5273966,733.3486786664699,0.07200000000000001,2.7755575615628915e-18
3644,2026-02-28 17:15:09.360,31.8285012,-106.5273966,733.3486786664699,0.108,5.551115123125783e-18
3645,2026-02-28 17:15:09.400,31.8285012,-106.5273966,733.3486786664699,0.0,0.01250000000000002
3646,2026-02-28 17:15:09.440,31.8285012,-106.5273966,733.3486786664699,0.108,-0.012499999999999992
3647,2026-02-28 17:15:09.480,31.8285012,-106.5273966,733.3486786664699,0.07200000000000001,-0.0375
3648,2026-02-28 17:15:09.520,31.8285012,-106.5273966,733.3486786664699,0.18000000000000002,-0.06250000000000001
3649,2026-02-28 17:15:09.560,31.8285012,-106.5273966,733.3486786664699,0.108,-0.075
3650,2026-02-28 17:15:09.600,31.8285012,-106.5273966,733.3486786664699,0.036000000000000004,2.7755575615628915e-18
3651,2026-02-28 17:15:09.640,31.8285012,-106.5273966,733.3486786664699,0.108,0.0
3652,2026-02-28 17:15:09.680,31.8285012,-106.5273966,733.3486786664699,0.07200000000000001,-0.024999999999999998
3653,2026-02-28 17:15:09.720,31.8285012,-106.5273966,733.3486786664699,0.07200000000000001,-0.012500000000000002
3654,2026-02-28 17:15:09.760,31.8285013,-106.5273966,733.3598106152839,0.108,-0.0375
3655,2026-02-28 17:15:09.800,31.8285013,-106.5273966,733.3598106152839,0.036000000000000004,-0.012499999999999997
3656,2026-02-28 17:15:09.840,31.8285013,-106.5273966,733.3598106152839,0.036000000000000004,0.025000000000000005
3657,2026-02-28 17:15:09.880,31.8285014,-106.5273966,733.3709425644934,0.036000000000000004,0.05000000000000001
3658,2026-02-28 17:15:09.920,31.8285014,-106.5273966,733.3709425644934,0.036000000000000004,0.05000000000000001
3659,2026-02-28 17:15:09.960,31.8285014,-106.5273966,733.3709425644934,0.036000000000000004,0.037500000000000006
3660,2026-02-28 17:15:10.000,31.8285014,-106.5273966,733.3709425644934,0.108,0.03750000000000001
3661,2026-02-28 17:15:10.040,31.8285015,-106.5273966,733.3820745137028,0.036000000000000004,0.025000000000000012
3662,2026-02-28 17:15:10.080,31.8285015,-106.5273966,733.3820745137028,0.07200000000000001,-0.0125
3663,2026-02-28 17:15:10.120,31.8285015,-106.5273966,733.3820745137028,0.036000000000000004,-0.0125
3664,2026-02-28 17:15:10.160,31.8285016,-106.5273966,733.3932064625168,0.036000000000000004,0.025000000000000005
3665,2026-02-28 17:15:10.200,31.8285016,-106.5273966,733.3932064625168,0.07200000000000001,0.03750000000000002
3666,2026-02-28 17:15:10.240,31.8285016,-106.5273966,733.3932064625168,0.07200000000000001,0.0375
3667,2026-02-28 17:15:10.280,31.8285016,-106.5273966,733.3932064625168,0.14400000000000002,-0.025000000000000005
3668,2026-02-28 17:15:10.320,31.8285016,-106.5273966,733.3932064625168,0.07200000000000001,-0.025000000000000015
3669,2026-02-28 17:15:10.360,31.8285017,-106.5273966,733.4043384117263,0.108,0.0125
3670,2026-02-28 17:15:10.400,31.8285017,-106.5273966,733.4043384117263,0.14400000000000002,-0.03750000000000001
3671,2026-02-28 17:15:10.440,31.8285017,-106.5273965,733.4137964554642,0.07200000000000001,-0.012500000000000006
3672,2026-02-28 17:15:10.480,31.8285017,-106.5273965,733.4137964554642,0.0,0.0625
3673,2026-02-28 17:15:10.520,31.8285017,-106.5273965,733.4137964554642,0.07200000000000001,0.049999999999999996
3674,2026-02-28 17:15:10.560,31.8285018,-106.5273964,733.4284038117968,0.07200000000000001,-5.551115123125783e-18
3675,2026-02-28 17:15:10.600,31.8285018,-106.5273964,733.4284038117968,0.14400000000000002,-0.025000000000000012
3676,2026-02-28 17:15:10.640,31.8285019,-106.5273964,733.4395357606107,0.108,-0.012500000000000006
3677,2026-02-28 17:15:10.680,31.8285019,-106.5273964,733.4395357606107,0.036000000000000004,0.012500000000000002
3678,2026-02-28 17:15:10.720,31.8285019,-106.5273964,733.4395357606107,0.108,0.025000000000000012
3679,2026-02-28 17:15:10.760,31.8285019,-106.5273964,733.4395357606107,0.108,0.03750000000000001
3680,2026-02-28 17:15:10.800,31.8285019,-106.5273964,733.4395357606107,0.036000000000000004,0.07500000000000002
3681,2026-02-28 17:15:10.840,31.828502,-106.5273964,733.4506677098202,0.14400000000000002,0.024999999999999994
3682,2026-02-28 17:15:10.880,31.828502,-106.5273964,733.4506677098202,0.108,-0.025
3683,2026-02-28 17:15:10.920,31.828502,-106.5273962,733.4695837958906,0.108,-0.025
3684,2026-02-28 17:15:10.960,31.828502,-106.5273962,733.4695837958906,0.036000000000000004,-0.025
3685,2026-02-28 17:15:11.000,31.828502,-106.5273962,733.4695837958906,0.108,0.012500000000000006
3686,2026-02-28 17:15:11.040,31.8285021,-106.5273962,733.4807157451,0.108,0.012500000000000006
3687,2026-02-28 17:15:11.080,31.8285021,-106.5273962,733.4807157451,0.07200000000000001,0.0125
3688,2026-02-28 17:15:11.120,31.8285021,-106.5273962,733.4807157451,0.14400000000000002,-1.6653345369377347e-17
3689,2026-02-28 17:15:11.160,31.8285021,-106.5273962,733.4807157451,0.18000000000000002,-0.03750000000000001
3690,2026-02-28 17:15:11.200,31.8285022,-106.5273962,733.491847693914,0.18000000000000002,-0.050000000000000024
3691,2026-02-28 17:15:11.240,31.8285022,-106.5273962,733.491847693914,0.07200000000000001,-0.03750000000000001
3692,2026-02-28 17:15:11.280,31.8285022,-106.5273962,733.491847693914,0.108,-0.025
3693,2026-02-28 17:15:11.320,31.8285022,-106.527396,733.5107637799433,0.036000000000000004,0.012500000000000002
3694,2026-02-28 17:15:11.360,31.8285023,-106.527396,733.5218957291528,0.036000000000000004,0.012499999999999989
3695,2026-02-28 17:15:11.400,31.8285023,-106.527396,733.5218957291528,0.14400000000000002,-0.05000000000000001
3696,2026-02-28 17:15:11.440,31.8285024,-106.527396,733.5330276783623,0.108,-0.05
3697,2026-02-28 17:15:11.480,31.8285024,-106.527396,733.5330276783623,0.108,-0.02499999999999999
3698,2026-02-28 17:15:11.520,31.8285024,-106.527396,733.5330276783623,0.108,-0.0125
3699,2026-02-28 17:15:11.560,31.8285024,-106.527396,733.5330276783623,0.108,-0.02499999999999999
3700,2026-02-28 17:15:11.600,31.8285026,-106.5273959,733.5572172571012,0.108,-0.0375
3701,2026-02-28 17:15:11.640,31.8285026,-106.5273959,733.5572172571012,0.036000000000000004,-0.012499999999999992
3702,2026-02-28 17:15:11.680,31.8285026,-106.5273959,733.5572172571012,0.07200000000000001,0.012499999999999997
3703,2026-02-28 17:15:11.720,31.8285026,-106.5273959,733.5572172571012,0.108,0.03750000000000002
3704,2026-02-28 17:15:11.760,31.8285027,-106.5273959,733.5683492063107,0.0,0.05000000000000001
3705,2026-02-28 17:15:11.800,31.8285027,-106.5273958,733.5778072499462,0.036000000000000004,0.03750000000000002
3706,2026-02-28 17:15:11.840,31.8285027,-106.5273958,733.5778072499462,0.07200000000000001,0.025
3707,2026-02-28 17:15:11.880,31.8285027,-106.5273958,733.5778072499462,0.07200000000000001,2.7755575615628915e-18
3708,2026-02-28 17:15:11.920,31.8285027,-106.5273958,733.5778072499462,0.108,0.0
3709,2026-02-28 17:15:11.960,31.8285027,-106.5273958,733.5778072499462,0.036000000000000004,0.03750000000000002
3710,2026-02-28 17:15:12.000,31.8285027,-106.5273958,733.5778072499462,0.07200000000000001,0.075
3711,2026-02-28 17:15:12.040,31.8285028,-106.5273957,733.5924146059111,0.036000000000000004,0.075
3712,2026-02-28 17:15:12.080,31.8285028,-106.5273957,733.5924146059111,0.108,-0.0125
3713,2026-02-28 17:15:12.120,31.8285029,-106.5273957,733.6035465551206,0.18000000000000002,-0.0625
3714,2026-02-28 17:15:12.160,31.8285029,-106.5273957,733.6035465551206,0.07200000000000001,-0.03750000000000002
3715,2026-02-28 17:15:12.200,31.8285029,-106.5273957,733.6035465551206,0.07200000000000001,-0.012499999999999994
3716,2026-02-28 17:15:12.240,31.8285029,-106.5273957,733.6035465551206,0.108,0.025000000000000012
3717,2026-02-28 17:15:12.280,31.8285029,-106.5273957,733.6035465551206,0.036000000000000004,0.05000000000000001
3718,2026-02-28 17:15:12.320,31.828503,-106.5273957,733.6146785043301,0.14400000000000002,-0.012500000000000011
3719,2026-02-28 17:15:12.360,31.828503,-106.5273957,733.6146785043301,0.108,-0.062499999999999986
3720,2026-02-28 17:15:12.400,31.8285031,-106.5273957,733.625810453144,0.216,-0.0875
3721,2026-02-28 17:15:12.440,31.8285031,-106.5273957,733.625810453144,0.108,-0.0625
3722,2026-02-28 17:15:12.480,31.8285032,-106.5273955,733.6477589974353,0.0,0.075
3723,2026-02-28 17:15:12.520,31.8285032,-106.5273955,733.6477589974353,0.108,0.08750000000000002
3724,2026-02-28 17:15:12.560,31.8285032,-106.5273955,733.6477589974353,0.036000000000000004,0.0125
3725,2026-02-28 17:15:12.600,31.8285033,-106.5273955,733.6588909466448,0.07200000000000001,-5.551115123125783e-18
3726,2026-02-28 17:15:12.640,31.8285033,-106.5273955,733.6588909466448,0.18000000000000002,-0.06250000000000001
3727,2026-02-28 17:15:12.680,31.8285033,-106.5273955,733.6588909466448,0.108,-0.06250000000000001
3728,2026-02-28 17:15:12.720,31.8285033,-106.5273955,733.6588909466448,0.036000000000000004,0.03750000000000001
3729,2026-02-28 17:15:12.760,31.8285033,-106.5273955,733.6588909466448,0.036000000000000004,0.08750000000000002
3730,2026-02-28 17:15:12.800,31.8285033,-106.5273955,733.6588909466448,0.036000000000000004,0.08750000000000001
3731,2026-02-28 17:15:12.840,31.8285033,-106.5273955,733.6588909466448,0.108,0.050000000000000024
3732,2026-02-28 17:15:12.880,31.8285034,-106.5273955,733.6700228954587,0.216,-0.03749999999999999
3733,2026-02-28 17:15:12.920,31.8285034,-106.5273955,733.6700228954587,0.14400000000000002,-0.0875
3734,2026-02-28 17:15:12.960,31.8285034,-106.5273955,733.6700228954587,0.036000000000000004,-0.025000000000000005
3735,2026-02-28 17:15:13.000,31.8285034,-106.5273953,733.6889389812421,0.07200000000000001,0.025000000000000012
3736,2026-02-28 17:15:13.040,31.8285036,-106.5273953,733.711202879661,0.0,0.024999999999999998
3737,2026-02-28 17:15:13.080,31.8285036,-106.5273953,733.711202879661,0.108,-0.012499999999999992
3738,2026-02-28 17:15:13.120,31.8285036,-106.5273953,733.711202879661,0.14400000000000002,-0.05000000000000001
3739,2026-02-28 17:15:13.160,31.8285036,-106.5273953,733.711202879661,0.18000000000000002,-0.037500000000000006
3740,2026-02-28 17:15:13.200,31.8285036,-106.5273953,733.711202879661,0.14400000000000002,-0.012500000000000011
3741,2026-02-28 17:15:13.240,31.8285036,-106.5273953,733.711202879661,0.14400000000000002,0.025
3742,2026-02-28 17:15:13.280,31.8285037,-106.5273953,733.7223348284749,0.07200000000000001,0.03749999999999999
3743,2026-02-28 17:15:13.320,31.8285037,-106.5273953,733.7223348284749,0.036000000000000004,0.0375
3744,2026-02-28 17:15:13.360,31.8285037,-106.5273953,733.7223348284749,0.07200000000000001,0.025
3745,2026-02-28 17:15:13.400,31.8285037,-106.5273952,733.7317928706639,0.108,0.05000000000000003
3746,2026-02-28 17:15:13.440,31.8285039,-106.5273952,733.7540567690827,0.036000000000000004,0.08750000000000002
3747,2026-02-28 17:15:13.480,31.8285039,-106.5273952,733.7540567690827,0.036000000000000004,0.0625
3748,2026-02-28 17:15:13.520,31.8285039,-106.5273952,733.7540567690827,0.07200000000000001,0.024999999999999994
3749,2026-02-28 17:15:13.560,31.8285039,-106.5273952,733.7540567690827,0.14400000000000002,-0.0125
3750,2026-02-28 17:15:13.600,31.8285039,-106.5273951,733.7635148112512,0.14400000000000002,-0.05000000000000001
3751,2026-02-28 17:15:13.640,31.8285039,-106.5273951,733.7635148112512,0.216,-0.1
3752,2026-02-28 17:15:13.680,31.8285039,-106.527395,733.7729728547637,0.108,-0.0875
3753,2026-02-28 17:15:13.720,31.8285039,-106.527395,733.7729728547637,0.108,-0.024999999999999994
3754,2026-02-28 17:15:13.760,31.828504,-106.527395,733.7841048035776,0.07200000000000001,0.0125
3755,2026-02-28 17:15:13.800,31.828504,-106.527395,733.7841048035776,0.25200000000000006,-0.050000000000000024
3756,2026-02-28 17:15:13.840,31.828504,-106.527395,733.7841048035776,0.14400000000000002,-0.07500000000000002
3757,2026-02-28 17:15:13.880,31.8285042,-106.527395,733.8063687019965,0.108,-0.025
3758,2026-02-28 17:15:13.920,31.8285042,-106.5273948,733.8252847876159,0.07200000000000001,-0.012499999999999997
3759,2026-02-28 17:15:13.960,31.8285042,-106.5273948,733.8252847876159,0.108,-0.012499999999999994
3760,2026-02-28 17:15:14.000,31.8285042,-106.5273948,733.8252847876159,0.036000000000000004,0.012500000000000002
3761,2026-02-28 17:15:14.040,31.8285042,-106.5273948,733.8252847876159,0.036000000000000004,0.0625
3762,2026-02-28 17:15:14.080,31.8285042,-106.5273948,733.8252847876159,0.036000000000000004,0.05
3763,2026-02-28 17:15:14.120,31.8285042,-106.5273948,733.8252847876159,0.108,-5.551115123125783e-18
3764,2026-02-28 17:15:14.160,31.8285042,-106.5273948,733.8252847876159,0.108,-0.012499999999999997
3765,2026-02-28 17:15:14.200,31.8285042,-106.5273948,733.8252847876159,0.07200000000000001,0.037500000000000006
3766,2026-02-28 17:15:14.240,31.8285042,-106.5273948,733.8252847876159,0.108,0.037500000000000006
3767,2026-02-28 17:15:14.280,31.8285042,-106.5273948,733.8252847876159,0.07200000000000001,-0.012500000000000011
3768,2026-02-28 17:15:14.320,31.8285043,-106.5273946,733.8472333315124,0.07200000000000001,-0.012500000000000008
3769,2026-02-28 17:15:14.360,31.8285043,-106.5273946,733.8472333315124,0.07200000000000001,-0.025000000000000012
3770,2026-02-28 17:15:14.400,31.8285043,-106.5273946,733.8472333315124,0.108,-0.025000000000000012
3771,2026-02-28 17:15:14.440,31.8285043,-106.5273946,733.8472333315124,0.14400000000000002,-0.03750000000000001
3772,2026-02-28 17:15:14.480,31.8285043,-106.5273946,733.8472333315124,0.07200000000000001,-0.03750000000000002
3773,2026-02-28 17:15:14.520,31.8285045,-106.5273945,733.8714229105392,0.07200000000000001,0.012499999999999992
3774,2026-02-28 17:15:14.560,31.8285045,-106.5273945,733.8714229105392,0.108,0.012499999999999992
3775,2026-02-28 17:15:14.600,31.8285045,-106.5273945,733.8714229105392,0.18000000000000002,-0.03750000000000001
3776,2026-02-28 17:15:14.640,31.8285045,-106.5273945,733.8714229105392,0.108,-0.06250000000000001
3777,2026-02-28 17:15:14.680,31.8285046,-106.5273945,733.8825548593531,0.036000000000000004,0.0
3778,2026-02-28 17:15:14.720,31.8285046,-106.5273945,733.8825548593531,0.07200000000000001,0.012499999999999997
3779,2026-02-28 17:15:14.760,31.8285046,-106.5273945,733.8825548593531,0.0,-2.7755575615628915e-18
3780,2026-02-28 17:15:14.800,31.8285046,-106.5273945,733.8825548593531,0.108,-0.012499999999999994
3781,2026-02-28 17:15:14.840,31.8285046,-106.5273945,733.8825548593531,0.036000000000000004,-0.024999999999999998
3782,2026-02-28 17:15:14.880,31.8285046,-106.5273945,733.8825548593531,0.07200000000000001,-0.012500000000000002
3783,2026-02-28 17:15:14.920,31.8285047,-106.5273945,733.8936868085626,0.108,0.025
3784,2026-02-28 17:15:14.960,31.8285047,-106.5273945,733.8936868085626,0.108,0.05
3785,2026-02-28 17:15:15.000,31.8285047,-106.5273943,733.9126028940797,0.07200000000000001,0.025
3786,2026-02-28 17:15:15.040,31.8285047,-106.5273943,733.9126028940797,0.036000000000000004,0.03749999999999999
3787,2026-02-28 17:15:15.080,31.8285047,-106.5273943,733.9126028940797,0.108,0.024999999999999994
3788,2026-02-28 17:15:15.120,31.8285047,-106.5273943,733.9126028940797,0.036000000000000004,0.025
3789,2026-02-28 17:15:15.160,31.8285048,-106.5273943,733.9237348432891,0.036000000000000004,0.05
3790,2026-02-28 17:15:15.200,31.8285048,-106.5273943,733.9237348432891,0.036000000000000004,0.0625
3791,2026-02-28 17:15:15.240,31.8285048,-106.5273943,733.9237348432891,0.036000000000000004,0.05
3792,2026-02-28 17:15:15.280,31.8285048,-106.5273943,733.9237348432891,0.036000000000000004,0.03749999999999999
3793,2026-02-28 17:15:15.320,31.8285048,-106.5273943,733.9237348432891,0.216,-0.024999999999999998
3794,2026-02-28 17:15:15.360,31.8285048,-106.5273943,733.9237348432891,0.14400000000000002,-0.075
3795,2026-02-28 17:15:15.400,31.8285048,-106.5273941,733.9426509287857,0.108,-0.0375
3796,2026-02-28 17:15:15.440,31.8285048,-106.5273941,733.9426509287857,0.108,-0.024999999999999994
3797,2026-02-28 17:15:15.480,31.8285048,-106.5273941,733.9426509287857,0.108,-0.012499999999999994
3798,2026-02-28 17:15:15.520,31.8285048,-106.5273941,733.9426509287857,0.108,-0.024999999999999998
3799,2026-02-28 17:15:15.560,31.8285048,-106.5273941,733.9426509287857,0.108,-0.05
3800,2026-02-28 17:15:15.600,31.8285048,-106.5273941,733.9426509287857,0.14400000000000002,-0.024999999999999994
3801,2026-02-28 17:15:15.640,31.8285048,-106.5273941,733.9426509287857,0.07200000000000001,0.025000000000000012
3802,2026-02-28 17:15:15.680,31.8285048,-106.5273941,733.9426509287857,0.108,0.025000000000000005
3803,2026-02-28 17:15:15.720,31.8285048,-106.527394,733.952108970862,0.07200000000000001,-0.0125
3804,2026-02-28 17:15:15.760,31.828505,-106.527394,733.9743728688853,0.07200000000000001,-0.025000000000000005
3805,2026-02-28 17:15:15.800,31.828505,-106.527394,733.9743728688853,0.07200000000000001,-0.012499999999999997
3806,2026-02-28 17:15:15.840,31.828505,-106.527394,733.9743728688853,0.07200000000000001,5.551115123125783e-18
3807,2026-02-28 17:15:15.880,31.828505,-106.5273938,733.9932889543409,0.108,0.012500000000000008
3808,2026-02-28 17:15:15.920,31.828505,-106.5273938,733.9932889543409,0.036000000000000004,0.050000000000000024
3809,2026-02-28 17:15:15.960,31.8285051,-106.5273938,734.0044209035503,0.036000000000000004,0.06250000000000003
3810,2026-02-28 17:15:16.000,31.8285051,-106.5273938,734.0044209035503,0.14400000000000002,1.1102230246251566e-17
3811,2026-02-28 17:15:16.040,31.8285051,-106.5273938,734.0044209035503,0.14400000000000002,-0.05
3812,2026-02-28 17:15:16.080,31.8285051,-106.5273938,734.0044209035503,0.108,-0.03749999999999999
3813,2026-02-28 17:15:16.120,31.8285051,-106.5273938,734.0044209035503,0.036000000000000004,1.1102230246251566e-17
3814,2026-02-28 17:15:16.160,31.8285051,-106.5273938,734.0044209035503,0.036000000000000004,0.03750000000000001
3815,2026-02-28 17:15:16.200,31.8285051,-106.5273936,734.0233369889854,0.07200000000000001,0.03750000000000001
3816,2026-02-28 17:15:16.240,31.8285051,-106.5273936,734.0233369889854,0.07200000000000001,0.0625
3817,2026-02-28 17:15:16.280,31.8285051,-106.5273936,734.0233369889854,0.14400000000000002,0.024999999999999998
3818,2026-02-28 17:15:16.320,31.8285051,-106.5273936,734.0233369889854,0.14400000000000002,-0.025
3819,2026-02-28 17:15:16.360,31.8285051,-106.5273936,734.0233369889854,0.108,-2.7755575615628915e-18
3820,2026-02-28 17:15:16.400,31.8285051,-106.5273934,734.0422530744205,0.07200000000000001,0.012500000000000006
3821,2026-02-28 17:15:16.440,31.8285051,-106.5273934,734.0422530744205,0.07200000000000001,-5.551115123125783e-18
3822,2026-02-28 17:15:16.480,31.8285053,-106.5273934,734.0645169724438,0.07200000000000001,0.0
3823,2026-02-28 17:15:16.520,31.8285053,-106.5273934,734.0645169724438,0.07200000000000001,0.012499999999999997
3824,2026-02-28 17:15:16.560,31.8285053,-106.5273934,734.0645169724438,0.108,-0.012499999999999994
3825,2026-02-28 17:15:16.600,31.8285053,-106.5273933,734.0739750144688,0.108,-0.0375
3826,2026-02-28 17:15:16.640,31.8285053,-106.5273933,734.0739750144688,0.216,-0.0875
3827,2026-02-28 17:15:16.680,31.8285053,-106.5273931,734.0928910998629,0.07200000000000001,-0.0625
3828,2026-02-28 17:15:16.720,31.8285053,-106.5273931,734.0928910998629,0.14400000000000002,-0.03750000000000001
3829,2026-02-28 17:15:16.760,31.8285054,-106.5273931,734.1040230490723,0.108,-0.05
3830,2026-02-28 17:15:16.800,31.8285054,-106.5273931,734.1040230490723,0.108,-0.0375
3831,2026-02-28 17:15:16.840,31.8285054,-106.527393,734.1134810910871,0.036000000000000004,-0.025
3832,2026-02-28 17:15:16.880,31.8285054,-106.527393,734.1134810910871,0.108,-0.012499999999999997
3833,2026-02-28 17:15:16.920,31.8285054,-106.5273929,734.1229391344459,0.07200000000000001,-0.024999999999999998
3834,2026-02-28 17:15:16.960,31.8285054,-106.5273929,734.1229391344459,0.07200000000000001,-5.551115123125783e-18
3835,2026-02-28 17:15:17.000,31.8285055,-106.5273929,734.1340710832599,0.036000000000000004,0.012499999999999997
3836,2026-02-28 17:15:17.040,31.8285055,-106.5273929,734.1340710832599,0.036000000000000004,-0.0125
3837,2026-02-28 17:15:17.080,31.8285055,-106.5273929,734.1340710832599,0.07200000000000001,-0.012499999999999997
3838,2026-02-28 17:15:17.120,31.8285055,-106.5273929,734.1340710832599,0.036000000000000004,0.025
3839,2026-02-28 17:15:17.160,31.8285055,-106.5273927,734.152987168613,0.07200000000000001,0.025
3840,2026-02-28 17:15:17.200,31.8285055,-106.5273927,734.152987168613,0.036000000000000004,0.0375
3841,2026-02-28 17:15:17.240,31.8285056,-106.5273927,734.1641191178225,0.036000000000000004,0.05
3842,2026-02-28 17:15:17.280,31.8285056,-106.5273927,734.1641191178225,0.07200000000000001,0.012499999999999994
3843,2026-02-28 17:15:17.320,31.8285056,-106.5273927,734.1641191178225,0.036000000000000004,0.012499999999999994
3844,2026-02-28 17:15:17.360,31.8285056,-106.5273927,734.1641191178225,0.108,0.025000000000000005
3845,2026-02-28 17:15:17.400,31.8285056,-106.5273926,734.1735771598168,0.036000000000000004,0.025000000000000012
3846,2026-02-28 17:15:17.440,31.8285056,-106.5273925,734.1830352018111,0.0,0.024999999999999994
3847,2026-02-28 17:15:17.480,31.8285056,-106.5273924,734.1924932451494,0.07200000000000001,0.012499999999999994
3848,2026-02-28 17:15:17.520,31.8285056,-106.5273924,734.1924932451494,0.108,-0.012499999999999997
3849,2026-02-28 17:15:17.560,31.8285057,-106.5273924,734.2036251943589,0.07200000000000001,0.0
3850,2026-02-28 17:15:17.600,31.8285057,-106.5273924,734.2036251943589,0.14400000000000002,-0.012500000000000002
3851,2026-02-28 17:15:17.640,31.8285057,-106.5273923,734.2130832363429,0.07200000000000001,-0.025
3852,2026-02-28 17:15:17.680,31.8285057,-106.5273923,734.2130832363429,0.07200000000000001,2.7755575615628915e-18
3853,2026-02-28 17:15:17.720,31.8285057,-106.5273922,734.222541279671,0.07200000000000001,-0.0125
3854,2026-02-28 17:15:17.760,31.8285057,-106.5273923,734.2319993229991,0.14400000000000002,-0.05
3855,2026-02-28 17:15:17.800,31.8285057,-106.5273922,734.2414573663272,0.07200000000000001,-0.05000000000000001
3856,2026-02-28 17:15:17.840,31.8285057,-106.5273922,734.2414573663272,0.036000000000000004,-0.0125
3857,2026-02-28 17:15:17.880,31.8285058,-106.5273922,734.2525893151411,0.07200000000000001,0.0
3858,2026-02-28 17:15:17.920,31.8285058,-106.5273921,734.2620473571149,0.07200000000000001,0.0
3859,2026-02-28 17:15:17.960,31.8285058,-106.5273921,734.2620473571149,0.108,0.0
3860,2026-02-28 17:15:18.000,31.8285058,-106.5273921,734.2620473571149,0.07200000000000001,2.7755575615628915e-18
3861,2026-02-28 17:15:18.040,31.8285058,-106.5273921,734.2620473571149,0.07200000000000001,0.012499999999999994
3862,2026-02-28 17:15:18.080,31.8285058,-106.5273921,734.2620473571149,0.07200000000000001,0.012499999999999994
3863,2026-02-28 17:15:18.120,31.828506,-106.5273921,734.2843112555337,0.036000000000000004,0.025
3864,2026-02-28 17:15:18.160,31.828506,-106.5273921,734.2843112555337,0.036000000000000004,0.0625
3865,2026-02-28 17:15:18.200,31.828506,-106.5273919,734.3032273407844,0.036000000000000004,0.05
3866,2026-02-28 17:15:18.240,31.828506,-106.5273919,734.3032273407844,0.036000000000000004,0.03749999999999999
3867,2026-02-28 17:15:18.280,31.828506,-106.5273919,734.3032273407844,0.07200000000000001,0.012500000000000002
3868,2026-02-28 17:15:18.320,31.828506,-106.5273919,734.3032273407844,0.07200000000000001,-0.025
3869,2026-02-28 17:15:18.360,31.828506,-106.5273918,734.3126853827376,0.108,-0.0125
3870,2026-02-28 17:15:18.400,31.828506,-106.5273918,734.3126853827376,0.07200000000000001,-0.012499999999999994
3871,2026-02-28 17:15:18.440,31.828506,-106.5273918,734.3126853827376,0.108,0.012500000000000008
3872,2026-02-28 17:15:18.480,31.8285061,-106.5273917,734.3272927393539,0.07200000000000001,0.06250000000000003
3873,2026-02-28 17:15:18.520,31.8285061,-106.5273917,734.3272927393539,0.108,0.025000000000000015
3874,2026-02-28 17:15:18.560,31.8285061,-106.5273917,734.3272927393539,0.14400000000000002,-0.024999999999999994
3875,2026-02-28 17:15:18.600,31.8285061,-106.5273917,734.3272927393539,0.07200000000000001,-8.326672684688674e-18
3876,2026-02-28 17:15:18.640,31.8285061,-106.5273917,734.3272927393539,0.108,0.0
3877,2026-02-28 17:15:18.680,31.8285063,-106.5273917,734.3495566377727,0.036000000000000004,0.012500000000000002
3878,2026-02-28 17:15:18.720,31.8285063,-106.5273916,734.3590146796953,0.036000000000000004,0.075
3879,2026-02-28 17:15:18.760,31.8285063,-106.5273916,734.3590146796953,0.108,0.06250000000000003
3880,2026-02-28 17:15:18.800,31.8285063,-106.5273916,734.3590146796953,0.036000000000000004,0.024999999999999994
3881,2026-02-28 17:15:18.840,31.8285063,-106.5273915,734.3684727229619,0.18000000000000002,-0.03750000000000001
3882,2026-02-28 17:15:18.880,31.8285063,-106.5273916,734.3779307662285,0.18000000000000002,-0.08750000000000002
3883,2026-02-28 17:15:18.920,31.8285063,-106.5273915,734.3873888094951,0.07200000000000001,-0.05000000000000001
3884,2026-02-28 17:15:18.960,31.8285063,-106.5273915,734.3873888094951,0.108,-0.05
3885,2026-02-28 17:15:19.000,31.8285064,-106.5273915,734.398520758309,0.108,-0.05
3886,2026-02-28 17:15:19.040,31.8285064,-106.5273915,734.398520758309,0.07200000000000001,0.0
3887,2026-02-28 17:15:19.080,31.8285064,-106.5273915,734.398520758309,0.108,0.037500000000000006
3888,2026-02-28 17:15:19.120,31.8285064,-106.5273915,734.398520758309,0.18000000000000002,0.025000000000000012
3889,2026-02-28 17:15:19.160,31.8285064,-106.5273915,734.398520758309,0.14400000000000002,-2.7755575615628915e-18
3890,2026-02-28 17:15:19.200,31.8285064,-106.5273914,734.4079788002214,0.07200000000000001,5.551115123125783e-18
3891,2026-02-28 17:15:19.240,31.8285066,-106.5273914,734.4302426986402,0.036000000000000004,0.0
3892,2026-02-28 17:15:19.280,31.8285066,-106.5273914,734.4302426986402,0.07200000000000001,-0.012500000000000002
3893,2026-02-28 17:15:19.320,31.8285066,-106.5273914,734.4302426986402,0.036000000000000004,0.012499999999999997
3894,2026-02-28 17:15:19.360,31.8285067,-106.5273914,734.4413746474542,0.0,0.0625
3895,2026-02-28 17:15:19.400,31.8285067,-106.5273914,734.4413746474542,0.07200000000000001,0.0375
3896,2026-02-28 17:15:19.440,31.8285067,-106.5273914,734.4413746474542,0.108,2.7755575615628915e-18
3897,2026-02-28 17:15:19.480,31.8285067,-106.5273914,734.4413746474542,0.18000000000000002,-0.025
3898,2026-02-28 17:15:19.520,31.8285067,-106.5273914,734.4413746474542,0.18000000000000002,-0.050000000000000024
3899,2026-02-28 17:15:19.560,31.8285067,-106.5273914,734.4413746474542,0.14400000000000002,-0.03750000000000001
3900,2026-02-28 17:15:19.600,31.8285068,-106.5273912,734.4633231911097,0.07200000000000001,0.012499999999999994
3901,2026-02-28 17:15:19.640,31.8285068,-106.5273912,734.4633231911097,0.036000000000000004,0.0625
3902,2026-02-28 17:15:19.680,31.8285068,-106.5273912,734.4633231911097,0.036000000000000004,0.0625
3903,2026-02-28 17:15:19.720,31.8285068,-106.5273912,734.4633231911097,0.108,0.025
3904,2026-02-28 17:15:19.760,31.8285068,-106.5273912,734.4633231911097,0.108,0.012500000000000006
3905,2026-02-28 17:15:19.800,31.8285069,-106.5273912,734.4744551403192,0.07200000000000001,0.025
3906,2026-02-28 17:15:19.840,31.8285069,-106.5273912,734.4744551403192,0.108,-5.551115123125783e-18
3907,2026-02-28 17:15:19.880,31.8285069,-106.5273912,734.4744551403192,0.108,0.012500000000000011
3908,2026-02-28 17:15:19.920,31.8285069,-106.5273912,734.4744551403192,0.108,0.03750000000000002
3909,2026-02-28 17:15:19.960,31.8285069,-106.5273912,734.4744551403192,0.108,1.1102230246251566e-17
3910,2026-02-28 17:15:20.000,31.8285069,-106.5273912,734.4744551403192,0.14400000000000002,-0.024999999999999994
3911,2026-02-28 17:15:20.040,31.8285069,-106.5273912,734.4744551403192,0.14400000000000002,-0.0125
3912,2026-02-28 17:15:20.080,31.8285069,-106.527391,734.4933712253853,0.108,1.1102230246251566e-17
3913,2026-02-28 17:15:20.120,31.8285069,-106.527391,734.4933712253853,0.108,-0.012499999999999994
3914,2026-02-28 17:15:20.160,31.8285069,-106.527391,734.4933712253853,0.14400000000000002,-0.0625
3915,2026-02-28 17:15:20.200,31.8285071,-106.527391,734.5156351234086,0.108,-0.03749999999999999
3916,2026-02-28 17:15:20.240,31.8285071,-106.527391,734.5156351234086,0.07200000000000001,0.012500000000000028
3917,2026-02-28 17:15:20.280,31.8285071,-106.527391,734.5156351234086,0.18000000000000002,-0.0375
3918,2026-02-28 17:15:20.320,31.8285072,-106.527391,734.5267670726181,0.14400000000000002,-0.05
3919,2026-02-28 17:15:20.360,31.8285072,-106.527391,734.5267670726181,0.07200000000000001,-0.025000000000000005
3920,2026-02-28 17:15:20.400,31.8285072,-106.527391,734.5267670726181,0.108,-0.0375
3921,2026-02-28 17:15:20.440,31.8285072,-106.527391,734.5267670726181,0.14400000000000002,-0.0375
3922,2026-02-28 17:15:20.480,31.8285072,-106.527391,734.5267670726181,0.108,-0.024999999999999998
3923,2026-02-28 17:15:20.520,31.8285072,-106.527391,734.5267670726181,0.07200000000000001,-0.024999999999999998
3924,2026-02-28 17:15:20.560,31.8285072,-106.527391,734.5267670726181,0.0,0.0125
3925,2026-02-28 17:15:20.600,31.8285072,-106.5273912,734.5456831576229,0.14400000000000002,0.025
3926,2026-02-28 17:15:20.640,31.8285074,-106.527391,734.5748978701206,0.07200000000000001,-0.012500000000000008
3927,2026-02-28 17:15:20.680,31.8285074,-106.5273912,734.5938139550843,0.07200000000000001,-2.7755575615628915e-18
3928,2026-02-28 17:15:20.720,31.8285074,-106.527391,734.6127300400481,0.108,-0.012500000000000006
3929,2026-02-28 17:15:20.760,31.8285074,-106.527391,734.6127300400481,0.036000000000000004,0.012500000000000002
3930,2026-02-28 17:15:20.800,31.8285075,-106.527391,734.6238619892575,0.036000000000000004,0.0625
3931,2026-02-28 17:15:20.840,31.8285075,-106.527391,734.6238619892575,0.108,0.037500000000000006
3932,2026-02-28 17:15:20.880,31.8285075,-106.527391,734.6238619892575,0.07200000000000001,0.0
3933,2026-02-28 17:15:20.920,31.8285075,-106.527391,734.6238619892575,0.036000000000000004,0.012499999999999994
3934,2026-02-28 17:15:20.960,31.8285075,-106.527391,734.6238619892575,0.07200000000000001,0.024999999999999998
3935,2026-02-28 17:15:21.000,31.8285075,-106.527391,734.6238619892575,0.14400000000000002,-0.03750000000000001
3936,2026-02-28 17:15:21.040,31.8285075,-106.527391,734.6238619892575,0.036000000000000004,-0.025
3937,2026-02-28 17:15:21.080,31.8285075,-106.527391,734.6238619892575,0.108,-0.012499999999999994
3938,2026-02-28 17:15:21.120,31.8285075,-106.527391,734.6238619892575,0.036000000000000004,-0.012499999999999994
3939,2026-02-28 17:15:21.160,31.8285075,-106.527391,734.6238619892575,0.14400000000000002,0.0
3940,2026-02-28 17:15:21.200,31.8285077,-106.527391,734.6461258872808,0.108,-0.012500000000000002
3941,2026-02-28 17:15:21.240,31.8285077,-106.527391,734.6461258872808,0.14400000000000002,-0.0375
3942,2026-02-28 17:15:21.280,31.8285078,-106.527391,734.6572578364903,0.036000000000000004,-0.0125
3943,2026-02-28 17:15:21.320,31.8285077,-106.527391,734.6683897856998,0.108,0.0
3944,2026-02-28 17:15:21.360,31.8285078,-106.527391,734.6795217349093,0.07200000000000001,0.012500000000000011
3945,2026-02-28 17:15:21.400,31.8285078,-106.5273909,734.6889797766781,0.036000000000000004,0.08750000000000002
3946,2026-02-28 17:15:21.440,31.8285079,-106.5273909,734.7001117258876,0.07200000000000001,0.03750000000000001
3947,2026-02-28 17:15:21.480,31.8285079,-106.5273909,734.7001117258876,0.036000000000000004,5.551115123125783e-18
3948,2026-02-28 17:15:21.520,31.8285079,-106.5273909,734.7001117258876,0.07200000000000001,0.03750000000000001
3949,2026-02-28 17:15:21.560,31.8285079,-106.5273909,734.7001117258876,0.108,-0.0125
3950,2026-02-28 17:15:21.600,31.8285079,-106.5273909,734.7001117258876,0.108,-0.0375
3951,2026-02-28 17:15:21.640,31.8285079,-106.5273909,734.7001117258876,0.036000000000000004,0.024999999999999994
3952,2026-02-28 17:15:21.680,31.8285079,-106.5273909,734.7001117258876,0.108,0.07500000000000002
3953,2026-02-28 17:15:21.720,31.8285079,-106.5273909,734.7001117258876,0.036000000000000004,0.06250000000000003
3954,2026-02-28 17:15:21.760,31.8285079,-106.5273909,734.7001117258876,0.18000000000000002,-0.025000000000000012
3955,2026-02-28 17:15:21.800,31.828508,-106.5273909,734.7112436747016,0.18000000000000002,-0.07500000000000002
3956,2026-02-28 17:15:21.840,31.828508,-106.5273909,734.7112436747016,0.036000000000000004,-0.03750000000000001
3957,2026-02-28 17:15:21.880,31.828508,-106.5273909,734.7112436747016,0.07200000000000001,-8.326672684688674e-18
3958,2026-02-28 17:15:21.920,31.8285081,-106.5273909,734.722375623911,0.14400000000000002,-0.03750000000000001
3959,2026-02-28 17:15:21.960,31.8285082,-106.5273908,734.7369829798191,0.0,-2.7755575615628915e-18
3960,2026-02-28 17:15:22.000,31.8285082,-106.5273908,734.7369829798191,0.108,0.024999999999999998
3961,2026-02-28 17:15:22.040,31.8285082,-106.5273908,734.7369829798191,0.108,-0.0375
3962,2026-02-28 17:15:22.080,31.8285082,-106.5273907,734.7464410228911,0.25200000000000006,-0.10000000000000002
3963,2026-02-28 17:15:22.120,31.8285082,-106.5273907,734.7464410228911,0.07200000000000001,-0.07500000000000002
3964,2026-02-28 17:15:22.160,31.8285082,-106.5273908,734.755899065963,0.07200000000000001,-0.012499999999999997
3965,2026-02-28 17:15:22.200,31.8285082,-106.5273908,734.755899065963,0.07200000000000001,-0.025000000000000005
3966,2026-02-28 17:15:22.240,31.8285082,-106.5273908,734.755899065963,0.036000000000000004,-0.0125
3967,2026-02-28 17:15:22.280,31.8285082,-106.5273908,734.755899065963,0.07200000000000001,0.025
3968,2026-02-28 17:15:22.320,31.8285083,-106.5273908,734.767031014777,0.036000000000000004,0.03750000000000001
3969,2026-02-28 17:15:22.360,31.8285083,-106.5273908,734.767031014777,0.108,-0.0125
3970,2026-02-28 17:15:22.400,31.8285083,-106.5273908,734.767031014777,0.07200000000000001,-0.03749999999999999
3971,2026-02-28 17:15:22.440,31.8285083,-106.5273908,734.767031014777,0.036000000000000004,-0.0125
3972,2026-02-28 17:15:22.480,31.8285083,-106.5273908,734.767031014777,0.036000000000000004,0.012500000000000002
3973,2026-02-28 17:15:22.520,31.8285084,-106.5273908,734.7781629639865,0.07200000000000001,2.7755575615628915e-18
3974,2026-02-28 17:15:22.560,31.8285084,-106.5273908,734.7781629639865,0.036000000000000004,0.0
3975,2026-02-28 17:15:22.600,31.8285084,-106.5273908,734.7781629639865,0.036000000000000004,0.025000000000000012
3976,2026-02-28 17:15:22.640,31.8285084,-106.5273908,734.7781629639865,0.036000000000000004,0.05000000000000001
3977,2026-02-28 17:15:22.680,31.8285085,-106.5273908,734.7892949131959,0.14400000000000002,0.050000000000000024
3978,2026-02-28 17:15:22.720,31.8285085,-106.5273908,734.7892949131959,0.07200000000000001,0.0
3979,2026-02-28 17:15:22.760,31.8285085,-106.5273908,734.7892949131959,0.036000000000000004,0.0
3980,2026-02-28 17:15:22.800,31.8285085,-106.5273908,734.7892949131959,0.036000000000000004,2.7755575615628915e-18
3981,2026-02-28 17:15:22.840,31.8285085,-106.5273908,734.7892949131959,0.036000000000000004,2.7755575615628915e-18
3982,2026-02-28 17:15:22.880,31.8285085,-106.5273908,734.7892949131959,0.07200000000000001,0.025
3983,2026-02-28 17:15:22.920,31.8285085,-106.5273908,734.7892949131959,0.036000000000000004,0.0625
3984,2026-02-28 17:15:22.960,31.8285085,-106.5273908,734.7892949131959,0.07200000000000001,0.05
3985,2026-02-28 17:15:23.000,31.8285086,-106.5273908,734.8004268620099,0.07200000000000001,-5.551115123125783e-18
3986,2026-02-28 17:15:23.040,31.8285086,-106.5273908,734.8004268620099,0.14400000000000002,-0.025000000000000005
3987,2026-02-28 17:15:23.080,31.8285087,-106.5273908,734.8115588112194,0.18000000000000002,-0.07500000000000001
3988,2026-02-28 17:15:23.120,31.8285086,-106.5273908,734.8226907604288,0.036000000000000004,-0.03750000000000001
3989,2026-02-28 17:15:23.160,31.8285087,-106.5273908,734.8338227096383,0.07200000000000001,0.012500000000000002
3990,2026-02-28 17:15:23.200,31.8285087,-106.5273908,734.8338227096383,0.0,0.0375
3991,2026-02-28 17:15:23.240,31.8285087,-106.5273908,734.8338227096383,0.07200000000000001,0.0375
3992,2026-02-28 17:15:23.280,31.8285087,-106.5273908,734.8338227096383,0.108,-0.024999999999999998
3993,2026-02-28 17:15:23.320,31.8285087,-106.5273908,734.8338227096383,0.18000000000000002,-0.0625
3994,2026-02-28 17:15:23.360,31.8285087,-106.5273907,734.843280752659,0.07200000000000001,-0.03750000000000001
3995,2026-02-28 17:15:23.400,31.8285087,-106.5273907,734.843280752659,0.07200000000000001,0.0
3996,2026-02-28 17:15:23.440,31.8285088,-106.5273907,734.8544127018685,0.07200000000000001,-0.012500000000000002
3997,2026-02-28 17:15:23.480,31.8285088,-106.5273907,734.8544127018685,0.036000000000000004,0.0
3998,2026-02-28 17:15:23.520,31.8285088,-106.5273907,734.8544127018685,0.07200000000000001,0.012500000000000002
3999,2026-02-28 17:15:23.560,31.8285088,-106.5273907,734.8544127018685,0.07200000000000001,0.0
4000,2026-02-28 17:15:23.600,31.8285088,-106.5273907,734.8544127018685,0.108,-0.025
4001,2026-02-28 17:15:23.640,31.8285088,-106.5273907,734.8544127018685,0.07200000000000001,-0.012500000000000002
4002,2026-02-28 17:15:23.680,31.8285089,-106.5273907,734.8655446506824,0.036000000000000004,0.0375
4003,2026-02-28 17:15:23.720,31.8285089,-106.5273907,734.8655446506824,0.07200000000000001,0.0125
4004,2026-02-28 17:15:23.760,31.8285089,-106.5273907,734.8655446506824,0.07200000000000001,-0.0125
4005,2026-02-28 17:15:23.800,31.8285089,-106.5273907,734.8655446506824,0.07200000000000001,0.03750000000000001
4006,2026-02-28 17:15:23.840,31.8285089,-106.5273907,734.8655446506824,0.036000000000000004,0.06250000000000001
4007,2026-02-28 17:15:23.880,31.8285089,-106.5273907,734.8655446506824,0.07200000000000001,0.0125
4008,2026-02-28 17:15:23.920,31.8285089,-106.5273906,734.8750026923385,0.07200000000000001,0.012500000000000006
4009,2026-02-28 17:15:23.960,31.8285089,-106.5273906,734.8750026923385,0.07200000000000001,0.05
4010,2026-02-28 17:15:24.000,31.828509,-106.5273906,734.886134641548,0.036000000000000004,0.05
4011,2026-02-28 17:15:24.040,31.828509,-106.5273906,734.886134641548,0.108,0.0125
4012,2026-02-28 17:15:24.080,31.8285091,-106.5273906,734.8972665907575,0.108,-0.0375
4013,2026-02-28 17:15:24.120,31.8285091,-106.5273906,734.8972665907575,0.036000000000000004,-0.025
4014,2026-02-28 17:15:24.160,31.8285091,-106.5273906,734.8972665907575,0.07200000000000001,0.012500000000000002
4015,2026-02-28 17:15:24.200,31.8285091,-106.5273906,734.8972665907575,0.18000000000000002,-0.03750000000000001
4016,2026-02-28 17:15:24.240,31.8285091,-106.5273906,734.8972665907575,0.108,-0.05
4017,2026-02-28 17:15:24.280,31.8285091,-106.5273906,734.8972665907575,0.036000000000000004,0.05000000000000001
4018,2026-02-28 17:15:24.320,31.8285091,-106.5273906,734.8972665907575,0.14400000000000002,0.050000000000000024
4019,2026-02-28 17:15:24.360,31.8285091,-106.5273906,734.8972665907575,0.14400000000000002,-0.012500000000000006
4020,2026-02-28 17:15:24.400,31.8285091,-106.5273906,734.8972665907575,0.108,-0.024999999999999994
4021,2026-02-28 17:15:24.440,31.8285091,-106.5273905,734.9067246337372,0.07200000000000001,-0.012499999999999997
4022,2026-02-28 17:15:24.480,31.8285091,-106.5273905,734.9067246337372,0.036000000000000004,0.024999999999999998
4023,2026-02-28 17:15:24.520,31.8285091,-106.5273905,734.9067246337372,0.036000000000000004,0.03750000000000001
4024,2026-02-28 17:15:24.560,31.8285091,-106.5273905,734.9067246337372,0.108,2.7755575615628915e-18
4025,2026-02-28 17:15:24.600,31.8285091,-106.5273905,734.9067246337372,0.036000000000000004,0.012500000000000006
4026,2026-02-28 17:15:24.640,31.8285092,-106.5273905,734.9178565825512,0.108,0.0125
4027,2026-02-28 17:15:24.680,31.8285092,-106.5273905,734.9178565825512,0.18000000000000002,-0.0375
4028,2026-02-28 17:15:24.720,31.8285092,-106.5273905,734.9178565825512,0.14400000000000002,-0.050000000000000024
4029,2026-02-28 17:15:24.760,31.8285092,-106.5273905,734.9178565825512,0.108,-0.012499999999999994
4030,2026-02-28 17:15:24.800,31.8285092,-106.5273905,734.9178565825512,0.07200000000000001,0.025
4031,2026-02-28 17:15:24.840,31.8285092,-106.5273905,734.9178565825512,0.07200000000000001,0.012499999999999994
4032,2026-02-28 17:15:24.880,31.8285092,-106.5273905,734.9178565825512,0.108,-0.025000000000000005
4033,2026-02-28 17:15:24.920,31.8285092,-106.5273904,734.9273146241766,0.07200000000000001,-0.05
4034,2026-02-28 17:15:24.960,31.8285094,-106.5273905,734.9515042030071,0.07200000000000001,-0.012500000000000011
4035,2026-02-28 17:15:25.000,31.8285094,-106.5273904,734.960962244612,0.108,0.0125
4036,2026-02-28 17:15:25.040,31.8285094,-106.5273904,734.960962244612,0.07200000000000001,-0.025
4037,2026-02-28 17:15:25.080,31.8285094,-106.5273904,734.960962244612,0.108,-0.05
4038,2026-02-28 17:15:25.120,31.8285094,-106.5273904,734.960962244612,0.07200000000000001,1.1102230246251566e-17
4039,2026-02-28 17:15:25.160,31.8285094,-106.5273904,734.960962244612,0.14400000000000002,2.7755575615628915e-18
4040,2026-02-28 17:15:25.200,31.8285094,-106.5273904,734.960962244612,0.108,-0.02499999999999999
4041,2026-02-28 17:15:25.240,31.8285094,-106.5273903,734.970420287561,0.07200000000000001,0.012500000000000002
4042,2026-02-28 17:15:25.280,31.8285094,-106.5273903,734.970420287561,0.036000000000000004,0.0125
4043,2026-02-28 17:15:25.320,31.8285094,-106.5273902,734.9798783291659,0.0,0.025
4044,2026-02-28 17:15:25.360,31.8285094,-106.5273903,734.9893363707708,0.108,0.03750000000000001
4045,2026-02-28 17:15:25.400,31.8285094,-106.5273903,734.9893363707708,0.108,0.012500000000000002
4046,2026-02-28 17:15:25.440,31.8285094,-106.5273902,734.9987944123758,0.0,0.012500000000000016
4047,2026-02-28 17:15:25.480,31.8285094,-106.5273902,734.9987944123758,0.036000000000000004,0.012499999999999994
4048,2026-02-28 17:15:25.520,31.8285094,-106.5273903,735.0082524539807,0.14400000000000002,-0.05000000000000001
4049,2026-02-28 17:15:25.560,31.8285094,-106.5273902,735.0177104955857,0.07200000000000001,-0.05000000000000001
4050,2026-02-28 17:15:25.600,31.8285094,-106.5273902,735.0177104955857,0.108,-0.012499999999999994
4051,2026-02-28 17:15:25.640,31.8285094,-106.5273902,735.0177104955857,0.108,1.1102230246251566e-17
4052,2026-02-28 17:15:25.680,31.8285094,-106.5273902,735.0177104955857,0.036000000000000004,0.03750000000000001
4053,2026-02-28 17:15:25.720,31.8285094,-106.5273902,735.0177104955857,0.07200000000000001,0.012500000000000006
4054,2026-02-28 17:15:25.760,31.8285094,-106.5273902,735.0177104955857,0.14400000000000002,-0.025000000000000005
4055,2026-02-28 17:15:25.800,31.8285094,-106.5273902,735.0177104955857,0.108,-0.024999999999999998
4056,2026-02-28 17:15:25.840,31.8285094,-106.5273902,735.0177104955857,0.036000000000000004,0.025000000000000012
4057,2026-02-28 17:15:25.880,31.8285094,-106.5273902,735.0177104955857,0.036000000000000004,0.075
4058,2026-02-28 17:15:25.920,31.8285095,-106.5273902,735.0288424443996,0.0,0.10000000000000002
4059,2026-02-28 17:15:25.960,31.8285096,-106.5273902,735.0399743936091,0.07200000000000001,0.08750000000000001
4060,2026-02-28 17:15:26.000,31.8285096,-106.5273902,735.0399743936091,0.07200000000000001,0.012500000000000011
4061,2026-02-28 17:15:26.040,31.8285096,-106.5273902,735.0399743936091,0.14400000000000002,-0.025000000000000015
4062,2026-02-28 17:15:26.080,31.8285096,-106.5273902,735.0399743936091,0.108,-0.0125
4063,2026-02-28 17:15:26.120,31.8285096,-106.5273902,735.0399743936091,0.036000000000000004,0.062499999999999986
4064,2026-02-28 17:15:26.160,31.8285096,-106.5273902,735.0399743936091,0.108,0.05
4065,2026-02-28 17:15:26.200,31.8285096,-106.5273902,735.0399743936091,0.07200000000000001,-0.025000000000000012
4066,2026-02-28 17:15:26.240,31.8285096,-106.5273902,735.0399743936091,0.14400000000000002,0.012499999999999994
4067,2026-02-28 17:15:26.280,31.8285096,-106.5273902,735.0399743936091,0.14400000000000002,0.03749999999999999
4068,2026-02-28 17:15:26.320,31.8285097,-106.5273902,735.0511063428186,0.18000000000000002,0.0125
4069,2026-02-28 17:15:26.360,31.8285097,-106.5273902,735.0511063428186,0.14400000000000002,-1.8041124150158794e-17
4070,2026-02-28 17:15:26.400,31.8285097,-106.5273902,735.0511063428186,0.036000000000000004,0.0625
4071,2026-02-28 17:15:26.440,31.8285097,-106.5273902,735.0511063428186,0.108,0.0875
4072,2026-02-28 17:15:26.480,31.8285097,-106.5273902,735.0511063428186,0.108,0.05000000000000001
4073,2026-02-28 17:15:26.520,31.8285097,-106.5273902,735.0511063428186,0.216,-0.037500000000000006
4074,2026-02-28 17:15:26.560,31.8285097,-106.5273902,735.0511063428186,0.07200000000000001,-0.075
4075,2026-02-28 17:15:26.600,31.8285097,-106.5273902,735.0511063428186,0.036000000000000004,-1.3877787807814457e-17
4076,2026-02-28 17:15:26.640,31.8285097,-106.5273902,735.0511063428186,0.216,-0.012500000000000016
4077,2026-02-28 17:15:26.680,31.8285097,-106.5273902,735.0511063428186,0.18000000000000002,2.2204460492503132e-17
4078,2026-02-28 17:15:26.720,31.8285097,-106.5273902,735.0511063428186,0.18000000000000002,0.012500000000000011
4079,2026-02-28 17:15:26.760,31.8285097,-106.5273902,735.0511063428186,0.14400000000000002,-0.025000000000000015
4080,2026-02-28 17:15:26.800,31.8285097,-106.5273902,735.0511063428186,0.216,-0.05
4081,2026-02-28 17:15:26.840,31.8285097,-106.5273902,735.0511063428186,0.18000000000000002,-0.075
4082,2026-02-28 17:15:26.880,31.8285097,-106.5273902,735.0511063428186,0.18000000000000002,-0.05
4083,2026-02-28 17:15:26.920,31.8285097,-106.5273902,735.0511063428186,0.036000000000000004,0.012499999999999992
4084,2026-02-28 17:15:26.960,31.8285097,-106.5273902,735.0511063428186,0.036000000000000004,0.050000000000000024
4085,2026-02-28 17:15:27.000,31.8285097,-106.5273902,735.0511063428186,0.07200000000000001,0.03749999999999999
4086,2026-02-28 17:15:27.040,31.8285099,-106.5273902,735.0733702408419,0.14400000000000002,0.012500000000000006
4087,2026-02-28 17:15:27.080,31.8285099,-106.5273902,735.0733702408419,0.25200000000000006,-0.050000000000000024
4088,2026-02-28 17:15:27.120,31.8285099,-106.5273902,735.0733702408419,0.14400000000000002,-0.07500000000000002
4089,2026-02-28 17:15:27.160,31.8285099,-106.5273902,735.0733702408419,0.108,-0.0375
4090,2026-02-28 17:15:27.200,31.8285099,-106.5273902,735.0733702408419,0.108,-0.0125
4091,2026-02-28 17:15:27.240,31.8285099,-106.5273902,735.0733702408419,0.07200000000000001,0.025
4092,2026-02-28 17:15:27.280,31.8285099,-106.5273902,735.0733702408419,0.14400000000000002,0.03750000000000001
4093,2026-02-28 17:15:27.320,31.8285099,-106.5273902,735.0733702408419,0.108,0.012500000000000006
4094,2026-02-28 17:15:27.360,31.8285099,-106.5273902,735.0733702408419,0.108,5.551115123125783e-18
4095,2026-02-28 17:15:27.400,31.8285099,-106.5273902,735.0733702408419,0.108,-0.025000000000000005
4096,2026-02-28 17:15:27.440,31.8285099,-106.5273902,735.0733702408419,0.14400000000000002,-0.0625
4097,2026-02-28 17:15:27.480,31.8285099,-106.5273902,735.0733702408419,0.108,-0.024999999999999994
4098,2026-02-28 17:15:27.520,31.8285099,-106.5273902,735.0733702408419,0.07200000000000001,0.03750000000000001
4099,2026-02-28 17:15:27.560,31.8285099,-106.5273902,735.0733702408419,0.07200000000000001,0.03749999999999999
4100,2026-02-28 17:15:27.600,31.82851,-106.5273902,735.0845021900514,0.108,5.551115123125783e-18
4101,2026-02-28 17:15:27.640,31.82851,-106.5273902,735.0845021900514,0.14400000000000002,-0.0125
4102,2026-02-28 17:15:27.680,31.82851,-106.5273902,735.0845021900514,0.18000000000000002,-0.012500000000000011
4103,2026-02-28 17:15:27.720,31.82851,-106.5273902,735.0845021900514,0.108,-0.025000000000000005
4104,2026-02-28 17:15:27.760,31.82851,-106.5273902,735.0845021900514,0.108,5.551115123125783e-18
4105,2026-02-28 17:15:27.800,31.82851,-106.5273902,735.0845021900514,0.036000000000000004,0.025000000000000005
4106,2026-02-28 17:15:27.840,31.82851,-106.5273902,735.0845021900514,0.036000000000000004,0.024999999999999994
4107,2026-02-28 17:15:27.880,31.82851,-106.5273902,735.0845021900514,0.14400000000000002,-0.012500000000000006
4108,2026-02-28 17:15:27.920,31.82851,-106.5273902,735.0845021900514,0.14400000000000002,-0.03750000000000001
4109,2026-02-28 17:15:27.960,31.8285101,-106.5273902,735.0956341388653,0.108,-0.012500000000000015
4110,2026-02-28 17:15:28.000,31.8285101,-106.5273902,735.0956341388653,0.07200000000000001,0.012499999999999994
4111,2026-02-28 17:15:28.040,31.8285101,-106.5273902,735.0956341388653,0.14400000000000002,-1.1102230246251566e-17
4112,2026-02-28 17:15:28.080,31.8285101,-106.5273902,735.0956341388653,0.14400000000000002,-0.012500000000000011
4113,2026-02-28 17:15:28.120,31.8285101,-106.5273902,735.0956341388653,0.07200000000000001,0.012499999999999994
4114,2026-02-28 17:15:28.160,31.8285102,-106.5273902,735.1067660880748,0.14400000000000002,-0.025000000000000012
4115,2026-02-28 17:15:28.200,31.8285102,-106.5273902,735.1067660880748,0.07200000000000001,0.0
4116,2026-02-28 17:15:28.240,31.8285102,-106.5273902,735.1067660880748,0.07200000000000001,0.05
4117,2026-02-28 17:15:28.280,31.8285102,-106.5273902,735.1067660880748,0.07200000000000001,0.012499999999999994
4118,2026-02-28 17:15:28.320,31.8285102,-106.5273902,735.1067660880748,0.108,-0.025
4119,2026-02-28 17:15:28.360,31.8285102,-106.5273902,735.1067660880748,0.108,-0.03749999999999999
4120,2026-02-28 17:15:28.400,31.8285102,-106.5273902,735.1067660880748,0.108,-0.024999999999999988
4121,2026-02-28 17:15:28.440,31.8285103,-106.5273902,735.1178980372842,0.108,-0.02499999999999999
4122,2026-02-28 17:15:28.480,31.8285102,-106.5273902,735.1290299864937,0.14400000000000002,-0.05
4123,2026-02-28 17:15:28.520,31.8285102,-106.5273902,735.1290299864937,0.108,-0.0375
4124,2026-02-28 17:15:28.560,31.8285102,-106.5273902,735.1290299864937,0.036000000000000004,0.012500000000000011
4125,2026-02-28 17:15:28.600,31.8285103,-106.5273902,735.1401619357032,0.18000000000000002,-0.03750000000000001
4126,2026-02-28 17:15:28.640,31.8285103,-106.5273902,735.1401619357032,0.108,-0.05
4127,2026-02-28 17:15:28.680,31.8285103,-106.5273902,735.1401619357032,0.07200000000000001,0.025
4128,2026-02-28 17:15:28.720,31.8285103,-106.5273902,735.1401619357032,0.036000000000000004,0.0375
4129,2026-02-28 17:15:28.760,31.8285103,-106.5273902,735.1401619357032,0.07200000000000001,-5.551115123125783e-18
4130,2026-02-28 17:15:28.800,31.8285103,-106.5273902,735.1401619357032,0.07200000000000001,-0.0125
4131,2026-02-28 17:15:28.840,31.8285103,-106.5273902,735.1401619357032,0.07200000000000001,0.012499999999999997
4132,2026-02-28 17:15:28.880,31.8285103,-106.5273902,735.1401619357032,0.036000000000000004,0.025
4133,2026-02-28 17:15:28.920,31.8285103,-106.5273902,735.1401619357032,0.108,0.03750000000000001
4134,2026-02-28 17:15:28.960,31.8285103,-106.5273904,735.1590780200727,0.07200000000000001,0.050000000000000024
4135,2026-02-28 17:15:29.000,31.8285103,-106.5273904,735.1590780200727,0.036000000000000004,0.03750000000000002
4136,2026-02-28 17:15:29.040,31.8285103,-106.5273904,735.1590780200727,0.108,-0.012499999999999989
4137,2026-02-28 17:15:29.080,31.8285103,-106.5273904,735.1590780200727,0.14400000000000002,-0.024999999999999988
4138,2026-02-28 17:15:29.120,31.8285103,-106.5273904,735.1590780200727,0.07200000000000001,1.3877787807814457e-17
4139,2026-02-28 17:15:29.160,31.8285103,-106.5273904,735.1590780200727,0.036000000000000004,0.012500000000000006
4140,2026-02-28 17:15:29.200,31.8285103,-106.5273904,735.1590780200727,0.07200000000000001,0.050000000000000024
4141,2026-02-28 17:15:29.240,31.8285103,-106.5273904,735.1590780200727,0.108,0.025000000000000015
4142,2026-02-28 17:15:29.280,31.8285104,-106.5273904,735.1702099688866,0.07200000000000001,-0.012499999999999983
4143,2026-02-28 17:15:29.320,31.8285104,-106.5273904,735.1702099688866,0.18000000000000002,-0.05000000000000001
4144,2026-02-28 17:15:29.360,31.8285104,-106.5273904,735.1702099688866,0.14400000000000002,-0.0625
4145,2026-02-28 17:15:29.400,31.8285104,-106.5273904,735.1702099688866,0.07200000000000001,-0.012500000000000008
4146,2026-02-28 17:15:29.440,31.8285105,-106.5273905,735.184817324642,0.036000000000000004,0.0
4147,2026-02-28 17:15:29.480,31.8285105,-106.5273905,735.184817324642,0.14400000000000002,-0.03750000000000001
4148,2026-02-28 17:15:29.520,31.8285105,-106.5273905,735.184817324642,0.07200000000000001,-0.03750000000000001
4149,2026-02-28 17:15:29.560,31.8285105,-106.5273905,735.184817324642,0.07200000000000001,0.025
4150,2026-02-28 17:15:29.600,31.8285106,-106.5273905,735.1959492738515,0.18000000000000002,0.025
4151,2026-02-28 17:15:29.640,31.8285106,-106.5273905,735.1959492738515,0.07200000000000001,0.0
4152,2026-02-28 17:15:29.680,31.8285106,-106.5273905,735.1959492738515,0.07200000000000001,0.0
4153,2026-02-28 17:15:29.720,31.8285106,-106.5273905,735.1959492738515,0.036000000000000004,0.012500000000000006
4154,2026-02-28 17:15:29.760,31.8285106,-106.5273905,735.1959492738515,0.108,-0.0125
4155,2026-02-28 17:15:29.800,31.8285106,-106.5273905,735.1959492738515,0.07200000000000001,8.326672684688674e-18
4156,2026-02-28 17:15:29.840,31.8285106,-106.5273905,735.1959492738515,0.036000000000000004,0.03750000000000001
4157,2026-02-28 17:15:29.880,31.8285106,-106.5273905,735.1959492738515,0.036000000000000004,0.012500000000000006
4158,2026-02-28 17:15:29.920,31.8285106,-106.5273905,735.1959492738515,0.07200000000000001,0.012500000000000002
4159,2026-02-28 17:15:29.960,31.8285106,-106.5273905,735.1959492738515,0.14400000000000002,0.0
4160,2026-02-28 17:15:30.000,31.8285106,-106.5273905,735.1959492738515,0.18000000000000002,-0.0125
4161,2026-02-28 17:15:30.040,31.8285106,-106.5273905,735.1959492738515,0.07200000000000001,0.012500000000000011
4162,2026-02-28 17:15:30.080,31.8285106,-106.5273905,735.1959492738515,0.07200000000000001,0.025
4163,2026-02-28 17:15:30.120,31.8285106,-106.5273905,735.1959492738515,0.07200000000000001,0.037500000000000006
4164,2026-02-28 17:15:30.160,31.8285106,-106.5273905,735.1959492738515,0.036000000000000004,0.0375
4165,2026-02-28 17:15:30.200,31.8285106,-106.5273905,735.1959492738515,0.14400000000000002,-0.012499999999999997
4166,2026-02-28 17:15:30.240,31.8285106,-106.5273905,735.1959492738515,0.07200000000000001,-0.03750000000000001
4167,2026-02-28 17:15:30.280,31.8285106,-106.5273905,735.1959492738515,0.036000000000000004,-0.012499999999999994
4168,2026-02-28 17:15:30.320,31.8285106,-106.5273905,735.1959492738515,0.108,-0.025
4169,2026-02-28 17:15:30.360,31.8285106,-106.5273905,735.1959492738515,0.108,-0.03749999999999999
4170,2026-02-28 17:15:30.400,31.8285106,-106.5273905,735.1959492738515,0.18000000000000002,-0.05000000000000001
4171,2026-02-28 17:15:30.440,31.8285107,-106.5273905,735.2070812226655,0.108,-0.0375
4172,2026-02-28 17:15:30.480,31.8285106,-106.5273906,735.2216885789766,0.108,-0.0125
4173,2026-02-28 17:15:30.520,31.8285107,-106.5273906,735.2328205277905,0.14400000000000002,-0.025
4174,2026-02-28 17:15:30.560,31.8285106,-106.5273906,735.2439524766045,0.07200000000000001,-1.3877787807814457e-17
4175,2026-02-28 17:15:30.600,31.8285107,-106.5273906,735.2550844254184,0.07200000000000001,0.0375
4176,2026-02-28 17:15:30.640,31.8285107,-106.5273906,735.2550844254184,0.036000000000000004,0.0375
4177,2026-02-28 17:15:30.680,31.8285107,-106.5273906,735.2550844254184,0.036000000000000004,0.05
4178,2026-02-28 17:15:30.720,31.8285107,-106.5273906,735.2550844254184,0.036000000000000004,0.024999999999999994
4179,2026-02-28 17:15:30.760,31.8285107,-106.5273906,735.2550844254184,0.07200000000000001,-0.025000000000000012
4180,2026-02-28 17:15:30.800,31.8285107,-106.5273906,735.2550844254184,0.07200000000000001,-0.025000000000000012
4181,2026-02-28 17:15:30.840,31.8285107,-106.5273906,735.2550844254184,0.108,-0.012500000000000011
4182,2026-02-28 17:15:30.880,31.8285107,-106.5273906,735.2550844254184,0.07200000000000001,8.326672684688674e-18
4183,2026-02-28 17:15:30.920,31.8285107,-106.5273906,735.2550844254184,0.108,-0.025000000000000005
4184,2026-02-28 17:15:30.960,31.8285107,-106.5273906,735.2550844254184,0.108,-0.0375
4185,2026-02-28 17:15:31.000,31.8285107,-106.5273907,735.2645424668901,0.14400000000000002,-0.05000000000000001
4186,2026-02-28 17:15:31.040,31.8285107,-106.5273907,735.2645424668901,0.07200000000000001,-0.0375
4187,2026-02-28 17:15:31.080,31.8285109,-106.5273907,735.286806365309,0.14400000000000002,-0.025000000000000012
4188,2026-02-28 17:15:31.120,31.8285108,-106.5273907,735.2979383145184,0.0,0.0125
4189,2026-02-28 17:15:31.160,31.8285108,-106.5273907,735.2979383145184,0.036000000000000004,0.075
4190,2026-02-28 17:15:31.200,31.8285108,-106.5273907,735.2979383145184,0.036000000000000004,0.0375
4191,2026-02-28 17:15:31.240,31.8285109,-106.5273907,735.3090702637279,0.108,-0.03750000000000001
4192,2026-02-28 17:15:31.280,31.8285109,-106.5273907,735.3090702637279,0.07200000000000001,-0.05
4193,2026-02-28 17:15:31.320,31.8285109,-106.5273907,735.3090702637279,0.036000000000000004,0.012499999999999989
4194,2026-02-28 17:15:31.360,31.8285109,-106.5273907,735.3090702637279,0.07200000000000001,0.06250000000000001
4195,2026-02-28 17:15:31.400,31.8285109,-106.5273908,735.3185283065231,0.036000000000000004,0.0625
4196,2026-02-28 17:15:31.440,31.8285109,-106.5273908,735.3185283065231,0.07200000000000001,0.03749999999999999
4197,2026-02-28 17:15:31.480,31.8285109,-106.5273908,735.3185283065231,0.07200000000000001,0.012499999999999992
4198,2026-02-28 17:15:31.520,31.8285109,-106.5273908,735.3185283065231,0.108,-0.012499999999999994
4199,2026-02-28 17:15:31.560,31.8285109,-106.5273908,735.3185283065231,0.14400000000000002,-0.03750000000000001
4200,2026-02-28 17:15:31.600,31.8285109,-106.5273908,735.3185283065231,0.036000000000000004,-0.025
4201,2026-02-28 17:15:31.640,31.8285109,-106.5273908,735.3185283065231,0.0,0.024999999999999998
4202,2026-02-28 17:15:31.680,31.8285109,-106.5273908,735.3185283065231,0.036000000000000004,0.05
4203,2026-02-28 17:15:31.720,31.8285109,-106.5273909,735.3279863479744,0.108,0.024999999999999998
4204,2026-02-28 17:15:31.760,31.8285109,-106.5273909,735.3279863479744,0.18000000000000002,-0.0625
4205,2026-02-28 17:15:31.800,31.8285109,-106.5273909,735.3279863479744,0.108,-0.06250000000000001
4206,2026-02-28 17:15:31.840,31.8285109,-106.5273909,735.3279863479744,0.108,-0.012499999999999994
4207,2026-02-28 17:15:31.880,31.8285109,-106.5273909,735.3279863479744,0.07200000000000001,-0.024999999999999994
4208,2026-02-28 17:15:31.920,31.8285109,-106.5273909,735.3279863479744,0.07200000000000001,-0.012499999999999997
4209,2026-02-28 17:15:31.960,31.8285109,-106.5273909,735.3279863479744,0.07200000000000001,0.012500000000000002
4210,2026-02-28 17:15:32.000,31.8285109,-106.5273909,735.3279863479744,0.036000000000000004,0.0375
4211,2026-02-28 17:15:32.040,31.8285109,-106.5273909,735.3279863479744,0.07200000000000001,0.0
4212,2026-02-28 17:15:32.080,31.8285109,-106.5273909,735.3279863479744,0.108,-0.049999999999999996
4213,2026-02-28 17:15:32.120,31.8285109,-106.5273909,735.3279863479744,0.108,-0.012499999999999989
4214,2026-02-28 17:15:32.160,31.8285109,-106.5273909,735.3279863479744,0.0,0.03750000000000002
4215,2026-02-28 17:15:32.200,31.8285109,-106.5273909,735.3279863479744,0.108,1.6653345369377347e-17
4216,2026-02-28 17:15:32.240,31.8285109,-106.5273909,735.3279863479744,0.07200000000000001,-0.024999999999999994
4217,2026-02-28 17:15:32.280,31.8285109,-106.5273909,735.3279863479744,0.036000000000000004,0.012500000000000015
4218,2026-02-28 17:15:32.320,31.8285109,-106.5273909,735.3279863479744,0.07200000000000001,0.05000000000000001
4219,2026-02-28 17:15:32.360,31.8285109,-106.5273909,735.3279863479744,0.108,0.08750000000000005
4220,2026-02-28 17:15:32.400,31.8285109,-106.5273909,735.3279863479744,0.108,0.13750000000000004
4221,2026-02-28 17:15:32.440,31.8285109,-106.5273909,735.3279863479744,0.0,0.18750000000000006
4222,2026-02-28 17:15:32.480,31.828511,-106.5273909,735.3391182967883,0.036000000000000004,0.21250000000000005
4223,2026-02-28 17:15:32.520,31.8285109,-106.5273909,735.3502502456023,0.14400000000000002,0.225
4224,2026-02-28 17:15:32.560,31.828511,-106.5273911,735.3721987883154,0.07200000000000001,0.32500000000000007
4225,2026-02-28 17:15:32.600,31.828511,-106.5273911,735.3721987883154,0.036000000000000004,0.4625
4226,2026-02-28 17:15:32.640,31.828511,-106.5273911,735.3721987883154,0.07200000000000001,0.5750000000000002
4227,2026-02-28 17:15:32.680,31.828511,-106.5273911,735.3721987883154,0.07200000000000001,0.7125000000000001
4228,2026-02-28 17:15:32.720,31.828511,-106.5273911,735.3721987883154,0.18000000000000002,0.8000000000000002
4229,2026-02-28 17:15:32.760,31.828511,-106.5273911,735.3721987883154,0.25200000000000006,0.8000000000000002
4230,2026-02-28 17:15:32.800,31.8285112,-106.5273911,735.3944626867342,0.36000000000000004,0.7875000000000002
4231,2026-02-28 17:15:32.840,31.8285112,-106.5273913,735.4133787709192,0.28800000000000003,0.925
4232,2026-02-28 17:15:32.880,31.8285112,-106.5273913,735.4133787709192,0.36000000000000004,1.125
4233,2026-02-28 17:15:32.920,31.8285112,-106.5273914,735.4228368123396,0.468,1.2500000000000002
4234,2026-02-28 17:15:32.960,31.8285113,-106.5273914,735.4339687611536,0.684,1.3000000000000003
4235,2026-02-28 17:15:33.000,31.8285115,-106.5273914,735.4562326595724,0.756,1.3250000000000002
4236,2026-02-28 17:15:33.040,31.8285115,-106.5273916,735.475148743696,1.0080000000000002,1.2500000000000002
4237,2026-02-28 17:15:33.080,31.8285116,-106.5273918,735.4970972863031,1.1880000000000002,1.125
4238,2026-02-28 17:15:33.120,31.8285118,-106.527392,735.5263119985184,1.368,1.125
4239,2026-02-28 17:15:33.160,31.8285119,-106.5273921,735.5409193538795,1.368,1.2875
4240,2026-02-28 17:15:33.200,31.8285121,-106.5273921,735.5631832522984,1.512,1.5
4241,2026-02-28 17:15:33.240,31.8285123,-106.5273923,735.5923979641459,1.8,1.5625000000000004
4242,2026-02-28 17:15:33.280,31.8285124,-106.5273925,735.6143465068124,2.088,1.5125000000000002
4243,2026-02-28 17:15:33.320,31.8285126,-106.5273928,735.6504127255828,2.3400000000000003,1.4
4244,2026-02-28 17:15:33.360,31.8285129,-106.527393,735.6887937214176,2.556,1.35
4245,2026-02-28 17:15:33.400,31.828513,-106.5273932,735.7107422639781,2.7,1.4250000000000005
4246,2026-02-28 17:15:33.440,31.8285133,-106.5273935,735.7545643312759,2.664,1.4875000000000003
4247,2026-02-28 17:15:33.480,31.8285135,-106.5273937,735.7837790429643,2.7720000000000002,1.5375
4248,2026-02-28 17:15:33.520,31.8285136,-106.527394,735.814258728922,3.024,1.5999999999999999
4249,2026-02-28 17:15:33.560,31.8285139,-106.5273944,735.8647221364258,3.42,1.5250000000000001
4250,2026-02-28 17:15:33.600,31.8285144,-106.5273947,735.9271969168927,3.7800000000000002,1.3500000000000005
4251,2026-02-28 17:15:33.640,31.8285147,-106.5273951,735.9776603241507,4.032000000000001,1.2875
4252,2026-02-28 17:15:33.680,31.828515,-106.5273954,736.0214823911102,4.212,1.2875
4253,2026-02-28 17:15:33.720,31.8285153,-106.5273957,736.06530445801,4.248,1.325
4254,2026-02-28 17:15:33.760,31.8285157,-106.5273961,736.1237338811308,4.5360000000000005,1.3499999999999994
4255,2026-02-28 17:15:33.800,31.8285161,-106.5273966,736.188688391138,4.824000000000001,1.3249999999999995
4256,2026-02-28 17:15:33.840,31.8285164,-106.5273969,736.2325104578189,4.824000000000001,1.3874999999999995
4257,2026-02-28 17:15:33.880,31.8285168,-106.5273975,736.304642894434,5.04,1.425
4258,2026-02-28 17:15:33.920,31.8285173,-106.5273978,736.3671176748484,5.364,1.3125
4259,2026-02-28 17:15:33.960,31.8285177,-106.5273983,736.4320721839878,5.472,1.275
4260,2026-02-28 17:15:34.000,31.8285181,-106.5273988,736.497026693249,5.6160000000000005,1.3249999999999997
4261,2026-02-28 17:15:34.040,31.8285186,-106.5273993,736.5700634705435,5.904,1.3500000000000003
4262,2026-02-28 17:15:34.080,31.8285191,-106.5273999,736.6495516515535,6.048,1.387500000000001
4263,2026-02-28 17:15:34.120,31.8285194,-106.5274004,736.707445055015,6.228,1.3625000000000003
4264,2026-02-28 17:15:34.160,31.82852,-106.5274009,736.7892832733469,6.444,1.2874999999999999
4265,2026-02-28 17:15:34.200,31.8285206,-106.5274014,736.8711214915012,6.732,1.2124999999999997
4266,2026-02-28 17:15:34.240,31.8285211,-106.5274021,736.9576158825763,6.912,1.1999999999999997
4267,2026-02-28 17:15:34.280,31.8285215,-106.5274026,737.0225703905694,7.056,1.2000000000000006
4268,2026-02-28 17:15:34.320,31.8285221,-106.5274031,737.1044086082796,7.128,1.2250000000000003
4269,2026-02-28 17:15:34.360,31.8285227,-106.5274038,737.198453293126,7.38,1.225
4270,2026-02-28 17:15:34.400,31.8285233,-106.5274045,737.2924979776694,7.524,1.1874999999999996
4271,2026-02-28 17:15:34.440,31.8285239,-106.5274052,737.3865426619099,7.884,1.1499999999999988
4272,2026-02-28 17:15:34.480,31.8285245,-106.5274059,737.4805873458474,8.064000000000002,1.0999999999999992
4273,2026-02-28 17:15:34.520,31.8285251,-106.5274064,737.5624255626694,8.136,1.1500000000000004
4274,2026-02-28 17:15:34.560,31.8285257,-106.5274071,737.656470246001,8.244,1.2125000000000001
4275,2026-02-28 17:15:34.600,31.8285263,-106.5274078,737.7505149290297,8.424,1.2250000000000003
4276,2026-02-28 17:15:34.640,31.8285269,-106.5274086,737.8514417351329,8.676,1.2375000000000014
4277,2026-02-28 17:15:34.680,31.8285276,-106.5274093,737.953693219627,8.748000000000001,1.25
4278,2026-02-28 17:15:34.720,31.8285282,-106.5274102,738.0618918660671,8.964,1.1749999999999994
4279,2026-02-28 17:15:34.760,31.8285288,-106.5274109,738.1559365478333,9.072000000000001,1.1124999999999994
4280,2026-02-28 17:15:34.800,31.8285296,-106.5274117,738.272795385632,9.251999999999999,1.1374999999999997
4281,2026-02-28 17:15:34.840,31.8285303,-106.5274124,738.3750468688721,9.468,1.1625
4282,2026-02-28 17:15:34.880,31.828531,-106.5274133,738.4904501203589,9.648000000000001,1.2249999999999992
4283,2026-02-28 17:15:34.920,31.8285318,-106.5274141,738.6073089569899,9.864,1.2624999999999997
4284,2026-02-28 17:15:34.960,31.8285325,-106.527415,738.7227122074563,10.008,1.2125000000000015
4285,2026-02-28 17:15:35.000,31.8285333,-106.5274157,738.8336814367706,10.188,1.1125000000000007
4286,2026-02-28 17:15:35.040,31.8285341,-106.5274167,738.9635904432354,10.476,0.9999999999999997
4287,2026-02-28 17:15:35.080,31.8285348,-106.5274174,739.0658419243857,10.548,1.0125
4288,2026-02-28 17:15:35.120,31.8285355,-106.5274182,739.1744567618786,10.548,1.1750000000000003
4289,2026-02-28 17:15:35.160,31.8285364,-106.5274191,739.3059229510285,10.692,1.287500000000001
4290,2026-02-28 17:15:35.200,31.8285372,-106.5274201,739.4358319551808,10.908,1.275000000000001
4291,2026-02-28 17:15:35.240,31.828538,-106.527421,739.5590257608003,11.16,1.1875000000000002
4292,2026-02-28 17:15:35.280,31.8285389,-106.5274218,739.6845750809188,11.484,1.0624999999999996
4293,2026-02-28 17:15:35.320,31.8285398,-106.5274229,739.8290103209293,11.664000000000001,1.024999999999999
4294,2026-02-28 17:15:35.360,31.8285406,-106.5274239,739.9589193225453,11.700000000000001,1.0749999999999993
4295,2026-02-28 17:15:35.400,31.8285415,-106.5274248,740.0903855086501,11.700000000000001,1.15
4296,2026-02-28 17:15:35.440,31.8285422,-106.5274258,740.2129315982289,11.844000000000001,1.2
4297,2026-02-28 17:15:35.480,31.8285431,-106.5274268,740.3507103817334,12.096,1.1999999999999997
4298,2026-02-28 17:15:35.520,31.8285442,-106.5274277,740.4998417642761,12.384,1.1625000000000003
4299,2026-02-28 17:15:35.560,31.828545,-106.5274289,740.6441066096079,12.564000000000002,1.1125000000000003
4300,2026-02-28 17:15:35.600,31.8285459,-106.5274299,740.7818853914305,12.708,1.1374999999999997
4301,2026-02-28 17:15:35.640,31.8285468,-106.527431,740.926320625758,12.78,1.1750000000000005
4302,2026-02-28 17:15:35.680,31.8285479,-106.527432,741.0810455553956,12.924,1.1750000000000014
4303,2026-02-28 17:15:35.720,31.8285489,-106.527433,741.2271190903494,13.176,1.1500000000000008
4304,2026-02-28 17:15:35.760,31.8285498,-106.527434,741.3648978691413,13.284,1.1375000000000002
4305,2026-02-28 17:15:35.800,31.8285507,-106.5274352,741.5162880569993,13.428,1.1875000000000002
4306,2026-02-28 17:15:35.840,31.8285518,-106.5274363,741.6769689436799,13.572000000000001,1.2124999999999997
4307,2026-02-28 17:15:35.880,31.8285528,-106.5274375,741.8359452751004,13.824,1.1999999999999997
4308,2026-02-28 17:15:35.920,31.8285538,-106.5274387,741.9949216056431,14.004000000000001,1.2125000000000004
4309,2026-02-28 17:15:35.960,31.8285549,-106.5274397,742.1496465308963,14.148000000000001,1.2500000000000002
4310,2026-02-28 17:15:36.000,31.8285559,-106.5274409,742.3086228595956,14.4,1.2500000000000002
4311,2026-02-28 17:15:36.040,31.828557,-106.5274421,742.475583330449,14.472,1.2749999999999995
4312,2026-02-28 17:15:36.080,31.828558,-106.5274433,742.6345596573049,14.616,1.3249999999999997
4313,2026-02-28 17:15:36.120,31.8285592,-106.5274445,742.8098478911825,14.796000000000001,1.3250000000000006
4314,2026-02-28 17:15:36.160,31.8285602,-106.5274457,742.9688242158302,14.940000000000001,1.3249999999999997
4315,2026-02-28 17:15:36.200,31.8285614,-106.5274469,743.1441124482577,15.192,1.3624999999999998
4316,2026-02-28 17:15:36.240,31.8285626,-106.5274483,743.3322017779598,15.3,1.412500000000001
4317,2026-02-28 17:15:36.280,31.8285637,-106.5274495,743.499162243213,15.552000000000001,1.4249999999999996
4318,2026-02-28 17:15:36.320,31.8285649,-106.5274507,743.6744504725527,15.768,1.3874999999999982
4319,2026-02-28 17:15:36.360,31.8285659,-106.5274521,743.8474392060407,15.984000000000002,1.3249999999999997
4320,2026-02-28 17:15:36.400,31.8285671,-106.5274534,744.028994497526,16.164,1.2375000000000014
4321,2026-02-28 17:15:36.440,31.8285684,-106.5274548,744.225146482115,16.38,1.150000000000001
4322,2026-02-28 17:15:36.480,31.8285696,-106.5274562,744.413235804748,16.524,1.1749999999999994
4323,2026-02-28 17:15:36.520,31.8285708,-106.5274574,744.5885240293904,16.704,1.2624999999999988
4324,2026-02-28 17:15:36.560,31.828572,-106.5274588,744.7766133495998,16.848,1.3249999999999995
4325,2026-02-28 17:15:36.600,31.8285732,-106.5274603,744.971476815904,17.208000000000002,1.3000000000000003
4326,2026-02-28 17:15:36.640,31.8285746,-106.5274617,745.1759797412616,17.352,1.2375000000000003
4327,2026-02-28 17:15:36.680,31.8285759,-106.5274631,745.3721317185879,17.604,1.2125000000000008
4328,2026-02-28 17:15:36.720,31.8285772,-106.5274646,745.5747885123855,17.712,1.2375000000000003
4329,2026-02-28 17:15:36.760,31.8285784,-106.527466,745.7628778261316,17.856,1.3000000000000003
4330,2026-02-28 17:15:36.800,31.8285798,-106.5274674,745.9673807466593,17.856,1.349999999999999
4331,2026-02-28 17:15:36.840,31.8285811,-106.5274689,746.1700375362607,18.0,1.349999999999999
4332,2026-02-28 17:15:36.880,31.8285823,-106.5274705,746.371891081753,18.288,1.3
4333,2026-02-28 17:15:36.920,31.8285838,-106.527472,746.5910013495508,18.576,1.2749999999999997
4334,2026-02-28 17:15:36.960,31.8285851,-106.5274734,746.7871533179682,18.791999999999998,1.2624999999999997
4335,2026-02-28 17:15:37.000,31.8285865,-106.5274751,747.0110745146436,19.008000000000003,1.2499999999999987
4336,2026-02-28 17:15:37.040,31.8285878,-106.5274765,747.2072264804465,19.116,1.3124999999999987
4337,2026-02-28 17:15:37.080,31.8285893,-106.5274782,747.4390332733559,19.332,1.3500000000000012
4338,2026-02-28 17:15:37.120,31.8285906,-106.5274799,747.6553544515228,19.548,1.262500000000002
4339,2026-02-28 17:15:37.160,31.8285921,-106.5274813,747.8684627067397,19.764000000000003,1.1750000000000007
4340,2026-02-28 17:15:37.200,31.8285936,-106.527483,748.1002694944539,19.836,1.1875000000000013
4341,2026-02-28 17:15:37.240,31.828595,-106.5274847,748.3241906804977,19.908,1.2750000000000006
4342,2026-02-28 17:15:37.280,31.8285964,-106.5274863,748.5414202869836,20.124,1.3375000000000004
4343,2026-02-28 17:15:37.320,31.8285979,-106.5274878,748.7605305407496,20.412,1.2875000000000025
4344,2026-02-28 17:15:37.360,31.8285994,-106.5274895,748.9923373217409,20.592,1.2375000000000014
4345,2026-02-28 17:15:37.400,31.8286009,-106.5274912,749.224144100635,20.808,1.2124999999999997
4346,2026-02-28 17:15:37.440,31.8286024,-106.527493,749.4626085331269,21.096,1.1374999999999993
4347,2026-02-28 17:15:37.480,31.8286039,-106.5274947,749.6944153083963,21.240000000000002,1.1124999999999985
4348,2026-02-28 17:15:37.520,31.8286054,-106.5274966,749.9397214343682,21.276,1.1874999999999991
4349,2026-02-28 17:15:37.560,31.828607,-106.5274983,750.1796712382805,21.42,1.2124999999999997
4350,2026-02-28 17:15:37.600,31.8286087,-106.5275,750.4279961805544,21.6,1.1749999999999983
4351,2026-02-28 17:15:37.640,31.8286101,-106.5275019,750.665864639281,21.816,1.1750000000000005
4352,2026-02-28 17:15:37.680,31.8286118,-106.5275036,750.9141895783599,22.068,1.1875000000000022
4353,2026-02-28 17:15:37.720,31.8286134,-106.5275055,751.1672046347915,22.176000000000002,1.2250000000000005
4354,2026-02-28 17:15:37.760,31.8286151,-106.5275072,751.4155295701485,22.392,1.2
4355,2026-02-28 17:15:37.800,31.8286167,-106.5275091,751.6685446222955,22.5,1.1875000000000013
4356,2026-02-28 17:15:37.840,31.8286182,-106.527511,751.9138507300124,22.68,1.200000000000002
4357,2026-02-28 17:15:37.880,31.8286198,-106.5275129,752.1668657775946,22.86,1.2
4358,2026-02-28 17:15:37.920,31.8286216,-106.5275148,752.436018509522,23.076,1.1749999999999994
4359,2026-02-28 17:15:37.960,31.8286231,-106.5275167,752.6813246102506,23.112000000000002,1.1375000000000004
4360,2026-02-28 17:15:38.000,31.8286249,-106.5275187,752.9568820628195,23.291999999999998,1.150000000000001
4361,2026-02-28 17:15:38.040,31.8286264,-106.5275206,753.2021881588419,23.508000000000003,1.1249999999999996
4362,2026-02-28 17:15:38.080,31.8286282,-106.5275227,753.4843220544783,23.796000000000003,1.0624999999999962
4363,2026-02-28 17:15:38.120,31.8286298,-106.5275246,753.7373370885117,23.976000000000003,1.0124999999999973
4364,2026-02-28 17:15:38.160,31.8286316,-106.5275266,754.0128945316553,24.048,1.050000000000001
4365,2026-02-28 17:15:38.200,31.8286334,-106.5275287,754.2950284194147,24.264000000000003,1.0625000000000018
4366,2026-02-28 17:15:38.240,31.828635,-106.5275306,754.5480434459796,24.372,1.0249999999999992
4367,2026-02-28 17:15:38.280,31.8286368,-106.5275328,754.8369137685354,24.624,0.9875
4368,2026-02-28 17:15:38.320,31.8286386,-106.5275347,755.1060664780716,24.696,0.9625000000000016
4369,2026-02-28 17:15:38.360,31.8286403,-106.5275368,755.3804062563368,24.768,1.0249999999999992
4370,2026-02-28 17:15:38.400,31.828642,-106.527539,755.6616692089631,24.948,1.0624999999999987
4371,2026-02-28 17:15:38.440,31.8286438,-106.527541,755.9372266349442,25.092,1.037500000000001
4372,2026-02-28 17:15:38.480,31.8286456,-106.5275431,756.2193605045038,25.272,0.9875000000000023
4373,2026-02-28 17:15:38.520,31.8286474,-106.5275452,756.501494371056,25.416,0.9750000000000014
4374,2026-02-28 17:15:38.560,31.8286492,-106.5275474,756.790364673203,25.632,0.9625000000000006
4375,2026-02-28 17:15:38.600,31.828651,-106.5275495,757.0724985343019,25.740000000000002,0.9374999999999989
4376,2026-02-28 17:15:38.640,31.8286529,-106.5275517,757.3691988862297,25.848,0.9374999999999989
4377,2026-02-28 17:15:38.680,31.8286547,-106.5275538,757.6513327417238,25.992,0.9124999999999994
4378,2026-02-28 17:15:38.720,31.8286566,-106.5275558,757.935087804686,26.1,0.9249999999999983
4379,2026-02-28 17:15:38.760,31.8286586,-106.527558,758.2398237312123,26.316,0.9250000000000002
4380,2026-02-28 17:15:38.800,31.8286605,-106.5275603,758.5432319285587,26.46,0.9125000000000005
4381,2026-02-28 17:15:38.840,31.8286623,-106.5275624,758.8253657715941,26.568,0.9249999999999993
4382,2026-02-28 17:15:38.880,31.8286641,-106.5275646,759.1142360505156,26.64,0.9500000000000007
4383,2026-02-28 17:15:38.920,31.8286662,-106.5275668,759.4271972455809,26.856,0.9124999999999993
4384,2026-02-28 17:15:38.960,31.8286681,-106.527569,759.7238975734792,26.964000000000002,0.8124999999999971
4385,2026-02-28 17:15:39.000,31.8286699,-106.5275713,760.0196533405103,27.108,0.7624999999999993
4386,2026-02-28 17:15:39.040,31.8286718,-106.5275735,760.3163536622775,27.18,0.7250000000000023
4387,2026-02-28 17:15:39.080,31.8286738,-106.5275757,760.6210895654079,27.288,0.7125000000000025
4388,2026-02-28 17:15:39.120,31.8286759,-106.527578,760.9404172054506,27.468,0.7125000000000026
4389,2026-02-28 17:15:39.160,31.8286778,-106.5275804,761.2506765572455,27.612000000000002,0.687500000000002
4390,2026-02-28 17:15:39.200,31.8286797,-106.5275826,761.5473768665236,27.791999999999998,0.5875000000000019
4391,2026-02-28 17:15:39.240,31.8286817,-106.5275849,761.8586474936775,27.900000000000002,0.5125000000000002
4392,2026-02-28 17:15:39.280,31.8286838,-106.5275872,762.1779751210372,28.044,0.4874999999999986
4393,2026-02-28 17:15:39.320,31.8286857,-106.5275895,762.481383275804,28.08,0.5124999999999991
4394,2026-02-28 17:15:39.360,31.8286878,-106.5275918,762.8007108958263,28.08,0.6499999999999996
4395,2026-02-28 17:15:39.400,31.8286897,-106.5275942,763.1109702262112,28.188000000000002,0.7250000000000001
4396,2026-02-28 17:15:39.440,31.8286916,-106.5275965,763.4143783707333,28.188000000000002,0.6999999999999984
4397,2026-02-28 17:15:39.480,31.8286936,-106.5275989,763.7323307872592,28.332,0.6374999999999964
4398,2026-02-28 17:15:39.520,31.8286957,-106.5276012,764.0516583955142,28.476000000000003,0.5874999999999975
4399,2026-02-28 17:15:39.560,31.8286978,-106.5276036,764.3775026318067,28.584000000000003,0.5999999999999972
4400,2026-02-28 17:15:39.600,31.8286997,-106.5276059,764.6809107619545,28.512,0.7249999999999968
4401,2026-02-28 17:15:39.640,31.8287018,-106.5276083,765.0067549913945,28.656,0.7874999999999988
4402,2026-02-28 17:15:39.680,31.8287039,-106.5276106,765.3260825864849,28.692,0.7625000000000004
4403,2026-02-28 17:15:39.720,31.8287058,-106.5276131,765.6433271117447,28.907999999999998,0.6875000000000009
4404,2026-02-28 17:15:39.760,31.8287079,-106.5276155,765.9691713307348,29.124,0.5750000000000033
4405,2026-02-28 17:15:39.800,31.82871,-106.5276179,766.2950155461273,29.232,0.5375000000000019
4406,2026-02-28 17:15:39.840,31.8287121,-106.5276203,766.6208597579223,29.16,0.5875000000000008
4407,2026-02-28 17:15:39.880,31.828714,-106.5276227,766.9311190445874,29.195999999999998,0.6625000000000036
4408,2026-02-28 17:15:39.920,31.8287161,-106.5276252,767.2636212254108,29.304000000000002,0.6500000000000039
4409,2026-02-28 17:15:39.960,31.8287182,-106.5276276,767.5894654267557,29.483999999999998,0.5625000000000058
4410,2026-02-28 17:15:40.000,31.8287204,-106.5276301,767.9298861473565,29.7,0.48750000000000515
4411,2026-02-28 17:15:40.040,31.8287225,-106.5276325,768.255730341335,29.736,0.475000000000001
4412,2026-02-28 17:15:40.080,31.8287246,-106.527635,768.5882325066747,29.808,0.462499999999999
4413,2026-02-28 17:15:40.120,31.8287267,-106.5276374,768.9140766934581,29.772,0.5000000000000004
4414,2026-02-28 17:15:40.160,31.8287289,-106.5276399,769.2544973989352,29.916000000000004,0.5499999999999972
4415,2026-02-28 17:15:40.200,31.828731,-106.5276424,769.5869995526164,29.988,0.5499999999999994
4416,2026-02-28 17:15:40.240,31.8287331,-106.5276449,769.9195017015163,30.096,0.5250000000000021
4417,2026-02-28 17:15:40.280,31.8287353,-106.5276474,770.2599223965398,30.168000000000003,0.5249999999999999
4418,2026-02-28 17:15:40.320,31.8287374,-106.5276499,770.5924245376067,30.204000000000004,0.5499999999999972
4419,2026-02-28 17:15:40.360,31.8287395,-106.5276524,770.9249266748483,30.204000000000004,0.5999999999999939
4420,2026-02-28 17:15:40.400,31.8287416,-106.5276549,771.2574288092202,30.384,0.6124999999999958
4421,2026-02-28 17:15:40.440,31.8287438,-106.5276574,771.5978494881864,30.419999999999998,0.5624999999999991
4422,2026-02-28 17:15:40.480,31.8287459,-106.5276599,771.9303516147253,30.456000000000003,0.6125000000000003
4423,2026-02-28 17:15:40.520,31.8287481,-106.5276624,772.2707722857562,30.564,0.6374999999999997
4424,2026-02-28 17:15:40.560,31.8287504,-106.5276649,772.6192871986383,30.708,0.5625000000000013
4425,2026-02-28 17:15:40.600,31.8287526,-106.5276675,772.9663439477333,30.780000000000005,0.5249999999999999
4426,2026-02-28 17:15:40.640,31.8287547,-106.5276701,773.3056370526859,30.816000000000003,0.5125000000000002
4427,2026-02-28 17:15:40.680,31.8287569,-106.5276727,773.6526937933851,30.96,0.5125000000000002
4428,2026-02-28 17:15:40.720,31.8287592,-106.5276752,774.0012086909734,30.996,0.5624999999999991
4429,2026-02-28 17:15:40.760,31.8287614,-106.5276777,774.3416293386247,31.14,0.6125000000000003
4430,2026-02-28 17:15:40.800,31.8287635,-106.5276803,774.6809224275601,31.212,0.6125000000000003
4431,2026-02-28 17:15:40.840,31.8287657,-106.5276829,775.027979151927,31.212,0.5875000000000008
4432,2026-02-28 17:15:40.880,31.8287681,-106.5276855,775.3910893742488,31.428,0.5125000000000002
4433,2026-02-28 17:15:40.920,31.8287702,-106.5276881,775.7303824502476,31.428,0.5249999999999999
4434,2026-02-28 17:15:40.960,31.8287724,-106.5276907,776.0774391607358,31.464000000000002,0.6125000000000025
4435,2026-02-28 17:15:41.000,31.8287747,-106.5276933,776.4324388386709,31.536,0.6499999999999995
4436,2026-02-28 17:15:41.040,31.8287769,-106.5276959,776.7794955418962,31.536,0.6749999999999945
4437,2026-02-28 17:15:41.080,31.8287791,-106.5276985,777.1265522406895,31.716,0.6249999999999956
4438,2026-02-28 17:15:41.120,31.8287815,-106.5277011,777.4896624391263,31.86,0.5499999999999994
4439,2026-02-28 17:15:41.160,31.8287837,-106.5277038,777.843483593904,32.04,0.5125000000000002
4440,2026-02-28 17:15:41.200,31.828786,-106.5277065,778.2050991628653,32.076,0.5500000000000016
4441,2026-02-28 17:15:41.240,31.8287882,-106.5277091,778.5521558447601,32.04,0.6500000000000039
4442,2026-02-28 17:15:41.280,31.8287906,-106.5277118,778.9217367797123,32.076,0.7250000000000045
4443,2026-02-28 17:15:41.320,31.8287929,-106.5277146,779.2900922876781,32.292,0.6875000000000031
4444,2026-02-28 17:15:41.360,31.8287951,-106.5277173,779.643913420937,32.364000000000004,0.6499999999999972
4445,2026-02-28 17:15:41.400,31.8287975,-106.52772,780.0134943417706,32.507999999999996,0.6249999999999978
4446,2026-02-28 17:15:41.440,31.8287997,-106.5277227,780.3673154648745,32.507999999999996,0.6125000000000003
4447,2026-02-28 17:15:41.480,31.8288021,-106.5277253,780.7304256258539,32.544,0.5625000000000013
4448,2026-02-28 17:15:41.520,31.8288043,-106.5277281,781.0911323635671,32.616,0.5000000000000004
4449,2026-02-28 17:15:41.560,31.8288067,-106.5277308,781.4607132668142,32.76,0.5249999999999977
4450,2026-02-28 17:15:41.600,31.8288089,-106.5277336,781.8214199945695,32.940000000000005,0.4583333333333285
4451,2026-02-28 17:15:41.640,31.8288113,-106.5277363,782.1910008893092,33.048,0.3906249999999917
4452,2026-02-28 17:15:41.680,31.8288137,-106.5277392,782.5738962788944,33.156000000000006,0.33928571428570387
4453,2026-02-28 17:15:41.720,31.8288159,-106.527742,782.9346029919051,33.192,0.3124999999999896
4454,2026-02-28 17:15:41.760,31.8288183,-106.5277447,783.3041838729779,33.336,0.24999999999999467
4455,2026-02-28 17:15:41.800,31.8288207,-106.5277475,783.6803620125793,33.336,0.187499999999996
4456,2026-02-28 17:15:41.840,31.8288231,-106.5277502,784.0499428844764,33.443999999999996,0.12499999999999734
4457,2026-02-28 17:15:41.880,31.8288253,-106.527753,784.4106495776872,33.228,0.374999999999992
4458,2026-02-28 17:15:41.920,31.8288277,-106.5277557,784.780230441077,33.372,0.9999999999999787
