Time (s),Position (m),Speed (m/s),Acceleration (m/s^2)
0,0,15.93,-0.212499999999998
0.04,0.640135821627859,15.92,-0.137499999999997
0.08,1.26743860962626,15.92,-0.0874999999999959
0.12,1.91638939609847,15.93,-0.0999999999999956
0.16,2.55652518033458,15.93,-0.187499999999996
0.2,3.19666095195465,15.9,-0.2
0.24,3.84561169989827,15.87,-0.125000000000002
0.28,4.46817419301592,15.84,-0.0875000000000004
0.32,5.10830992818371,15.85,-0.0874999999999981
0.36,5.74446479134583,15.84,-0.0874999999999981
0.4,6.37176748078241,15.86,-0.0749999999999984
0.44,7.02071816573481,15.88,-0.137500000000002
0.48,7.66085385038861,15.89,-0.250000000000004
0.52,8.29219318036628,15.88,-0.250000000000004
0.56,8.93232883964358,15.83,-0.150000000000001
0.6,9.56848362910406,15.84,-0.1125
0.64,10.2086192637501,15.83,-0.1
0.68,10.84875488578,15.81,-0.100000000000002
0.72,11.4849096378985,15.81,-0.112500000000006
0.76,12.1033780262658,15.81,-0.100000000000007
0.8,12.752328597467,15.83,-0.125000000000004
0.84,13.3884833114503,15.8,-0.149999999999999
0.88,14.0246380132048,15.77,-0.162499999999999
0.92,14.6607927042664,15.8,-0.187499999999998
0.96,15.2921319015053,15.79,-0.224999999999997
1,15.9208407501899,15.79,-0.262499999999999
1.04,16.5609762634816,15.8,-0.287499999999998
1.08,17.1882787468882,15.76,-0.237499999999997
1.12,17.8155812185602,15.77,-0.162499999999994
1.16,18.4606052248039,15.77,-0.149999999999992
1.2,19.0929499019227,15.77,-0.162499999999997
1.24,19.7242890171585,15.74,-0.1125
1.28,20.3566336699506,15.7,0.012500000000002
1.32,20.9800720598835,15.72,0.0250000000000017
1.36,21.6250960059654,15.69,-0.0124999999999997
1.4,22.2435642083692,15.68,0.0500000000000012
1.44,22.8797187434638,15.68,0.0749999999999984
1.48,23.5084274471795,15.69,-4.44089209850063e-15
1.52,24.1397664815921,15.71,-0.0250000000000017
1.56,24.7721110510655,15.71,0.0624999999999964
1.6,25.4008197205777,15.7,0.137499999999997
1.64,26.0369741962404,15.72,0.0874999999999981
1.68,26.6693187310483,15.73,-0.0375000000000014
1.72,27.2927570052145,15.71,-0.137500000000002
1.76,27.9214656282388,15.69,-0.200000000000005
1.8,28.5576200579576,15.72,-0.300000000000005
1.84,29.1863286564638,15.7,-0.4
1.88,29.8060787475517,15.67,-0.387499999999996
1.92,30.4295169661572,15.71,-0.325
1.96,31.0671984868463,15.76,-0.3
2,31.6959070406996,15.76,-0.237499999999997
2.04,32.330178657273,15.73,-0.0749999999999962
2.08,32.9499286942724,15.69,0.0750000000000028
2.12,33.5751784004692,15.64,0.187500000000003
2.16,34.2004280962099,15.6,0.287500000000003
2.2,34.8256777828953,15.57,0.325
2.24,35.4419186818528,15.53,0.374999999999996
2.28,36.0638895616393,15.53,0.4375
2.32,36.7015709858604,15.59,0.425000000000002
2.36,37.3235418433364,15.64,0.325000000000002
2.4,37.9578133640566,15.69,0.200000000000002
2.44,38.5920848729746,15.74,0.0624999999999987
2.48,39.2200732783419,15.74,-0.0500000000000012
2.52,39.8453228818225,15.74,-0.1
2.56,40.4830042438062,15.73,-0.1125
2.6,41.1049750394512,15.7,-0.0624999999999964
2.64,41.7360145893499,15.7,-0.024999999999995
2.68,42.3548894708601,15.71,-0.0374999999999992
2.72,42.9925707911133,15.75,-0.0875000000000048
2.76,43.6145415478561,15.74,-0.112500000000006
2.8,44.2425298691381,15.75,-0.100000000000002
2.84,44.8768012772287,15.73,-0.0499999999999989
2.88,45.4987720030047,15.71,0.0374999999999992
2.92,46.1298114818349,15.69,0.0374999999999992
2.96,46.7486862918321,15.69,-0.0250000000000017
3,47.3766745644835,15.69,0.0249999999999972
3.04,48.0046628276552,15.69,0.0750000000000006
3.08,48.6326510813472,15.69,0.012500000000002
3.12,49.2669224199513,15.7,-0.0499999999999989
3.16,49.8949106534199,15.7,-0.0624999999999964
3.2,50.520031059046,15.71,-0.0750000000000006
3.24,51.1571428192296,15.73,-0.125000000000004
3.28,51.785131024891,15.74,-0.1875
3.32,52.4131192197769,15.69,-0.162499999999999
3.36,53.0411074064789,15.67,-0.0499999999999989
3.4,53.6635458494659,15.73,-0.0624999999999987
3.44,54.3006575627433,15.71,-0.125
3.48,54.9286457222702,15.68,-0.137500000000002
3.52,55.5537660535166,15.67,-0.187499999999998
3.56,56.1762044588521,15.68,-0.237499999999997
3.6,56.810489568623,15.67,-0.2
3.64,57.4329279580502,15.67,-0.137499999999999
3.68,58.0645700489705,15.65,-0.0624999999999987
3.72,58.6845148215892,15.65,0.0249999999999972
3.76,59.3187998977986,15.67,0.0999999999999979
3.8,59.9504419634426,15.68,0.137499999999999
3.84,60.5728803114247,15.66,0.162499999999999
3.88,61.192825050754,15.62,0.225000000000002
3.92,61.8220099687971,15.58,0.237499999999999
3.96,62.441954692762,15.58,0.174999999999996
4,63.07623971992,15.61,0.0124999999999997
4.04,63.7054246132386,15.62,-0.1125
4.08,64.3346094987495,15.65,-0.0625000000000009
4.12,64.961525317762,15.67,0.0374999999999992
4.16,65.5907101896216,15.73,0.0374999999999992
4.2,66.2198950523598,15.73,0.0250000000000017
4.24,66.8490799072904,15.74,0.0375000000000014
4.28,67.485275272155,15.72,0.0374999999999992
4.32,68.1052199269804,15.67,0.0875000000000026
4.36,68.7321357002829,15.63,0.150000000000001
4.4,69.3590514663252,15.57,0.262500000000001
4.44,69.9766930952229,15.57,0.375000000000003
4.48,70.6128884243308,15.65,0.237499999999999
4.52,71.2398041688241,15.7,-0.0249999999999972
4.56,71.8759994833366,15.73,-0.124999999999995
4.6,72.5008362675998,15.75,-0.137499999999999
4.64,73.1277519912743,15.75,-0.100000000000002
4.68,73.7546677076885,15.74,-0.0250000000000017
4.72,74.3981288164495,15.72,0.0374999999999992
4.76,75.0210786439105,15.7,0.125
4.8,75.6595099965716,15.71,0.162499999999997
4.84,76.2843467396293,15.73,0.124999999999995
4.88,76.9091834760649,15.68,0.137499999999999
4.92,77.5414710593904,15.65,0.2125
4.96,78.1756177804844,15.68,0.187499999999998
5,78.7911490471333,15.69,0.112499999999998
5.04,79.4327779459412,15.73,0.0999999999999979
5.08,80.0557277214868,15.74,0.0874999999999959
5.12,80.6973566080927,15.75,0.0124999999999953
5.16,81.3315032992282,15.77,-0.0874999999999981
5.2,81.9637908371697,15.77,-0.0999999999999934
5.24,82.5960783704307,15.77,-0.0499999999999967
5.28,83.2173349524007,15.75,0.0499999999999989
5.32,83.8589638085013,15.75,0.137499999999999
5.36,84.4802203792692,15.73,0.137500000000002
5.4,85.1202054804551,15.73,0.125000000000002
5.44,85.7508248939903,15.77,0.0875000000000026
5.48,86.3893561084786,15.77,0.012500000000002
5.52,87.0216436023632,15.73,0.0374999999999992
5.56,87.6522629998354,15.72,0.149999999999997
5.6,88.2720217299244,15.74,0.162499999999997
5.64,88.9120067991124,15.76,0.1125
5.68,89.5505379870345,15.8,0.0500000000000012
5.72,90.171794511676,15.81,-0.0250000000000017
5.76,90.8103256893804,15.78,0.0249999999999995
5.8,91.4488568623165,15.78,0.0875000000000026
5.84,92.0861253217296,15.79,0.0500000000000012
5.88,92.7167446803828,15.76,0.0500000000000012
5.92,93.3446069262749,15.77,0.0625000000000031
5.96,93.9831380808191,15.8,0.0250000000000017
6,94.6204065218039,15.79,0.0625000000000009
6.04,95.2482687562602,15.8,0.112500000000002
6.08,95.8867998978619,15.8,0.125
6.12,96.5240683258785,15.79,0.174999999999998
6.16,97.1425259570358,15.82,0.149999999999997
6.2,97.7797943768621,15.81,0.112499999999993
6.24,98.4159923892102,15.8,0.112499999999998
6.28,99.0532608015285,15.79,0.0875000000000026
6.32,99.6905292097517,15.79,0.0750000000000028
6.36,100.325850084567,15.8,0.0500000000000034
6.4,100.963118485965,15.84,0
6.44,101.599316479854,15.84,0.0374999999999992
6.48,102.235514470359,15.86,0.112500000000004
6.52,102.870835331454,15.87,0.112500000000004
6.56,103.507033315805,15.86,0.100000000000005
6.6,104.142354170739,15.86,0.0625000000000053
6.64,104.778552148938,15.84,0.0250000000000017
6.68,105.414750123683,15.82,0.0875000000000004
6.72,106.05007096906,15.82,0.1875
6.76,106.68539181167,15.81,0.237499999999999
6.8,107.32071265157,15.83,0.212500000000002
6.84,107.956033488731,15.88,0.0875000000000026
6.88,108.59067127601,15.91,-0.0124999999999997
6.92,109.225309061233,15.91,-2.22044604925031e-15
6.96,109.8599468444,15.9,0.0874999999999959
7,110.496144798635,15.87,0.174999999999998
7.04,111.130782576319,15.85,0.162500000000001
7.08,111.766103399103,15.88,0.1
7.12,112.40074117199,15.91,0.0874999999999981
7.16,113.03537894282,15.91,0.112499999999998
7.2,113.679462879723,15.9,0.124999999999997
7.24,114.314100646442,15.88,0.137499999999997
7.28,114.948250069932,15.9,0.137499999999997
7.32,115.59233400127,15.92,0.1125
7.36,116.226483421345,15.96,0.0375000000000014
7.4,116.870086176814,15.95,-0.0124999999999997
7.44,117.504723935308,15.9,0.0624999999999987
7.48,118.138873350568,15.91,0.137499999999999
7.52,118.791929602937,15.95,0.0750000000000006
7.56,119.426079015453,15.96,-0.0249999999999995
7.6,120.059935241444,15.95,-0.0249999999999995
7.64,120.694084651903,15.94,0.0375000000000014
7.68,121.327940875835,15.95,0.0625000000000031
7.72,121.971543619519,15.96,0.0375000000000036
7.76,122.605399841393,15.95,0.0375000000000036
7.8,123.248713706132,15.95,0.0375000000000014
7.84,123.882863111804,15.95,0.0124999999999997
7.88,124.526080654919,15.97,-0.012500000000002
7.92,125.178852204095,15.95,-2.22044604925031e-15
7.96,125.812708422538,15.94,0.0374999999999992
8,126.446564640295,15.95,0.0500000000000012
8.04,127.080323099064,15.97,0.0124999999999997
8.08,127.723636959624,15.97,-0.0625000000000053
8.12,128.357395417707,15.97,-0.100000000000007
8.16,129.000709277578,15.97,-0.0750000000000051
8.2,129.64392681721,15.96,-0.0625000000000031
8.24,130.277685274606,15.95,-0.0750000000000028
8.28,130.93036189513,15.96,-0.0500000000000012
8.32,131.564120352526,15.96,-0.0374999999999992
8.36,132.197878809922,15.96,-0.0249999999999995
8.4,132.841192669793,15.97,-0.0375000000000014
8.44,133.474951127875,15.96,-0.0875000000000026
8.48,134.118264988436,15.93,-0.0500000000000012
8.52,134.752023447204,15.93,-0.037499999999997
8.56,135.395337309812,15.95,-0.0624999999999987
8.6,136.029193528255,15.93,-0.0124999999999997
8.64,136.682249771428,15.92,0.0500000000000034
8.68,137.31610599193,15.95,0.0250000000000017
8.72,137.949962213111,15.94,-0.0124999999999997
8.76,138.593276078553,15.96,-0.0500000000000012
8.8,139.236878822237,15.94,-0.0500000000000012
8.84,139.871028232023,15.92,0
8.88,140.514245780711,15.93,0
8.92,141.148883533722,15.9,0.0749999999999984
8.96,141.782739761079,15.93,0.125000000000002
9,142.417377516831,15.94,0.0625000000000031
9.04,143.07043377132,15.95,0.0375000000000014
9.08,143.704583188637,15.94,0.0500000000000012
9.12,144.339220949187,15.94,0.0374999999999992
9.16,144.973370369934,15.92,0.0625000000000009
9.2,145.608008133911,15.94,0.0875000000000026
9.24,146.242645899944,15.92,0.125000000000002
9.28,146.877283668054,15.93,0.187500000000007
9.32,147.521367606348,15.96,0.137500000000006
9.36,148.174898089801,15.97,0.0499999999999989
9.4,148.809535864058,15.95,0.0749999999999984
9.44,149.444856688184,15.97,0.0874999999999959
9.48,150.079494467239,15.96,0.0499999999999989
9.52,150.715692422876,15.95,0.100000000000007
9.56,151.350330207414,15.96,0.150000000000003
9.6,152.00386070569,15.97,0.162499999999994
9.64,152.63849849434,15.99,0.149999999999995
9.68,153.273819332843,16.01,0.124999999999991
9.72,153.910017300786,15.99,0.112499999999993
9.76,154.544655096318,15.98,0.0875000000000048
9.8,155.18873906517,16,0.05000000000001
9.84,155.842932900377,15.99,0.0750000000000051
9.88,156.478253751915,15.98,0.124999999999997
9.92,157.113574606192,16.01,0.0624999999999987
9.96,157.748895463179,16.02,-0.0249999999999995
10,158.384216322933,16.04,-0.0749999999999984
10.04,159.038410172269,16.04,-0.0749999999999984
10.08,159.673731037472,16.06,-0.0624999999999964
10.12,160.309051905441,16.03,-0.0249999999999995
10.16,160.954673245033,16.01,0.0249999999999906
10.2,161.589311071378,16.01,-0.0250000000000106
10.24,162.242841612713,16.04,-0.125
10.28,162.878162490923,16.03,-0.162499999999994
10.32,163.51436049852,16.01,-0.100000000000005
10.36,164.167891048326,16,-0.0375000000000059
10.4,164.803211934752,16,-0.0124999999999997
10.44,165.439409950553,16.02,-0.0749999999999984
10.48,166.08349396467,16.03,-0.174999999999998
10.52,166.737687847122,16.04,-0.212499999999998
10.56,167.373885871127,16.02,-0.199999999999996
10.6,168.008523724201,15.98,-0.1125
10.64,168.643844627059,15.97,-4.44089209850063e-15
10.68,169.29803852082,15.97,-4.44089209850063e-15
10.72,169.93423655573,15.99,-0.0875000000000004
10.76,170.569557467515,15.99,-0.149999999999999
10.8,171.204195334296,16,-0.1875
10.84,171.848952413431,15.96,-0.150000000000001
10.88,172.484273332747,15.95,-0.1
10.92,173.121541785335,15.95,-0.0999999999999979
10.96,173.775735700225,15.95,-0.112499999999998
11,174.411056629125,15.96,-0.199999999999998
11.04,175.046377560764,15.99,-0.374999999999999
11.08,175.681015447421,15.95,-0.374999999999999
11.12,176.326636853599,15.94,-0.262499999999999
11.16,176.961957793454,15.92,-0.237499999999999
11.2,177.606041859693,15.92,-0.225
11.24,178.242239929498,15.92,-0.212499999999998
11.28,178.877560877568,15.91,-0.212499999999998
11.32,179.512198780674,15.91,-0.2
11.36,180.149467263975,15.9,-0.212500000000002
11.4,180.784788220918,15.85,-0.175000000000001
11.44,181.420109180627,15.8,-0.0499999999999989
11.48,182.055430143074,15.84,-0.0500000000000012
11.52,182.690068060572,15.84,-0.112500000000002
11.56,183.325389027784,15.83,-0.1125
11.6,183.961587124259,15.83,-0.112499999999998
11.64,184.596908097661,15.84,-0.137499999999999
11.68,185.231546026124,15.82,-0.162500000000001
11.72,185.859408331165,15.84,-0.2125
11.76,186.494729313439,15.8,-0.137499999999999
11.8,187.130050298479,15.81,0
11.84,187.765371286257,15.8,0.0750000000000006
11.88,188.390563448862,15.8,0.0750000000000028
11.92,189.026761566525,15.79,0.0375000000000036
11.96,189.662959688946,15.79,0
12,190.288845216516,15.78,-0.0500000000000034
12.04,190.924166218671,15.78,-0.0250000000000017
12.08,191.550051751608,15.75,0.0999999999999979
12.12,192.186249885686,15.74,0.212499999999995
12.16,192.820887849103,15.79,0.112499999999998
12.2,193.456208862185,15.82,-0.0500000000000012
12.24,194.091529878033,15.85,-0.1
12.28,194.708884612162,15.81,0.0249999999999995
12.32,195.344205634171,15.81,0.162499999999999
12.36,195.970981516149,15.77,0.212500000000002
12.4,196.606302544292,15.76,0.200000000000005
12.44,197.242500701615,15.78,0.0750000000000028
12.48,197.877138688334,15.83,-0.0499999999999989
12.52,198.514407254905,15.83,-0.0624999999999964
12.56,199.139599466792,15.79,0.0625000000000031
12.6,199.776868039506,15.78,0.174999999999998
12.64,200.411506038562,15.81,0.187499999999998
12.68,201.048774617418,15.87,0.0875000000000004
12.72,201.683412622642,15.88,-0.0250000000000039
12.76,202.320681207641,15.87,-0.0500000000000034
12.8,202.945873436413,15.82,0.0750000000000006
12.84,203.582071623784,15.78,0.237499999999999
12.88,204.208847546122,15.79,0.262499999999999
12.92,204.845045740364,15.82,0.174999999999996
12.96,205.481243937989,15.85,0.0749999999999962
13,206.117442139068,15.86,0.0750000000000028
13.04,206.754710747273,15.88,0.1
13.08,207.390031829502,15.87,0.112499999999995
13.12,208.026230040835,15.86,0.175000000000001
13.16,208.663498659278,15.85,0.275000000000003
13.2,209.298819751777,15.9,0.250000000000001
13.24,209.935017973366,15.89,0.175000000000001
13.28,210.572286602047,15.89,0.162500000000001
13.32,211.207607704814,15.86,0.187500000000003
13.36,211.843805936658,15.87,0.1875
13.4,212.481074575577,15.9,0.137499999999997
13.44,213.116395688614,15.92,0.1125
13.48,213.752593930713,15.92,0.100000000000002
13.52,214.407639899742,15.95,0.0750000000000028
13.56,215.044908552312,15.98,-0.0249999999999995
13.6,215.68110680535,15.97,-0.0875000000000026
13.64,216.318375465428,15.96,-2.22044604925031e-15
13.68,216.953696599688,15.95,0.0750000000000006
13.72,217.589894862981,15.95,0.0750000000000028
13.76,218.227163533297,15.93,0.0875000000000048
13.8,218.862484677826,15.95,0.100000000000002
13.84,219.508106297778,15.96,0.0750000000000006
13.88,220.145374978332,15.96,0.0250000000000017
13.92,220.780696133131,15.97,-0.0250000000000017
13.96,221.416894416935,15.94,-0.0250000000000017
14,222.06357085665,15.94,-0.012500000000002
14.04,222.698892021718,15.99,-0.0875000000000026
14.08,223.344513663828,15.98,-0.150000000000003
14.12,223.999559686379,15.98,-0.150000000000006
14.16,224.646236139951,15.97,-0.150000000000003
14.2,225.282434444949,15.99,-0.150000000000001
14.24,225.918632753331,15.98,-0.0875000000000004
14.28,226.554831065131,15.96,-0.0374999999999992
14.32,227.200452727415,15.95,-0.0874999999999981
14.36,227.836651046052,15.94,-0.149999999999999
14.4,228.472849368107,15.93,-0.199999999999998
14.44,229.109047693615,15.93,-0.262499999999994
14.48,229.754669371083,15.92,-0.224999999999997
14.52,230.389990577257,15.92,-0.124999999999997
14.56,231.026188912302,15.91,-0.0874999999999959
14.6,231.661510124637,15.93,-0.125
14.64,232.298778869348,15.97,-0.212500000000002
14.68,232.934100088502,15.94,-0.225000000000004
14.72,233.579721784096,15.9,-0.162500000000003
14.76,234.215920135549,15.87,-0.112500000000002
14.8,234.852118490421,15.84,-0.0500000000000012
14.84,235.487439722611,15.81,0.0249999999999972
14.88,236.12363808367,15.86,-0.0249999999999995
14.92,236.759836448114,15.88,-0.1125
14.96,237.395157689888,15.88,-0.150000000000003
15,238.031356060484,15.86,-0.162499999999999
15.04,238.66667730842,15.87,-0.112499999999998
15.08,239.301315511713,15.86,-0.0374999999999992
15.12,239.938584293964,15.85,0.0124999999999975
15.16,240.573222503425,15.83,0.0249999999999995
15.2,241.210491291819,15.84,0
15.24,241.845129507449,15.83,-0.0500000000000012
15.28,242.481327898556,15.82,-0.0875000000000004
15.32,243.11664916703,15.83,-0.137500000000002
15.36,243.75284756429,15.81,-0.162500000000001
15.4,244.397605006853,15.8,-0.0875000000000004
15.44,245.032243236876,15.84,0
15.48,245.667564516276,15.86,-0.037499999999997
15.52,246.302885798443,15.86,-0.162499999999997
15.56,246.939084209411,15.84,-0.237499999999999
15.6,247.573722450399,15.83,-0.237499999999997
15.64,248.209920866803,15.8,-0.162499999999999
15.68,248.844559113274,15.78,-0.0750000000000028
15.72,249.470444932839,15.76,-0.012500000000002
15.76,250.105083184108,15.75,0.0249999999999972
15.8,250.739721437433,15.79,-2.22044604925031e-15
15.84,251.374359692814,15.85,-0.174999999999998
15.88,252.009680997545,15.82,-0.337499999999999
15.92,252.626132074492,15.77,-0.312499999999998
15.96,253.27088955319,15.74,-0.1875
16,253.905527818851,15.74,-0.0375000000000036
16.04,254.539677745098,15.76,-0.0124999999999975
16.08,255.174316014186,15.76,-0.112499999999995
16.12,255.808465943863,15.77,-0.224999999999995
16.16,256.433658431192,15.76,-0.249999999999997
16.2,257.067808364312,15.78,-0.212500000000002
16.24,257.693694209483,15.72,-0.112500000000002
16.28,258.327844146718,15.68,0.0250000000000017
16.32,258.952540916054,15.66,0.125
16.36,259.586397670424,15.7,0.0750000000000006
16.4,260.220254425473,15.75,-0.137499999999997
16.44,260.844951197526,15.74,-0.225
16.48,261.479589481691,15.69,-0.0875000000000026
16.52,262.094430302627,15.66,0.0749999999999984
16.56,262.729068588849,15.67,0.137500000000002
16.6,263.362827591176,15.7,0.0500000000000034
16.64,263.996684352401,15.71,-0.125
16.68,264.631322641386,15.71,-0.200000000000005
16.72,265.265081646458,15.73,-0.212500000000002
16.76,265.879922472055,15.69,-0.149999999999999
16.8,266.514072421622,15.65,-0.012500000000002
16.84,267.147831428067,15.66,-0.0250000000000039
16.88,267.781688193416,15.7,-0.187499999999998
16.92,268.39652902101,15.71,-0.299999999999998
16.96,269.030288028142,15.73,-0.287500000000001
17,269.654587946176,15.68,-0.137500000000002
17.04,270.297806042405,15.63,0.0499999999999989
17.08,270.922105959096,15.63,0.1125
17.12,271.54650511631,15.64,0.0374999999999992
17.16,272.170805033668,15.66,-0.0875000000000026
17.2,272.804564040114,15.67,-0.1875
17.24,273.428963195308,15.62,-0.174999999999998
17.28,274.053362351163,15.59,-0.1125
17.32,274.687219114453,15.58,-0.0250000000000017
17.36,275.302160705082,15.63,-0.0250000000000017
17.4,275.936017467,15.67,-0.149999999999997
17.44,276.560714242425,15.68,-0.249999999999997
17.48,277.185113394231,15.67,-0.287499999999996
17.52,277.818872395186,15.63,-0.199999999999996
17.56,278.444064894667,15.6,-0.0999999999999979
17.6,279.078214836689,15.58,-2.22044604925031e-15
17.64,279.702613983096,15.57,0.0749999999999962
17.68,280.31785776513,15.55,0.0624999999999964
17.72,280.951714518813,15.6,0
17.76,281.576907012218,15.59,-0.0499999999999989
17.8,282.191848591523,15.59,-0.112500000000002
17.84,282.8259985267,15.56,-0.1
17.88,283.451191016054,15.56,-2.22044604925031e-15
17.92,284.085829288569,15.58,0.0124999999999975
17.96,284.710228424153,15.57,0.0374999999999992
18,285.335420908782,15.61,0.0500000000000012
18.04,285.960613390043,15.6,0.0750000000000051
18.08,286.58531014588,15.57,0.125000000000004
18.12,287.201057247156,15.58,0.1125
18.16,287.83569550939,15.57,0.1125
18.2,288.461581339717,15.52,0.1875
18.24,289.076825099142,15.55,0.212499999999998
18.28,289.70360125381,15.57,0.162499999999999
18.32,290.328793721562,15.58,0.125
18.36,290.954679541135,15.6,0.0750000000000006
18.4,291.579872004161,15.62,0.0625000000000031
18.44,292.205064465161,15.65,0.0875000000000004
18.48,292.831840607708,15.62,0.0875000000000004
18.52,293.457726418507,15.62,0.0750000000000028
18.56,294.083612225268,15.62,0.0625000000000009
18.6,294.709498030644,15.62,0.0750000000000006
18.64,295.33538383201,15.62,0.1125
18.68,295.96126963202,15.63,0.125
18.72,296.588045759071,15.62,0.137500000000002
18.76,297.21393155167,15.62,0.187500000000003
18.8,297.840707672661,15.65,0.162500000000001
18.84,298.466593459191,15.69,0.0374999999999992
18.88,299.093369574121,15.65,0.0124999999999975
18.92,299.720145685684,15.65,0.0749999999999962
18.96,300.346921792576,15.64,0.1125
19,300.973697897405,15.66,0.1
19.04,301.59958366775,15.67,0.0500000000000012
19.08,302.227446232945,15.68,0.0500000000000034
19.12,302.85530879277,15.68,0.0624999999999987
19.16,303.482084883457,15.71,0.0249999999999972
19.2,304.109947437224,15.69,0.0250000000000017
19.24,304.747216194221,15.68,0.0499999999999989
19.28,305.365674144428,15.67,0.0249999999999972
19.32,305.993536684758,15.69,0.0250000000000017
19.36,306.621399222391,15.69,0.0500000000000034
19.4,307.258667963008,15.69,0.0500000000000034
19.44,307.887812078236,15.68,0.137499999999999
19.48,308.516956190103,15.71,0.212499999999995
19.52,309.144818710258,15.7,0.174999999999998
19.56,309.772681225043,15.71,0.125
19.6,310.414310270276,15.71,0.0874999999999981
19.64,311.042172776314,15.7,0.0875000000000026
19.68,311.672792381944,15.67,0.162500000000003
19.72,312.303411983606,15.71,0.224999999999997
19.76,312.934031578528,15.71,0.224999999999995
19.8,313.572562978979,15.71,0.237499999999997
19.84,314.204850656426,15.77,0.175000000000003
19.88,314.844835921349,15.79,0.0500000000000034
19.92,315.47712358612,15.76,0.0375000000000014
19.96,316.106267636938,15.75,0.125000000000002
20,316.738555292357,15.74,0.175000000000001
20.04,317.372702085332,15.74,0.1875
20.08,318.003321636742,15.76,0.212500000000002
20.12,318.63560927281,15.8,0.200000000000002
20.16,319.267896904197,15.8,0.137500000000002
20.2,319.909525865372,15.81,0.1
20.24,320.551154820445,15.81,0.0874999999999981
20.28,321.183442432482,15.79,0.137499999999999
20.32,321.81758918485,15.79,0.225
20.36,322.448208694094,15.82,0.237499999999999
20.4,323.075124381853,15.81,0.212499999999998
20.44,323.716753305065,15.82,0.162499999999997
20.48,324.360214377932,15.85,0.112499999999998
20.52,324.987130046101,15.87,0.112499999999998
20.56,325.628758948977,15.84,0.162499999999997
20.6,326.257943663368,15.85,0.162499999999999
20.64,326.899572552007,15.84,0.137500000000002
20.68,327.53576776892,15.87,0.137499999999999
20.72,328.181247764074,15.89,0.137499999999999
20.76,328.810432450487,15.91,0.162500000000001
20.8,329.453893465897,15.89,0.200000000000002
20.84,330.080809078561,15.87,0.250000000000004
20.88,330.728493069443,15.89,0.250000000000004
20.92,331.353329720706,15.92,0.175000000000005
20.96,332.001013696895,15.92,0.125000000000006
21,332.639444934524,15.9,0.1875
21.04,333.264281563511,15.9,0.224999999999997
21.08,333.911965516785,15.92,0.212500000000007
21.12,334.538881077863,15.95,0.187500000000012
21.16,335.186565015691,15.98,0.112500000000009
21.2,335.836636150062,15.98,0.137499999999999
21.24,336.465820747337,15.98,0.237499999999993
21.28,337.113504660318,15.98,0.237499999999993
21.32,337.751935835803,15.97,0.187499999999992
21.36,338.381120409655,15.97,0.162499999999994
21.4,339.02880429846,16,0.0875000000000048
21.44,339.660445980978,15.98,0.0750000000000051
21.48,340.308129853075,16.01,0.124999999999991
21.52,340.958200921787,16.01,0.124999999999984
21.56,341.592485583093,16.01,0.124999999999984
21.6,342.240169428918,16.06,0.062499999999992
21.64,342.890240471536,16.09,0.0250000000000039
21.68,343.531093245046,16.06,0.0625000000000053
21.72,344.16537787279,16.04,0.0625000000000009
21.76,344.797019487904,16.03,0.0749999999999984
21.8,345.449658869113,16.01,0.074999999999994
21.84,346.078843342115,16.03,0.0499999999999945
21.88,346.722301242011,16.06,0.012500000000002
21.92,347.359412395627,16.06,4.44089209850063e-15
21.96,348.012051740181,16.06,0.012500000000002
22,348.649162875163,16.06,-0.0124999999999975
22.04,349.299233826115,16.11,-0.100000000000002
22.08,349.924353587337,16.09,-0.150000000000006
22.12,350.576992894475,16.06,-0.0999999999999979
22.16,351.214103993474,16.07,-0.0624999999999964
22.2,351.848388513434,16.03,0.0625000000000009
22.24,352.503775205272,16.05,0.187499999999998
22.28,353.131762742297,16.05,0.187499999999998
22.32,353.784402000783,16.07,0.0749999999999984
22.36,354.424520756433,16.06,-0.074999999999994
22.4,355.061631798246,16.05,-0.112499999999986
22.44,355.717018440309,16.04,-0.062499999999992
22.48,356.342138108105,16.04,0.012500000000002
22.52,356.99134769528,16.03,0.1125
22.56,357.616467344128,16.05,0.162500000000003
22.6,358.268818808826,16.1,0.0249999999999995
22.64,358.918028365446,16.13,-0.199999999999996
22.68,359.546015806409,16.12,-0.262499999999992
22.72,360.186134473803,16.06,-0.162499999999999
22.76,360.832378608621,16.01,-0.0125000000000064
22.8,361.460366019218,16.01,0.112499999999986
22.84,362.103670955783,16.03,0.0874999999999915
22.88,362.743789582887,16.06,-0.0499999999999945
22.92,363.383908199759,16.1,-0.162499999999994
22.96,364.024026806288,16.11,-0.212500000000007
23,364.673236271881,16.06,-0.2125
23.04,365.307506726341,16.01,-0.0875000000000026
23.08,365.947625301642,16.03,-0.012500000000002
23.12,366.590930165779,16.02,-0.0874999999999915
23.16,367.225200588952,16.04,-0.187499999999994
23.2,367.865319133568,16.07,-0.224999999999997
23.24,368.508623964486,16.04,-0.1
23.28,369.142894356491,16.01,0.0374999999999925
23.32,369.786199167056,16.02,0.0124999999999931
23.36,370.423879426159,16.02,-0.0999999999999979
23.4,371.07054646474,15.98,-0.150000000000001
23.44,371.710664943484,16.02,-0.2125
23.48,372.360867436048,16.01,-0.237500000000004
23.52,372.995137762234,15.97,-0.15000000000001
23.56,373.632817967844,15.94,-0.0375000000000036
23.6,374.267088273413,15.99,-0.0625000000000009
23.64,374.904768457364,16.04,-0.249999999999997
23.68,375.551435418079,16.04,-0.324999999999995
23.72,376.1891155795,16,-0.274999999999996
23.76,376.817822797432,15.96,-0.224999999999995
23.8,377.459087961068,15.92,-0.174999999999998
23.84,378.091431054385,15.91,-0.225000000000002
23.88,378.732696194503,15.93,-0.275000000000001
23.92,379.356133041412,15.93,-0.224999999999997
23.96,380.01004128637,15.95,-0.262499999999997
24,380.633478109979,15.93,-0.324999999999998
24.04,381.274743201173,15.9,-0.3
24.08,381.91242325679,15.92,-0.325000000000002
24.12,382.535860046942,15.9,-0.387500000000001
24.16,383.184808809737,15.88,-0.4125
24.2,383.808245575858,15.86,-0.4125
24.24,384.448379360745,15.79,-0.249999999999999
24.28,385.075680136076,15.83,-0.137499999999999
24.32,385.711833026067,15.85,-0.2125
24.36,386.339133777648,15.82,-0.249999999999999
24.4,386.979267513873,15.8,-0.162500000000001
24.44,387.610604930635,15.79,-0.112500000000002
24.48,388.237905645263,15.77,-0.174999999999998
24.52,388.860466165965,15.74,-0.1875
24.56,389.491803546296,15.71,-0.125000000000004
24.6,390.131937220041,15.7,-0.0249999999999972
24.64,390.754497703012,15.75,-0.024999999999995
24.68,391.377058175067,15.76,-0.137499999999997
24.72,392.012601562428,15.75,-0.212499999999998
24.76,392.643938880078,15.72,-0.2
24.8,393.279482242086,15.77,-0.237499999999997
24.84,393.906307616482,15.73,-0.249999999999995
24.88,394.533132979461,15.69,-0.149999999999997
24.92,395.159958328548,15.67,-0.0749999999999962
24.96,395.782518712575,15.68,-0.0374999999999992
25,396.409344036929,15.71,-0.100000000000005
25.04,397.045198296062,15.72,-0.150000000000006
25.08,397.65900203968,15.68,-0.0875000000000026
25.12,398.294856272078,15.66,-0.0625000000000009
25.16,398.912985365781,15.65,-0.112500000000002
25.2,399.539810626222,15.65,-0.2
25.24,400.16243407468,15.65,-0.2125
25.28,400.798288255479,15.65,-0.162500000000001
25.32,401.407743846797,15.65,-0.1875
25.36,402.052193843245,15.67,-0.262499999999997
25.4,402.679476990514,15.64,-0.274999999999999
25.44,403.288932541862,15.67,-0.287500000000003
25.48,403.916215663552,15.66,-0.325000000000002
25.52,404.556826726346,15.63,-0.287500000000001
25.56,405.170840109968,15.59,-0.249999999999999
25.6,405.789578076819,15.55,-0.212500000000002
25.64,406.403591434788,15.58,-0.200000000000002
25.68,407.030874490305,15.59,-0.1875
25.72,407.649612419665,15.56,-0.0750000000000006
25.76,408.281716914348,15.55,0.0124999999999997
25.8,408.905342350338,15.54,-0.037499999999997
25.84,409.528967774186,15.54,-0.124999999999995
25.88,410.147705649579,15.53,-0.162499999999997
25.92,410.753134298008,15.53,-0.1875
25.96,411.390218233917,15.49,-0.112500000000004
26,412.000437923518,15.48,-0.012500000000002
26.04,412.629109953687,15.49,-0.0750000000000006
26.08,413.23932961658,15.53,-0.225000000000002
26.12,413.866612521955,15.56,-0.337500000000004
26.16,414.490237839796,15.56,-0.362500000000006
26.2,415.110528108696,15.5,-0.287500000000005
26.24,415.72570293459,15.48,-0.250000000000001
26.28,416.3543748841,15.46,-0.337499999999999
26.32,416.969549682971,15.45,-0.387499999999996
26.36,417.593174932124,15.48,-0.399999999999996
26.4,418.208349704503,15.48,-0.437499999999997
26.44,418.828639893529,15.43,-0.362499999999999
26.48,419.440579774488,15.41,-0.287500000000003
26.52,420.055754506068,15.41,-0.362499999999999
26.56,420.667694360977,15.42,-0.449999999999995
26.6,421.269423819377,15.41,-0.424999999999998
26.64,421.894985655605,15.37,-0.412500000000002
26.68,422.506925470715,15.3,-0.400000000000005
26.72,423.127215565338,15.3,-0.387500000000005
26.76,423.733969527202,15.31,-0.425
26.8,424.351252334335,15.3,-0.449999999999999
26.84,424.958006269219,15.32,-0.5375
26.88,425.575289048658,15.29,-0.574999999999994
26.92,426.187228783514,15.24,-0.562499999999997
26.96,426.796266933764,15.23,-0.562500000000001
27,427.399889063659,15.26,-0.624999999999998
27.04,428.011828757874,15.19,-0.624999999999996
27.08,428.615450861593,15.16,-0.562499999999999
27.12,429.224488959456,15.13,-0.625
27.16,429.814495822072,15.14,-0.675000000000003
27.2,430.437274685958,15.11,-0.687500000000005
27.24,431.032613246505,15.08,-0.675000000000001
27.28,431.641651291483,15.07,-0.700000000000003
27.32,432.242480506437,15.01,-0.712500000000005
27.36,432.846102516335,15.01,-0.750000000000004
27.4,433.446931705434,14.98,-0.837500000000004
27.44,434.039589339351,14.97,-0.837500000000002
27.48,434.634927820932,14.93,-0.824999999999998
27.52,435.227585428221,14.86,-0.774999999999997
27.56,435.822923883901,14.87,-0.749999999999995
27.6,436.415581467082,14.83,-0.849999999999993
27.64,437.01396145508,14.82,-0.987499999999997
27.68,437.601051912032,14.77,-0.999999999999999
27.72,438.179931443468,14.74,-0.899999999999996
27.76,438.780760515685,14.68,-0.837499999999998
27.8,439.357193104888,14.64,-0.837499999999998
27.84,439.941717906378,14.64,-0.862499999999999
27.88,440.526242695294,14.6,-0.850000000000002
27.92,441.096949898905,14.57,-0.837500000000002
27.96,441.687275923897,14.56,-0.912500000000005
28,442.263708451739,14.46,-0.825000000000007
28.04,442.834415617206,14.4,-0.637500000000006
28.08,443.410848120959,14.39,-0.687500000000001
28.12,443.965333498691,14.4,-0.887500000000001
28.16,444.5556594619,14.35,-0.975000000000001
28.2,445.124041913995,14.3,-0.874999999999999
28.24,445.70047436866,14.29,-0.787499999999997
28.28,446.268856796811,14.27,-0.774999999999995
28.32,446.843203545834,14.23,-0.737499999999998
28.36,447.403579964295,14.17,-0.687499999999999
28.4,447.950019404735,14.19,-0.787499999999997
28.44,448.526451798039,14.16,-0.912499999999996
28.48,449.100798498543,14.08,-0.774999999999999
28.52,449.661174870318,14,-0.574999999999999
28.56,450.213591186891,13.97,-0.562499999999997
28.6,450.768076422641,13.98,-0.6375
28.64,451.332915192217,13.98,-0.737500000000002
28.68,451.885331474256,13.96,-0.875000000000004
28.72,452.445707787243,13.95,-0.925000000000005
28.76,452.998124047668,13.9,-0.887500000000001
28.8,453.54885120333,13.83,-0.800000000000001
28.84,454.101267439465,13.79,-0.675000000000001
28.88,454.647706742252,13.83,-0.725
28.92,455.20480980271,13.79,-0.825
28.96,455.757226004312,13.73,-0.787500000000003
29,456.301730111725,13.71,-0.750000000000002
29.04,456.844685312369,13.66,-0.737500000000002
29.08,457.381327391311,13.58,-0.712500000000003
29.12,457.919766721775,13.59,-0.724999999999998
29.16,458.476869716514,13.55,-0.762499999999999
29.2,459.013511762751,13.54,-0.799999999999998
29.24,459.556466909387,13.54,-0.8375
29.28,460.100970938081,13.5,-0.775000000000001
29.32,460.628547624756,13.46,-0.737499999999998
29.36,461.165189627119,13.43,-0.824999999999998
29.4,461.708144730392,13.41,-0.850000000000002
29.44,462.236977019636,13.37,-0.825000000000003
29.48,462.75805427044,13.3,-0.8125
29.52,463.293291772718,13.29,-0.837500000000002
29.56,463.82212403017,13.24,-0.800000000000003
29.6,464.349700645438,13.21,-0.700000000000005
29.64,464.878532881567,13.2,-0.7125
29.68,465.401118519345,13.22,-0.824999999999998
29.72,465.935347410817,13.15,-0.850000000000002
29.76,466.455322327631,13.08,-0.712499999999998
29.8,466.970058803615,13.08,-0.624999999999996
29.84,467.504287664364,13.04,-0.662499999999997
29.88,468.017666927049,12.98,-0.649999999999997
29.92,468.537641802866,12.94,-0.599999999999996
29.96,469.044584079104,12.95,-0.712499999999998
30,469.564558935677,12.94,-0.85
30.04,470.084533781911,12.9,-0.775000000000001
30.08,470.597912994305,12.86,-0.687500000000001
30.12,471.110348008234,12.83,-0.699999999999998
30.16,471.60955361973,12.83,-0.762500000000002
30.2,472.129528426878,12.83,-0.862500000000004
30.24,472.641963411898,12.76,-0.787500000000001
30.28,473.147704440705,12.74,-0.787499999999999
30.32,473.653445460183,12.7,-0.887499999999999
30.36,474.150997542766,12.62,-0.849999999999998
30.4,474.649162908631,12.59,-0.762499999999997
30.44,475.15490389906,12.63,-0.800000000000001
30.48,475.659863627998,12.58,-1.05
30.52,476.158028965729,12.55,-1.3
30.56,476.656194293362,12.5,-1.3625
30.6,477.153746322259,12.47,-1.28749999999999
30.64,477.630115181602,12.49,-1.3125
30.68,478.14202116797,12.38,-1.3125
30.72,478.632676218676,12.35,-1.3125
30.76,479.122891125302,12.29,-1.425
30.8,479.606807013489,12.31,-1.5625
30.84,480.104358988698,12.27,-1.675
30.88,480.580202062734,12.1,-1.575
30.92,481.049093145609,11.99,-1.4
30.96,481.524936204023,11.97,-1.375
31,482.00130498289,11.97,-1.47500000000001
31.04,482.477148024889,11.94,-1.5625
31.08,482.960099582833,11.88,-1.55
31.12,483.428647499217,11.8,-1.45
31.16,483.883234599891,11.7,-1.2875
31.2,484.359077607708,11.65,-1.225
31.24,484.820408986071,11.59,-1.2875
31.28,485.27456629238,11.52,-1.275
31.32,485.728723590311,11.45,-1.2375
31.36,486.182880881432,11.41,-1.25
31.4,486.637038163923,11.35,-1.2
31.44,487.083946759156,11.31,-1.1625
31.48,487.530855346828,11.27,-1.2125
31.52,487.985012607825,11.25,-1.325
31.56,488.431921180885,11.22,-1.4
31.6,488.878829746895,11.15,-1.3625
31.64,489.311327994197,11.06,-1.25
31.68,489.751071855846,11.03,-1.25
31.72,490.197980399964,10.95,-1.3125
31.76,490.630478627416,10.91,-1.3
31.8,491.062976846979,10.89,-1.3625
31.84,491.495475060709,10.84,-1.4375
31.88,491.920776196404,10.77,-1.4
31.92,492.346077325773,10.69,-1.3125
31.96,492.771378449575,10.66,-1.3
32,493.196679565775,10.62,-1.2875
32.04,493.614781155891,10.59,-1.31250000000001
32.08,494.032975290704,10.5,-1.35
32.12,494.451076867692,10.43,-1.2875
32.16,494.86194695648,10.39,-1.25
32.2,495.280048520608,10.32,-1.2
32.24,495.676736901373,10.26,-1.15
32.28,496.08760697167,10.23,-1.1875
32.32,496.498477034782,10.18,-1.25
32.36,496.902207710688,10.13,-1.325
32.4,497.313077762494,10.12,-1.375
32.44,497.702355806663,10.04,-1.32499999999999
32.48,498.098807808995,9.97,-1.225
32.52,498.495496150795,9.93,-1.225
32.56,498.891948141619,9.89,-1.3
32.6,499.288400127459,9.86,-1.3625
32.64,499.677678143881,9.8,-1.4125
32.68,500.059881646236,9.74,-1.425
32.72,500.442085144607,9.67,-1.3
32.76,500.824133502785,9.58,-1.1
32.8,501.20633698989,9.57,-1.0875
32.84,501.595614978782,9.53,-1.2625
32.88,501.970849030006,9.5,-1.4125
32.92,502.338577430058,9.42,-1.375
32.96,502.713414831343,9.36,-1.2625
33,503.088648868016,9.3,-1.225
33.04,503.44937619972,9.23,-1.15
33.08,503.817104580312,9.17,-1.0875
33.12,504.177831902032,9.2,-1.2125
33.16,504.545560273877,9.17,-1.325
33.2,504.906287586061,9.11,-1.35
33.24,505.259551820076,8.98,-1.3125
33.28,505.613392429761,8.92,-1.225
33.32,505.974119729513,8.9,-1.15
33.36,506.320348842334,8.87,-1.1
33.4,506.673613057594,8.81,-1.15
33.44,507.020688123888,8.8,-1.3
33.48,507.366917223651,8.73,-1.425
33.52,507.706229061832,8.67,-1.4375
33.56,508.060069641846,8.64,-1.35
33.6,508.391810182031,8.56,-1.2
33.64,508.73112200805,8.48,-1.05
33.68,509.063641775345,8.44,-1.1375
33.72,509.388016383741,8.46,-1.4625
33.76,509.728454283707,8.43,-1.5625
33.8,510.067766093703,8.33,-1.375
33.84,510.385735406355,8.24,-1.2125
33.88,510.71052557105,8.15,-1.1625
33.92,511.028494876404,8.1,-1.225
33.96,511.35328503489,8.13,-1.3875
34,511.678075188397,8.11,-1.475
34.04,512.002865338446,8.09,-1.5625
34.08,512.313141955193,7.92,-1.525
34.12,512.616566334594,7.81,-1.25
34.16,512.92785276764,7.83,-1.2125
34.2,513.245822048771,7.83,-1.4
34.24,513.557108474007,7.77,-1.475
34.28,513.867385073396,7.69,-1.5
34.32,514.163157440639,7.58,-1.4125
34.36,514.452043256388,7.54,-1.275
34.4,514.756793900253,7.52,-1.325
34.44,515.053509356079,7.43,-1.4125
34.48,515.342395163543,7.36,-1.35
34.52,515.631280967116,7.37,-1.3375
34.56,515.934705309972,7.3,-1.3875
34.6,516.215984165528,7.24,-1.3875
34.64,516.498132481721,7.18,-1.4
34.68,516.780280796134,7.08,-1.2875
34.72,517.055851632849,7.06,-1.2
34.76,517.344737418891,7.04,-1.225
34.8,517.626016258613,6.96,-1.1375
34.84,517.887000230305,6.86,-1.05
34.88,518.154585861352,6.85,-1.0875
34.92,518.422171491167,6.81,-1.2125
34.96,518.697742312332,6.75,-1.25
35,518.957574366685,6.68,-1.15
35.04,519.218558326984,6.62,-1.1
35.08,519.48614394667,6.61,-1.0625
35.12,519.745975993564,6.57,-1
35.16,520.006959947449,6.55,-1.05
35.2,520.267943898769,6.54,-1.1625
35.24,520.513263533531,6.44,-1.1625
35.28,520.774247480562,6.4,-1.1625
35.32,521.012724376311,6.29,-1.1
35.36,521.26575253439,6.27,-1.0125
35.4,521.512152122862,6.24,-1.05
35.44,521.758551708366,6.18,-1.0125
35.48,522.004951292761,6.2,-1.075
35.52,522.251350873902,6.18,-1.225
35.56,522.497750454219,6.1,-1.2375
35.6,522.736227335079,6.06,-1.225
35.64,522.968045533786,5.99,-1.175
35.68,523.206522411656,5.92,-1.0375
35.72,523.446483251356,5.89,-0.975
35.76,523.678301444507,5.86,-1.025
35.8,523.902234437621,5.81,-1.075
35.84,524.142195272069,5.8,-1.1375
35.88,524.359435658063,5.72,-1.1125
35.92,524.583368645675,5.68,-1
35.96,524.808728518386,5.61,-0.912500000000002
36,525.025968898251,5.57,-0.8625
36.04,525.25132876777,5.54,-0.812499999999998
36.08,525.468569145543,5.54,-0.862499999999998
36.12,525.692502124151,5.49,-0.9
36.16,525.897013786743,5.44,-0.812500000000001
36.2,526.107773665861,5.37,-0.612500000000001
36.24,526.31853354353,5.33,-0.437500000000001
36.28,526.53577391331,5.3,-0.45
36.32,526.731934995452,5.3,-0.5375
36.36,526.955867963681,5.26,-0.574999999999999
36.4,527.166627835661,5.23,-0.537500000000001
36.44,527.371139489245,5.23,-0.500000000000003
36.48,527.573806394697,5.16,-0.3
36.52,527.784566263633,5.15,-0.125000000000002
36.56,527.995326129924,5.13,-0.175000000000001
36.6,528.199837778401,5.19,-0.325
36.64,528.38793657875,5.16,-0.375000000000001
36.68,528.605176931781,5.11,-0.2375
36.72,528.809688576242,5.06,-0.0875000000000004
36.76,529.014200219705,5.04,-0.0250000000000006
36.8,529.216867113714,5.02,-0.0249999999999995
36.84,529.413028178427,5.04,-0.0749999999999984
36.88,529.609189242174,5.11,-0.212499999999999
36.92,529.819949095948,5.1,-0.274999999999999
36.96,530.01611015708,5.04,-0.1375
37,530.229226786158,5.02,0.0249999999999995
37.04,530.42538784458,5.03,0.0249999999999995
37.08,530.628054728477,5.05,-0.0624999999999998
37.12,530.832566360402,5.05,-0.0874999999999992
37.16,531.028727414951,5.03,-0.0874999999999992
37.2,531.247847017583,5.01,-0.1
37.24,531.444008069421,4.99,-0.0375000000000025
37.28,531.648519696238,4.99,-2.22044604925031e-15
37.32,531.844680745462,5,-0.0125000000000008
37.36,532.040841792228,5.03,-0.0249999999999995
37.4,532.251601630339,5.05,-0.0624999999999998
37.44,532.441505278895,5.02,-0.0124999999999986
37.48,532.654621893447,5.01,0.100000000000002
37.52,532.850782935796,5.02,0.112500000000001
37.56,533.055294554093,4.99,0.112499999999999
37.6,533.257961418667,4.97,0.212499999999999
37.64,533.462473034457,5,0.187500000000002
37.68,533.666984648644,4.98,0.162500000000002
37.72,533.865502256064,5,0.275000000000001
37.76,534.061663290474,5.01,0.349999999999999
37.8,534.266174901156,5.02,0.350000000000001
37.84,534.470686510237,5.04,0.262500000000002
37.88,534.673353364766,5.07,0.149999999999999
37.92,534.87786497134,5.05,0.187499999999999
37.96,535.082376576914,5.05,0.3
38,535.293136392518,5.08,0.287499999999999
38.04,535.477056417289,5.04,0.337499999999998
38.08,535.696175989973,5.07,0.399999999999997
38.12,535.905573934687,5.13,0.424999999999999
38.16,536.118690528387,5.16,0.550000000000002
38.2,536.317208121804,5.15,0.637500000000001
38.24,536.526606061542,5.12,0.637499999999999
38.28,536.731117656508,5.11,0.612499999999998
38.32,536.938489115478,5.16,0.599999999999999
38.36,537.15572940396,5.18,0.625000000000002
38.4,537.368845990086,5.18,0.775000000000002
38.44,537.56736357649,5.21,0.8625
38.48,537.792723353552,5.22,0.8125
38.52,537.997234939869,5.32,0.687500000000001
38.56,538.21635449641,5.41,0.4625
38.6,538.435474050587,5.41,0.337499999999998
38.64,538.648590628871,5.37,0.462499999999999
38.68,538.865830903709,5.35,0.675000000000002
38.72,539.084950453509,5.4,0.725000000000002
38.76,539.298067027872,5.44,0.7125
38.8,539.538027742005,5.54,0.625
38.84,539.751144313605,5.54,0.600000000000001
38.88,539.970263857336,5.54,0.675000000000001
38.92,540.203991369626,5.55,0.6625
38.96,540.423110910273,5.55,0.712499999999999
39,540.645057299745,5.54,0.85
39.04,540.876875353618,5.61,0.862499999999999
39.08,541.08999191702,5.65,0.774999999999999
39.12,541.326517325627,5.68,0.7
39.16,541.560244827941,5.73,0.662499999999999
39.2,541.80020552387,5.75,0.687500000000001
39.24,542.03673092796,5.81,0.725000000000002
39.28,542.270458425074,5.81,0.7875
39.32,542.498175126002,5.81,0.8875
39.36,542.740492914818,5.86,0.887500000000002
39.4,542.968209612586,5.91,0.775000000000001
39.44,543.210527398024,5.93,0.800000000000001
39.48,543.458862854118,5.95,0.887499999999999
39.52,543.698823534349,5.94,0.899999999999997
39.56,543.944346387077,6,0.85
39.6,544.178073870076,6.03,0.774999999999999
39.64,544.441017285545,6.11,0.749999999999997
39.68,544.683335060851,6.14,0.8375
39.72,544.940254704071,6.19,0.925
39.76,545.188590146332,6.19,0.962499999999998
39.8,545.439697915396,6.2,0.924999999999999
39.84,545.688033354012,6.28,0.7875
39.88,545.944952989602,6.31,0.725
39.92,546.19606075343,6.3,0.850000000000002
39.96,546.452980385097,6.32,0.975
40,546.709900014802,6.33,1.0375
40.04,546.966819642545,6.41,0.9875
40.08,547.232512594802,6.51,0.825
40.12,547.501677423089,6.56,0.775
40.16,547.767370371447,6.59,0.837499999999999
40.2,548.01847812263,6.54,0.9375
40.24,548.275397740346,6.57,0.9875
40.28,548.561522960506,6.6,0.950000000000001
40.32,548.827215900959,6.69,0.862499999999999
40.36,549.104767243438,6.71,0.887499999999999
40.4,549.379404509038,6.77,0.925
40.44,549.642347881799,6.76,0.925
40.48,549.922628380238,6.82,0.9
40.52,550.208753586217,6.87,0.887499999999999
40.56,550.474446514444,6.95,0.85
40.6,550.760571715655,6.93,0.837499999999999
40.64,551.046696914728,6.97,0.85
40.68,551.32133416636,6.96,0.900000000000001
40.72,551.598885486658,7.02,0.912500000000002
40.76,551.888087632831,7.09,0.837500000000001
40.8,552.186360078908,7.13,0.937500000000001
40.84,552.472485265204,7.14,1.025
40.88,552.750036575168,7.16,1.025
40.92,553.044906633718,7.24,0.975000000000001
40.96,553.348677801658,7.26,0.950000000000002
41,553.643547855107,7.29,1.025
41.04,553.938417906065,7.29,1.1625
41.08,554.242189066634,7.36,1.1875
41.12,554.54291778651,7.35,1.15
41.16,554.837787829876,7.43,1.1
41.2,555.159777860912,7.54,0.9625
41.24,555.460506572281,7.55,1
41.28,555.7642777203,7.57,1.1125
41.32,556.071044924782,7.61,1.025
41.36,556.393034946258,7.65,0.924999999999998
41.4,556.708367606163,7.72,0.949999999999998
41.44,557.021182754513,7.79,0.887499999999998
41.48,557.330644093034,7.81,0.812499999999998
41.52,557.652634104625,7.82,0.874999999999999
41.56,557.962095437385,7.84,0.937499999999999
41.6,558.295014862022,7.9,0.924999999999999
41.64,558.627934283578,7.99,0.862499999999998
41.68,558.946278003382,8.02,0.837500000000001
41.72,559.264621720704,7.98,0.975000000000001
41.76,559.574083039758,8.02,1.05
41.8,559.907002449506,8.11,0.900000000000001
41.84,560.239921855371,8.11,0.925
41.88,560.576431979119,8.14,1.1
41.92,560.903795640328,8.19,1.125
41.96,561.242443878524,8.22,1.025
42,561.566497993417,8.26,0.912500000000001
42.04,561.91753552727,8.32,0.8375
42.08,562.250454915198,8.36,0.887499999999999
42.12,562.592372172041,8.42,0.974999999999999
42.16,562.934289426219,8.42,0.975000000000001
42.2,563.267208804648,8.43,0.950000000000002
42.24,563.614706585136,8.53,0.837500000000002
42.28,563.965744100853,8.6,0.712499999999998
42.32,564.331315451865,8.63,0.762499999999995
42.36,564.673232690492,8.6,0.949999999999998
42.4,565.006152052622,8.61,1.0875
42.44,565.371723393884,8.64,1.15
42.48,565.719221153588,8.75,1.0375
42.52,566.08479248818,8.81,0.85
42.56,566.43229024055,8.81,0.8375
42.6,566.792561104292,8.8,0.937499999999998
42.64,567.140058849644,8.83,1.0375
42.68,567.500329706889,8.87,1.075
42.72,567.871366946943,8.97,1
42.76,568.236938261266,9.02,0.900000000000001
42.8,568.602509572125,9.06,0.875000000000001
42.84,568.982620399333,9.11,0.900000000000003
42.88,569.348191703136,9.11,1.0375
42.92,569.713763003476,9.13,1.15
42.96,570.08854025612,9.16,1.1
43,570.448811087508,9.2,0.962500000000002
43.04,570.83441374982,9.26,0.837500000000002
43.08,571.209190992078,9.3,0.787499999999999
43.12,571.580228193959,9.34,0.837499999999998
43.16,571.973716097096,9.37,0.912499999999998
43.2,572.344753291103,9.41,0.949999999999998
43.24,572.724864079864,9.48,0.862499999999997
43.28,573.123435232162,9.57,0.712499999999996
43.32,573.509037865816,9.59,0.7125
43.36,573.902525751909,9.58,0.937500000000002
43.4,574.273562926161,9.55,1.2375
43.44,574.672134062605,9.58,1.2875
43.48,575.052244829131,9.61,1.1625
43.52,575.450815958849,9.7,0.975000000000001
43.56,575.849387083975,9.74,0.887499999999999
43.6,576.234989688567,9.8,0.900000000000001
43.64,576.638801673306,9.78,0.862499999999999
43.68,577.046745383999,9.84,0.900000000000001
43.72,577.432347975389,9.89,0.999999999999999
43.76,577.854757995576,10.03,1.025
43.8,578.257736684341,10.09,1.05
43.84,578.661548648072,10.07,1.1375
43.88,579.050839825221,10.05,1.1125
43.92,579.454651780798,10.04,0.975000000000001
43.96,579.867717429163,10.11,0.837500000000002
44,580.29012742517,10.15,0.825
44.04,580.703193064693,10.12,0.962500000000002
44.08,581.116258700357,10.22,0.999999999999999
44.12,581.538668683944,10.31,0.849999999999998
44.16,581.951734310766,10.43,0.637499999999998
44.2,582.38357340825,10.53,0.512499999999998
44.24,582.796639026424,10.54,0.649999999999999
44.28,583.228478115637,10.47,0.987500000000001
44.32,583.636421763673,10.4,1.3125
44.36,584.049487369342,10.42,1.4375
44.4,584.486373062636,10.5,1.3875
44.44,584.908783012531,10.54,1.3
44.48,585.350130540351,10.6,1.0625
44.52,585.78701622065,10.61,0.800000000000003
44.56,586.20942615713,10.64,0.725
44.6,586.641265212533,10.73,0.787500000000001
44.64,587.082612723661,10.86,0.750000000000002
44.68,587.538378278071,10.94,0.562500000000001
44.72,587.97124929876,10.98,0.525
44.76,588.422179575392,10.99,0.625
44.8,588.864256639568,11.04,0.75
44.84,589.305604129325,11.04,0.85
44.88,589.737443154227,10.95,0.975000000000001
44.92,590.178790635511,10.9,1.1125
44.96,590.620867679832,10.93,1.125
45,591.071797931121,11.07,0.962499999999997
45.04,591.532542180959,11.12,0.787500000000001
45.08,591.973889644918,11.13,0.862500000000002
45.12,592.439207316785,11.21,0.937499999999998
45.16,592.88549387418,11.26,0.987499999999997
45.2,593.350811537278,11.37,0.987499999999999
45.24,593.811555761902,11.39,0.9375
45.28,594.272138441597,11.38,1.0125
45.32,594.723068658448,11.36,1.125
45.36,595.193369177427,11.37,1.25
45.4,595.663564416065,11.4,1.2375
45.44,596.114494619206,11.42,1.2
45.48,596.584689847953,11.52,1.2125
45.52,597.06440823373,11.57,1.1875
45.56,597.544487997703,11.69,1.075
45.6,598.014788490693,11.73,0.925
45.64,598.480106101651,11.78,0.774999999999999
45.68,598.955044682885,11.8,0.674999999999999
45.72,599.458738624231,11.84,0.799999999999998
45.76,599.929039099538,11.89,0.937499999999998
45.8,600.408757449338,11.87,0.974999999999997
45.84,600.888837182968,11.91,0.974999999999997
45.88,601.387801680219,12,0.862499999999997
45.92,601.867881404897,12.04,0.724999999999998
45.96,602.357190812503,12.08,0.712500000000003
46,602.841815039822,12.08,0.837500000000004
46.04,603.33112443793,12.05,0.975000000000001
46.08,603.820433831292,12.07,0.999999999999999
46.12,604.310350541469,12.21,0.825
46.16,604.814525300449,12.27,0.637500000000004
46.2,605.29914950265,12.27,0.625000000000002
46.24,605.798113954479,12.29,0.650000000000002
46.28,606.282738148058,12.31,0.675000000000001
46.32,606.796770940818,12.31,0.787499999999999
46.36,607.29090213555,12.38,0.799999999999998
46.4,607.804934919003,12.45,0.600000000000001
46.44,608.309109644951,12.46,0.487500000000001
46.48,608.813284366724,12.46,0.574999999999999
46.52,609.317459083063,12.48,0.624999999999998
46.56,609.830778841623,12.51,0.624999999999998
46.6,610.320695497801,12.53,0.700000000000003
46.64,610.834728252978,12.55,0.737500000000002
46.68,611.343408083445,12.59,0.649999999999999
46.72,611.85744082943,12.66,0.512500000000002
46.76,612.371473570852,12.67,0.449999999999999
46.8,612.885506307177,12.64,0.524999999999995
46.84,613.389680985348,12.66,0.662499999999997
46.88,613.917959387977,12.72,0.649999999999997
46.92,614.427709856278,12.72,0.574999999999997
46.96,614.941742573281,12.77,0.512499999999996
47,615.465684376323,12.83,0.412499999999996
47.04,615.96985902975,12.84,0.362499999999997
47.08,616.499636464647,12.82,0.425
47.12,617.01808863594,12.84,0.562500000000001
47.16,617.537829818074,12.85,0.625
47.2,618.061771597427,12.88,0.6125
47.24,618.585713372179,12.95,0.487500000000001
47.28,619.113991723228,12.95,0.437500000000004
47.32,619.633732887322,12.95,0.550000000000006
47.36,620.153474046906,12.95,0.612500000000002
47.4,620.659082919879,12.98,0.662499999999999
47.44,621.188860315059,12.98,0.687500000000001
47.48,621.712802060683,13.02,0.625000000000002
47.52,622.260882595678,13.09,0.5375
47.56,622.780623732852,13.1,0.5
47.6,623.30036486516,13.12,0.475000000000001
47.64,623.836312605041,13.1,0.525000000000002
47.68,624.350345233477,13.15,0.562499999999999
47.72,624.900321620269,13.19,0.487499999999994
47.76,625.42611521248,13.2,0.474999999999999
47.8,625.960014206674,13.26,0.475000000000003
47.84,626.499870766789,13.25,0.500000000000003
47.88,627.025664346326,13.25,0.5125
47.92,627.565520897806,13.29,0.462500000000001
47.96,628.085261988341,13.3,0.450000000000004
48,628.635238344283,13.3,0.425000000000002
48.04,629.161031907413,13.34,0.424999999999998
48.08,629.714979621571,13.36,0.437499999999997
48.12,630.247157904386,13.37,0.437500000000002
48.16,630.787014428316,13.4,0.5
48.2,631.326870948056,13.44,0.487499999999998
48.24,631.873010874036,13.47,0.374999999999999
48.28,632.398804411333,13.44,0.387499999999996
48.32,632.955172595911,13.47,0.449999999999995
48.36,633.505148911361,13.48,0.499999999999996
48.4,634.034926196344,13.46,0.587499999999999
48.44,634.577367526835,13.52,0.587500000000001
48.48,635.133735694396,13.53,0.525000000000004
48.52,635.679875591534,13.55,0.475000000000005
48.56,636.236243751237,13.62,0.362500000000006
48.6,636.786220039288,13.61,0.325000000000004
48.64,637.328661350152,13.6,0.437500000000002
48.68,637.860839577801,13.62,0.525000000000002
48.72,638.427470054698,13.65,0.575000000000003
48.76,638.980208066308,13.7,0.525000000000002
48.8,639.516155683652,13.71,0.4125
48.84,640.082786148156,13.74,0.325
48.88,640.639154274324,13.73,0.287499999999996
48.92,641.191892270407,13.73,0.349999999999997
48.96,641.744630262587,13.73,0.4
49,642.30099837604,13.76,0.4125
49.04,642.864064860609,13.8,0.362499999999999
49.08,643.416802840996,13.84,0.262500000000001
49.12,643.983433276555,13.89,0.162500000000001
49.16,644.543072984273,13.88,0.137499999999999
49.2,645.095810953287,13.86,0.2
49.24,645.648548917891,13.85,0.262500000000001
49.28,646.201286878593,13.85,0.312500000000004
49.32,646.778211877156,13.89,0.3125
49.36,647.327458630321,13.89,0.337499999999993
49.4,647.900883651549,13.93,0.349999999999995
49.44,648.460523334667,13.92,0.299999999999996
49.48,649.023589776922,13.93,0.224999999999995
49.52,649.586656215133,13.93,0.212499999999995
49.56,650.146295887593,13.95,0.287499999999998
49.6,650.702648522971,13.95,0.375000000000001
49.64,651.276073520566,13.97,0.437500000000002
49.68,651.82197063581,13.98,0.4125
49.72,652.405782667085,14.01,0.275000000000001
49.76,652.962135288855,14.04,0.0625000000000053
49.8,653.52177494,14.06,0.0250000000000017
49.84,654.0918354301,14.03,0.225
49.88,654.651475073144,14,0.437500000000004
49.92,655.218308958604,14.03,0.425000000000004
49.96,655.78514283996,14.08,0.287500000000001
50,656.348890377969,14.12,0.224999999999997
50.04,656.922315336633,14.15,0.149999999999995
50.08,657.48606286906,14.13,0.137499999999995
50.12,658.056123334049,14.08,0.224999999999995
50.16,658.622957198995,14.02,0.412499999999998
50.2,659.186704722112,14.1,0.475000000000001
50.24,659.750452242251,14.17,0.349999999999999
50.28,660.324761855063,14.21,0.249999999999995
50.32,660.888509369183,14.16,0.274999999999999
50.36,661.469017058453,14.18,0.337500000000004
50.4,662.03276456693,14.2,0.300000000000005
50.44,662.607074167551,14.19,0.312500000000004
50.48,663.170821670008,14.2,0.337500000000002
50.52,663.742241916232,14.19,0.375000000000001
50.56,664.31655150796,14.24,0.337499999999999
50.6,664.89086109708,14.26,0.225000000000002
50.64,665.465170683215,14.29,0.200000000000005
50.68,666.033844240981,14.29,0.212500000000004
50.72,666.608153821148,14.3,0.225
50.76,667.182463398329,14.31,0.249999999999995
50.8,667.761823144503,14.31,0.324999999999998
50.84,668.336132715655,14.33,0.325000000000002
50.88,668.915492457424,14.33,0.262500000000003
50.92,669.484166000614,14.36,0.200000000000002
50.96,670.058475562751,14.34,0.1875
51,670.640531547705,14.34,0.237499999999999
51.04,671.219891279904,14.37,0.224999999999997
51.08,671.788564813343,14.38,0.224999999999997
51.12,672.367924540376,14.39,0.274999999999999
51.16,672.947284265373,14.42,0.287500000000001
51.2,673.537346666432,14.46,0.237499999999999
51.24,674.106020190022,14.44,0.249999999999999
51.28,674.685379907389,14.43,0.312500000000002
51.32,675.262185902312,14.42,0.362500000000001
51.36,675.849741093164,14.43,0.424999999999998
51.4,676.429100803612,14.44,0.487499999999996
51.44,677.003497500365,14.45,0.525000000000002
51.48,677.58285720598,14.48,0.475000000000003
51.52,678.170412388346,14.51,0.387500000000001
51.56,678.755602535306,14.53,0.3125
51.6,679.332408515048,14.54,0.312499999999998
51.64,679.917598658246,14.56,0.349999999999997
51.68,680.50766103064,14.56,0.362499999999997
51.72,681.090630034805,14.58,0.387499999999998
51.76,681.680692402739,14.61,0.387500000000003
51.8,682.263661403582,14.65,0.325000000000004
51.84,682.861979765459,14.66,0.250000000000001
51.88,683.447169897218,14.65,0.212500000000002
51.92,684.032360027078,14.65,0.200000000000005
51.96,684.617550155038,14.64,0.312500000000002
52,685.213546190299,14.68,0.375000000000001
52.04,685.798736314805,14.7,0.312500000000002
52.08,686.383926437027,14.71,0.3125
52.12,686.977741753773,14.74,0.287499999999998
52.16,687.573737781179,14.76,0.2
52.2,688.156706765277,14.76,0.1875
52.24,688.750522077065,14.75,0.349999999999997
52.28,689.346518098801,14.73,0.524999999999995
52.32,689.940333407262,14.73,0.549999999999995
52.36,690.534148713676,14.81,0.412499999999996
52.4,691.127964018811,14.81,0.287500000000001
52.44,691.721779322284,14.82,0.3
52.48,692.324450500695,14.84,0.349999999999999
52.52,692.91826580081,14.84,0.412500000000002
52.56,693.512081099261,14.82,0.475000000000001
52.6,694.105896395664,14.85,0.437499999999997
52.64,694.708567568396,14.94,0.287500000000001
52.68,695.309380175288,14.96,0.225000000000002
52.72,695.914052177988,14.94,0.3125
52.76,696.505829929019,14.93,0.412500000000002
52.8,697.108501096292,14.92,0.462500000000001
52.84,697.71317309403,14.95,0.475000000000001
52.88,698.315844258149,14.99,0.437500000000002
52.92,698.91665685729,15.02,0.350000000000001
52.96,699.519328018803,15.02,0.3125
53,700.121999178215,15,0.399999999999998
53.04,700.722811774052,15.02,0.462499999999999
53.08,701.334559470877,15.06,0.412500000000002
53.12,701.935372064229,15.09,0.350000000000004
53.16,702.558061837206,15.11,0.349999999999999
53.2,703.158874427662,15.11,0.349999999999999
53.24,703.770622119971,15.14,0.337499999999997
53.28,704.382369810661,15.15,0.399999999999998
53.32,704.983182397377,15.14,0.487499999999998
53.36,705.594930086015,15.15,0.537499999999997
53.4,706.204993545745,15.19,0.500000000000003
53.44,706.826028758226,15.2,0.437500000000002
53.48,707.437776442757,15.21,0.412499999999998
53.52,708.047839899355,15.22,0.399999999999998
53.56,708.667360572412,15.26,0.4
53.6,709.277424026915,15.24,0.475000000000001
53.64,709.898459234261,15.28,0.500000000000005
53.68,710.519494440794,15.33,0.450000000000002
53.72,711.128016049539,15.35,0.4125
53.76,711.757190973678,15.37,0.375000000000003
53.8,712.367254422686,15.37,0.412500000000002
53.84,712.986775089957,15.37,0.475000000000001
53.88,713.606295756163,15.37,0.5125
53.92,714.223211425588,15.38,0.462499999999999
53.96,714.844246624872,15.42,0.349999999999997
54,715.462393797782,15.46,0.274999999999999
54.04,716.080540970179,15.46,0.324999999999998
54.08,716.700061632083,15.51,0.399999999999998
54.12,717.316977298517,15.5,0.462500000000001
54.16,717.933892964625,15.52,0.449999999999999
54.2,718.574099235005,15.55,0.312499999999998
54.24,719.192246403885,15.57,0.249999999999999
54.28,719.821421318506,15.58,0.312499999999998
54.32,720.449386356472,15.54,0.387499999999998
54.36,721.066302019776,15.54,0.462500000000003
54.4,721.684449185837,15.56,0.525
54.44,722.323466461903,15.62,0.424999999999998
54.48,722.950362020424,15.67,0.262500000000003
54.52,723.590568285323,15.71,0.174999999999998
54.56,724.207483945812,15.67,0.237499999999997
54.6,724.83437950306,15.65,0.375000000000001
54.64,725.46234453645,15.67,0.400000000000003
54.68,726.112416769882,15.73,0.300000000000005
54.72,726.728243763209,15.7,0.287500000000005
54.76,727.366210087573,15.75,0.287500000000003
54.8,727.992177285642,15.77,0.200000000000002
54.84,728.630143609166,15.75,0.237500000000002
54.88,729.258108638815,15.75,0.362499999999997
54.92,729.885004193041,15.77,0.387500000000001
54.96,730.534043376287,15.8,0.312500000000004
55,731.160010572901,15.82,0.250000000000001
55.04,731.797976893925,15.82,0.2125
55.08,732.435030991909,15.82,0.224999999999997
55.12,733.060211578713,15.84,0.274999999999996
55.16,733.697265676198,15.84,0.349999999999997
55.2,734.334319772858,15.84,0.399999999999996
55.24,734.982462315338,15.87,0.337499999999999
55.28,735.630604857389,15.92,0.212500000000004
55.32,736.255785443084,15.91,0.175000000000001
55.36,736.891433563586,15.91,0.237499999999995
55.4,737.529399881185,15.91,0.287499999999996
55.44,738.176782758945,15.9,0.349999999999995
55.48,738.824165636489,15.92,0.399999999999998
55.52,739.449346221076,15.96,0.325
55.56,740.096729098193,16,0.174999999999996
55.6,740.754602976467,16,0.1125
55.64,741.37913923553,15.98,0.174999999999998
55.68,742.026522112,15.98,0.237499999999997
55.72,742.673282782528,15.99,0.237500000000002
55.76,743.331156660257,16.02,0.200000000000002
55.8,743.955692918747,16.03,0.225000000000004
55.84,744.601969237183,16.06,0.225000000000004
55.88,745.248729907235,16.08,0.0875000000000004
55.92,745.906127620727,16.06,0.0375000000000014
55.96,746.552403938926,16.04,0.100000000000002
56,747.19916460856,16.05,0.162499999999999
56.04,747.845440926207,16.07,0.174999999999996
56.08,748.491371056581,16.08,0.150000000000001
56.12,749.137301186921,16.08,0.175000000000001
56.16,749.783577504729,16.09,0.174999999999996
56.2,750.429507634998,16.14,0.062499999999992
56.24,751.086565020073,16.13,0
56.28,751.72172031219,16.08,0.112500000000004
56.32,752.367650442356,16.09,0.149999999999997
56.36,753.013580572486,16.09,0.0625000000000009
56.4,753.670433675786,16.13,4.44089209850063e-15
56.44,754.316363805846,16.13,-0.0374999999999925
56.48,754.962016852478,16.14,-0.0749999999999984
56.52,755.619074237313,16.16,-0.0625000000000053
56.56,756.265004367269,16.15,-0.024999999999995
56.6,756.910726695859,16.13,1.33226762955019e-14
56.64,757.556379742491,16.14,0.0249999999999995
56.68,758.213437126794,16.16,0.0249999999999995
56.72,758.859090173426,16.13,0.0125000000000064
56.76,759.493611270848,16.1,0.037499999999997
56.8,760.150668655443,16.12,0.0874999999999959
56.84,760.796321702075,16.11,0.074999999999994
56.88,761.442044030605,16.1,0.0749999999999984
56.92,762.098829026051,16.15,0.0500000000000034
56.96,762.744482072683,16.14,-0.0375000000000014
57,763.390135119315,16.14,-0.0375000000000014
57.04,764.046988222873,16.15,0
57.08,764.692641269505,16.17,-0.0875000000000048
57.12,765.338571398971,16.13,-0.1125
57.16,765.984224445603,16.13,-0.0874999999999915
57.2,766.629877492234,16.16,-0.199999999999996
57.24,767.264680531347,16.13,-0.212499999999998
57.28,767.932597476002,16.14,-0.125000000000002
57.32,768.578319804436,16.15,-0.0750000000000028
57.36,769.224249933693,16.11,-0.0500000000000034
57.4,769.869902980325,16.14,-0.15000000000001
57.44,770.515833109512,16.15,-0.287500000000005
57.48,771.161763238664,16.1,-0.287500000000001
57.52,771.807416285296,16.11,-0.300000000000002
57.56,772.453692600357,16.08,-0.3125
57.6,773.099345646593,16.05,-0.224999999999997
57.64,773.745275775606,16.07,-0.224999999999997
57.68,774.391205904584,16.1,-0.287499999999998
57.72,775.037136033528,16.13,-0.412499999999998
57.76,775.683066162437,16.09,-0.562499999999997
57.8,776.328996291271,16.04,-0.499999999999994
57.84,776.963799329852,16.02,-0.362499999999994
57.88,777.609521658184,16,-0.324999999999998
57.92,778.244113252611,15.97,-0.300000000000002
57.96,778.890043381347,15.97,-0.312500000000007
58,779.524846420183,15.98,-0.350000000000004
58.04,780.17077654885,15.96,-0.300000000000002
58.08,780.816498877119,15.98,-0.262500000000003
58.12,781.451301915453,15.92,-0.187499999999998
58.16,782.07476281935,15.85,0.0125000000000042
58.2,782.720692947879,15.88,0.0499999999999989
58.24,783.355284542653,15.89,-0.0750000000000006
58.28,783.989876137002,15.87,-0.0999999999999979
58.32,784.635529183634,15.86,-0.0499999999999967
58.36,785.259205304909,15.83,-0.0124999999999975
58.4,785.904858351541,15.84,-0.0374999999999992
58.44,786.528534473141,15.86,-0.112499999999998
58.48,787.174256801324,15.87,-0.112499999999998
58.52,787.808848395621,15.88,-0.0875000000000004
58.56,788.454501442253,15.9,-0.112500000000002
58.6,789.089093036552,15.87,-0.125
58.64,789.712769157974,15.84,-0.137499999999999
58.68,790.358422204606,15.84,-0.1
58.72,791.004075251238,15.85,-0.0749999999999984
58.76,791.627536155001,15.83,-0.0749999999999962
58.8,792.262127749257,15.81,-0.0624999999999987
58.84,792.896719343899,15.8,-0.0375000000000014
58.88,793.542372390531,15.84,-0.0249999999999995
58.92,794.165761538744,15.84,-0.0750000000000006
58.96,794.800282636166,15.85,-0.112500000000002
59,795.434803733984,15.82,-0.100000000000002
59.04,796.069395328168,15.78,0
59.08,796.7150483748,15.82,0
59.12,797.338509278504,15.81,-0.0750000000000028
59.16,797.973100873056,15.81,-0.0125000000000042
59.2,798.619031000729,15.78,0.0749999999999984
59.24,799.242420148942,15.8,0.0875000000000004
59.28,799.877223186266,15.82,-2.22044604925031e-15
59.32,800.511814780784,15.8,-0.0124999999999997
59.36,801.146406374918,15.8,0.0625000000000009
59.4,801.781209412098,15.79,0.1125
59.44,802.415801006215,15.81,0.0999999999999979
59.48,803.05060404376,15.79,0.0749999999999962
59.52,803.685407080876,15.78,0.112499999999998
59.56,804.320210117917,15.83,0.0875000000000004
59.6,804.955013154963,15.82,0.0250000000000017
59.64,805.589816192369,15.83,-0.0124999999999975
59.68,806.224971477765,15.79,0.0750000000000006
59.72,806.859774514707,15.82,0.124999999999997
59.76,807.494929799946,15.83,0.0500000000000012
59.8,808.141206110741,15.85,0.0249999999999995
59.84,808.776361396218,15.83,0.0750000000000006
59.88,809.411164433019,15.83,0.150000000000006
59.92,810.046319717944,15.83,0.150000000000006
59.96,810.681475002791,15.85,0.112500000000002
60,811.31712310739,15.82,0.0999999999999956
60.04,811.95227839208,15.82,0.0999999999999934
60.08,812.587926496006,15.86,0.0124999999999975
60.12,813.224207663587,15.85,-0.0499999999999989
60.16,813.859010700541,15.84,0
60.2,814.505771355212,15.86,-0.0124999999999975
60.24,815.141419458974,15.88,-0.0999999999999979
60.28,815.777067562202,15.9,-0.175000000000001
60.32,816.412715665211,15.88,-0.1875
60.36,817.06009851657,15.89,-0.162500000000001
60.4,817.695746619298,15.86,-0.137499999999997
60.44,818.33202778553,15.86,-0.162499999999994
60.48,818.957208342459,15.83,-0.249999999999995
60.52,819.603968996509,15.84,-0.274999999999996
60.56,820.229936148968,15.85,-0.249999999999999
60.6,820.866217313942,15.84,-0.225000000000002
60.64,821.503271367759,15.82,-0.112500000000002
60.68,822.139552532299,15.82,-0.0750000000000028
60.72,822.775833697016,15.81,-0.150000000000003
60.76,823.412887750016,15.83,-0.162500000000001
60.8,824.038854900453,15.81,-0.137500000000004
60.84,824.676821159444,15.78,-0.100000000000002
60.88,825.313875211514,15.71,0
60.92,825.94077070046,15.74,0.0749999999999962
60.96,826.577051863489,15.75,0.0249999999999972
61,827.203947351186,15.76,-0.0499999999999989
61.04,827.841913608464,15.81,-0.149999999999999
61.08,828.479879864924,15.77,-0.137499999999997
61.12,829.106775351727,15.74,0
61.16,829.745792534298,15.77,0.0374999999999992
61.2,830.361619456346,15.76,0.0500000000000034
61.24,831.01286038215,15.75,0.0499999999999989
61.28,831.629775945794,15.74,0.0249999999999972
61.32,832.269982090818,15.77,-0.0124999999999975
61.36,832.907948344338,15.74,0
61.4,833.538472570645,15.73,0.0749999999999962
61.44,834.154299490087,15.72,0.0749999999999984
61.48,834.794505632173,15.75,-0.0249999999999995
61.52,835.436038008145,15.76,-0.125
61.56,836.064002943598,15.78,-0.1125
61.6,836.704209083779,15.79,-0.0374999999999992
61.64,837.322356118035,15.76,-0.0124999999999975
61.68,837.963888490608,15.75,-0.0374999999999992
61.72,838.593063272827,15.75,-4.44089209850063e-15
61.76,839.212583763231,15.76,0.0499999999999989
61.8,839.854116133068,15.77,4.44089209850063e-15
61.84,840.495648502044,15.74,-0.0249999999999972
61.88,841.127660848335,15.71,0.0499999999999989
61.92,841.759673192975,15.7,0.137499999999999
61.96,842.391685537187,15.75,0.0750000000000006
62,843.011206022115,15.79,-0.0749999999999984
62.04,843.655799185229,15.75,-0.112499999999998
62.08,844.276834165663,15.73,-0.037499999999997
62.12,844.921427326353,15.77,0.0250000000000039
62.16,845.55343966515,15.78,-0.037499999999997
62.2,846.174474642412,15.75,-0.0499999999999989
62.24,846.808112824002,15.74,0
62.28,847.441751004749,15.75,0
62.32,848.086344159378,15.77,-0.0249999999999972
62.36,848.709033639435,15.74,-0.0124999999999975
62.4,849.331723118259,15.74,0.0624999999999987
62.44,849.954412595851,15.71,0.187499999999998
62.48,850.602604414453,15.74,0.262499999999999
62.52,851.238005090689,15.78,0.137499999999999
62.56,851.871643262436,15.74,0.0624999999999987
62.6,852.507043936046,15.75,0.0999999999999979
62.64,853.131526811302,15.74,0.112499999999998
62.68,853.757940794421,15.75,0.124999999999997
62.72,854.39727183592,15.75,0.212499999999998
62.76,855.032672503808,15.75,0.3125
62.8,855.657155373242,15.78,0.237500000000002
62.84,856.305347177136,15.82,0.1125
62.88,856.933828695547,15.84,0.0374999999999992
62.92,857.56024266854,15.79,0.0625000000000009
62.96,858.20843446754,15.78,0.162499999999999
63,858.836915980158,15.79,0.2125
63.04,859.463329948087,15.79,0.237500000000002
63.08,860.094014093716,15.8,0.237499999999999
63.12,860.744204180784,15.87,0.162500000000001
63.16,861.3726856857,15.88,0.125
63.2,862.020877474914,15.84,0.199999999999998
63.24,862.647291434385,15.85,0.237499999999999
63.28,863.29108491602,15.84,0.237499999999999
63.32,863.910968101105,15.84,0.249999999999999
63.36,864.561158176973,15.86,0.225000000000002
63.4,865.202654569622,15.88,0.175000000000001
63.44,865.820296596396,15.89,0.149999999999999
63.48,866.474875104999,15.89,0.187500000000003
63.52,867.101289052675,15.91,0.2125
63.56,867.74508251739,15.94,0.187500000000003
63.6,868.388875979285,15.94,0.212500000000002
63.64,869.030372359018,15.94,0.224999999999995
63.68,869.658853838819,15.94,0.149999999999999
63.72,870.291874265314,15.94,0.137500000000006
63.76,870.933370638244,15.94,0.162500000000003
63.8,871.57716408843,15.94,0.199999999999996
63.84,872.205645560528,15.95,0.224999999999997
63.88,872.84113450143,15.98,0.174999999999996
63.92,873.495712983851,15.99,0.187499999999998
63.96,874.137209345675,16.01,0.174999999999994
64,874.778705706034,16.04,0.0874999999999915
64.04,875.42492651373,16.02,0.1125
64.08,876.057946917635,15.98,0.262499999999999
64.12,876.69944327122,16.01,0.337499999999997
64.16,877.334932192805,16,0.3125
64.2,877.991898181529,16.04,0.212500000000002
64.24,878.624918575951,16.03,0.187499999999998
64.28,879.27113936742,16.04,0.237499999999997
64.32,879.917360155787,16.08,0.174999999999996
64.36,880.56358094146,16.06,0.174999999999996
64.4,881.199069846494,16.06,0.275000000000003
64.44,881.845290626393,16.09,0.325000000000002
64.48,882.491511404307,16.12,0.287499999999996
64.52,883.129599494783,16.14,0.224999999999991
64.56,883.7890800113,16.12,0.199999999999991
64.6,884.427168095636,16.09,0.225
64.64,885.075945061839,16.13,0.225000000000004
64.68,885.724722024643,16.13,0.212500000000002
64.72,886.376182498798,16.13,0.237500000000002
64.76,887.01427057091,16.15,0.250000000000004
64.8,887.665731037692,16.19,0.225000000000004
64.84,888.314507988852,16.22,0.187500000000003
64.88,888.968777710198,16.22,0.162500000000003
64.92,889.620238167364,16.22,0.17500000000001
64.96,890.261054498743,16.2,0.200000000000009
65,890.912514949316,16.19,0.187500000000003
65.04,891.556186990674,16.21,0.175000000000001
65.08,892.21045669424,16.22,0.175000000000001
65.12,892.854128728644,16.23,0.2
65.16,893.508398424583,16.25,0.212499999999998
65.2,894.162668117241,16.27,0.187499999999994
65.24,894.806340140143,16.29,0.174999999999996
65.28,895.452993629253,16.28,0.162499999999999
65.32,896.117878437651,16.3,0.0874999999999915
65.36,896.764531918638,16.28,0.0749999999999895
65.4,897.411185395203,16.26,0.149999999999992
65.44,898.068388457766,16.28,0.187499999999994
65.48,898.715041926281,16.29,0.237500000000002
65.52,899.375300854269,16.32,0.212500000000002
65.56,900.021954314733,16.33,0.1125
65.6,900.682213233287,16.34,0.0875000000000004
65.64,901.335199918197,16.36,0.100000000000002
65.68,901.992402957371,16.34,0.150000000000006
65.72,902.642161890027,16.31,0.275000000000003
65.76,903.295148560281,16.33,0.325000000000002
65.8,903.944907484709,16.33,0.250000000000004
65.84,904.59789414556,16.36,0.137500000000004
65.88,905.261329692504,16.4,0.0375000000000014
65.92,905.914316343867,16.38,0.0375000000000014
65.96,906.567302990529,16.36,0.150000000000001
66,907.22028963249,16.38,0.2
66.04,907.87662445896,16.4,0.149999999999997
66.08,908.532959279871,16.42,0.0749999999999984
66.12,909.192760900265,16.45,-0.0124999999999931
66.16,909.849095710657,16.45,-0.024999999999995
66.2,910.505430516826,16.41,0.0375000000000014
66.24,911.161765317437,16.39,0.1125
66.28,911.807728205845,16.4,0.124999999999997
66.32,912.453691088331,16.41,0.0750000000000028
66.36,913.113492676162,16.45,-0.0124999999999931
66.4,913.783636899391,16.45,-0.062499999999992
66.44,914.447022033557,16.45,-0.0499999999999901
66.48,915.086217880806,16.43,0
66.52,915.746019446894,16.43,0.0374999999999925
66.56,916.409404563704,16.45,-0.0499999999999989
66.6,917.058889575437,16.44,-0.112499999999995
66.64,917.72978451619,16.45,-0.074999999999994
66.68,918.389586060536,16.44,-0.0124999999999975
66.72,919.046467416109,16.43,0.0124999999999975
66.76,919.699592567137,16.42,-0.0249999999999995
66.8,920.346302415692,16.43,-0.0625000000000009
66.84,921.009687492037,16.43,-0.0625000000000053
66.88,921.67043907673,16.45,-0.0375000000000014
66.92,922.341333971323,16.44,0.0249999999999995
66.96,922.988043794027,16.4,0.1125
67,923.630937989406,16.4,0.125000000000002
67.04,924.305755326365,16.43,0.074999999999994
67.08,924.958880430669,16.45,0.024999999999995
67.12,925.619631975401,16.43,0.0499999999999945
67.16,926.270272524706,16.4,0.149999999999992
67.2,926.927153805451,16.4,0.187499999999994
67.24,927.587905330327,16.41,0.187499999999994
67.28,928.246744485251,16.44,0.162499999999994
67.32,928.917639314494,16.47,0.1125
67.36,929.57839081939,16.46,0.124999999999997
67.4,930.233075148756,16.44,0.162499999999994
67.44,930.893826640455,16.45,0.162500000000003
67.48,931.534390004814,16.45,0.175000000000005
67.52,932.213238850022,16.47,0.175000000000005
67.56,932.863879331708,16.48,0.162500000000003
67.6,933.522718425997,16.47,0.162500000000003
67.64,934.183469884765,16.49,0.187500000000003
67.68,934.852296022778,16.49,0.175000000000001
67.72,935.511135094311,16.51,0.1125
67.76,936.160024362033,16.52,0.100000000000002
67.8,936.838873155936,16.51,0.162500000000003
67.84,937.489513590778,16.51,0.237499999999997
67.88,938.156986830262,16.53,0.249999999999995
67.92,938.815825863844,16.53,0.237500000000002
67.96,939.474664890289,16.55,0.175000000000005
68,940.147691395483,16.53,0.162499999999999
68.04,940.806530406804,16.58,0.137499999999999
68.08,941.46536941028,16.54,0.150000000000001
68.12,942.124208406619,16.55,0.237499999999997
68.16,942.781862431457,16.56,0.249999999999995
68.2,943.464849939253,16.6,0.249999999999995
68.24,944.103828321358,16.61,0.237499999999997
68.28,944.795407245216,16.63,0.175000000000001
68.32,945.458509892653,16.62,0.124999999999997
68.36,946.121612533125,16.6,0.174999999999996
68.4,946.779266506777,16.61,0.212500000000002
68.44,947.442369130571,16.61,0.212500000000002
68.48,948.119702009257,16.63,0.237500000000002
68.52,948.777355957049,16.65,0.275000000000003
68.56,949.459099320325,16.66,0.225000000000004
68.6,950.116753251456,16.7,0.0875000000000048
68.64,950.798496596966,16.7,-0.0124999999999975
68.68,951.456150511089,16.68,0.012500000000002
68.72,952.128098793546,16.67,0.1125
68.76,952.800047067515,16.69,0.212499999999998
68.8,953.466887360151,16.69,0.187499999999998
68.84,954.138835616269,16.7,0.0625000000000009
68.88,954.820578910041,16.73,0.012500000000002
68.92,955.48741917403,16.77,-0.1125
68.96,956.149614608339,16.72,-0.162500000000003
69,956.83135787615,16.71,-0.0750000000000028
69.04,957.488558082095,16.68,0
69.08,958.169762588427,16.71,0.0124999999999975
69.12,958.831957987213,16.73,-0.0875000000000004
69.16,959.50848403557,16.8,-0.249999999999999
69.2,960.180070150465,16.73,-0.262500000000001
69.24,960.851656255636,16.71,-0.150000000000001
69.28,961.532860713667,16.73,-0.199999999999996
69.32,962.204808864941,16.68,-0.224999999999995
69.36,962.876394940566,16.68,-0.162499999999994
69.4,963.533595061438,16.69,-0.199999999999991
69.44,964.205181117802,16.7,-0.287499999999996
69.48,964.876767164443,16.7,-0.3125
69.52,965.548353201361,16.67,-0.262500000000006
69.56,966.210368308437,16.66,-0.262500000000006
69.6,966.881954326093,16.66,-0.274999999999999
69.64,967.553540334026,16.66,-0.262499999999997
69.68,968.215555411698,16.62,-0.212500000000002
69.72,968.88714140037,16.61,-0.162500000000003
69.76,969.558727379319,16.62,-0.200000000000005
69.8,970.225656838148,16.59,-0.225000000000009
69.84,970.887671876742,16.57,-0.175000000000005
69.88,971.564102706059,16.58,-0.124999999999997
69.92,972.216596335236,16.58,-0.124999999999993
69.96,972.888182266314,16.54,-0.112499999999995
70,973.559768187667,16.56,-0.1125
70.04,974.222330470612,16.55,-0.1125
70.08,974.893916372892,16.56,-0.125000000000002
70.12,975.556478633964,16.54,-0.1125
70.16,976.223408001295,16.53,-0.137499999999999
70.2,976.88088714129,16.5,-0.2
70.24,977.543449370804,16.52,-0.274999999999999
70.28,978.205464303167,16.53,-0.412500000000002
70.32,978.86802651029,16.53,-0.450000000000004
70.36,979.545074105518,16.5,-0.475000000000003
70.4,980.198312608878,16.51,-0.600000000000001
70.44,980.855791687425,16.51,-0.649999999999999
70.48,981.532839248935,16.5,-0.499999999999998
70.52,982.200579795576,16.51,-0.337499999999999
70.56,982.86832033011,16.45,-0.249999999999999
70.6,983.516402559958,16.42,-0.249999999999995
70.64,984.178964683667,16.38,-0.324999999999993
70.68,984.8322031126,16.34,-0.399999999999996
70.72,985.485441531037,16.36,-0.537499999999995
70.76,986.142920528946,16.29,-0.562499999999995
70.8,986.796158926177,16.24,-0.487500000000001
70.84,987.454649026451,16.26,-0.525000000000002
70.88,988.113139115005,16.35,-0.687500000000001
70.92,988.771629192592,16.39,-0.887500000000001
70.96,989.424867547509,16.37,-0.974999999999999
71,990.068839648858,16.3,-0.862500000000004
71.04,990.732674634529,16.24,-0.712500000000005
71.08,991.381973376748,16.16,-0.625
71.12,992.025945446262,16.11,-0.562500000000004
71.16,992.67524416669,16.09,-0.587500000000001
71.2,993.315413196749,16.05,-0.587499999999999
71.24,993.955582216439,16.03,-0.525000000000002
71.28,994.604880904958,16.03,-0.475000000000001
71.32,995.245049902002,16,-0.449999999999997
71.36,995.885218889322,15.98,-0.437499999999997
71.4,996.510840914092,16,-0.474999999999999
71.44,997.18011172085,15.97,-0.487500000000001
71.48,997.811215280092,15.93,-0.425000000000002
71.52,998.451384223354,15.89,-0.350000000000001
71.56,999.088062646585,15.84,-0.262500000000001
71.6,999.722828304403,15.83,-0.249999999999997
71.64,1000.36517249013,15.83,-0.337499999999997
71.68,1001.00534139056,15.85,-0.487500000000001
71.72,1001.63310138494,15.82,-0.587500000000001
71.76,1002.26420486851,15.81,-0.687500000000001
71.8,1002.90088322429,15.79,-0.787500000000001
71.84,1003.53198668606,15.79,-0.825000000000003
71.88,1004.16866501943,15.77,-0.825000000000003
71.92,1004.78184191146,15.77,-0.862499999999997
71.96,1005.43309495003,15.75,-0.924999999999998
72,1006.05520007049,15.72,-0.912500000000003
72.04,1006.68295997391,15.67,-0.887500000000001
72.08,1007.31071986703,15.62,-0.837499999999998
72.12,1007.92389670441,15.58,-0.775000000000001
72.16,1008.55165657586,15.5,-0.700000000000003
72.2,1009.16483339185,15.47,-0.649999999999997
72.24,1009.78374657057,15.45,-0.637499999999995
72.28,1010.40265973795,15.45,-0.637499999999998
72.32,1011.03041956456,15.4,-0.575000000000001
72.36,1011.6347412435,15.38,-0.475000000000001
72.4,1012.24791800692,15.36,-0.449999999999999
72.44,1012.86683113021,15.32,-0.425
72.48,1013.48000787249,15.3,-0.425000000000004
72.52,1014.08432950793,15.28,-0.450000000000004
72.56,1014.69750622978,15.24,-0.450000000000002
72.6,1015.301827844,15.21,-0.450000000000006
72.64,1015.91500454446,15.2,-0.412500000000002
72.68,1016.53391760211,15.19,-0.362499999999994
72.72,1017.13823918438,15.2,-0.412499999999996
72.76,1017.75141585416,15.2,-0.487500000000001
72.8,1018.3557374149,15.18,-0.462500000000001
72.84,1018.96005896546,15.16,-0.437499999999997
72.88,1019.56759234114,15.12,-0.487499999999994
72.92,1020.17191387049,15.1,-0.487499999999994
72.96,1020.77623538986,15.06,-0.412499999999996
73,1021.37177821888,15.03,-0.362499999999994
73.04,1021.97037298096,15.05,-0.374999999999996
73.08,1022.56010381151,15.05,-0.4125
73.12,1023.1790167496,15.01,-0.374999999999999
73.16,1023.78333821709,15,-0.387499999999996
73.2,1024.38193293896,15.01,-0.412499999999998
73.24,1024.98625438465,14.98,-0.387500000000001
73.28,1025.57598516419,14.91,-0.350000000000001
73.32,1026.17457985614,14.92,-0.337500000000004
73.36,1026.77012258957,14.91,-0.375000000000003
73.4,1027.3744439938,14.89,-0.387500000000001
73.44,1027.95538887989,14.89,-0.425000000000002
73.48,1028.56856536353,14.88,-0.450000000000004
73.52,1029.14951022916,14.88,-0.500000000000003
73.56,1029.74810486173,14.82,-0.500000000000003
73.6,1030.34669948426,14.86,-0.537500000000004
73.64,1030.9276443196,14.82,-0.587500000000003
73.68,1031.53196565164,14.79,-0.525
73.72,1032.12169632061,14.77,-0.524999999999998
73.76,1032.71723894935,14.76,-0.587500000000001
73.8,1033.30696959838,14.73,-0.687500000000003
73.84,1033.88791438314,14.71,-0.75
73.88,1034.47764501248,14.7,-0.762499999999999
73.92,1035.06737563186,14.66,-0.812500000000003
73.96,1035.6483203862,14.64,-0.8375
74,1036.24386295339,14.61,-0.787499999999994
74.04,1036.82480768774,14.6,-0.812499999999996
74.08,1037.40575241253,14.59,-0.912499999999998
74.12,1037.99259611262,14.55,-0.937499999999998
74.16,1038.57354081766,14.51,-0.912499999999996
74.2,1039.14868158374,14.43,-0.812499999999996
74.24,1039.72092207853,14.41,-0.774999999999999
74.28,1040.30186675418,14.39,-0.799999999999998
74.32,1040.87410722885,14.32,-0.724999999999996
74.36,1041.44045457341,14.31,-0.737499999999998
74.4,1042.01269502882,14.31,-0.787500000000003
74.44,1042.57904235547,14.25,-0.737500000000004
74.48,1043.15128279133,14.21,-0.650000000000004
74.52,1043.71763009841,14.18,-0.587500000000003
74.56,1044.28125177216,14.15,-0.587500000000003
74.6,1044.85068648516,14.14,-0.637500000000006
74.64,1045.40832394578,14.08,-0.662500000000004
74.68,1045.9719455903,14.08,-0.687500000000001
74.72,1046.53829285152,14.05,-0.675000000000001
74.76,1047.09593028437,13.99,-0.562500000000001
74.8,1047.64494543393,14,-0.525000000000002
74.84,1048.21129266723,13.97,-0.562500000000001
74.88,1048.76893007279,13.97,-0.650000000000002
74.92,1049.32656746822,13.95,-0.737500000000002
74.96,1049.89018904471,13.91,-0.712499999999998
75,1050.4419394843,13.87,-0.662499999999995
75.04,1050.99368991501,13.82,-0.6125
75.08,1051.53672459683,13.79,-0.587500000000003
75.12,1052.09436194726,13.8,-0.600000000000003
75.16,1052.64337701139,13.79,-0.625000000000004
75.2,1053.18641166692,13.78,-0.687500000000001
75.24,1053.74404898885,13.74,-0.737499999999998
75.28,1054.29306402604,13.68,-0.737499999999998
75.32,1054.83609865498,13.65,-0.725
75.36,1055.37913327481,13.64,-0.700000000000005
75.4,1055.92216788617,13.61,-0.687500000000005
75.44,1056.46520248843,13.59,-0.675000000000001
75.48,1057.01185892329,13.55,-0.649999999999999
75.52,1057.54901309085,13.56,-0.687500000000001
75.56,1058.08342166968,13.53,-0.700000000000001
75.6,1058.62390608997,13.49,-0.674999999999997
75.64,1059.1669406493,13.44,-0.674999999999999
75.68,1059.7013492021,13.39,-0.6375
75.72,1060.227225909,13.36,-0.574999999999997
75.76,1060.75565804752,13.37,-0.574999999999997
75.8,1061.29614242211,13.33,-0.587499999999999
75.84,1061.82457454401,13.33,-0.6125
75.88,1062.35662450285,13.29,-0.612499999999998
75.92,1062.89103300396,13.27,-0.612499999999998
75.96,1063.42544149637,13.26,-0.674999999999999
76,1063.94524366199,13.22,-0.650000000000002
76.04,1064.4711202989,13.17,-0.562499999999999
76.08,1065.0055287657,13.15,-0.549999999999999
76.12,1065.52533090643,13.14,-0.587500000000001
76.16,1066.05120751731,13.13,-0.587499999999996
76.2,1066.57100964104,13.1,-0.624999999999996
76.24,1067.09688623474,13.07,-0.687499999999999
76.28,1067.62893610395,13.06,-0.712500000000003
76.32,1068.13413196552,13.01,-0.712499999999998
76.36,1068.65393405744,12.98,-0.712499999999998
76.4,1069.17137759571,12.98,-0.775000000000001
76.44,1069.69117967026,12.96,-0.8125
76.48,1070.20862319159,12.92,-0.787499999999999
76.52,1070.72842525079,12.9,-0.824999999999998
76.56,1071.23969409553,12.9,-0.900000000000003
76.6,1071.75096293158,12.83,-0.862500000000004
76.64,1072.25380019678,12.79,-0.774999999999999
76.68,1072.77124367534,12.77,-0.800000000000001
76.72,1073.27643945916,12.73,-0.850000000000002
76.76,1073.77927669951,12.69,-0.825
76.8,1074.28447246803,12.65,-0.750000000000002
76.84,1074.79574125636,12.64,-0.712500000000003
76.88,1075.29240235693,12.61,-0.800000000000001
76.92,1075.79523956412,12.55,-0.85
76.96,1076.29807676417,12.53,-0.824999999999998
77,1076.79473784174,12.51,-0.812499999999998
77.04,1077.29757502574,12.49,-0.774999999999999
77.08,1077.78580606869,12.43,-0.687499999999999
77.12,1078.28246712318,12.39,-0.6375
77.16,1078.78530428333,12.37,-0.712499999999996
77.2,1079.27589383015,12.37,-0.837499999999995
77.24,1079.77040624978,12.35,-0.962499999999999
77.28,1080.2524595973,12.26,-0.912500000000001
77.32,1080.74069059444,12.22,-0.725
77.36,1081.2352029912,12.2,-0.662499999999999
77.4,1081.71118645043,12.19,-0.7125
77.44,1082.19109755273,12.19,-0.825000000000003
77.48,1082.68775854008,12.18,-0.962499999999999
77.52,1083.17598949906,12.13,-0.975000000000001
77.56,1083.64961441662,12.06,-0.837500000000007
77.6,1084.13784536068,12.01,-0.800000000000003
77.64,1084.60529096768,11.94,-0.8375
77.68,1085.08520202362,11.94,-0.837500000000002
77.72,1085.55690917539,11.96,-0.875000000000006
77.76,1086.03896243645,11.93,-0.900000000000005
77.8,1086.51258731071,11.89,-0.900000000000003
77.84,1086.97789746187,11.83,-0.874999999999999
77.88,1087.45152232239,11.77,-0.824999999999998
77.92,1087.92514717548,11.76,-0.8375
77.96,1088.38416609328,11.76,-0.887499999999999
78,1088.85587319142,11.67,-0.837499999999998
78.04,1089.3129884569,11.61,-0.800000000000001
78.08,1089.77829856565,11.6,-0.887500000000001
78.12,1090.23541381705,11.6,-0.999999999999999
78.16,1090.70285933744,11.57,-1.075
78.2,1091.15356899174,11.53,-1.15
78.24,1091.61887907259,11.49,-1.2125
78.28,1092.0759942956,11.45,-1.1875
78.32,1092.53310951169,11.41,-1.075
78.36,1092.98381913935,11.4,-0.962499999999999
78.4,1093.42634356314,11.36,-0.900000000000001
78.44,1093.87705317872,11.28,-0.887499999999999
78.48,1094.32776278679,11.22,-0.862499999999999
78.52,1094.77028719063,11.18,-0.85
78.56,1095.2128115886,11.13,-0.887500000000003
78.6,1095.64892123196,11.05,-0.800000000000005
78.64,1096.091445616,11,-0.675000000000001
78.68,1096.53255729287,10.99,-0.6375
78.72,1096.96049204079,11.01,-0.7125
78.76,1097.41760718277,11.03,-0.912499999999998
78.8,1097.85207737895,11.01,-1.0625
78.84,1098.28001210787,10.92,-0.999999999999999
78.88,1098.71448229126,10.89,-0.862499999999995
78.92,1099.1489524692,10.83,-0.787499999999997
78.96,1099.57550693605,10.77,-0.774999999999999
79,1100.01661855909,10.77,-0.8125
79.04,1100.43651436833,10.74,-0.825
79.08,1100.8698316152,10.74,-0.862499999999999
79.12,1101.2963860567,10.69,-0.899999999999999
79.16,1101.70838690669,10.62,-0.825
79.2,1102.1282826922,10.57,-0.725000000000002
79.24,1102.54706772098,10.56,-0.737500000000004
79.28,1102.96585274484,10.56,-0.812500000000005
79.32,1103.39240715563,10.53,-0.850000000000004
79.36,1103.80357737597,10.45,-0.812499999999998
79.4,1104.2155781902,10.44,-0.837499999999993
79.44,1104.62757899855,10.41,-0.949999999999995
79.48,1105.04636399161,10.38,-1.0125
79.52,1105.45062222818,10.33,-1.025
79.56,1105.86940720791,10.32,-1
79.6,1106.28057739108,10.29,-0.974999999999999
79.64,1106.68483561015,10.25,-0.999999999999999
79.68,1107.08909382318,10.22,-1.025
79.72,1107.49335203072,10.19,-1.0625
79.76,1107.89761023251,10.14,-1.0375
79.8,1108.29428717267,10.08,-0.937500000000002
79.84,1108.69096410719,10.01,-0.85
79.88,1109.08764103608,9.97,-0.800000000000001
79.92,1109.48431795933,9.92,-0.825000000000003
79.96,1109.86722388614,9.93,-0.874999999999999
80,1110.27094257126,9.9,-0.962499999999997
80.04,1110.66020895103,9.84,-0.9625
80.08,1111.05688585198,9.81,-0.862499999999999
80.12,1111.43907825064,9.75,-0.75
80.16,1111.82834461366,9.75,-0.762499999999997
80.2,1112.21808205634,9.72,-0.85
80.24,1112.60027443903,9.69,-0.912500000000003
80.28,1112.9751005312,9.65,-1.025
80.32,1113.35729290362,9.58,-1.0375
80.36,1113.74655923912,9.57,-1.05
80.4,1114.12138531573,9.49,-1.075
80.44,1114.50357767237,9.48,-1.1
80.48,1114.87129527195,9.48,-1.1375
80.52,1115.24612133398,9.48,-1.175
80.56,1115.61383892381,9.41,-1.2
80.6,1115.98866497433,9.38,-1.175
80.64,1116.3563825544,9.3,-1.1
80.68,1116.72403182881,9.22,-0.974999999999999
80.72,1117.07786272234,9.18,-0.875000000000004
80.76,1117.44558028801,9.13,-0.837500000000004
80.8,1117.79883404123,9.07,-0.850000000000002
80.84,1118.15208778994,9.02,-0.812499999999998
80.88,1118.49807547063,9.03,-0.812499999999998
80.92,1118.87290148264,8.99,-0.900000000000003
80.96,1119.21912064828,8.94,-0.912500000000003
81,1119.57237437892,8.91,-0.862499999999999
81.04,1119.92562810504,8.89,-0.862500000000004
81.08,1120.27161576293,8.85,-0.900000000000003
81.12,1120.62486948023,8.85,-0.974999999999997
81.16,1120.97812319302,8.79,-1.05
81.2,1121.31692543812,8.73,-0.999999999999996
81.24,1121.66291307877,8.71,-1
81.28,1122.00913221075,8.69,-1.0625
81.32,1122.34793444287,8.61,-0.974999999999999
81.36,1122.69392207038,8.59,-0.887499999999999
81.4,1123.02565296436,8.57,-0.95
81.44,1123.35724616827,8.54,-1.0625
81.48,1123.69604838391,8.48,-1.1
81.52,1124.02764158055,8.44,-1.1
81.56,1124.35923477209,8.36,-1.0125
81.6,1124.68359950842,8.36,-0.937500000000001
81.64,1125.01611036423,8.28,-0.850000000000002
81.68,1125.34047509247,8.27,-0.8375
81.72,1125.67206826715,8.25,-0.924999999999999
81.76,1125.99643298773,8.24,-0.962499999999999
81.8,1126.31368657301,8.16,-0.924999999999999
81.84,1126.64527973579,8.1,-0.874999999999999
81.88,1126.95554756687,8.04,-0.912499999999999
81.92,1127.26549075375,8,-0.8875
81.96,1127.58274432471,7.99,-0.925
82,1127.89999789104,7.98,-1.025
82.04,1128.20286347641,7.98,-1.025
82.08,1128.5276444985,7.9,-0.900000000000001
82.12,1128.83758766824,7.88,-0.85
82.16,1129.14753083344,7.84,-0.9
82.2,1129.45779863816,7.82,-0.912500000000001
82.24,1129.76058743878,7.74,-0.825
82.28,1130.06337623609,7.67,-0.675000000000001
82.32,1130.36616503007,7.66,-0.675000000000001
82.36,1130.66895382074,7.59,-0.712500000000001
82.4,1130.95729227381,7.56,-0.7
82.44,1131.2607083612,7.58,-0.724999999999997
82.48,1131.56349714192,7.58,-0.799999999999998
82.52,1131.86628591932,7.52,-0.812500000000001
82.56,1132.15462435984,7.48,-0.8
82.6,1132.45741313078,7.45,-0.812499999999999
82.64,1132.73857088539,7.45,-0.812499999999999
82.68,1133.04198695488,7.42,-0.824999999999998
82.72,1133.33032538295,7.37,-0.787499999999998
82.76,1133.62586526494,7.31,-0.749999999999997
82.8,1133.90800616209,7.28,-0.700000000000001
82.84,1134.18927684215,7.28,-0.637500000000003
82.88,1134.48481671431,7.24,-0.600000000000001
82.92,1134.76608738844,7.21,-0.525
82.96,1135.03999215491,7.15,-0.412500000000001
83,1135.32833056183,7.13,-0.362499999999999
83.04,1135.60267754461,7.12,-0.349999999999998
83.08,1135.89101594421,7.09,-0.312500000000001
83.12,1136.17935434207,7.07,-0.312500000000002
83.16,1136.44614432131,7.01,-0.312500000000002
83.2,1136.72049129392,7.02,-0.35
83.24,1136.99439604036,7.03,-0.462499999999998
83.28,1137.27566668947,7.01,-0.487499999999998
83.32,1137.55693733575,7.02,-0.462499999999998
83.36,1137.83084207362,7.01,-0.474999999999998
83.4,1138.11211271467,6.98,-0.487500000000001
83.44,1138.37891277819,6.99,-0.525000000000002
83.48,1138.66105363138,6.97,-0.5125
83.52,1138.93495835871,6.94,-0.449999999999999
83.56,1139.20930530714,6.89,-0.387499999999998
83.6,1139.47609525749,6.86,-0.324999999999998
83.64,1139.74288520501,6.82,-0.2125
83.68,1140.01723214679,6.83,-0.200000000000001
83.72,1140.28403218904,6.83,-0.35
83.76,1140.55837912556,6.82,-0.450000000000002
83.8,1140.82516906193,6.78,-0.462500000000002
83.84,1141.09195899675,6.77,-0.400000000000001
83.88,1141.35874892873,6.78,-0.387499999999999
83.92,1141.62553885841,6.77,-0.412499999999998
83.96,1141.90680946144,6.75,-0.387500000000001
84,1142.16663415676,6.74,-0.400000000000003
84.04,1142.43342407859,6.77,-0.525000000000002
84.08,1142.69324876941,6.72,-0.525000000000002
84.12,1142.96003868612,6.66,-0.400000000000001
84.16,1143.2268286,6.63,-0.312499999999999
84.2,1143.48665328365,6.6,-0.174999999999997
84.24,1143.7464779659,6.63,-0.149999999999999
84.28,1143.99880183466,6.61,-0.187500000000002
84.32,1144.26559173872,6.61,-0.150000000000002
84.36,1144.53317019599,6.6,-0.125000000000001
84.4,1144.79996009476,6.57,-0.0875000000000004
84.44,1145.04527268452,6.52,0
84.48,1145.29829401665,6.55,2.22044604925031e-15
84.52,1145.56508390789,6.51,0.0125000000000008
84.56,1145.81810523588,6.53,0.0124999999999986
84.6,1146.08489512099,6.56,-0.0875000000000004
84.64,1146.3372189688,6.55,-0.0749999999999995
84.68,1146.59819628309,6.54,-0.0249999999999984
84.72,1146.86498616051,6.56,-0.0624999999999998
84.76,1147.11800747744,6.55,-0.0625000000000009
84.8,1147.3848074448,6.55,-0.05
84.84,1147.63936395717,6.54,-0.0625000000000009
84.88,1147.90615382534,6.53,-0.0250000000000006
84.92,1148.17294369096,6.54,-0.0374999999999992
84.96,1148.4182562512,6.51,-0.0374999999999992
85,1148.6792335474,6.51,-0.0500000000000012
85.04,1148.93905818206,6.54,-0.125
85.08,1149.20584803742,6.53,-0.15
85.12,1149.45116058853,6.52,-0.1625
85.16,1149.71873899959,6.54,-0.237499999999997
85.2,1149.97856362372,6.52,-0.287499999999998
85.24,1150.23088743466,6.52,-0.262499999999998
85.28,1150.49071205416,6.53,-0.275
85.32,1150.74303585933,6.51,-0.237500000000002
85.36,1151.01061425989,6.51,-0.175000000000001
85.4,1151.27043887224,6.47,-0.1625
85.44,1151.52346015169,6.48,-0.175
85.48,1151.76877268241,6.47,-0.187499999999998
85.52,1152.03556250964,6.45,-0.124999999999998
85.56,1152.2885837826,6.42,-0.0125000000000008
85.6,1152.54840838316,6.41,0.0624999999999998
85.64,1152.78628344469,6.42,-0.0125000000000008
85.68,1153.05386182633,6.41,-0.1375
85.72,1153.30618560823,6.44,-0.199999999999999
85.76,1153.55920687013,6.44,-0.225
85.8,1153.81903145905,6.41,-0.187499999999999
85.84,1154.0720527168,6.4,-0.1375
85.88,1154.32437648802,6.4,-0.125000000000002
85.92,1154.57739774148,6.42,-0.150000000000001
85.96,1154.82271024539,6.44,-0.237499999999999
86,1155.08950004251,6.44,-0.3125
86.04,1155.34252128947,6.38,-0.262500000000001
86.08,1155.59554253423,6.34,-0.2
86.12,1155.83341756811,6.35,-0.2
86.16,1156.09439480427,6.35,-0.2
86.2,1156.33970729477,6.35,-0.25
86.24,1156.59953185804,6.35,-0.337500000000001
86.28,1156.84484434412,6.35,-0.425
86.32,1157.09015682807,6.35,-0.5
86.36,1157.3499813842,6.32,-0.525000000000001
86.4,1157.60980593821,6.31,-0.512499999999998
86.44,1157.85511841546,6.3,-0.524999999999997
86.48,1158.10043089056,6.26,-0.562499999999998
86.52,1158.35345211181,6.27,-0.6125
86.56,1158.5987645825,6.27,-0.712500000000001
86.6,1158.84407705104,6.23,-0.725000000000001
86.64,1159.08938951745,6.2,-0.675000000000001
86.68,1159.32785979787,6.16,-0.687500000000002
86.72,1159.58018351931,6.14,-0.712500000000001
86.76,1159.81865379483,6.11,-0.725
86.8,1160.06396625268,6.11,-0.775000000000001
86.84,1160.29477869292,6.08,-0.800000000000003
86.88,1160.54009114664,6.03,-0.762500000000002
86.92,1160.77090358168,6.01,-0.7
86.96,1161.00877856905,5.96,-0.649999999999999
87,1161.23222550018,5.96,-0.6875
87.04,1161.47861867183,5.93,-0.699999999999998
87.08,1161.70943110038,5.88,-0.649999999999997
87.12,1161.94730607911,5.85,-0.624999999999998
87.16,1162.17075300146,5.82,-0.637500000000001
87.2,1162.40156542416,5.78,-0.662500000000003
87.24,1162.63237784424,5.77,-0.7
87.28,1162.85582476159,5.73,-0.7125
87.32,1163.07975146525,5.75,-0.750000000000002
87.36,1163.31048649062,5.7,-0.8125
87.4,1163.52681337117,5.67,-0.875
87.44,1163.75754839285,5.66,-1.0375
87.48,1163.97387527003,5.63,-1.225
87.52,1164.19027885772,5.6,-1.3
87.56,1164.42185971714,5.56,-1.3
87.6,1164.63125178743,5.51,-1.2625
87.64,1164.8476553687,5.48,-1.2125
87.68,1165.05669916089,5.45,-1.25
87.72,1165.28014605883,5.43,-1.2875
87.76,1165.48225775831,5.37,-1.2875
87.8,1165.69130154568,5.3,-1.2625
87.84,1165.89341324174,5.2,-1.1375
87.88,1166.08808440317,5.11,-0.962500000000001
87.92,1166.29019609642,5.08,-0.925
87.96,1166.4923077879,5.04,-1.025
88,1166.68697894538,5.02,-1.125
88.04,1166.88909063382,5,-1.1875
88.08,1167.07695902378,4.93,-1.125
88.12,1167.27163017693,4.92,-1.05
88.16,1167.46108286572,4.85,-1.0125
88.2,1167.64257679219,4.81,-0.937499999999999
88.24,1167.83202947832,4.78,-0.925
88.28,1168.01352340233,4.76,-1.0375
88.32,1168.19501732399,4.69,-1.0625
88.36,1168.37651124554,4.61,-0.925000000000001
88.4,1168.55019686192,4.55,-0.812500000000001
88.44,1168.73169078102,4.52,-0.687499999999999
88.48,1168.90728519254,4.51,-0.6375
88.52,1169.08877910819,4.5,-0.700000000000001
88.56,1169.26437351711,4.46,-0.737500000000001
88.6,1169.4399679249,4.45,-0.912500000000001
88.64,1169.61018716869,4.4,-1.0375
88.68,1169.77769850062,4.31,-0.875
88.72,1169.94791774205,4.29,-0.7375
88.76,1170.10978571699,4.27,-0.762499999999999
88.8,1170.28000495656,4.24,-0.799999999999999
88.84,1170.44542450139,4.28,-0.9
88.88,1170.61564374008,4.24,-1
88.92,1170.76804830969,4.21,-1.025
88.96,1170.93826754663,4.16,-1.0375
89,1171.09067211453,4.02,-0.8625
89.04,1171.23898210163,4,-0.675
89.08,1171.39138666781,4.01,-0.737499999999999
89.12,1171.55263337504,4,-0.762499999999998
89.16,1171.70944623993,3.95,-0.674999999999999
89.2,1171.85775622422,3.92,-0.7
89.24,1172.00645682353,3.88,-0.775
89.28,1172.16326968602,3.84,-0.749999999999999
89.32,1172.30691065402,3.79,-0.6625
89.36,1172.45055162121,3.75,-0.5875
89.4,1172.5992522177,3.74,-0.587499999999999
89.44,1172.74795281477,3.74,-0.624999999999999
89.48,1172.89159377915,3.68,-0.6125
89.52,1173.03129862576,3.72,-0.675000000000001
89.56,1173.17100347196,3.69,-0.762500000000002
89.6,1173.3146444357,3.62,-0.725000000000001
89.64,1173.45434928068,3.56,-0.625
89.68,1173.59405412511,3.56,-0.562500000000001
89.72,1173.74645868041,3.54,-0.525000000000001
89.76,1173.86838232448,3.53,-0.4625
89.8,1174.00808716702,3.49,-0.400000000000001
89.84,1174.14779200914,3.49,-0.437500000000001
89.88,1174.27520670084,3.44,-0.475000000000001
89.92,1174.41491154201,3.42,-0.412500000000001
89.96,1174.54568594875,3.38,-0.349999999999999
90,1174.67646035613,3.35,-0.299999999999999
90.04,1174.80723476187,3.33,-0.2625
90.08,1174.93069787816,3.34,-0.3
90.12,1175.06726288091,3.34,-0.324999999999999
90.16,1175.19803728551,3.36,-0.375
90.2,1175.33460228729,3.34,-0.4375
90.24,1175.46537669115,3.29,-0.3375
90.28,1175.59279137978,3.26,-0.2375
90.32,1175.70845611141,3.27,-0.337499999999999
90.36,1175.8571566947,3.25,-0.425
90.4,1175.97546954869,3.24,-0.425000000000001
90.44,1176.10042914501,3.23,-0.475000000000001
90.48,1176.22538874247,3.2,-0.4
90.52,1176.35966605775,3.22,-0.3125
90.56,1176.48158969449,3.18,-0.325
90.6,1176.60654928951,3.17,-0.3875
90.64,1176.73150888558,3.19,-0.574999999999999
90.68,1176.85892356958,3.17,-0.712499999999999
90.72,1176.98633825318,3.09,-0.575
90.76,1177.09273695746,3.09,-0.4
90.8,1177.22701427019,3.06,-0.325
90.84,1177.34267899783,3.03,-0.312499999999999
90.88,1177.45834372531,3.08,-0.475
90.92,1177.59490872055,3.09,-0.575
90.96,1177.70895506279,3.05,-0.499999999999999
91,1177.82461978947,2.99,-0.45
91.04,1177.9310184908,2.91,-0.387500000000002
91.08,1178.04668321708,2.88,-0.275000000000001
91.12,1178.17014632471,2.92,-0.325
91.16,1178.28581105062,2.94,-0.475
91.2,1178.40147577621,2.95,-0.525000000000001
91.24,1178.49864554581,2.89,-0.412500000000001
91.28,1178.62360513631,2.84,-0.325
91.32,1178.72824223662,2.87,-0.425000000000001
91.36,1178.84228857678,2.87,-0.537500000000001
91.4,1178.95795330141,2.81,-0.4875
91.44,1179.06435200227,2.78,-0.4
91.48,1179.16839527245,2.79,-0.5
91.52,1179.28670811983,2.75,-0.562500000000001
91.56,1179.40075445897,2.73,-0.5625
91.6,1179.50715315917,2.74,-0.5625
91.64,1179.62065490857,2.77,-0.487500000000001
91.68,1179.7252920062,2.7,-0.4
91.72,1179.83169070607,2.67,-0.412499999999999
91.76,1179.9363278047,2.64,-0.4875
91.8,1180.03156541746,2.65,-0.4875
91.84,1180.14561175566,2.62,-0.45
91.88,1180.25024885262,2.55,-0.375
91.92,1180.35429212268,2.54,-0.3625
91.96,1180.44952973513,2.49,-0.325
92,1180.55416683324,2.53,-0.249999999999999
92.04,1180.64875162327,2.59,-0.337499999999999
92.08,1180.7527948931,2.56,-0.4125
92.12,1180.8499646602,2.48,-0.3125
92.16,1180.94520227225,2.44,-0.225
92.2,1181.04924554174,2.46,-0.2625
92.24,1181.14383033145,2.45,-0.3125
92.28,1181.25022902871,2.42,-0.349999999999999
92.32,1181.34481381822,2.38,-0.299999999999999
92.36,1181.43066490515,2.39,-0.2
92.4,1181.5347081743,2.43,-0.325
92.44,1181.62929296371,2.42,-0.424999999999999
92.48,1181.72387775311,2.4,-0.387499999999999
92.52,1181.81846254252,2.39,-0.425
92.56,1181.92486124076,2.35,-0.4
92.6,1182.00998755158,2.34,-0.325
92.64,1182.10457234078,2.32,-0.275
92.68,1182.18024017188,2.27,-0.275
92.72,1182.2653664827,2.29,-0.3125
92.76,1182.36940975163,2.32,-0.3625
92.8,1182.45526083694,2.24,-0.362500000000001
92.84,1182.54984562739,2.27,-0.462500000000001
92.88,1182.63497193677,2.24,-0.512500000000001
92.92,1182.7200982475,2.21,-0.337500000000001
92.96,1182.80594933415,2.21,-0.1625
93,1182.90053412335,2.22,-0.05
93.04,1182.98566043417,2.22,-0.0999999999999996
93.08,1183.08024522337,2.15,-0.125
93.12,1183.15672751511,2.16,0.0124999999999997
93.16,1183.24185382583,2.16,0.2125
93.2,1183.32770491248,2.11,0.5375
93.24,1183.40337274358,2.03,0.8875
93.28,1183.48922383032,2.07,0.8625
93.32,1183.57435014123,2.11,0.6125
93.36,1183.66893493053,2.18,0.55
93.4,1183.75406124145,2.21,0.549999999999999
93.44,1183.82972907262,2.15,0.687499999999999
93.48,1183.92431386192,2.12,0.925
93.52,1184.01016494871,2.2,0.9375
93.56,1184.10474973811,2.29,0.799999999999999
93.6,1184.21114843666,2.41,0.6125
93.64,1184.30638604856,2.44,0.512499999999999
93.68,1184.40097083827,2.35,0.725
93.72,1184.48896044028,2.32,1.05
93.76,1184.58354523019,2.41,1.075
93.8,1184.68818232815,2.42,1.0125
93.84,1184.79458102605,2.49,1.125
93.88,1184.87970733779,2.52,1.2
93.92,1184.99375367583,2.55,1.2125
93.96,1185.10015237537,2.58,1.2625
94,1185.20478947266,2.61,1.3
94.04,1185.31118817253,2.65,1.3
94.08,1185.42523451131,2.72,1.275
94.12,1185.54089923505,2.79,1.225
94.16,1185.63613684847,2.8,1.2875
94.2,1185.77041415674,2.84,1.4375
94.24,1185.88446049625,2.97,1.4375
94.28,1186.00012522071,3,1.3625
94.32,1186.11843806868,3.04,1.425
94.36,1186.25500306155,3.1,1.475
94.4,1186.37846616705,3.13,1.55
94.44,1186.51274347701,3.17,1.675
94.48,1186.63105632604,3.22,1.65
94.52,1186.76762132017,3.27,1.5875
94.56,1186.91337597603,3.35,1.5625
94.6,1187.04994097099,3.44,1.5625
94.64,1187.18964580277,3.52,1.6
94.68,1187.34205034606,3.54,1.625
94.72,1187.48175517907,3.64,1.575
94.76,1187.63673185045,3.68,1.5375
94.8,1187.7824865096,3.79,1.4625
94.84,1187.95660109926,3.85,1.4875
94.88,1188.09316609811,3.86,1.6875
94.92,1188.26001179015,3.9,1.8125
94.96,1188.43016691898,3.97,1.85
95,1188.60428151153,4.07,1.85
95.04,1188.76970103296,4.17,1.825
95.08,1188.93392662199,4.19,1.825
95.12,1189.10804121695,4.25,1.825
95.16,1189.28215581288,4.3,1.875
95.2,1189.46504127627,4.34,1.9625
95.24,1189.64792673944,4.49,1.7625
95.28,1189.84380471803,4.57,1.6
95.32,1190.02292470763,4.64,1.6375
95.36,1190.21016267812,4.71,1.6
95.4,1190.42352905788,4.81,1.55
95.44,1190.61525078457,4.89,1.4875
95.48,1190.81112876887,4.93,1.4375
95.52,1191.00700675442,4.97,1.5
95.56,1191.21159716688,5.08,1.6
95.6,1191.42927587369,5.13,1.6
95.64,1191.62984254866,5.11,1.6875
95.68,1191.84752125845,5.23,1.75
95.72,1192.05660507838,5.29,1.7375
95.76,1192.26235647638,5.34,1.8
95.8,1192.49330575841,5.42,1.8
95.84,1192.71577074128,5.47,1.7375
95.88,1192.94672002698,5.5,1.7375
95.92,1193.17441534034,5.6,1.775
95.96,1193.40536462989,5.73,1.7375
96,1193.63870447524,5.76,1.775
96.04,1193.87469613148,5.83,1.825
96.08,1194.1106877897,5.91,1.725
96.12,1194.36032797032,6,1.6
96.16,1194.60177028393,6.07,1.55
96.2,1194.84321259987,6.13,1.5625
96.24,1195.09285278728,6.15,1.6625
96.28,1195.35077715583,6.21,1.7625
96.32,1195.60870152696,6.31,1.7
96.36,1195.87209315385,6.41,1.5625
96.4,1196.13548478328,6.5,1.5125
96.44,1196.39340916179,6.55,1.5875
96.48,1196.65680079609,6.57,1.65
96.52,1196.92019243294,6.62,1.6625
96.56,1197.18358407253,6.69,1.625
96.6,1197.46892501814,6.76,1.65
96.64,1197.7381334241,6.85,1.7
96.68,1198.02347437588,6.92,1.75
96.72,1198.2988269073,6.96,1.8125
96.76,1198.589971734,7.01,1.7375
96.8,1198.87317255092,7.11,1.575
96.84,1199.16431738393,7.21,1.4125
96.88,1199.46156980889,7.23,1.4625
96.92,1199.76669362166,7.29,1.6
96.96,1200.04849623818,7.32,1.675
97,1200.3676553464,7.45,1.625
97.04,1200.6649077848,7.52,1.5
97.08,1200.98276223035,7.65,1.4125
97.12,1201.28640765729,7.68,1.3625
97.16,1201.58194720165,7.68,1.4375
97.2,1201.89330244237,7.7,1.575
97.24,1202.20360861602,7.75,1.7125
97.28,1202.52911118627,7.86,1.675
97.32,1202.86070389379,7.94,1.55
97.36,1203.17101007888,8.01,1.5375
97.4,1203.49561549766,8.06,1.58750000000001
97.44,1203.81283331433,8.11,1.62500000000001
97.48,1204.15882043721,8.19,1.5625
97.52,1204.49041316433,8.23,1.525
97.56,1204.82934413643,8.28,1.5875
97.6,1205.16814589753,8.36,1.6125
97.64,1205.49973863701,8.46,1.5
97.68,1205.8386696221,8.49,1.425
97.72,1206.17797160401,8.55,1.4625
97.76,1206.53837031778,8.63,1.48749999999999
97.8,1206.88458900515,8.71,1.44999999999999
97.84,1207.24530554352,8.76,1.3875
97.88,1207.59152423967,8.79,1.4
97.92,1207.94477748448,8.85,1.4
97.96,1208.31249452622,8.93,1.35
98,1208.68085962654,9,1.3
98.04,1209.03469005269,9.02,1.3
98.08,1209.3954066174,9.07,1.3375
98.12,1209.77831196477,9.14,1.35
98.16,1210.14790180075,9.23,1.25
98.2,1210.51561887259,9.27,1.175
98.24,1210.89180648794,9.31,1.275
98.28,1211.27471185409,9.36,1.375
98.32,1211.65089947885,9.4,1.4
98.36,1212.02861465977,9.46,1.375
98.4,1212.41152004145,9.51,1.325
98.44,1212.80383263266,9.55,1.3
98.48,1213.1945865627,9.61,1.275
98.52,1213.58534049796,9.68,1.2375
98.56,1213.97765310389,9.69,1.25
98.6,1214.36840704978,9.75,1.2875
98.64,1214.772664669,9.85,1.2125
98.68,1215.17957542661,9.92,1.1125
98.72,1215.57032938856,9.96,1.1
98.76,1215.99022455088,10,1.1125
98.8,1216.37312998683,10.03,1.0625
98.84,1216.79302516045,10.07,1
98.88,1217.19728281537,10.11,0.999999999999999
98.92,1217.61717800052,10.17,1.025
98.96,1218.02408879458,10.2,1.05
99,1218.4283464677,10.27,0.987500000000001
99.04,1218.84824167037,10.3,0.949999999999998
99.08,1219.26813687904,10.36,0.975000000000001
99.12,1219.68803209369,10.4,0.9375
99.16,1220.10681652513,10.45,0.887499999999999
99.2,1220.52671175181,10.43,0.912500000000003
99.24,1220.94660698421,10.47,1
99.28,1221.37454112325,10.51,0.987500000000003
99.32,1221.80785775665,10.59,0.825000000000005
99.36,1222.24232733932,10.62,0.762500000000002
99.4,1222.66222259639,10.64,0.8375
99.44,1223.09553924976,10.69,0.887499999999999
99.48,1223.52885590971,10.75,0.85
99.52,1223.95679008444,10.76,0.800000000000001
99.56,1224.3912596984,10.8,0.762499999999999
99.6,1224.83237075183,10.81,0.724999999999998
99.64,1225.26684037887,10.89,0.7125
99.68,1225.70795144569,10.88,0.787500000000001
99.72,1226.14906251922,10.88,0.924999999999998
99.76,1226.58353216516,10.94,0.899999999999999
99.8,1227.02464325208,10.99,0.787500000000001
99.84,1227.48031472547,11.05,0.725000000000002
99.88,1227.92142582575,11.07,0.724999999999998
99.92,1228.37047199897,11.08,0.787499999999997
99.96,1228.80494167762,11.09,0.85
100,1229.25398786395,11.1,0.862499999999997
100.04,1229.7096593725,11.17,0.799999999999996
100.08,1230.15870557246,11.23,0.699999999999998
100.12,1230.60655943249,11.27,0.662499999999997
100.16,1231.0636740779,11.27,0.724999999999998
100.2,1231.51934561468,11.29,0.750000000000002
100.24,1231.96839184219,11.33,0.675000000000001
100.28,1232.43201653928,11.37,0.587500000000003
100.32,1232.90225141305,11.41,0.550000000000004
100.36,1233.35792297912,11.44,0.550000000000002
100.4,1233.82154769771,11.44,0.587500000000001
100.44,1234.27059395971,11.47,0.599999999999998
100.48,1234.73421869256,11.49,0.624999999999996
100.52,1235.20445360369,11.54,0.562499999999999
100.56,1235.66807835132,11.58,0.449999999999999
100.6,1236.13170310591,11.58,0.474999999999997
100.64,1236.60193803976,11.58,0.562499999999997
100.68,1237.06556280885,11.59,0.624999999999998
100.72,1237.52918758519,11.63,0.6375
100.76,1238.00612868711,11.66,0.637500000000002
100.8,1238.47143830168,11.69,0.625000000000004
100.84,1238.94837941966,11.7,0.600000000000005
100.88,1239.41200422524,11.76,0.550000000000006
100.92,1239.88223921235,11.72,0.625000000000002
100.96,1240.35394580728,11.76,0.674999999999999
101,1240.83874679566,11.78,0.649999999999999
101.04,1241.308981806,11.83,0.699999999999998
101.08,1241.79378281019,11.84,0.749999999999997
101.12,1242.26548943432,11.89,0.687500000000001
101.16,1242.75029045457,11.91,0.612500000000002
101.2,1243.22199709314,11.94,0.6375
101.24,1243.69121091412,11.93,0.725
101.28,1244.17751033272,11.97,0.799999999999998
101.32,1244.66231138483,12.01,0.737499999999998
101.36,1245.15509840416,12.01,0.687500000000001
101.4,1245.63989947231,12.05,0.75
101.44,1246.12619892105,12.12,0.762500000000002
101.48,1246.6110000058,12.15,0.712500000000003
101.52,1247.10378705695,12.13,0.762499999999997
101.56,1247.58858815897,12.16,0.787499999999997
101.6,1248.07338926807,12.2,0.8125
101.64,1248.57428239088,12.25,0.800000000000001
101.68,1249.07365194027,12.29,0.662499999999997
101.72,1249.57302149938,12.28,0.675000000000001
101.76,1250.06580859921,12.29,0.737500000000004
101.8,1250.55859570749,12.37,0.725000000000002
101.84,1251.05796529088,12.41,0.687500000000001
101.88,1251.55733488399,12.43,0.637500000000002
101.92,1252.05822806322,12.46,0.625000000000004
101.96,1252.55759767238,12.46,0.625000000000004
102,1253.05696729032,12.55,0.574999999999999
102.04,1253.57245492669,12.54,0.574999999999994
102.08,1254.07182456188,12.53,0.662499999999999
102.12,1254.57919509815,12.58,0.687499999999999
102.16,1255.08523839757,12.58,0.674999999999994
102.2,1255.60719367186,12.66,0.599999999999998
102.24,1256.10808691678,12.67,0.5125
102.28,1256.62202725126,12.68,0.612499999999998
102.32,1257.12939782975,12.71,0.699999999999996
102.36,1257.63676841687,12.71,0.674999999999994
102.4,1258.16528147803,12.76,0.625
102.44,1258.67922184873,12.79,0.550000000000006
102.48,1259.18011514354,12.81,0.625000000000002
102.52,1259.70207048913,12.85,0.662500000000001
102.56,1260.21601088612,12.85,0.637500000000004
102.6,1260.74452399385,12.87,0.6375
102.64,1261.25846441002,12.87,0.637499999999998
102.68,1261.77395218213,12.97,0.575000000000001
102.72,1262.29590757276,12.98,0.537500000000004
102.76,1262.8178629725,12.98,0.637500000000004
102.8,1263.33846214094,12.99,0.674999999999999
102.84,1263.86854511373,13,0.674999999999994
102.88,1264.40370285534,13.1,0.562499999999999
102.92,1264.92565829154,13.09,0.537500000000002
102.96,1265.44761373594,13.12,0.624999999999998
103,1265.98415516486,13.11,0.637499999999998
103.04,1266.50611062868,13.14,0.649999999999999
103.08,1267.03462384926,13.16,0.6375
103.12,1267.57771166164,13.22,0.612499999999998
103.16,1268.09966715214,13.25,0.587499999999999
103.2,1268.6362086286,13.26,0.6125
103.24,1269.15680790377,13.27,0.675000000000001
103.28,1269.70793652334,13.28,0.712500000000003
103.32,1270.22989205177,13.34,0.700000000000001
103.36,1270.78755623782,13.37,0.637500000000002
103.4,1271.30951178501,13.37,0.562500000000004
103.44,1271.85923082811,13.4,0.5
103.48,1272.3893139469,13.41,0.549999999999999
103.52,1272.93240185741,13.46,0.6125
103.56,1273.46894341985,13.48,0.637499999999998
103.6,1274.02007211726,13.52,0.6375
103.64,1274.57120082573,13.55,0.587500000000001
103.68,1275.1063587684,13.57,0.574999999999999
103.72,1275.65748749564,13.61,0.550000000000002
103.76,1276.21515178545,13.61,0.562499999999999
103.8,1276.75169340547,13.58,0.624999999999998
103.84,1277.29478139771,13.59,0.649999999999999
103.88,1277.84450055606,13.66,0.662499999999999
103.92,1278.38917961893,13.7,0.637499999999998
103.96,1278.96142187774,13.75,0.587500000000001
104,1279.50610096037,13.76,0.587500000000001
104.04,1280.04798720246,13.78,0.600000000000001
104.08,1280.62829338148,13.8,0.599999999999998
104.12,1281.17297249333,13.82,0.587499999999996
104.16,1281.72269172635,13.85,0.587500000000003
104.2,1282.28035613002,13.84,0.650000000000004
104.24,1282.84463895579,13.85,0.737500000000002
104.28,1283.40391456834,13.93,0.662500000000001
104.32,1283.96157900385,13.94,0.537500000000004
104.36,1284.52729608584,13.98,0.5
104.4,1285.08496054268,14,0.512499999999998
104.44,1285.66380921859,14.02,0.574999999999999
104.48,1286.21493813825,14.04,0.625000000000002
104.52,1286.78718054851,14.05,0.587500000000001
104.56,1287.34484504799,14.09,0.499999999999996
104.6,1287.91708748006,14.12,0.537499999999997
104.64,1288.49593621262,14.16,0.537499999999997
104.68,1289.05360074423,14.15,0.499999999999996
104.72,1289.61931792004,14.15,0.549999999999995
104.76,1290.18360088875,14.17,0.575000000000001
104.8,1290.75584337548,14.22,0.550000000000004
104.84,1291.3443137312,14.26,0.525000000000004
104.88,1291.91655624064,14.3,0.5
104.92,1292.48083925544,14.26,0.549999999999997
104.96,1293.05968807931,14.28,0.6375
105,1293.63999450514,14.36,0.600000000000001
105.04,1294.21223705879,14.35,0.525000000000002
105.08,1294.79108591732,14.36,0.562500000000001
105.12,1295.36993478731,14.38,0.6375
105.16,1295.95206186988,14.4,0.649999999999999
105.2,1296.5309107634,14.43,0.6125
105.24,1297.11773277773,14.47,0.562499999999999
105.28,1297.70455480396,14.49,0.5375
105.32,1298.27842772295,14.51,0.525000000000004
105.36,1298.86524977238,14.54,0.500000000000005
105.4,1299.45207183313,14.58,0.437500000000002
105.44,1300.03889390576,14.55,0.462500000000001
105.48,1300.63231074151,14.61,0.512500000000002
105.52,1301.21913283735,14.64,0.462500000000001
105.56,1301.79798183613,14.66,0.462499999999999
105.6,1302.39287851765,14.66,0.512499999999996
105.64,1302.98777521064,14.69,0.499999999999998
105.68,1303.5666242453,14.7,0.462500000000003
105.72,1304.16152096117,14.72,0.437500000000002
105.76,1304.75641768879,14.73,0.449999999999999
105.8,1305.33526675904,14.74,0.5
105.84,1305.93833545081,14.76,0.587500000000001
105.88,1306.51718454462,14.81,0.6125
105.92,1307.1185875389,14.81,0.550000000000002
105.96,1307.7265742953,14.86,0.4
106,1308.32147109249,14.87,0.3
106.04,1308.9082933404,14.88,0.312499999999998
106.08,1309.51628013452,14.88,0.337499999999993
106.12,1310.10475084346,14.89,0.387499999999996
106.16,1310.72073596937,14.92,0.349999999999999
106.2,1311.29958515913,14.95,0.212499999999998
106.24,1311.92366468081,15.02,0.0499999999999989
106.28,1312.51048700017,15.04,-0.0124999999999997
106.32,1313.1118901158,15.02,0.0124999999999975
106.36,1313.7067870184,14.97,0.149999999999999
106.4,1314.32277221885,15,0.212500000000002
106.44,1314.91766914525,15,0.162500000000003
106.48,1315.52715701985,15.03,0.100000000000005
106.52,1316.13514395279,15.05,0
106.56,1316.73004091473,15.04,0.0124999999999975
106.6,1317.31686332966,15,0.112500000000002
106.64,1317.92485030032,15.01,0.150000000000001
106.68,1318.52625352546,15.04,0.1
106.72,1319.12932247185,15.03,0.0875000000000048
106.76,1319.73730948032,15.08,-0.0124999999999997
106.8,1320.34037845017,15.06,-0.137500000000004
106.84,1320.95636378824,15.07,-0.137500000000002
106.88,1321.55776707515,15.04,-0.0625000000000009
106.92,1322.1526641434,15.04,0.0375000000000014
106.96,1322.76065121545,15.06,0.012500000000002
107,1323.36372024383,15.07,-0.112500000000002
107.04,1323.95054279066,15.06,-0.1875
107.08,1324.56821036608,15.07,-0.2
107.12,1325.16829909213,15.07,-0.175000000000003
107.16,1325.76319623145,15.03,-0.0874999999999981
107.2,1326.36626531778,15,4.44089209850063e-15
107.24,1326.96766871508,15.02,0.012500000000002
107.28,1327.57565588848,15.04,-0.0625000000000009
107.32,1328.17872501015,15.07,-0.150000000000003
107.36,1328.77362220852,15.04,-0.150000000000003
107.4,1329.37669135366,15,-0.0874999999999981
107.44,1329.98467857805,14.98,-0.0624999999999987
107.48,1330.58774774666,14.99,-0.0875000000000004
107.52,1331.18915122978,15.01,-0.1125
107.56,1331.77597393263,15.02,-0.125000000000002
107.6,1332.40005387408,15.01,-0.0875000000000026
107.64,1332.98687660104,15.02,-0.0500000000000034
107.68,1333.59636483824,14.99,-0.0750000000000006
107.72,1334.18318758931,15,-0.0874999999999981
107.76,1334.77808490574,14.99,-0.0499999999999967
107.8,1335.3957526956,14.98,-0.0374999999999992
107.84,1335.99065003613,14.95,-0.0375000000000036
107.88,1336.59205363058,14.95,-0.0250000000000039
107.92,1337.18695099459,14.96,-0.0375000000000036
107.96,1337.79643931643,14.97,-0.0625000000000031
108,1338.39133670424,14.99,-0.0750000000000006
108.04,1338.9862341038,15,-0.0624999999999964
108.08,1339.5811315151,14.95,0.0125000000000042
108.12,1340.18911895476,14.97,0.0250000000000017
108.16,1340.79218832154,14.98,-0.0500000000000012
108.2,1341.38708576838,14.96,-0.0750000000000028
108.24,1341.98848947202,14.94,-0.0249999999999995
108.28,1342.58338694235,14.94,0.0500000000000034
108.32,1343.17020987267,14.94,0.0500000000000034
108.36,1343.76510736619,14.94,0.0500000000000034
108.4,1344.36000487175,14.96,0.0500000000000012
108.44,1344.9679924121,14.98,-0.0375000000000036
108.48,1345.57106187158,14.98,-0.0875000000000048
108.52,1346.16595941239,14.96,-2.22044604925031e-15
108.56,1346.76902889534,14.95,0.0750000000000006
108.6,1347.37043270849,14.93,0.0625000000000031
108.64,1347.95725573438,14.95,0
108.68,1348.55215332217,14.97,-0.0250000000000017
108.72,1349.16014095124,14.95,0.0499999999999989
108.76,1349.76321049183,14.97,0.1
108.8,1350.35810811545,14.97,0.112500000000002
108.84,1350.95300575053,14.94,0.125000000000002
108.88,1351.5624943494,14.95,0.100000000000002
108.92,1352.14931745894,14.99,-0.0374999999999992
108.96,1352.77339781919,14.98,-0.0875000000000026
109,1353.36022095286,14.95,0.0249999999999995
109.04,1353.96162490014,14.93,0.112500000000002
109.08,1354.56469453432,14.97,0.0875000000000026
109.12,1355.15151770399,14.99,0.0500000000000034
109.16,1355.76750376645,15.01,-0.0124999999999997
109.2,1356.36240150785,15.02,-0.0875000000000026
109.24,1356.96547118867,14.99,-0.0375000000000014
109.28,1357.56036895385,14.98,0.0374999999999992
109.32,1358.16177298693,14.93,0.125
109.36,1358.7648427028,14.97,0.137500000000002
109.4,1359.36493215968,14.98,0.0624999999999987
109.44,1359.96800189873,14.99,0
109.48,1360.56289972295,14.98,-0.0124999999999975
109.52,1361.16298921837,15.02,-0.0250000000000017
109.56,1361.77247802223,14.97,0.0124999999999975
109.6,1362.36737588169,14.99,0.0750000000000006
109.64,1362.97044567897,14.99,0.112500000000004
109.68,1363.57843361178,15.01,0.150000000000003
109.72,1364.17333150678,15,0.1125
109.76,1364.78282037128,15.01,0.0249999999999972
109.8,1365.37771829007,14.99,-0.012500000000002
109.84,1365.97261622061,14.98,0
109.88,1366.56751416289,14.98,0.0374999999999992
109.92,1367.16760378649,15,0.0749999999999984
109.96,1367.77067367676,15,0.1125
110,1368.37207791758,15.02,0.112500000000002
110.04,1368.97514783133,15.05,-0.0124999999999997
110.08,1369.58313589066,15.07,-0.125000000000002
110.12,1370.18620582787,15.03,-0.0874999999999981
110.16,1370.78110385298,15,-0.0249999999999972
110.2,1371.3890919504,14.99,0.0500000000000012
110.24,1371.983989999,14.98,0.124999999999997
110.28,1372.59347902047,15.01,0.0874999999999937
110.32,1373.18837709287,15.03,0.0124999999999997
110.36,1373.78846685773,15.06,-0.0874999999999981
110.4,1374.40613542149,15.05,-0.112500000000002
110.44,1374.99295898655,15.01,0.0124999999999997
110.48,1375.59602902864,15.01,0.0875000000000004
110.52,1376.2040172274,15.02,0.0624999999999987
110.56,1376.79891537057,14.99,0.100000000000002
110.6,1377.41490188316,15.04,0.0750000000000028
110.64,1378.00337387947,15.03,0.0250000000000039
110.68,1378.6113621289,15.03,0.0125000000000064
110.72,1379.2144322411,15.02,0
110.76,1379.80933044361,15,0.0874999999999981
110.8,1380.41731873112,15.02,0.112500000000002
110.84,1381.01073722435,15.05,0.0249999999999995
110.88,1381.6138073829,15.04,-0.0375000000000014
110.92,1382.20870563239,15.04,-0.0375000000000014
110.96,1382.82469225743,15.05,-0.0500000000000034
111,1383.41959053071,15.04,-0.0249999999999995
111.04,1384.0290797818,15.05,0.012500000000002
111.08,1384.63706815807,15.02,0.0499999999999989
111.12,1385.2238919265,15.03,0.0750000000000028
111.16,1385.83188032762,15.06,0.0125000000000064
111.2,1386.42677865992,15.05,-0.0124999999999975
111.24,1387.02984892306,15.04,0.012500000000002
111.28,1387.64583564719,15.02,0.0500000000000034
111.32,1388.23925429026,15.03,0.0625000000000053
111.36,1388.8487436377,15.02,0.0375000000000014
111.4,1389.43556748979,15.05,-0.0375000000000036
111.44,1390.05155426454,15.05,-0.0875000000000026
111.48,1390.64645267938,15.06,-0.112500000000002
111.52,1391.25444119443,15.05,-0.137500000000004
111.56,1391.8558459128,15.05,-0.087500000000007
111.6,1392.45074436287,15.05,-0.0500000000000078
111.64,1393.06673120007,15.05,-0.0625000000000053
111.68,1393.65355513581,15.05,-0.100000000000005
111.72,1394.2776363469,15.05,-0.100000000000005
111.76,1394.87105512501,15.03,-0.0875000000000004
111.8,1395.48054460511,15.01,-0.1125
111.84,1396.07396340881,15.02,-0.100000000000002
111.88,1396.67703385852,15,-0.0500000000000012
111.92,1397.2638578663,15,2.22044604925031e-15
111.96,1397.87334739442,15.03,-0.0499999999999945
112,1398.47475224695,15.03,-0.124999999999993
112.04,1399.07615711259,15.02,-0.149999999999997
112.08,1399.69080465613,15,-0.162500000000001
112.12,1400.27762872345,15.02,-0.162500000000001
112.16,1400.8871183113,14.99,-0.0875000000000004
112.2,1401.48201693845,14.96,0.0250000000000017
112.24,1402.07543586545,14.99,2.22044604925031e-15
112.28,1402.6849254896,14.99,-0.112499999999998
112.32,1403.2798241517,15.01,-0.199999999999998
112.36,1403.88781293172,14.98,-0.162500000000003
112.4,1404.48123190738,14.98,-0.0750000000000051
112.44,1405.0843025193,14.95,-0.0500000000000034
112.48,1405.69229133709,14.94,-0.0375000000000014
112.52,1406.2725999244,14.95,-0.0124999999999997
112.56,1406.87400494787,14.99,-0.0750000000000006
112.6,1407.47540998287,14.98,-0.150000000000001
112.64,1408.08489971597,14.97,-0.149999999999999
112.68,1408.67979848379,14.92,-0.0749999999999984
112.72,1409.2812035553,14.92,0.0124999999999975
112.76,1409.86802781286,14.94,-0.0375000000000014
112.8,1410.4629266159,14.96,-0.112499999999998
112.84,1411.07091554665,14.93,-0.124999999999995
112.88,1411.67398628603,14.93,-0.124999999999993
112.92,1412.26888512432,14.95,-0.124999999999997
112.96,1412.8623042723,14.93,-0.112499999999998
113,1413.45720313378,14.92,-0.0874999999999959
113.04,1414.06669298601,14.91,-0.0500000000000012
113.08,1414.66011217221,14.92,-0.0500000000000012
113.12,1415.26318298111,14.93,-0.0749999999999984
113.16,1415.85660219074,14.9,-0.0624999999999964
113.2,1416.45967302281,14.91,-0.0999999999999979
113.24,1417.0530922571,14.88,-0.0875000000000048
113.28,1417.64799120109,14.88,-0.0375000000000059
113.32,1418.24141046067,14.9,-0.0499999999999989
113.36,1418.83630942756,14.89,-0.037499999999997
113.4,1419.43771470527,14.89,-0.0625000000000009
113.44,1420.03261369594,14.9,-0.125000000000002
113.48,1420.62751269807,14.89,-0.150000000000003
113.52,1421.21433718126,14.9,-0.175000000000001
113.56,1421.80923620659,14.88,-0.137499999999999
113.6,1422.42522365222,14.85,-0.0250000000000017
113.64,1423.01204817142,14.87,0.0250000000000039
113.68,1423.60694723198,14.86,-0.0124999999999975
113.72,1424.20184630428,14.88,-0.0750000000000051
113.76,1424.7886708589,14.88,-0.100000000000007
113.8,1425.40465836511,14.85,-0.0625000000000053
113.84,1425.99148294355,14.84,-0.0374999999999992
113.88,1426.58638206253,14.83,-0.0624999999999964
113.92,1427.18128119327,14.82,-0.0750000000000006
113.96,1427.77470064945,14.85,-0.0750000000000006
114,1428.36959980337,14.86,-0.0250000000000017
114.04,1428.97100527479,14.88,-0.0250000000000039
114.08,1429.55782992406,14.84,-0.0375000000000014
114.12,1430.15272911292,14.84,0
114.16,1430.74762831353,14.84,0
114.2,1431.34252752588,14.84,0
114.24,1431.93594706679,14.82,0.0499999999999989
114.28,1432.53084630233,14.8,0.174999999999998
114.32,1433.12426586824,14.79,0.237500000000002
114.36,1433.71916512726,14.82,0.2125
114.4,1434.31406439775,14.87,0.162500000000001
114.44,1434.90748399938,14.85,0.200000000000002
114.48,1435.4943087665,14.84,0.262499999999999
114.52,1436.08772839217,14.84,0.237499999999999
114.56,1436.68114803107,14.84,0.325000000000002
114.6,1437.28123914518,14.84,0.425000000000004
114.64,1437.87465880811,14.86,0.437500000000002
114.68,1438.47474994802,14.9,0.462499999999999
114.72,1439.06816963403,14.88,0.524999999999998
114.76,1439.6682607988,14.9,0.549999999999999
114.8,1440.26835197627,14.92,0.549999999999999
114.84,1440.86844316493,14.96,0.574999999999997
114.88,1441.46853436725,14.94,0.625000000000002
114.92,1442.06083112052,14.93,0.700000000000005
114.96,1442.66766790469,15.01,0.662499999999999
115,1443.26775914396,15.01,0.674999999999997
115.04,1443.8745959538,15.04,0.7375
115.08,1444.48143277676,15.09,0.675000000000003
115.12,1445.08826961325,15.11,0.637500000000002
115.16,1445.69510646189,15.11,0.699999999999998
115.2,1446.30876053036,15.15,0.725
115.24,1446.91559740468,15.19,0.687500000000005
115.28,1447.52925149868,15.21,0.662500000000001
115.32,1448.14290560718,15.22,0.687499999999996
115.36,1448.75655972866,15.25,0.762499999999999
115.4,1449.3702138627,15.31,0.725
115.44,1449.97579662725,15.33,0.687499999999999
115.48,1450.59717677775,15.34,0.737499999999998
115.52,1451.21018305808,15.37,0.699999999999998
115.56,1451.8452348755,15.41,0.649999999999999
115.6,1452.44436516999,15.43,0.7125
115.64,1453.08635269997,15.46,0.75
115.68,1453.69238692967,15.47,0.737499999999998
115.72,1454.32743880278,15.51,0.7375
115.76,1454.95458484626,15.57,0.687500000000001
115.8,1455.57596510053,15.57,0.637500000000002
115.84,1456.21027439128,15.62,0.6125
115.88,1456.83845647989,15.64,0.674999999999999
115.92,1457.46560258209,15.63,0.850000000000006
115.96,1458.0937846977,15.67,0.887500000000006
116,1458.72883666765,15.74,0.737499999999998
116.04,1459.36334932422,15.75,0.662499999999995
116.08,1459.99084368887,15.77,0.687499999999999
116.12,1460.63283139166,15.8,0.725000000000002
116.16,1461.27442507361,15.83,0.75
116.2,1461.90260727133,15.82,0.824999999999996
116.24,1462.5445950179,15.86,0.837500000000004
116.28,1463.1865827782,15.94,0.712500000000005
116.32,1463.82109553785,16.01,0.599999999999992
116.36,1464.47758172635,16,0.624999999999996
116.4,1465.12656896139,16,0.700000000000003
116.44,1465.75406345544,16.02,0.700000000000007
116.48,1466.40305072139,16.05,0.725000000000007
116.52,1467.05261834821,16.1,0.7375
116.56,1467.70160564384,16.13,0.687500000000001
116.6,1468.34359352313,16.18,0.625000000000004
116.64,1469.00007981556,16.17,0.662500000000001
116.68,1469.64906715728,16.2,0.699999999999998
116.72,1470.30555348103,16.23,0.699999999999998
116.76,1470.95512119625,16.28,0.687499999999996
116.8,1471.61160754999,16.28,0.687499999999996
116.84,1472.27569481587,16.3,0.699999999999994
116.88,1472.93174336768,16.35,0.662499999999993
116.92,1473.5882297675,16.39,0.624999999999996
116.96,1474.24471618366,16.39,0.637499999999998
117,1474.90076478199,16.42,0.687499999999996
117.04,1475.5648521241,16.46,0.649999999999991
117.08,1476.23584173095,16.47,0.637499999999993
117.12,1476.89232820892,16.52,0.625000000000004
117.16,1477.55579603082,16.54,0.575000000000006
117.2,1478.21926386978,16.57,0.587499999999999
117.24,1478.89025354048,16.57,0.599999999999996
117.28,1479.56124322595,16.61,0.549999999999997
117.32,1480.21772978147,16.63,0.462500000000001
117.36,1480.88871949981,16.66,0.425
117.4,1481.55970923292,16.7,0.449999999999999
117.44,1482.23069898328,16.7,0.487500000000001
117.48,1482.90168874939,16.74,0.449999999999999
117.52,1483.58029958843,16.75,0.387499999999994
117.56,1484.26579697968,16.77,0.374999999999996
117.6,1484.9292649793,16.81,0.387500000000003
117.64,1485.60787586746,16.81,0.425
117.68,1486.27134390046,16.81,0.437500000000002
117.72,1486.94995481931,16.8,0.462500000000001
117.76,1487.62094469827,16.83,0.449999999999999
117.8,1488.30644218635,16.89,0.375000000000001
117.84,1488.98505315416,16.9,0.375000000000001
117.88,1489.67055067587,16.9,0.425
117.92,1490.34154062004,16.9,0.475000000000008
117.96,1491.02015163612,16.92,0.500000000000007
118,1491.70564920746,16.97,0.4
118.04,1492.3911467952,16.99,0.275000000000003
118.08,1493.0774748525,16.98,0.300000000000002
118.12,1493.74846487769,17,0.350000000000001
118.16,1494.42707597485,16.99,0.375000000000001
118.2,1495.12021395486,17.03,0.425
118.24,1495.79882508484,17.06,0.412500000000002
118.28,1496.48515322269,17.08,0.37500000000001
118.32,1497.17065092797,17.1,0.325000000000002
118.36,1497.85697909827,17.12,0.224999999999995
118.4,1498.5424768373,17.09,0.2
118.44,1499.23661476756,17.09,0.225
118.48,1499.9229429871,17.12,0.2
118.52,1500.61608110142,17.14,0.137499999999999
118.56,1501.29469236345,17.15,0.0875000000000004
118.6,1501.98102063186,17.21,0
118.64,1502.67415879644,17.21,-0.0499999999999989
118.68,1503.36048709741,17.23,-0.0750000000000028
118.72,1504.06135914541,17.21,-0.100000000000007
118.76,1504.7409410106,17.19,-0.0875000000000048
118.8,1505.43407924311,17.18,-0.125000000000002
118.84,1506.12040761013,17.18,-0.212499999999993
118.88,1506.82910403886,17.19,-0.24999999999999
118.92,1507.50868596857,17.18,-0.237499999999997
118.96,1508.1872973974,17.18,-0.3125
119,1508.88933492482,17.18,-0.462499999999997
119.04,1509.58247325982,17.2,-0.612500000000002
119.08,1510.2620552537,17.18,-0.674999999999999
119.12,1510.94838373678,17.18,-0.774999999999997
119.16,1511.65042132941,17.15,-0.924999999999998
119.2,1512.33000337187,17.12,-0.999999999999996
119.24,1513.00958543001,17.07,-0.987500000000003
119.28,1513.70372370433,17.1,-1.02500000000001
119.32,1514.37662464027,17.08,-1.1625
119.36,1515.07076294716,17.03,-1.25
119.4,1515.7503450701,16.96,-1.2625
119.44,1516.41663218093,16.93,-1.32499999999999
119.48,1517.08953317915,16.91,-1.4375
119.52,1517.76911535089,16.83,-1.3875
119.56,1518.43540250676,16.76,-1.25
119.6,1519.10043076997,16.71,-1.2125
119.64,1519.75876608621,16.69,-1.25
119.68,1520.4316671611,16.66,-1.2625
119.72,1521.09000250833,16.59,-1.20000000000001
119.76,1521.74974517237,16.52,-1.0875
119.8,1522.40808054869,16.46,-0.962499999999999
119.84,1523.05855737719,16.37,-0.787500000000003
119.88,1523.71026836681,16.32,-0.649999999999999
119.92,1524.36197937083,16.31,-0.625
119.96,1525.01369038923,16.28,-0.600000000000001
120,1525.65082657984,16.22,-0.549999999999993
120.04,1526.30253762668,16.18,-0.56249999999999
120.08,1526.94630926545,16.16,-0.612499999999996
120.12,1527.59146658064,16.13,-0.612499999999996
120.16,1528.24317767058,16.11,-0.612500000000002
120.2,1528.88031393079,16.1,-0.612500000000007
120.24,1529.51745020507,16.1,-0.675000000000003
120.28,1530.1691613372,16.07,-0.774999999999999
120.32,1530.81431872141,16.06,-0.849999999999998
120.36,1531.45145503767,16.05,-0.962499999999999
120.4,1532.09661245034,16.01,-1.0875
120.44,1532.73374879327,15.94,-1.1
120.48,1533.3643217879,15.91,-1.075
120.52,1534.00145815931,15.89,-1.1375
120.56,1534.6320311806,15.86,-1.225
120.6,1535.26124119912,15.86,-1.35
120.64,1535.89351190682,15.8,-1.4
120.68,1536.51607502955,15.75,-1.4125
120.72,1537.14664810356,15.7,-1.4875
120.76,1537.76921125296,15.64,-1.525
120.8,1538.38520101254,15.55,-1.425
120.84,1539.00928509588,15.52,-1.35
120.88,1539.62527488127,15.47,-1.4125
120.92,1540.2412646794,15.42,-1.4875
120.96,1540.84267233374,15.35,-1.5125
121,1541.4521646508,15.29,-1.475
121.04,1542.06015624191,15.25,-1.45
121.08,1542.6681478456,15.17,-1.4
121.12,1543.27122104551,15.09,-1.3
121.16,1543.85804787964,15.03,-1.32499999999999
121.2,1544.46112110273,15.02,-1.4875
121.24,1545.05454288125,14.97,-1.55
121.28,1545.64944424881,14.89,-1.42500000000001
121.32,1546.22975543737,14.81,-1.2625
121.36,1546.82465682812,14.75,-1.175
121.4,1547.41148373279,14.71,-1.15
121.44,1547.9917949543,14.67,-1.175
121.48,1548.57210618763,14.63,-1.1625
121.52,1549.1589331274,14.59,-1.1
121.56,1549.7246550982,14.47,-0.987500000000004
121.6,1550.29690254763,14.39,-0.887500000000003
121.64,1550.87721382514,14.36,-0.862499999999999
121.68,1551.44293582819,14.36,-0.849999999999995
121.72,1552.0086578419,14.33,-0.862499999999995
121.76,1552.5889691524,14.29,-0.824999999999994
121.8,1553.15469118771,14.25,-0.724999999999996
121.84,1553.72041323366,14.19,-0.649999999999999
121.88,1554.28613529027,14.18,-0.700000000000003
121.92,1554.84380479449,14.16,-0.8125
121.96,1555.40952687211,14.11,-0.824999999999998
122,1555.96880732663,14.04,-0.725
122.04,1556.52647686297,14.02,-0.587500000000001
122.08,1557.09219897227,14.02,-0.575000000000001
122.12,1557.64333278493,13.98,-0.625
122.16,1558.20905491525,13.98,-0.675000000000003
122.2,1558.76018874845,13.98,-0.712500000000005
122.24,1559.31946926368,13.94,-0.675000000000001
122.28,1559.86919377853,13.87,-0.549999999999999
122.32,1560.41387773318,13.82,-0.437500000000002
122.36,1560.96501160688,13.79,-0.425000000000004
122.4,1561.51614549008,13.78,-0.425
122.44,1562.06587004826,13.81,-0.499999999999998
122.48,1562.62515062217,13.77,-0.487500000000001
122.52,1563.16983462643,13.73,-0.350000000000001
122.56,1563.7129278603,13.69,-0.249999999999999
122.6,1564.26406179478,13.7,-0.274999999999999
122.64,1564.80874582708,13.68,-0.375000000000001
122.68,1565.34390916186,13.69,-0.424999999999998
122.72,1565.90318979572,13.65,-0.412499999999996
122.76,1566.43973651878,13.62,-0.299999999999998
122.8,1566.99087050304,13.61,-0.225000000000002
122.84,1567.52741724561,13.58,-0.225000000000002
122.88,1568.07051056149,13.61,-0.3
122.92,1568.60883367155,13.61,-0.375000000000001
122.96,1569.15855836624,13.61,-0.412500000000002
123,1569.70324248486,13.56,-0.375000000000001
123.04,1570.23978927576,13.52,-0.262499999999999
123.08,1570.78447341479,13.51,-0.1875
123.12,1571.32756679055,13.5,-0.262500000000001
123.16,1571.86411361177,13.53,-0.4375
123.2,1572.40879777829,13.52,-0.449999999999999
123.24,1572.94534461781,13.49,-0.325
123.28,1573.48843803503,13.46,-0.2125
123.32,1574.01852626262,13.46,-0.200000000000002
123.36,1574.55507313127,13.43,-0.237500000000002
123.4,1575.07703390408,13.44,-0.3
123.44,1575.62816804729,13.43,-0.349999999999999
123.48,1576.1647149445,13.45,-0.374999999999999
123.52,1576.69480321857,13.35,-0.312500000000002
123.56,1577.23135013501,13.33,-0.2125
123.6,1577.76143842756,13.36,-0.199999999999996
123.64,1578.30453193442,13.39,-0.299999999999998
123.68,1578.84107887999,13.39,-0.387500000000001
123.72,1579.37116719996,13.37,-0.387499999999996
123.76,1579.90771416447,13.33,-0.374999999999994
123.8,1580.42967503139,13.3,-0.3
123.84,1580.96622201514,13.29,-0.225
123.88,1581.49474086702,13.29,-0.237499999999997
123.92,1582.03128786943,13.26,-0.237499999999997
123.96,1582.5613762446,13.25,-0.212499999999998
124,1583.0753222878,13.28,-0.3125
124.04,1583.62000665238,13.23,-0.362500000000001
124.08,1584.14196758418,13.24,-0.3125
124.12,1584.67851463411,13.21,-0.250000000000001
124.16,1585.20047558441,13.19,-0.237500000000004
124.2,1585.72243654382,13.2,-0.287500000000001
124.24,1586.25760027404,13.21,-0.3
124.28,1586.7876887206,13.18,-0.250000000000004
124.32,1587.31620767817,13.18,-0.262500000000001
124.36,1587.8381686743,13.16,-0.287499999999998
124.4,1588.3666876499,13.12,-0.212499999999998
124.44,1588.88864866397,13.1,-0.187499999999996
124.48,1589.41873715687,13.12,-0.262499999999997
124.52,1589.94069818973,13.13,-0.362499999999999
124.56,1590.46921720353,13.08,-0.312499999999998
124.6,1590.98316338667,13.08,-0.212499999999995
124.64,1591.4971095788,13.09,-0.212499999999998
124.68,1592.0271981151,13.1,-0.287499999999996
124.72,1592.55571716748,13.05,-0.287499999999996
124.76,1593.07767825476,13.06,-0.3125
124.8,1593.59963935115,13.05,-0.375000000000003
124.84,1594.12160045574,13.02,-0.287500000000003
124.88,1594.6355467034,12.99,-0.275000000000001
124.92,1595.15750782687,12.97,-0.262499999999999
124.96,1595.66355717736,12.99,-0.262499999999999
125,1596.18551831852,13,-0.362500000000001
125.04,1596.7074794688,13,-0.4
125.08,1597.23599860445,12.96,-0.375000000000003
125.12,1597.75795977296,12.96,-0.362500000000006
125.16,1598.2719060846,12.9,-0.287500000000005
125.2,1598.78585240551,12.91,-0.250000000000004
125.24,1599.30781360054,12.93,-0.362500000000003
125.28,1599.82175993875,12.86,-0.325000000000002
125.32,1600.3357062866,12.89,-0.275000000000003
125.36,1600.84965264344,12.86,-0.337500000000004
125.4,1601.36514603167,12.84,-0.287500000000003
125.44,1601.87119549304,12.84,-0.212500000000004
125.48,1602.39315674077,12.82,-0.237499999999999
125.52,1602.90710313382,12.81,-0.299999999999996
125.56,1603.41315262284,12.82,-0.337499999999997
125.6,1603.92864605325,12.79,-0.312499999999996
125.64,1604.44259247231,12.76,-0.237499999999995
125.68,1604.94996889615,12.77,-0.212499999999998
125.72,1605.46391533412,12.76,-0.224999999999997
125.76,1605.96329097696,12.72,-0.237499999999999
125.8,1606.46934052045,12.75,-0.349999999999999
125.84,1606.99130184845,12.76,-0.449999999999995
125.88,1607.49867831396,12.71,-0.387499999999998
125.92,1608.00605478903,12.68,-0.262500000000003
125.96,1608.50433101652,12.68,-0.212500000000004
126,1609.01827751657,12.68,-0.287500000000003
126.04,1609.51107050377,12.68,-0.387500000000001
126.08,1610.02501702151,12.68,-0.4125
126.12,1610.54697840998,12.67,-0.412500000000002
126.16,1611.05302803504,12.62,-0.362500000000001
126.2,1611.54582105563,12.57,-0.275000000000001
126.24,1612.05187069839,12.58,-0.237500000000004
126.28,1612.5592472498,12.58,-0.262500000000003
126.32,1613.05752355929,12.6,-0.387499999999998
126.36,1613.5649001265,12.59,-0.449999999999995
126.4,1614.07094980465,12.54,-0.362499999999997
126.44,1614.56374287471,12.51,-0.225
126.48,1615.06979257055,12.52,-0.249999999999999
126.52,1615.56916837731,12.5,-0.312499999999996
126.56,1616.06854419322,12.5,-0.299999999999998
126.6,1616.56792001698,12.47,-0.3125
126.64,1617.06729584989,12.49,-0.324999999999998
126.68,1617.56667169065,12.46,-0.325
126.72,1618.06604754056,12.41,-0.312500000000004
126.76,1618.55085481741,12.42,-0.312500000000004
126.8,1619.06480149278,12.42,-0.300000000000002
126.84,1619.54960878621,12.45,-0.387500000000001
126.88,1620.05565856931,12.38,-0.375000000000003
126.92,1620.55503446174,12.39,-0.300000000000005
126.96,1621.04782763727,12.37,-0.312499999999998
127,1621.53932465605,12.35,-0.312499999999996
127.04,1622.01753581393,12.35,-0.387500000000001
127.08,1622.53148254974,12.34,-0.449999999999999
127.12,1623.01628990067,12.28,-0.337499999999995
127.16,1623.50109725964,12.3,-0.224999999999997
127.2,1624.00199643153,12.3,-0.249999999999999
127.24,1624.49349350131,12.26,-0.262499999999999
127.28,1624.99286946946,12.27,-0.299999999999996
127.32,1625.47767686132,12.26,-0.374999999999996
127.36,1625.97047011738,12.25,-0.4
127.4,1626.45527752556,12.22,-0.3125
127.44,1626.94008494177,12.17,-0.162499999999997
127.48,1627.43287822178,12.16,-0.137499999999997
127.52,1627.91108947373,12.19,-0.275000000000001
127.56,1628.40388277009,12.21,-0.362499999999999
127.6,1628.88083048686,12.19,-0.349999999999999
127.64,1629.37362379873,12.16,-0.337500000000002
127.68,1629.8651209619,12.13,-0.300000000000005
127.72,1630.34992843484,12.1,-0.237500000000006
127.76,1630.83473591581,12.09,-0.200000000000005
127.8,1631.31294722159,12.13,-0.262500000000003
127.84,1631.79775471862,12.13,-0.312500000000004
127.88,1632.29054807843,12.09,-0.312500000000002
127.92,1632.76875940754,12.04,-0.262499999999997
127.96,1633.2469707437,12.07,-0.262499999999999
128,1633.73177827311,12.05,-0.287500000000003
128.04,1634.21658581055,12.03,-0.2125
128.08,1634.70139335602,12.02,-0.162499999999994
128.12,1635.17960472361,12.02,-0.174999999999994
128.16,1635.66441228513,12.01,-0.262499999999997
128.2,1636.1426236684,12,-0.325
128.24,1636.59830160559,12.01,-0.325
128.28,1637.09109504386,11.96,-0.225
128.32,1637.56930644996,11.96,-0.162500000000003
128.36,1638.05411405137,11.94,-0.175000000000003
128.4,1638.51774505451,11.95,-0.2
128.44,1639.00255267173,11.96,-0.275000000000001
128.48,1639.47279414184,11.96,-0.275000000000005
128.52,1639.97217036457,11.94,-0.175000000000003
128.56,1640.44388306584,11.88,-0.0249999999999972
128.6,1640.91412455942,11.87,0.0625000000000031
128.64,1641.38583727517,11.88,0.0625000000000031
128.68,1641.86404875003,11.91,0.100000000000002
128.72,1642.34099669482,11.88,0.237499999999999
128.76,1642.81270943242,11.88,0.337499999999997
128.8,1643.2975171211,11.85,0.4
128.84,1643.7744650904,11.84,0.487500000000001
128.88,1644.23158586624,11.86,0.512500000000002
128.92,1644.71639357878,11.9,0.500000000000003
128.96,1645.19460510554,11.9,0.599999999999996
129,1645.67281664121,11.9,0.687499999999994
129.04,1646.14305821986,11.9,0.687499999999994
129.08,1646.63585181514,11.97,0.649999999999995
129.12,1647.11406337296,12.01,0.600000000000001
129.16,1647.5988711334,12.02,0.612500000000002
129.2,1648.07708270755,12.03,0.612499999999998
129.24,1648.56338847094,12.05,0.6375
129.28,1649.04819625573,12.06,0.687499999999999
129.32,1649.54909584033,12.1,0.687499999999994
129.36,1650.0339036417,12.18,0.600000000000001
129.4,1650.51871145138,12.17,0.562500000000006
129.44,1651.01150511877,12.18,0.587500000000005
129.48,1651.49631294449,12.21,0.562500000000001
129.52,1651.98910662794,12.25,0.512499999999996
129.56,1652.49000625989,12.27,0.462499999999999
129.6,1652.9827999599,12.27,0.525000000000004
129.64,1653.47429753358,12.32,0.562499999999999
129.68,1653.9751971896,12.34,0.499999999999996
129.72,1654.46799091408,12.37,0.475000000000001
129.76,1654.96736739515,12.39,0.475000000000001
129.8,1655.46826707578,12.41,0.487499999999998
129.84,1655.95976469292,12.41,0.499999999999998
129.88,1656.46714198321,12.43,0.462499999999999
129.92,1656.95993574843,12.44,0.500000000000003
129.96,1657.46731305451,12.45,0.562500000000004
130,1657.97469037014,12.51,0.499999999999998
130.04,1658.46748416062,12.53,0.424999999999998
130.08,1658.98297850239,12.53,0.437500000000002
130.12,1659.47447618202,12.56,0.500000000000003
130.16,1659.981853531,12.58,0.524999999999998
130.2,1660.48923088925,12.61,0.449999999999995
130.24,1661.00472526445,12.61,0.399999999999996
130.28,1661.50410185844,12.6,0.474999999999999
130.32,1662.01804928673,12.67,0.487499999999998
130.36,1662.52542667949,12.67,0.462499999999997
130.4,1663.03280407995,12.69,0.450000000000002
130.44,1663.54829849881,12.69,0.462500000000006
130.48,1664.05567591679,12.72,0.450000000000004
130.52,1664.57763823933,12.77,0.362500000000001
130.56,1665.08501567576,12.79,0.337500000000004
130.6,1665.59239311988,12.76,0.437500000000004
130.64,1666.11435546923,12.78,0.525000000000004
130.68,1666.62173293087,12.81,0.462500000000003
130.72,1667.14369529818,12.85,0.4
130.76,1667.65107277826,12.86,0.4125
130.8,1668.17303516353,12.86,0.425
130.84,1668.69499755792,12.89,0.399999999999996
130.88,1669.21871990144,12.88,0.437499999999995
130.92,1669.72477057249,12.9,0.499999999999996
130.96,1670.24673299395,12.93,0.512499999999996
131,1670.76869542453,12.97,0.399999999999998
131.04,1671.28418997188,12.99,0.262499999999999
131.08,1671.80615242068,12.97,0.325
131.12,1672.3281148786,13.01,0.4
131.16,1672.85007734563,13.03,0.4
131.2,1673.38016726863,13.03,0.412499999999998
131.24,1673.9086877841,13.04,0.425000000000002
131.28,1674.43065027874,13.08,0.375000000000008
131.32,1674.9526127825,13.1,0.325000000000004
131.36,1675.4891614432,13.14,0.337500000000002
131.4,1676.01112396546,13.08,0.462500000000003
131.44,1676.53308649682,13.09,0.525000000000002
131.48,1677.06317648318,13.13,0.462500000000001
131.52,1677.59972518208,13.17,0.425000000000002
131.56,1678.12168774132,13.19,0.4
131.6,1678.65177775513,13.2,0.387500000000003
131.64,1679.18029836652,13.21,0.350000000000001
131.68,1679.71038839883,13.21,0.374999999999999
131.72,1680.24693714496,13.23,0.449999999999999
131.76,1680.77702719575,13.28,0.412499999999998
131.8,1681.32012260414,13.31,0.337499999999997
131.84,1681.84864326406,13.28,0.349999999999997
131.88,1682.378733342,13.31,0.412499999999996
131.92,1682.91528213622,13.33,0.462499999999997
131.96,1683.4583775843,13.35,0.474999999999999
132,1683.98846769025,13.35,0.462499999999997
132.04,1684.52501651302,13.34,0.499999999999996
132.08,1685.06811199135,13.38,0.537499999999995
132.12,1685.61279814017,13.42,0.462499999999997
132.16,1686.14288828305,13.42,0.449999999999999
132.2,1686.68598379164,13.44,0.5375
132.24,1687.22253266276,13.43,0.562500000000001
132.28,1687.77366884741,13.49,0.475000000000001
132.32,1688.31021773803,13.52,0.387500000000003
132.36,1688.86135394237,13.54,0.412500000000002
132.4,1689.39790285278,13.53,0.512500000000002
132.44,1689.94903907709,13.56,0.537500000000004
132.48,1690.48558800671,13.59,0.450000000000002
132.52,1691.036724251,13.58,0.4
132.56,1691.58141050563,13.62,0.375000000000003
132.6,1692.13113755983,13.67,0.350000000000001
132.64,1692.68227383421,13.65,0.349999999999999
132.68,1693.22696011751,13.65,0.362500000000003
132.72,1693.77005575799,13.67,0.4
132.76,1694.3357804284,13.72,0.387499999999998
132.8,1694.88691674329,13.76,0.287499999999998
132.84,1695.43160306555,13.76,0.287499999999996
132.88,1695.98133019441,13.75,0.412499999999998
132.92,1696.54705490599,13.74,0.487499999999998
132.96,1697.09819126168,13.76,0.424999999999998
133,1697.65586347002,13.81,0.299999999999998
133.04,1698.20699984567,13.79,0.287500000000001
133.08,1698.75168622637,13.8,0.349999999999999
133.12,1699.30935846625,13.84,0.387499999999998
133.16,1699.86049487229,13.86,0.374999999999999
133.2,1700.41022208648,13.85,0.312500000000002
133.24,1700.98410235723,13.9,0.237500000000006
133.28,1701.5405428084,13.94,0.200000000000005
133.32,1702.10626762422,13.94,0.200000000000005
133.36,1702.65095407338,13.9,0.275000000000001
133.4,1703.22320448593,13.91,0.387500000000001
133.44,1703.78087681051,13.92,0.412500000000002
133.48,1704.33854914561,13.95,0.375000000000001
133.52,1704.89622149122,14,0.287500000000003
133.56,1705.4619463698,14,0.200000000000002
133.6,1706.02623744311,13.96,0.249999999999999
133.64,1706.58390982056,13.98,0.299999999999998
133.68,1707.14963473052,14.02,0.262499999999999
133.72,1707.7073071293,14.02,0.275000000000001
133.76,1708.27955763952,14.04,0.300000000000002
133.8,1708.84528258116,14.08,0.262499999999999
133.84,1709.40295501206,14.08,0.187499999999998
133.88,1709.96062745347,14.09,0.174999999999998
133.92,1710.53948459053,14.09,0.237499999999995
133.96,1711.09715705327,14.07,0.299999999999996
134,1711.65644030538,14.09,0.337499999999997
134.04,1712.22743018538,14.09,0.374999999999999
134.08,1712.79315520044,14.12,0.412499999999998
134.12,1713.35888022616,14.14,0.387499999999996
134.16,1713.93773743131,14.16,0.299999999999998
134.2,1714.4954099583,14.17,0.250000000000001
134.24,1715.07426718605,14.14,0.287500000000001
134.28,1715.62540387901,14.17,0.325000000000002
134.32,1716.21223412534,14.2,0.275000000000003
134.36,1716.77795921468,14.2,0.237500000000004
134.4,1717.35681648824,14.23,0.225000000000006
134.44,1717.92254159889,14.25,0.2
134.48,1718.50139889535,14.29,0.162500000000001
134.52,1719.0590715085,14.28,0.137500000000004
134.56,1719.63792882756,14.26,0.1875
134.6,1720.19560146204,14.27,0.174999999999998
134.64,1720.78243179843,14.27,0.162499999999997
134.68,1721.36274633157,14.3,0.162499999999994
134.72,1721.92847151679,14.29,0.149999999999997
134.76,1722.49946160514,14.3,0.162499999999997
134.8,1723.07334228149,14.31,0.162499999999994
134.84,1723.65219968102,14.33,0.1875
134.88,1724.23105709199,14.34,0.150000000000001
134.92,1724.79678233048,14.34,0.0749999999999962
134.96,1725.38232461951,14.35,0.0249999999999972
135,1725.95457547056,14.32,0.0875000000000004
135.04,1726.52030074101,14.35,0.2125
135.08,1727.1006153825,14.35,0.225000000000002
135.12,1727.67286626729,14.36,0.162500000000005
135.16,1728.25172375846,14.36,0.162500000000005
135.2,1728.82397466534,14.38,0.150000000000001
135.24,1729.41080517145,14.41,0.0874999999999981
135.28,1729.98305610074,14.38,0.1125
135.32,1730.5553070408,14.36,0.200000000000005
135.36,1731.13416458982,14.35,0.250000000000004
135.4,1731.71302215029,14.39,0.1875
135.44,1732.29333689046,14.45,0.100000000000002
135.48,1732.86558787502,14.43,0.0750000000000028
135.52,1733.44444547016,14.41,0.125
135.56,1734.03127606818,14.44,0.162499999999999
135.6,1734.60352708554,14.42,0.175000000000003
135.64,1735.18238471506,14.44,0.175000000000003
135.68,1735.76124235632,14.44,0.137499999999999
135.72,1736.34155717428,14.46,0.112499999999998
135.76,1736.92041483875,14.45,0.187500000000003
135.8,1737.5007296776,14.44,0.275000000000003
135.84,1738.07958736528,14.48,0.225
135.88,1738.65844506442,14.46,0.174999999999998
135.92,1739.24527576473,14.48,0.162499999999999
135.96,1739.82559064805,14.5,0.137499999999999
136,1740.40444838216,14.5,0.149999999999999
136.04,1740.99127911697,14.5,0.175000000000001
136.08,1741.56353026939,14.49,0.225000000000002
136.12,1742.14238803816,14.5,0.274999999999999
136.16,1742.72921880718,14.56,0.212499999999993
136.2,1743.31604958807,14.55,0.149999999999995
136.24,1743.90288038029,14.55,0.175000000000001
136.28,1744.48971118439,14.53,0.175000000000003
136.32,1745.0607017296,14.54,0.137500000000002
136.36,1745.6556070006,14.55,0.162500000000003
136.4,1746.23446485109,14.57,0.2
136.44,1746.8212957007,14.57,0.237499999999995
136.48,1747.4081265622,14.6,0.212499999999998
136.52,1747.99495743502,14.61,0.137500000000004
136.56,1748.58178831972,14.62,0.125000000000004
136.6,1749.16861921481,14.61,0.125000000000004
136.64,1749.75545012271,14.63,0.1125
136.68,1750.33430805522,14.59,0.199999999999996
136.72,1750.92113898574,14.59,0.299999999999998
136.76,1751.51456499461,14.63,0.237499999999997
136.8,1752.10139594833,14.65,0.137499999999999
136.84,1752.68822691394,14.68,0.0875000000000026
136.88,1753.27505789086,14.66,0.125000000000002
136.92,1753.86188887968,14.66,0.187499999999998
136.96,1754.4487198798,14.67,0.187499999999998
137,1755.03555089182,14.66,0.2
137.04,1755.62897698355,14.67,0.212500000000002
137.08,1756.21580801877,14.71,0.150000000000003
137.12,1756.81071350691,14.71,0.125
137.16,1757.38957158055,14.7,0.174999999999996
137.2,1757.98447709158,14.69,0.199999999999996
137.24,1758.56333518875,14.71,0.174999999999996
137.28,1759.15824072267,14.73,0.174999999999996
137.32,1759.75314626833,14.74,0.187499999999998
137.36,1760.34657245708,14.74,0.187500000000003
137.4,1760.93340358543,14.75,0.175000000000001
137.44,1761.52023472568,14.75,0.149999999999997
137.48,1762.12033264135,14.75,0.162499999999999
137.52,1762.7071638048,14.77,0.162500000000001
137.56,1763.30206941942,14.78,0.1875
137.6,1763.88092762306,14.77,0.2
137.64,1764.47583326058,14.77,0.2125
137.68,1765.07724544722,14.81,0.199999999999998
137.72,1765.65610368645,14.81,0.162500000000001
137.76,1766.27209814996,14.82,0.149999999999999
137.8,1766.85892939525,14.81,0.112499999999998
137.84,1767.44576065243,14.81,0.125
137.88,1768.04066635951,14.82,0.137499999999995
137.92,1768.63557207835,14.83,0.137499999999999
137.96,1769.221115275,14.87,0.100000000000007
138,1769.83710981209,14.84,0.150000000000003
138.04,1770.42394112791,14.87,0.2125
138.08,1771.01077245561,14.87,0.175000000000001
138.12,1771.61876884705,14.88,0.149999999999997
138.16,1772.21367463545,14.87,0.0999999999999979
138.2,1772.79921790611,14.85,0.112500000000002
138.24,1773.40229553588,14.87,0.125000000000004
138.28,1773.99720135922,14.87,0.112500000000006
138.32,1774.57605977735,14.89,0.137500000000002
138.36,1775.18405624334,14.89,0.162499999999997
138.4,1775.78713391916,14.94,0.137500000000002
138.44,1776.38854633443,14.94,0.0750000000000051
138.48,1776.98085019611,14.94,0.0500000000000034
138.52,1777.57575608901,14.93,0.0500000000000034
138.56,1778.17883381088,14.9,0.137500000000002
138.6,1778.77226037647,14.91,0.224999999999997
138.64,1779.37235865765,14.91,0.262499999999994
138.68,1779.96726459723,14.92,0.237499999999995
138.72,1780.57034236515,14.95,0.125
138.76,1781.17833895668,14.96,0.0625000000000031
138.8,1781.7732449318,14.98,0.0874999999999981
138.84,1782.3746574681,14.96,0.137499999999997
138.88,1782.96148903242,14.96,0.137500000000002
138.92,1783.56948567397,14.95,0.125
138.96,1784.16439169577,14.99,0.0749999999999984
139,1784.76746954479,15,0.0875000000000004
139.04,1785.36888214191,15.03,0.150000000000001
139.08,1785.97687883413,14.99,0.175000000000003
139.12,1786.57030555996,14.98,0.2
139.16,1787.16521164049,14.98,0.199999999999996
139.2,1787.7747088714,15.03,0.0875000000000004
139.24,1788.36813563394,15.02,-0.0249999999999972
139.28,1788.9630417497,15.01,0
139.32,1789.5710385174,15,0.0875000000000004
139.36,1790.16594465665,15,0.1125
139.4,1790.77544194666,15.06,-0.0375000000000014
139.44,1791.37034810971,15.09,-0.1875
139.48,1791.98634310486,15.07,-0.162500000000003
139.52,1792.58124929169,15.06,-0.100000000000002
139.56,1793.18134786622,15.06,-0.0875000000000004
139.6,1793.77625407624,15.02,-0.0625000000000031
139.64,1794.37766685613,15.01,-0.012500000000002
139.68,1794.97257308964,15.02,-0.0250000000000017
139.72,1795.57565114751,15.06,-0.137499999999999
139.76,1796.18364805402,15.03,-0.187499999999996
139.8,1796.77707498947,15,-0.162499999999999
139.84,1797.37198126997,15,-0.150000000000001
139.88,1797.97505937418,15.03,-0.174999999999998
139.92,1798.58305633104,15.02,-0.2
139.96,1799.18446920855,15.03,-0.2
140,1799.77937553633,15,-0.212499999999995
140.04,1800.38245368719,15.02,-0.262499999999999
140.08,1800.99045069471,14.99,-0.225000000000002
140.12,1801.57728262847,14.98,-0.125000000000004
140.16,1802.18678014716,14.96,-0.125000000000004
140.2,1802.79477719245,14.94,-0.112499999999998
140.24,1803.38160916221,14.94,-0.124999999999997
140.28,1803.9765155722,14.95,-0.2125
140.32,1804.57792855892,14.94,-0.199999999999996
140.36,1805.17135566819,14.95,-0.112499999999995
140.4,1805.77443392273,14.91,-0.0624999999999987
140.44,1806.36934038,14.9,-0.0625000000000009
140.48,1806.95617242061,14.93,-0.150000000000001
140.52,1807.55107890078,14.94,-0.237499999999999
140.56,1808.15907605776,14.9,-0.224999999999997
140.6,1808.7539825617,14.91,-0.2
140.64,1809.34888907711,14.87,-0.150000000000001
140.68,1809.93572117695,14.85,-0.0625000000000009
140.72,1810.5371342859,14.88,-0.100000000000005
140.76,1811.13204083624,14.92,-0.187500000000005
140.8,1811.73345396831,14.89,-0.175000000000005
140.84,1812.32836054214,14.87,-0.137499999999999
140.88,1812.9151927015,14.84,-0.124999999999995
140.92,1813.50202487217,14.84,-0.0874999999999959
140.96,1814.09693148063,14.82,-0.0374999999999992
141,1814.6837636751,14.83,-0.0249999999999995
141.04,1815.28684211412,14.83,-0.024999999999995
141.08,1815.88174875781,14.84,-0.0749999999999962
141.12,1816.46858098772,14.81,-0.1
141.16,1817.0554132295,14.84,-0.125000000000002
141.2,1817.65849171457,14.83,-0.174999999999998
141.24,1818.24532397989,14.82,-0.137500000000002
141.28,1818.83875136988,14.79,-0.100000000000002
141.32,1819.4255836584,14.82,-0.174999999999998
141.36,1820.02049038311,14.81,-0.224999999999997
141.4,1820.60732269542,14.82,-0.162500000000001
141.44,1821.20222944333,14.82,-0.162500000000005
141.48,1821.79713620297,14.79,-0.1875
141.52,1822.3839685507,14.78,-0.124999999999995
141.56,1822.97887533353,14.77,-0.0624999999999942
141.6,1823.57378212811,14.76,-0.037499999999997
141.64,1824.15264154442,14.78,-0.037499999999997
141.68,1824.75405494099,14.75,-0.0624999999999964
141.72,1825.34088734705,14.72,-0.0374999999999992
141.76,1825.92936770898,14.73,-0.0124999999999997
141.8,1826.51620013855,14.77,-0.0624999999999964
141.84,1827.1111070024,14.74,-0.0374999999999948
141.88,1827.69793945576,14.72,0
141.92,1828.2928463428,14.75,-0.0625000000000031
141.96,1828.87170585412,14.75,-0.100000000000002
142,1829.46661276405,14.75,-0.0875000000000004
142.04,1830.06151968572,14.76,-0.125
142.08,1830.6483521977,14.72,-0.150000000000003
142.12,1831.22866882916,14.72,-0.0500000000000034
142.16,1831.82357578546,14.72,0.0124999999999997
142.2,1832.41040833255,14.73,-0.0124999999999997
142.24,1833.00531531205,14.75,-0.0750000000000006
142.28,1833.59214788236,14.71,-0.100000000000002
142.32,1834.17898046456,14.71,-0.0750000000000028
142.36,1834.75784009443,14.71,-0.112500000000002
142.4,1835.36091892173,14.72,-0.112500000000002
142.44,1835.94123564269,14.69,-0.0750000000000006
142.48,1836.52806827161,14.67,-0.0124999999999975
142.52,1837.10692794854,14.73,-0.0750000000000006
142.56,1837.70183502018,14.72,-0.200000000000005
142.6,1838.28866768361,14.72,-0.200000000000005
142.64,1838.87550035893,14.7,-0.137500000000004
142.68,1839.44938317791,14.68,-0.0500000000000012
142.72,1840.04429029533,14.68,0.012500000000002
142.76,1840.64570401474,14.65,0.0500000000000012
142.8,1841.23253673708,14.69,-0.0499999999999989
142.84,1841.80478983367,14.66,-0.112499999999998
142.88,1842.39969699718,14.69,-0.112499999999998
142.92,1842.97855679263,14.65,-0.0999999999999956
142.96,1843.5670374877,14.64,-0.0499999999999989
143,1844.15387026776,14.64,-0.0625000000000031
143.04,1844.74877747763,14.67,-0.100000000000002
143.08,1845.3356102812,14.67,-0.0625000000000009
143.12,1845.91592719452,14.7,-0.0625000000000009
143.16,1846.50276002129,14.67,-0.0875000000000004
143.2,1847.08959285995,14.63,0.0249999999999972
143.24,1847.65532039345,14.63,0.0124999999999953
143.28,1848.25022767199,14.63,-0.0625000000000053
143.32,1848.85164155796,14.63,-0.0375000000000081
143.36,1849.42389480271,14.62,0.0374999999999992
143.4,1850.01072769909,14.61,0.100000000000005
143.44,1850.59756060735,14.62,0.0500000000000012
143.48,1851.17969770555,14.67,-0.0499999999999967
143.52,1851.75855767804,14.65,-0.0374999999999948
143.56,1852.3534650367,14.65,0.0375000000000014
143.6,1852.94837240709,14.67,0
143.64,1853.53520537369,14.6,0.0249999999999995
143.68,1854.11406539354,14.61,0.112500000000002
143.72,1854.68794849436,14.62,0.100000000000005
143.76,1855.28285591054,14.66,2.22044604925031e-15
143.8,1855.86171596566,14.65,-0.0624999999999964
143.84,1856.45662340473,14.62,0.0250000000000061
143.88,1857.03548348338,14.63,0.1125
143.92,1857.63856274144,14.66,0.124999999999995
143.96,1858.22539580116,14.67,0.0500000000000012
144,1858.79927897805,14.65,-0.0499999999999989
144.04,1859.38611206097,14.64,-0.0375000000000014
144.08,1859.9810195693,14.66,0.0124999999999975
144.12,1860.56785267601,14.65,0.0624999999999987
144.16,1861.14010614772,14.63,0.0999999999999979
144.2,1861.73501369038,14.63,0.112499999999993
144.24,1862.32184683162,14.66,0.0499999999999945
144.28,1862.90867998473,14.68,-0.0625000000000009
144.32,1863.49716105772,14.71,-0.187499999999998
144.36,1864.08399423342,14.66,-0.187500000000003
144.4,1864.67082742136,14.62,0.0124999999999975
144.44,1865.25766062119,14.64,0.150000000000001
144.48,1865.84449383234,14.67,0.0875000000000004
144.52,1866.43297496081,14.69,-0.0749999999999984
144.56,1867.01980819574,14.67,-0.137499999999999
144.6,1867.606641442,14.68,-0.137500000000002
144.64,1868.19512260296,14.65,-0.0624999999999987
144.68,1868.77398291839,14.64,0.0750000000000028
144.72,1869.36741134903,14.6,0.175000000000001
144.76,1869.95424464169,14.62,0.162500000000003
144.8,1870.52812803514,14.67,0.0250000000000039
144.84,1871.12822826872,14.71,-0.0874999999999981
144.88,1871.71036574074,14.67,-0.112499999999995
144.92,1872.28922612673,14.63,-0.0124999999999975
144.96,1872.87605947768,14.62,0.0500000000000034
145,1873.46289283995,14.62,0.0375000000000059
145.04,1874.04972621411,14.66,0.0250000000000017
145.08,1874.65280580104,14.69,-0.0250000000000017
145.12,1875.23166624587,14.69,-0.0500000000000034
145.16,1875.8201475509,14.66,-0.0250000000000017
145.2,1876.39900801925,14.65,0.0374999999999992
145.24,1876.99391586094,14.66,0.0374999999999992
145.28,1877.57277635281,14.63,0.0124999999999975
145.32,1878.1676842174,14.66,0.024999999999995
145.36,1878.74654473279,14.63,0.0624999999999942
145.4,1879.34145262027,14.64,0.112499999999998
145.44,1879.9217701839,14.66,0.1125
145.48,1880.50860368629,14.67,0.0624999999999987
145.52,1881.09543719999,14.67,0.0124999999999997
145.56,1881.68886588352,14.66,0
145.6,1882.28377382823,14.68,-0.0499999999999989
145.64,1882.86263442654,14.66,-0.0625000000000009
145.68,1883.44946798665,14.64,0.0499999999999989
145.72,1884.04437596568,14.67,0.0750000000000006
145.76,1884.63120954958,14.67,0.0500000000000012
145.8,1885.2180431448,14.69,0.0750000000000028
145.84,1885.80652463775,14.7,0.0375000000000014
145.88,1886.39500614322,14.68,0.0500000000000034
145.92,1886.9738668242,14.67,0.0500000000000034
145.96,1887.55272751691,14.66,0
146,1888.14763557544,14.64,0.0374999999999992
146.04,1888.74254364692,14.65,0.0624999999999987
146.08,1889.32140437495,14.69,-0.0250000000000017
146.12,1889.90988594664,14.68,-0.0625000000000009
146.16,1890.49671964688,14.7,-0.0249999999999995
146.2,1891.09682030482,14.72,0
146.24,1891.68365402827,14.7,0.0500000000000012
146.28,1892.27856216842,14.72,-0.012500000000002
146.32,1892.85244597342,14.67,-0.0500000000000034
146.36,1893.43130678437,14.66,0
146.4,1894.02621495886,14.67,0.0124999999999997
146.44,1894.61304874061,14.67,0.0375000000000014
146.48,1895.19988253425,14.65,0.0375000000000036
146.52,1895.78671633921,14.67,0.0250000000000017
146.56,1896.37355015605,14.69,-0.0249999999999995
146.6,1896.97663017375,14.73,-0.100000000000002
146.64,1897.55549106641,14.73,-0.0875000000000048
146.68,1898.1503993219,14.68,-0.0250000000000017
146.72,1898.72926023903,14.67,0.0124999999999997
146.76,1899.33067514962,14.66,0.0499999999999989
146.8,1899.9175090364,14.68,0.0374999999999992
146.84,1900.50434293507,14.69,0
146.88,1901.07822689133,14.66,0.0124999999999975
146.92,1901.6650608132,14.68,-2.22044604925031e-15
146.96,1902.26647578215,14.66,0.0625000000000009
147,1902.84533678221,14.68,0.0875000000000026
147.04,1903.4402451407,14.71,-0.0374999999999992
147.08,1904.01910616428,14.68,-0.0625000000000009
147.12,1904.60594014387,14.68,-0.0624999999999987
147.16,1905.2008485367,14.69,-0.1125
147.2,1905.78768254008,14.68,-0.0874999999999981
147.24,1906.37451655478,14.69,2.22044604925031e-15
147.28,1906.96135058136,14.67,0.0500000000000012
147.32,1907.54818461926,14.67,0.0375000000000014
147.36,1908.14309306961,14.72,-0.0375000000000036
147.4,1908.72195418759,14.69,-0.100000000000005
147.44,1909.30878826058,14.67,-0.0875000000000004
147.48,1909.89562234489,14.67,-0.0499999999999967
147.52,1910.49053084101,14.64,2.22044604925031e-15
147.56,1911.08543934917,14.64,0.0124999999999997
147.6,1911.66430052598,14.66,0
147.64,1912.25113465728,14.71,-0.0750000000000006
147.68,1912.8379687999,14.69,-0.125000000000002
147.72,1913.42480295441,14.68,-0.1
147.76,1914.00512116956,14.68,-0.137499999999999
147.8,1914.59195534727,14.65,-0.112499999999998
147.84,1915.17878953629,14.64,0.012500000000002
147.88,1915.7656237372,14.66,0.1125
147.92,1916.35410580702,14.65,0.1
147.96,1916.93296708902,14.64,-2.22044604925031e-15
148,1917.51980132445,14.66,-0.125000000000004
148.04,1918.11470996993,14.65,-0.137500000000004
148.08,1918.69357128788,14.65,-0.0750000000000028
148.12,1919.2804055584,14.64,-0.0750000000000028
148.16,1919.88182088449,14.61,0.0124999999999997
148.2,1920.46865517851,14.63,0.0875000000000004
148.24,1921.06356388123,14.67,0
148.28,1921.64242525857,14.72,-0.149999999999999
148.32,1922.23733398418,14.67,-0.212499999999998
148.36,1922.80306292358,14.62,-0.124999999999995
148.4,1923.40447832017,14.58,4.44089209850063e-15
148.44,1923.98333974455,14.62,0.0625000000000031
148.48,1924.5701741195,14.62,0.0500000000000056
148.52,1925.15049254881,14.61,0.0625000000000053
148.56,1925.74392213488,14.65,0
148.6,1926.31780655606,14.66,-0.162500000000001
148.64,1926.90464097742,14.64,-0.162499999999999
148.68,1927.49147541067,14.63,-0.0375000000000014
148.72,1928.07830985523,14.59,0.0499999999999945
148.76,1928.66514431168,14.6,0.037499999999997
148.8,1929.24400584132,14.6,-0.0374999999999992
148.84,1929.83891471568,14.65,-0.112499999999998
148.88,1930.41279921207,14.63,-0.0749999999999984
148.92,1930.99963371492,14.65,-0.0500000000000012
148.96,1931.58646822909,14.61,-0.0624999999999987
149,1932.18137714924,14.57,0.0374999999999992
149.04,1932.76821168721,14.6,0.024999999999995
149.08,1933.33394082354,14.64,-0.137500000000002
149.12,1933.92884977803,14.62,-0.212499999999998
149.16,1934.50110467268,14.6,-0.149999999999997
149.2,1935.10252030725,14.57,-0.0624999999999987
149.24,1935.68138196686,14.59,0
149.28,1936.27629096712,14.63,-4.44089209850063e-15
149.32,1936.85515265025,14.61,-0.0625000000000009
149.36,1937.43729131617,14.6,-0.112499999999998
149.4,1938.01615302283,14.61,-0.149999999999999
149.44,1938.60298767621,14.58,-0.149999999999997
149.48,1939.18982234148,14.55,-0.1
149.52,1939.77014104939,14.54,-0.0250000000000017
149.56,1940.35697573787,14.56,0.0124999999999997
149.6,1940.93583750273,14.56,-0.012500000000002
149.64,1941.53074660598,14.6,-0.0875000000000026
149.68,1942.10960839437,14.62,-0.224999999999997
149.72,1942.69809096114,14.57,-0.199999999999998
149.76,1943.27034602546,14.55,-0.100000000000002
149.8,1943.85066481263,14.54,-0.0625000000000009
149.84,1944.43749958172,14.53,0.0124999999999997
149.88,1945.01636142889,14.52,0.0500000000000012
149.92,1945.59024620542,14.55,-0.0124999999999997
149.96,1946.18515539962,14.56,-0.112500000000002
150,1946.76401728207,14.55,-0.187499999999998
150.04,1947.33627242553,14.54,-0.187499999999998
150.08,1947.92310726362,14.5,-0.0500000000000034
150.12,1948.5099421136,14.53,0.0249999999999972
150.16,1949.08219729146,14.51,0.0124999999999997
150.2,1949.67710655401,14.53,-0.0500000000000012
150.24,1950.24283600619,14.55,-0.137500000000002
150.28,1950.83626610781,14.54,-0.150000000000001
150.32,1951.40852133105,14.52,-0.137499999999997
150.36,1951.99535624974,14.5,-0.0874999999999981
150.4,1952.5756752027,14.46,0.0124999999999953
150.44,1953.14793045969,14.48,0.0749999999999962
150.48,1953.73476541288,14.52,0.0249999999999995
150.52,1954.30865035005,14.53,-0.0750000000000006
150.56,1954.88751239533,14.52,-0.124999999999997
150.6,1955.48242177142,14.48,-0.0124999999999975
150.64,1956.05341661688,14.49,0.0499999999999989
150.68,1956.61914618825,14.48,0.0124999999999997
150.72,1957.21405559778,14.47,0.0124999999999997
150.76,1957.79291770153,14.48,0.0250000000000017
150.8,1958.3750567477,14.49,0.0625000000000009
150.84,1958.95391887496,14.51,0.0499999999999989
150.88,1959.5327810134,14.51,2.22044604925031e-15
150.92,1960.12126390867,14.48,0.0125000000000042
150.96,1960.6855599871,14.47,0.0625000000000009
151,1961.27239508958,14.52,-0.0249999999999972
151.04,1961.85923020395,14.49,-0.0749999999999962
151.08,1962.43148564075,14.49,0.0124999999999997
151.12,1963.01996858943,14.47,0.0999999999999979
151.16,1963.59883080986,14.5,0.0874999999999959
151.2,1964.17769304145,14.52,-2.22044604925031e-15
151.24,1964.76617602415,14.52,-0.0624999999999987
151.28,1965.33843151619,14.5,-0.0625000000000009
151.32,1965.91729378304,14.5,-0.012500000000002
151.36,1966.49761300288,14.5,-0.012500000000002
151.4,1967.07647529294,14.47,-4.44089209850063e-15
151.44,1967.66495832905,14.48,0.0124999999999975
151.48,1968.24382064263,14.51,-0.0124999999999975
151.52,1968.83873027924,14.53,-0.0249999999999995
151.56,1969.41098585134,14.51,0.0124999999999997
151.6,1969.98324143328,14.51,0.0500000000000034
151.64,1970.5621037933,14.48,0.0500000000000034
151.68,1971.14242310179,14.49,0.012500000000002
151.72,1971.72925841126,14.5,-0.0124999999999997
151.76,1972.30957774122,14.49,0.0500000000000012
151.8,1972.88844014796,14.48,0.125000000000002
151.84,1973.46069579804,14.48,0.137500000000002
151.88,1974.05560553672,14.5,0.1
151.92,1974.62786120857,14.52,0.0249999999999995
151.96,1975.22277097013,14.53,-0.0375000000000014
152,1975.78706734604,14.53,-0.0500000000000034
152.04,1976.36592982243,14.5,-0.0125000000000042
152.08,1976.95441303338,14.48,0.0499999999999967
152.12,1977.53327553329,14.5,0.0999999999999979
152.16,1978.12818535118,14.53,0.0749999999999984
152.2,1978.7004411031,14.54,0.0375000000000014
152.24,1979.2793036377,14.53,0
152.28,1979.87421348991,14.53,-0.0375000000000036
152.32,1980.43850995605,14.51,0.0500000000000012
152.36,1981.01882945275,14.51,0.125000000000006
152.4,1981.6056649579,14.51,0.150000000000003
152.44,1982.19250047436,14.51,0.112500000000002
152.48,1982.76638593518,14.51,2.22044604925031e-15
152.52,1983.34524855177,14.55,-0.0249999999999995
152.56,1983.93208410273,14.54,0.0124999999999997
152.6,1984.51240366566,14.56,0.0124999999999997
152.64,1985.10583447034,14.51,0
152.68,1985.67156458414,14.52,0.0250000000000017
152.72,1986.25042725892,14.56,0.0499999999999989
152.76,1986.84533724696,14.56,0.0249999999999972
152.8,1987.42419994526,14.58,-0.0499999999999989
152.84,1988.01103557682,14.53,-0.0374999999999992
152.88,1988.59135521751,14.49,0.112500000000002
152.92,1989.17021795078,14.55,0.1875
152.96,1989.74908069523,14.55,0.149999999999999
153,1990.34399075162,14.56,0.0499999999999989
153.04,1990.91624673951,14.51,0.0374999999999992
153.08,1991.50473022465,14.54,0.112500000000002
153.12,1992.08250188082,14.58,0.0625000000000009
153.16,1992.66282159868,14.56,0.0249999999999972
153.2,1993.24965733402,14.54,0.0749999999999962
153.24,1993.83649308067,14.54,0.1125
153.28,1994.41681283332,14.57,0.112499999999998
153.32,1995.00236072852,14.62,-0.0249999999999995
153.36,1995.58450044928,14.6,-0.137499999999997
153.4,1996.16336332276,14.55,-0.0124999999999997
153.44,1996.75827350414,14.55,0.137499999999999
153.48,1997.33713640114,14.59,0.149999999999997
153.52,1997.91599930931,14.58,0.125000000000002
153.56,1998.51090952502,14.58,0.100000000000002
153.6,1999.08977245671,14.58,0.0874999999999981
153.64,1999.6846826953,14.59,0.0499999999999989
153.68,2000.25567843939,14.61,-0.0374999999999992
153.72,2000.82956423171,14.56,0.0875000000000004
153.76,2001.41640012855,14.55,0.262500000000001
153.8,2002.00323603671,14.59,0.225000000000002
153.84,2002.59007195675,14.62,0.112500000000002
153.88,2003.17690788811,14.64,0.0250000000000017
153.92,2003.77701093553,14.63,0
153.96,2004.35733087635,14.61,0.0250000000000039
154,2004.9441668428,14.62,0.0250000000000039
154.04,2005.52448680693,14.59,0.0749999999999984
154.08,2006.11132279658,14.58,0.187499999999998
154.12,2006.70475404223,14.66,0.137499999999997
154.16,2007.29159005509,14.66,0.0624999999999964
154.2,2007.87842607926,14.66,0.0249999999999972
154.24,2008.46526211532,14.64,-0.012500000000002
154.28,2009.05209816269,14.64,0.0374999999999992
154.32,2009.63893422195,14.63,0.112499999999998
154.36,2010.21779737676,14.63,0.187499999999998
154.4,2010.8127078319,14.62,0.225000000000002
154.44,2011.39157101023,14.65,0.150000000000001
154.48,2011.98648148826,14.67,0.0374999999999992
154.52,2012.57331760524,14.68,0.012500000000002
154.56,2013.16674898331,14.69,0.012500000000002
154.6,2013.74706910412,14.65,0.0374999999999992
154.64,2014.3273892355,14.64,0.125
154.68,2014.91422539889,14.67,0.150000000000003
154.72,2015.50106157416,14.69,0.100000000000005
154.76,2016.10116488221,14.72,0.0124999999999997
154.8,2016.68800108069,14.71,-0.0250000000000017
154.84,2017.29108341586,14.68,0.0625000000000031
154.88,2017.8699467239,14.67,0.137500000000006
154.92,2018.46485732869,14.69,0.125000000000004
154.96,2019.04372066026,14.69,0.100000000000002
155,2019.64513800316,14.68,0.112500000000004
155.04,2020.23197427156,14.71,0.112500000000004
155.08,2020.81881055186,14.72,0.0749999999999984
155.12,2021.40564684347,14.72,0.037499999999997
155.16,2021.99248314696,14.7,0.0624999999999987
155.2,2022.58739383188,14.71,0.124999999999997
155.24,2023.1742301586,14.73,0.112499999999998
155.28,2023.7610664972,14.73,0.0624999999999987
155.32,2024.35449810417,14.73,0.0624999999999987
155.36,2024.94940883516,14.73,0.112499999999998
155.4,2025.53624520887,14.73,0.124999999999995
155.44,2026.1230815939,14.75,0.0249999999999972
155.48,2026.71799235981,14.74,0.0124999999999997
155.52,2027.30482876835,14.73,0.124999999999997
155.56,2027.8982604483,14.74,0.162499999999999
155.6,2028.49317124856,14.77,0.112500000000002
155.64,2029.0800076922,14.76,0.0875000000000004
155.68,2029.6814252388,14.75,0.137499999999999
155.72,2030.26826170624,14.76,0.137499999999999
155.76,2030.86967927591,14.79,0.0499999999999989
155.8,2031.45651576686,14.77,0.0625000000000031
155.84,2032.04335226913,14.73,0.1875
155.88,2032.63826315039,14.77,0.149999999999999
155.92,2033.22509967645,14.8,0.0500000000000034
155.96,2033.82651730601,14.8,0.0500000000000034
156,2034.41335385529,14.8,0.0500000000000034
156.04,2035.00826478322,14.8,0.0750000000000006
156.08,2035.60836850488,14.82,0.0499999999999989
156.12,2036.19685283057,14.8,0.0750000000000006
156.16,2036.79176379314,14.79,0.162500000000001
156.2,2037.38519566876,14.82,0.125
156.24,2037.98010665452,14.83,0.100000000000002
156.28,2038.57353855353,14.79,0.175000000000005
156.32,2039.16844956248,14.82,0.200000000000002
156.36,2039.7552862177,14.82,0.187499999999998
156.4,2040.35670397952,14.82,0.212499999999998
156.44,2040.94354065853,14.84,0.162500000000003
156.48,2041.54495844529,14.82,0.1125
156.52,2042.13986951236,14.86,0.112499999999995
156.56,2042.73330149672,14.86,0.137499999999997
156.6,2043.32821258699,14.85,0.162499999999999
156.64,2043.92831648521,14.88,0.125
156.68,2044.52322759895,14.88,0.0874999999999981
156.72,2045.12631047063,14.89,0.0624999999999987
156.76,2045.71974251603,14.9,0.0875000000000004
156.8,2046.31465366472,14.91,0.137499999999999
156.84,2046.90808573569,14.88,0.137499999999995
156.88,2047.51758815696,14.87,0.125
156.92,2048.09645207194,14.9,0.125000000000004
156.96,2048.69787000278,14.93,0.0875000000000026
157,2049.29928794643,14.91,0.0875000000000004
157.04,2049.9023709102,14.92,0.0874999999999959
157.08,2050.4958030536,14.91,0.0624999999999942
157.12,2051.08263993349,14.91,0.0874999999999959
157.16,2051.67755118698,14.95,0.037499999999997
157.2,2052.29355156625,14.97,-0.0250000000000017
157.24,2052.88846284352,14.93,0.0375000000000014
157.28,2053.48337413254,14.92,0.0875000000000004
157.32,2054.06892325473,14.95,0.0499999999999989
157.36,2054.67200631059,14.95,0.0500000000000012
157.4,2055.28000864655,14.96,0.0250000000000017
157.44,2055.87491998226,14.94,-0.0249999999999995
157.48,2056.46175696872,14.94,0.012500000000002
157.52,2057.06975934239,14.95,0.0124999999999997
157.56,2057.66467071303,14.94,-0.012500000000002
157.6,2058.27417334944,14.96,0
157.64,2058.86908474386,14.97,0.0249999999999995
157.68,2059.46139468238,14.95,0.0625000000000009
157.72,2060.06447784192,14.96,0.0250000000000017
157.76,2060.66589601543,14.98,-0.0625000000000031
157.8,2061.26080745653,14.95,-0.0625000000000053
157.84,2061.85571890938,14.93,-2.22044604925031e-15
157.88,2062.45582320126,14.96,0
157.92,2063.05073467759,14.94,0.0375000000000036
157.96,2063.64564616537,14.94,0.0875000000000048
158,2064.2551489215,14.96,0.0625000000000031
158.04,2064.86315145851,14.99,-0.0249999999999972
158.08,2065.45806298183,14.98,-0.100000000000002
158.12,2066.04490015849,14.95,-0.0375000000000036
158.16,2066.63981170528,14.94,0.0375000000000014
158.2,2067.24781429231,14.94,0.0875000000000026
158.24,2067.85089760276,14.94,0.100000000000002
158.28,2068.45231593412,14.95,0.0249999999999995
158.32,2069.04722752791,14.98,-0.0875000000000026
158.36,2069.64733197309,14.97,-0.149999999999999
158.4,2070.24224359006,14.98,-0.125000000000002
158.44,2070.85174647823,14.95,-0.0375000000000036
158.48,2071.446658119,14.94,0.0124999999999997
158.52,2072.04156977151,14.96,-0.0874999999999981
158.56,2072.64167428017,14.96,-0.187499999999996
158.6,2073.23658595615,14.99,-0.224999999999995
158.64,2073.8314976436,14.97,-0.187499999999996
158.68,2074.44100060378,14.94,-0.0624999999999987
158.72,2075.03591231502,14.92,0
158.76,2075.64391507857,14.91,0.0249999999999972
158.8,2076.23075245764,14.94,-0.0250000000000017
158.84,2076.8256642041,14.96,-0.0875000000000004
158.88,2077.43366700509,14.94,-0.0749999999999984
158.92,2078.03508553077,14.89,0.0124999999999997
158.96,2078.62999731217,14.88,0.124999999999993
159,2079.21683475075,14.89,0.112499999999995
159.04,2079.81174655534,14.92,0.0749999999999984
159.08,2080.4277475175,14.94,0.0249999999999995
159.12,2081.0066120948,14.92,-2.22044604925031e-15
159.16,2081.60152393462,14.93,-0.0250000000000017
159.2,2082.19643578588,14.9,0
159.24,2082.8059389135,14.93,0.0374999999999992
159.28,2083.40085078856,14.91,0.0499999999999989
159.32,2084.00885372767,14.93,0.0250000000000017
159.36,2084.59569127282,14.94,-0.0874999999999937
159.4,2085.1906031831,14.92,-0.0874999999999981
159.44,2085.79202186629,14.95,-0.0750000000000006
159.48,2086.3951055353,14.93,-0.0499999999999989
159.52,2086.99001748083,14.93,0.0124999999999997
159.56,2087.58232802555,14.9,0.0624999999999987
159.6,2088.17723999397,14.93,2.22044604925031e-15
159.64,2088.78032370902,14.93,-0.112499999999993
159.68,2089.3817424652,14.95,-0.0999999999999956
159.72,2089.97665446915,14.91,-2.22044604925031e-15
159.76,2090.57675935965,14.89,0.137499999999995
159.8,2091.17167138679,14.9,0.125
159.84,2091.76658342568,14.91,0.0750000000000006
159.88,2092.36149547631,14.93,0.0375000000000014
159.92,2092.95492849307,14.94,-0.0374999999999948
159.96,2093.56293163259,14.94,-0.0499999999999945
160,2094.16601545162,14.89,0.0374999999999992
160.04,2094.75285319856,14.88,0.137499999999993
160.08,2095.33969095739,14.92,0.124999999999995
160.12,2095.96378640298,14.94,0.125
160.16,2096.550624185,14.97,0.0374999999999992
160.2,2097.15204309962,14.92,0.0124999999999975
160.24,2097.74695525565,14.95,0.0749999999999984
160.28,2098.35495849586,14.92,0.0499999999999967
160.32,2098.94179632612,14.92,0.0624999999999964
160.36,2099.53670851709,14.92,0.124999999999997
160.4,2100.14621199187,14.94,0.175000000000001
160.44,2100.73304985757,14.94,0.125000000000004
160.48,2101.33315497661,14.96,0.0625000000000031
160.52,2101.92806721426,15,0.0250000000000017
160.56,2102.53757073674,14.94,0.1125
160.6,2103.14557407731,14.96,0.2125
160.64,2103.74048635048,14.97,0.162500000000001
160.68,2104.32732428732,14.94,0.125000000000002
160.72,2104.9353276656,14.95,0.100000000000002
160.76,2105.53023997371,14.99,0.0500000000000012
160.8,2106.13974356821,15.01,-0.012500000000002
160.84,2106.73465590012,14.97,0.0624999999999987
160.88,2107.34265932878,14.98,0.187499999999998
160.92,2107.92949733706,15,0.174999999999998
160.96,2108.53091648153,15.03,0.0750000000000006
161,2109.14691803809,15.04,-0.0374999999999992
161.04,2109.74833720721,15.02,0.0250000000000017
161.08,2110.34975638914,14.99,0.2
161.12,2110.9511755823,14.98,0.287499999999996
161.16,2111.53801366201,15,0.287499999999998
161.2,2112.13943287947,14.99,0.250000000000004
161.24,2112.74893660692,15.04,0.200000000000002
161.28,2113.36359951272,15.06,0.112500000000002
161.32,2113.95851198556,15.06,0.0875000000000026
161.36,2114.55194544521,15.03,0.150000000000001
161.4,2115.14685794153,15.01,0.274999999999999
161.44,2115.75486154608,15.07,0.324999999999998
161.48,2116.36436534463,15.1,0.2125
161.52,2116.96578466036,15.1,0.1
161.56,2117.58178639144,15.11,0.037499999999997
161.6,2118.18320573088,15.08,0.0999999999999956
161.64,2118.79270957806,15.11,0.174999999999998
161.68,2119.39412894307,15.08,0.250000000000001
161.72,2119.99554831932,15.11,0.325000000000002
161.76,2120.59565384678,15.1,0.275000000000001
161.8,2121.21333705206,15.16,0.137500000000002
161.84,2121.81344260535,15.18,0.0250000000000017
161.88,2122.43112583461,15.16,0.0750000000000006
161.92,2123.02455946907,15.12,0.250000000000001
161.96,2123.6259789189,15.12,0.325000000000004
162,2124.23398270094,15.15,0.275000000000003
162.04,2124.84998458204,15.18,0.2
162.08,2125.45948856188,15.21,0.1
162.12,2126.0674923826,15.24,0.0124999999999997
162.16,2126.67549621563,15.19,0.0625000000000009
162.2,2127.28500023208,15.18,0.1875
162.24,2127.88641976864,15.18,0.249999999999997
162.28,2128.5024217243,15.22,0.274999999999999
162.32,2129.11842369363,15.26,0.250000000000001
162.36,2129.72642759056,15.24,0.237499999999999
162.4,2130.33593166794,15.25,0.2
162.44,2130.94393559036,15.24,0.225
162.48,2131.55993761002,15.23,0.287499999999998
162.52,2132.16135723205,15.23,0.287499999999996
162.56,2132.77735927687,15.25,0.274999999999996
162.6,2133.39336133414,15.27,0.224999999999997
162.64,2134.00136532074,15.29,0.174999999999998
162.68,2134.62394122399,15.33,0.111111111111109
162.72,2135.24162470532,15.35,0.0312499999999966
162.76,2135.85762681384,15.34,0.0178571428571393
162.8,2136.46563085179,15.31,0.104166666666661
162.84,2137.08163298548,15.36,0.074999999999994
162.88,2137.70420895487,15.34,-1.11022302462516e-14
162.92,2138.30562870104,15.35,0.0416666666666584
162.96,2138.92163087263,15.35,0
163,2139.53763305668,15.35,0
